Mosque_ID,Name,Street,City,State,ZCTA,Latitude,Longitude,Urbanization_Cat,Year_Est,Status,Source,Transit_score,Walk_score ,NND,NRI
1,Zubaida Foundation Mosque,855 Big Oak Road,Yardley,PA,19067,,,,2005,,https://www.zubaidafoundation.com/about,,,,
2,Zia ul Quran Masjid,2425 Carter Drive,Arlington,TX,76014,,,,2001,,https://www.ziaulquranmasjid.com/about-us,,,,
3,Zainabia-SA Islamic Education Center,5005 Timberhill Drive,San Antonio,TX,78238,,,,2004,,https://zainabiasa.org/aboutus/,,,,
4,Zahiya Center,16305 Kensington Drive,Sugar Land,TX,77479,,,,"
",,"
",,,,
5,Young Muslim Academy,1701 State Highway 3,League City,TX,77573,,,,"
",,"
",,,,
6,Yankasa Association Mosque,3408 Haverford Avenue,Philadelphia,PA,19104,,,,1999,,https://philadelphiayankasa.org/,,,,
7,Xhamia Shqiptare DFW (Masjid Albani),3205 Brown Trail,Bedford,TX,76021,,,,2016,,https://www.xs-dfw.com/about,,,,
8,Woodbridge Masjid,8521 State Highway 71,Austin,TX,78735,,,,"
",,"
",,,,
9,WKIC - Al Firdous Musalla,2812 Exchange Street,Wylie,TX,75098,,,,"
",,"
",,,,
10,Williamsport Islamic Centre,322 Locust Street,Williamsport,PA,17701,,,,2007,,https://prayersconnect.com/mosques/84036060-williamsport-islamic-center-williamsport-pennsylvania-united-states,,,,
11,Willamsport Islamic Center,1663 Memorial Avenue,Willamsport,PA,17701,,,,2017,,"https://www.causeiq.com/organizations/masjid-at-tawbah,472315834/#:~:text=Masjid%20At-Tawbah%20is%20an%20Islamic%20nonprofit%20organization,tax-deductible%20contributions**%20Yes%20*%20**Parent/child%20status**%20Independent",,,,
12,Wilcrest Musalla,4031 Farm to Market 1463,Katy,TX,77494,,,,1969,,https://isgh.org/islamic-centers/,,,,
13,WIC Masjid,11246 South Wilcrest Drive,Houston,TX,77099,,,,1969,,https://isgh.org/islamic-centers/,,,,
14,WEST PLANO MUSALLAH,1625 Sawdust Road,Spring,TX,77380,,,,"
",,"
",,,,
15,West Philly Jameh Masjid & Islamic Center (WPJMIC),5329 Market Street,Philadelphia,PA,19139,,,,2023,,"https://www.causeiq.com/organizations/west-philly-jameh-masjid-and-islamic-center,922319432/",,,,
16,West Oak Lane Masjid,6057 Ogontz Avenue,Philadelphia,PA,19141,,,,"
",,"
",,,,
17,wayco masgid,2011 West Spring Creek Parkway,Plano,TX,75023,,,,"
",,"
",,,,
18,Waller Musallah,School Street,Waco,TX,76707,,,,"
",,"
",,,,
19,VRIC (North),31380 Farm to Market 2920,Waller,TX,77484,,,,"
",,"
",,,,
20,Valley Ranch Islamic Center (VRIC),351 Ranchview Drive,Irving,TX,75063,,,,2009,,https://vric.org/about/,,,,
21,Unity Ismaili Recreation Center,9940 West Valley Ranch Parkway,Irving,TX,75063,,,,"
",,"
",,,,
22,Unity Islamic Center - Mansfield Masjid Official,820 Old Mill Road,Cedar Park,TX,78613,,,,"
",,"
",,,,
23,United Muslim Movement Inc,1251 Point Breeze Avenue,Philadelphia,PA,19146,,,,1994,,https://www.ummonline.org/,,,,
24,United Muslim Islamic Center,810 S 15th Street,Philadelphia,PA,19146,,,,1994,,https://www.ummonline.org/about-us,,,,
25,United Islamic Association of Lancaster County,739 West Vine Street,Lancaster,PA,17603,,,,2013,,https://www.feelingblessed.org/organization/detail/iccl,,,,
26,UH MSA Ramadan Tent,651 East Debbie Lane,Mansfield,TX,76063,,,,"
",,"
",,,,
27,Tyson Masjid,1421 Tyson Avenue,Philadelphia,PA,19111,,,,2010,,"
",,,,
28,Tyler Islamic Center,508 Park Avenue,Dallas,TX,75201,,,,"
",,"
",,,,
29,Turkish Cultural Center Philadelphia,2190 Bennett Road,Philadelphia,PA,19116,,,,"
",,"
",,,,
30,Turkish Cultural Center Bethlehem,2200 Industrial Drive,Bethlehem,PA,18017,,,,"
",,"
",,,,
31,Turkish American Religious Foundation Diyanet Mosque,6708 Rhones Quarter Road,Tyler,TX,75707,,,,"
",,"
",,,,
32,Turbo joes musalla,6810 McNeil Drive,Austin,TX,78729,,,,"
",,"
",,,,
33,The Unity Center,6011 S Interstate Hwy 45 E,Corsicana,TX,75109,,,,"
",,"
",,,,
34,The Peace Centre (Mosque),505 Cavalry Road,Carlisle,PA,17013,,,,1982,,https://iscpmasjid.com/about,,,,
35,The Mustafa Islamic Center,4704 Andrews Highway,Midland,TX,79703,,,,2022,,https://mustafaislamiccenter.org/about/,,,,
36,The Ismaili Center,701 East Queens Street,Lubbock,TX,79403,,,,"
",,"
",,,,
37,The Islamic Institute & Houston Blue Mosque,2323 Allen Parkway,Houston,TX,77019,,,,"
",,"
",,,,
38,The Islamic Institute & Houston Blue Mosque,9301 West Bellfort Avenue,Houston,TX,77031,,,,"
",,"
",,,,
39,The Foundation for Islamic Education,1860 Montgomery Avenue,Villanova,PA,19085,,,,1989,,"https://www.fiesite.org/#:~:text=The%20Foundation%20for%20Islamic%20Education%20is%20a,the%20greater%20Philadelphia%20area%20and%20its%20suburbs.",,,,
40,The Bosnia & Herzegovina Islamic Center of Pennsylvania,4922 Simpson Ferry Road,Mechanicsburg,PA,17050,,,,"
",,"
",,,,
41,The Blue Mosque: Islamic Center Of Waco,2725 Benton Drive,Waco,TX,76706,,,,2024,,https://www.icwbluemosque.org/our-history-of-service,,,,
42,Tayyaba Masjid,20140 Morton Road,Katy,TX,77449,,,,"
",Information Without Year,https://tayyaba-masjid.com-place.com/about,,,,
43,Tawheed Mosque of Greater Allentown,220 North 4th Street,Allentown,PA,18102,,,,2025,,https://www.facebook.com/61568695730091/posts/masjid-tawheed-of-greater-allentown-grand-opening-%EF%B8%8F-friday-february-14th-1pm-220/122120325158623191/,,,,
44,Tanzania Islamic Centre,1101 Executive Drive,Richardson,TX,75081,,,,"
",,"
",,,,
45,TAMCA (Diyanet Mosque of Levittown),541 Levittown Parkway,Levittown,PA,19054,,,,1958,,"https://philadelphiaencyclopedia.org/essays/levittowns/#:~:text=Fairless%20Works%20plant.-,The%20Levitts%20built%20slightly%20more%20than%2017,300%20homes%20of%20only,of%20between%20300-500%20houses.",,,,
46,Tajweed Institute Masjid,JMorogoro Kawawa Rd,Junction,TX,76849,,,,"
",,"
",,,,
47,Taha mosque,4665 Frankford Avenue,Philadelphia,PA,19124,,,,2003,,"
",,,,
48,Sunbury Islamic Center,63 North 4th Street,Sunbury,PA,17801,,,,1989,,https://sunburyislamiccenter.com/about/,,,,
49,Sufaraa - Mckinney,16205 Westheimer Road,Houston,TX,77082,,,,"
",,"
",,,,
50,Sufaraa,2220 Bush Drive,McKinney,TX,75070,,,,"
",,"
",,,,
51,Student Mosque - Islamic Center of South Plain,2222 15th Street,Lubbock,TX,79401,,,,2008,,https://lubbockmuslims.org/about-icsp/,,,,
52,Student Mosque - Islamic Center of South Plain,291 South Preston Road,Prosper,TX,75078,,,,2008,,https://lubbockmuslims.org/about-icsp/,,,,
53,Stroudsburg Islamic Center,133 North 2nd Street,Stroudsburg,PA,18360,,,,1988,,http://stroudsburgislamiccenter.com/,,,,
54,Siraatul Jannah Center (SJC),7735 Castor Avenue,Philadelphia,PA,19152,,,,"
",,"
",,,,
55,Shujai Masjid,401 East 6th Street,Pecos,TX,79772,,,,"
",,"
",,,,
56,Shia Ithna'asheri Jamaat of PA,1500 Ridgeview Drive,Allentown,PA,18104,,,,2023,,https://www.lehighvalleynews.com/parkland/2023-01-19/new-mosque-to-be-built-at-al-ahad-islamic-center-in-south-whitehall,,,,
57,Shepard Airforce Base Mosque (edited by Ebrahim Chowdhury),15206 Sunset Trail,Conroe,TX,77384,,,,"
",,"
",,,,
58,Shamsiddin Islam,2720 West 3rd Street,Chester,PA,19013,,,,"
",,"
",,,,
59,Shadow Creek Muslim Community Center,1701 Trigg Lane,Wichita Falls,TX,76306,,,,"
",,"
",,,,
60,Saniatul Bida,12234 Shadow Creek Parkway,Pearland,TX,77584,,,,"
",,"
",,,,
61,San Marcos Mosque,434 North Comanche Street,San Marcos,TX,78666,,,,2008,,http://www.sanmarcosmasjid.org/About.html,,,,
62,Salaam Mosque,1214 North 41st Street,Philadelphia,PA,19104,,,,1993,,https://www.virtualtourist.com/travel/North_America/United_States_of_America/Pennsylvania/Philadelphia-860659/Things_To_Do-Philadelphia-Masjid_Salaam-BR-1.html#location,,,,
63,Salaam,6901 North Lamar Boulevard,Austin,TX,78752,,,,"
",,"
",,,,
64,Sachse Muslim Society,2416 3rd Street,Sachse,TX,75048,,,,2014,,"https://www.causeiq.com/organizations/sachse-muslim-society,471365228/",,,,
65,Saba Center Community,1219 Salma Jameel Court,Irving,TX,75061,,,,"
",,"
",,,,
66,Rosenberg Community Center,6719 Koeblen Road,Richmond,TX,77469,,,,2023,,"https://www.causeiq.com/organizations/rosenberg-community-center,922761955/",,,,
67,Robert's HOA Powertrip,8800 West Sam Houston Parkway South,Houston,TX,77099,,,,"
",,"
",,,,
68,Riverstone Ranch Musallah,23927 River Place Drive,Katy,TX,77494,,,,"
",,"
",,,,
69,Rio Grande Valley Islamic Center,502 East Pike Boulevard,Weslaco,TX,78596,,,,2005,,"https://vric.org/about/#:~:text=It%20serves%20the%20Muslim%20communities%20of%20Valley,and%20weekend%20*%20**Medical%20clinic**%20Medical%20clinic",,,,
70,Ridge Avenue Islamic Center,3116 Ridge Avenue,Philadelphia,PA,19121,,,,1989,,https://property.phila.gov/?p=323043000,,,,
71,Richmond Islamic Community Center,9700 Riverstone Ranch Road,Houston,TX,77089,,,,"
",,"
",,,,
72,Riad Mosque,5530 Long Prairie Trace,Richmond,TX,77407,,,,"
",Non Existent,"
",,,,
73,Revival Ihya,226 East Main Street,Macungie,PA,18062,,,,"
",,"
",,,,
74,Respect Masjid,2200 Industrial Drive,Bethlehem,PA,18017,,,,"
",,"
",,,,
75,Renaissance Education Foundation,601 Pheasant Run Drive,Murphy,TX,75094,,,,"
",,"
",,,,
76,Rassull Center Mosque,650 Private Rd,Leander,TX,78641,,,,"
",,"
",,,,
77,Rahmania Center,9450 Skillman Street,Dallas,TX,75243,,,,"
",,"
",,,,
78,Rahmani Masjid and Learning Center,331 East Polk Street,Richardson,TX,75081,,,,"
",,"
",,,,
79,Rafraf Musallah,5403 Jackwood Drive,San Antonio,TX,78238,,,,"
",,"
",,,,
80,Quba Masjid,11901 Barker Cypress Road,Harris County,TX,77433,,,,"
",,"
",,,,
81,Quba Academy,11920 South Texas 6,Sugar Land,TX,77498,,,,"
",,"
",,,,
82,Quad City Islamic Center of North Austin Leander,730 Farm to Market Road 1959,Houston,TX,77034,,,,"
",,"
",,,,
83,Qalam Institute,17317 Ranch to Market 1431,Leander,TX,78641,,,,"
",,"
",,,,
84,Princeton Islamic Center,4200 International Parkway,Carrollton,TX,75007,,,,"
",,"
",,,,
85,Prime Bazaar: Halal Supermarket,521 North 4th Street,Princeton,TX,75407,,,,"
",,"
",,,,
86,Pleasant Grove Islamic Center,8403 Almeda Road,Houston,TX,77054,,,,"
",Non Existent,"
",,,,
87,Pike County Islamic Center,115 Mountain Avenue,Matamoras,PA,18336,,,,"
",,"
",,,,
88,Philadelphia Pennsylvania Temple,1739 Vine Street,Philadelphia,PA,19103,,,,"
",,"
",,,,
89,Philadelphia Masjid Inc,4700 Wyalusing Avenue,Philadelphia,PA,19131,,,,1976,,https://www.phillytrib.com/religion/church_of_the_week/the-philadelphia-masjid-inc-reclaiming-a-bastion-for-black-muslims/article_fdd2223b-b69e-5f2a-b620-86c618ddfe9f.html,,,,
90,Pearland Islamic Center (PIC) - ISGH,1346 North Masters Drive,Dallas,TX,75217,,,,"
",Non Existent,"
",,,,
91,Oxford At Medical Center,1530 Garden Road,Pearland,TX,77581,,,,2002,,"
",,,,
92,Oak Cliff Islamic Center (OCIC),8639 Fairhaven Street,San Antonio,TX,78229,,,,"
",,"
",,,,
93,Ø³Ø¬Ø¯,6401 Independence Parkway,Plano,TX,75023,,,,"
",,"
",,,,
94,Nueces Mosque,1906 Nueces Street,Austin,TX,78705,,,,1988,,https://pluralismarchive.hsites.harvard.edu/islamic-center-greater-austin,,,,
95,Nour Al-Quran Society,3434 Sunnyvale Street,Dallas,TX,75216,,,,"
",,"
",,,,
96,Northside Islamic Center of San Antonio,1015 Stonewall Street,Garland,TX,75043,,,,2025,,https://communityimpact.com/san-antonio/north-san-antonio/nonprofit/2025/09/25/northside-islamic-center-of-san-antonio-planning-new-33000-square-foot-community-facility/,,,,
97,"Northeast Philadelphia Islamic Community, Inc. (NEPIC)",6101 Hawthorne Street,Philadelphia,PA,19135,,,,"
",,"
",,,,
98,North Penn Mosque Community Center,229 West Fifth Street,Lansdale,PA,19446,,,,"
",,"
",,,,
99,North Penn Mosque,600 Maple Avenue,Lansdale,PA,19446,,,,2000,,https://northpennmosque.org,,,,
100,North Austin Muslim Community Center (NAMCC - Masjid Aisha),11900 North Lamar Boulevard,Austin,TX,78753,,,,1990,,https://namcc.org/about-us/,,,,
101,North Austin Muslim Community Center (NAMCC - Masjid Aisha),21003 Encino Commons,San Antonio,TX,78259,,,,"
",,"
",,,,
102,Norristown Islamic Society,5 West Elm Street,Norristown,PA,19401,,,,2015,,"
",,,,
103,Noori Mosque,1251 Shiloh Road,Plano,TX,75074,,,,2005,,https://noorimasjid.net/about-us/,,,,
104,Nigerian Muslim Association of Philadelphia,2209 North Front Street,Philadelphia,PA,19133,,,,1987,,https://property.phila.gov/?p=777143500,,,,
105,New Islamic Generation Foundation,13 East Charles William Anderson Loop,San Antonio,TX,78264,,,,"
",Non Existent,"
",,,,
106,New Braunfels Islamic Center,"
",Arlington,TX,76010,,,,"
",Non Existent,"
",,,,
107,"Nazrul Islam, MD, PA",1658 Pahmeyer Road,New Braunfels,TX,78130,,,,"
",,"
",,,,
108,Nation of Islam Chester Study Group,1301 West 3 Street,Chester,PA,19013,,,,1954,,https://dev.muhammadmosque102.org/local-history/,,,,
109,Nasir Mosque,3027 North 22 Street,Philadelphia,PA,19132,,,,2020,,https://property.phila.gov/?p=492180205,,,,
110,Nasfat Masjid,1500 West 38th Street,Austin,TX,78731,,,,2015,,https://www.facebook.com/NASFAT.WORLDWIDE/posts/nasfat-houston-changes-statuspeople-from-all-walks-of-life-trooped-into-the-banq/997658633627620/,,,,
111,NASFAT HOUSTON BRANCH,9360 Kegan Road,Houston,TX,77099,,,,2015,,"
",,,,
112,MYCP Muslim Youth Center of Philadelphia,11080 Knights Road,Philadelphia,PA,19154,,,,"
",,"
",,,,
113,Muslims of the Americas,530 South 52 Street,Philadelphia,PA,19143,,,,1976,,https://www.facebook.com/YaqeenInstitute/videos/they-were-muslims-for-100-years/24024785610546856/,,,,
114,MuslimGuide,2608 Cottman Avenue,Philadelphia,PA,19149,,,,"
",,"
",,,,
115,MUSLIM COMMUNITY HALL,12102 Bissonnet Street,Houston,TX,77099,,,,"
",,"
",,,,
116,Muslim Community Center of Greater Pittsburgh (MCCGP),233 Seaman Lane,Monroeville,PA,15146,,,,1986,,https://mccgp.org/our-history/,,,,
117,Muslim Community Center for Human Services,4520 Southwest Parkway,Wichita Falls,TX,76308,,,,"
",,"
",,,,
118,Muslim Children Education & Civic Center/Almadina,7600 Glenview Drive,Richland Hills,TX,76180,,,,2005,,https://www.mcecc.com/about,,,,
119,Muslim Center of San Antonio,5821 Casa Bella Street,San Antonio,TX,78249,,,,2005,,"
",,,,
120,Muslim Association of West Texas,10915 Farm to Market Road 1560,Helotes,TX,78023,,,,"
",,"
",,,,
121,Muslim Association of Lehigh Valley (MALV),1988 Schadt Avenue,Fullerton,PA,18052,,,,1979,,"https://www.malv.org/volunteers#:~:text=We%20need%20your%20help,%2C%20spritually%2C%20medically%20and%20physically.",,,,
122,Muslim Association of Greater Pittsburgh,5725 North Montour Road,Gibsonia,PA,15044,,,,2014,,https://www.mapitt.org/about-us-new,,,,
123,Muslim American Society/Southeast Zone-Mission Bend,1200 South Midland Drive,Midland,TX,79703,,,,"
",No Basic Information,"
",,,,
124,Musjid,6265 South Texas 6,Houston,TX,77083,,,,"
",,"
",,,,
125,Musallah Masjid Mosque (2nd Fl) Seena One Medical Center,11740 South Sam Houston Parkway West,Houston,TX,77031,,,,"
",,"
",,,,
126,Musalla,621 Old Highway 1187,Burleson,TX,76028,,,,"
",,"
",,,,
127,Muqbil Ibn Haadee Mosque,2735 West Allegheny Avenue,Philadelphia,PA,19132,,,,2005,,https://property.phila.gov/?p=775066900,,,,
128,MUNA Center of Upper Darby Masjid,6431-39 Callowhill Street,Philadelphia,PA,19151,,,,"
",,"
",,,,
129,Mujtaba Islamic Association,2034 Orthodox Street,Philadelphia,PA,19124,,,,2004,,"https://www.causeiq.com/organizations/mujtaba-islamic-society,233060259/",,,,
130,Muhammadi Masjid and Madrasah Darussalam,1239 Texas 332,Clute,TX,77531,,,,1980,,https://en.halalguide.me/memorial/mechet/muhammadi-masjid-,,,,
131,Muhammadi Masjid,11830 Corona Lane,Houston,TX,77072,,,,1980,,https://local.yahoo.com/info-19063532-muhammadi-masjid-houston/?guccounter=1,,,,
132,Muhammad's Temple of Islam #12,6424 Woodland Avenue,Philadelphia,PA,19142,,,,"
",,"
",,,,
133,Muhammad's Study Group #22 Nation of Islam,1001 South Avenue,Pittsburgh,PA,15221,,,,"
",,"
",,,,
134,Muhammad Mosque #52,4443 Old Spanish Trail,Houston,TX,77021,,,,"
",,"
",,,,
135,Muhammad Mosque #4,3160 Pennsylvania Avenue Southeast,Washington,DC,20020,,,,1960,,"https://www.washingtoninformer.com/masjid-muhammad-renovation-dc/#:~:text=The%20mosque%20was%20founded%20in%201937%20by,*%20Boy%20Scouts%20troop%20*%20Chess%20club",,,,
136,Muhammad Mosque #12 Nation of Islam,2508 North Broad Street,Philadelphia,PA,19132,,,,1962,,"https://ff.wikipedia.org/wiki/Mosque_No._12#:~:text=History,written%20that%20attacked%20Elijah%20Muhammad.",,,,
137,Muhammad Mosque,414 East Penn Street,Philadelphia,PA,19144,,,,1997,,https://www.phillytrib.com/religion/center-of-faith-masjid-muhammad-of-philadelphia/article_d0aac51f-f63e-51ae-a024-83fcf8faa0de.html,,,,
138,Muhammad Mosque,2401 Scott Avenue,Fort Worth,TX,76103,,,,"
",,"
",,,,
139,MTO Shahmaghsoudi,8455 Stonebrook Parkway,Frisco,TX,75034,,,,1986,,https://mto.org/center/dalla/,,,,
140,Mount Pleasant Islamic Center,2429 Martin Luther King Junior Boulevard,Dallas,TX,75215,,,,"
",,"
",,,,
141,Mosque Point Park,957 Nevills Road,Mount Pleasant,TX,75455,,,,"
",,"
",,,,
142,Mosque Point,8375 Cahoba Drive,Fort Worth,TX,76135,,,,"
",,"
",,,,
143,Mosque Of Al-Ghadir,1950 East 20th Street,Erie,PA,16510,,,,"
",,"
",,,,
144,Mosque Azizia,306 Taylor Avenue,Scranton,PA,18510,,,,"
",,"
",,,,
145,Mosque,3841 Cullen Boulevard,Houston,TX,77004,,,,"
",,"
",,,,
146,Mosque,6806 Hornwood Drive,Houston,TX,77074,,,,"
",,"
",,,,
147,Mosque,820 Willowbrook Drive,Norristown,PA,19403,,,,"
",,"
",,,,
148,Mosque,8399 Cahoba Drive,Fort Worth,TX,76135,,,,"
",,"
",,,,
149,MOMIN of Texas,2945 Frankford Road,Dallas,TX,75287,,,,1988,,https://momin.org/about-us/,,,,
150,Minhaj ul-Quran,3751 North Josey Lane,Carrollton,TX,75007,,,,1981,,https://us.mohid.co/tx/dallas/jmcc#about,,,,
151,Minaret ISGH Masjid At-Taqwa,2415 Oakland Bend,San Antonio,TX,78258,,,,"
",,"
",,,,
152,Minaret ElFarouq Mosque,Houston,Houston,TX,77099,,,,"
",,"
",,,,
153,Metro-Salt,12 Gotwals Lane,Oley,PA,19547,,,,"
",,"
",,,,
154,Mesquite Islamic Center (MIC Mosque),2403 Franklin Drive,Mesquite,TX,75150,,,,2008,,https://www.yelp.com/biz/mesquite-islamic-center-mesquite,,,,
155,Mercy Community Center - Mosque,5922 Hillcroft Street,Houston,TX,77036,,,,2003,,https://prayersconnect.com/mosques/84096517-mercy-community-center-houston-texas-united-states,,,,
156,McKinney Mosque,2222 Mansard Street,Houston,TX,77054,,,,2022,,https://www.keranews.org/news/2024-07-26/mckinney-mosque-postponed-city-council,,,,
157,McKinney Islamic Association,2940 Eldorado Parkway,McKinney,TX,75070,,,,2022,,https://www.keranews.org/news/2024-07-26/mckinney-mosque-postponed-city-council,,,,
158,MCECC & Al Madinah Mosque,2940 Eldorado Parkway,McKinney,TX,75070,,,,"
",,"
",,,,
159,Masjidur Razzaqal Karim,5200 Wynnefield Ave,Philadelphia,PA,19191,,,,2009,,https://property.phila.gov/?p=341064805,,,,
160,Masjidullah - The Center for Human Excellence,7401 Limekiln Pike,Philadelphia,PA,19138,,,,2014,,https://www.phillytrib.com/news/center-for-human-excellence-at-masjidullah-opens-unifies/article_effae888-961e-5f29-9b91-3cb0090bf380.html,,,,
161,Masjidullah,7700 Ogontz Avenue,Philadelphia,PA,19150,,,,1979,,"https://www.phillytrib.com/lifestyles/religion/masjidullah-provides-faith-based-guidance/article_9f07425a-ceed-5427-8d06-bd2b99bd6d2d.html#:~:text=From%20its%20formation%20in%201979,said%20Shabazz%20during%20an%20interview.",,,,
162,Masjidul Muwahhideen,1719 Walnut Street,Harrisburg,PA,17103,,,,"
",,"
",,,,
163,Masjid-ul Mumineen,8875 Benning Drive,Houston,TX,77031,,,,2000,,https://www.mapquest.com/us/texas/masjidul-mumineen-752272976,,,,
164,Masjid-e-Sajideen,5281 Casa Bella Street,San Antonio,TX,78249,,,,"
",,"
",,,,
165,Masjid Zakariya,14111 King Road,Frisco,TX,75036,,,,1986,,https://prayersconnect.com/mosques/84032140-islamic-center-of-beaumont-beaumont-texas-united-states,,,,
166,Masjid Yaseen,1601 West Campbell Road,Garland,TX,75044,,,,1985,,https://masjidyaseen.org/,,,,
167,Masjid Uthaymeen,4699 Calder Avenue,Beaumont,TX,77706,,,,2008,,"https://www.causeiq.com/organizations/islamic-center-of-south-dallas,205829571/",,,,
168,Masjid Usman,2806 Martin Luther King Boulevard,Dallas,TX,75215,,,,2008,,"https://www.causeiq.com/organizations/islamic-center-of-south-dallas,205829571/",,,,
169,Masjid Ush Shura,3109 Martin Luther King Avenue Southeast,Washington,DC,20032,,,,"
",Non Existent,"
",,,,
170,Masjid Umar Al-Farooq,7623 Louetta Road,Spring,TX,77379,,,,1995,,https://www.facebook.com/ISSTMcAllen/,,,,
171,Masjid Ul Aala,2008 North Ware Road,Mcallen,TX,78501,,,,1978,,https://www.masjidwdmohammed.com/about-us/the-history-of-masjid-wdm/,,,,
172,Masjid Turkiy,11018 Rennard Street,Philadelphia,PA,19116,,,,"
",,"
",,,,
173,Masjid Texarkana,11951 Bissonnet Street,Houston,TX,77099,,,,1978,,https://www.masjidwdmohammed.com/about-us/the-history-of-masjid-wdm/,,,,
174,Masjid Tawheed Wa Sunnah,5509 North Kings Highway,Texarkana,TX,75503,,,,"
",,"
",,,,
175,Masjid Tawheed,402 South Franklin Street,Wilkes-Barre,PA,18702,,,,"
",Non Existent,"
",,,,
176,Masjid Taqwa Interfaith Center,5645 Hillcroft Street,Houston,TX,77036,,,,"
",,"
",,,,
177,Masjid Taqullah,1101 Royal Parkway,Euless,TX,76040,,,,"
",Non Existent,"
",,,,
178,Masjid Sunni Ali,1307 East Price Street,Philadelphia,PA,19138,,,,"
",,"
",,,,
179,Masjid Shakir Dawan,4737 Village Fair Drive,Dallas,TX,75224,,,,"
",Non Existent,"
",,,,
180,Masjid Salahadeen,2605 Ennis Avenue,Fort Worth,TX,76111,,,,"
",,"
",,,,
181,Masjid Salah Ad-Deen,5645 Hillcroft Street,Houston,TX,77036,,,,"
",No Basic Information,"
",,,,
182,Masjid Sakinah,311 East Cliveden Street,Philadelphia,PA,19119,,,,2009,,https://property.phila.gov/?p=221048000,,,,
183,Masjid Quran & Sunnah Center,2103-07 Cemetery Avenue,Philadelphia,PA,19142,,,,"
",,"
",,,,
184,Masjid Quba,4637 Lancaster Avenue,Philadelphia,PA,19131,,,,1949,,https://www.phillytrib.com/religion/phillys-oldest-masjid-supports-the-community/article_dc33d277-e376-5f34-8e47-3d0a1964f89d.html,,,,
185,Masjid Omar Bin Khattab (A Project of Texas Islamic Community Center),4030 Split Trail Road,Plano,TX,75074,,,,"
",,"
",,,,
186,Masjid Omar,51 South State Road,Upper Darby Township,PA,19082,,,,"
",No Basic Information,"
",,,,
187,Masjid Nur Uz Zamaan,1320 Boyle Street,Pittsburgh,PA,15212,,,,2008,,https://www.qrteeviewer.com/view_qrt/e9222a54-99b0-4c3d-95ec-6c34487db307,,,,
188,Masjid Noorul Islam- Cactus Islamic Center,1833 Richmond Parkway,Richmond,TX,77469,,,,"
",No Basic Information,"
",,,,
189,Masjid New Africa Center for Human Development,203 North  Drive,Cactus,TX,79013,,,,"
",No Basic Information,"
",,,,
190,Masjid Mujahideen,413 South 60th Street,Philadelphia,PA,19143,,,,1983,,https://www.masjidmujahideen.org/about,,,,
191,Masjid Muhammad,1519 4 Street Northwest,Washington,DC,20001,,,,1960,,https://thenationsmosque.org/about/,,,,
192,Masjid Marwaas,7610 Highway 6,Hitchcock,TX,77563,,,,"
",,"
",,,,
193,Masjid Luqman,14617 Beechnut Street,Houston,TX,77083,,,,"
",Non Existent,"
",,,,
194,Masjid Khulafa'A Rashideen (A Project of Texas Islamic Community Center),1702 Hayes Street,San Antonio,TX,78207,,,,"
",,"
",,,,
195,Masjid Kamal-e-Rasool,101 North Vine Street,Shamokin,PA,17872,,,,"
",Information Without Year,http://www.kamalerasool.com/contact.html,,,,
196,Masjid Istiqlal Houston,6400 Southwest Freeway,Houston,TX,77074,,,,2015,,https://www.istiqlalhouston.org/mission-history,,,,
197,Masjid Istiqlal Houston,15303 Mc Kaskle Road,Sugar Land,TX,77498,,,,2001,,https://www.masjidibrahim.org/images/index6.html,,,,
198,Masjid Ibrahim As-Salaam Garden,817 Pennsgrove Road,Lincoln University,PA,19352,,,,"
",,"
",,,,
199,Masjid Ibrahim,8521 State Highway 71,Austin,TX,78735,,,,2001,,https://www.masjidibrahim.org/images/index6.html,,,,
200,Masjid Ibn Uthaymeen,5500 Farm to Market 2920,Spring,TX,77388,,,,"
",Non Existent,"
",,,,
201,Masjid Ibn Uthaymeen,6502 Elmwood Avenue,Philadelphia,PA,19142,,,,2017,,https://property.phila.gov/?p=406227100,,,,
202,Masjid Ibn Taymiyyah,1264 North Alden Street,Philadelphia,PA,19131,,,,"
",,"
",,,,
203,Masjid Ibn Baz,2114 Roosevelt Drive,Arlington,TX,76013,,,,"
",No Basic Information,"
",,,,
204,Masjid Hassan of Al-Islam,5622 Evers Rd,San Antonio,TX,78238,,,,2011,,https://www.mapquest.com/us/texas/hassan-masjid-of-all-islam-409566127,,,,
205,Masjid Ghous-E-Azam,1201 East Allen Avenue,Fort Worth,TX,76104,,,,"
",,"
",,,,
206,Masjid Ghous-E-Azam,5511 Farm to Market 1960 Road East,Humble,TX,77338,,,,"
",,"
",,,,
207,Masjid Galle Cheikh,5800 Springfield Avenue,Philadelphia,PA,19143,,,,"
",,"
",,,,
208,Masjid Fatima tuz Zahra,5511 Farm to Market 1960,Humble,TX,77338,,,,"
",,"
",,,,
209,Masjid Faruq of Grand Prairie TX,22040 West Ford Road,Montgomery County,TX,77365,,,,"
",,"
",,,,
210,Masjid Faizan E Madinah Wylie,641 West Brown Street,Wylie,TX,75098,,,,2016,,https://www.faizanemadinahusa.org/wylie-center/about-us,,,,
211,Masjid El-Farouq,1207 Conrad Sauer Drive,Houston,TX,77043,,,,1998,,https://elfarouq.org/,,,,
212,Masjid E Zohra,2202 San Antonio Street,Grand Prairie,TX,75051,,,,"
",,"
",,,,
213,Masjid E Taqwa Islamic Center,7918 Frankford Avenue,Philadelphia,PA,19136,,,,2007,,"
",,,,
214,Masjid E Mohammedi,990 Rayford Road,Spring,TX,77386,,,,1980,,https://local.yahoo.com/info-19063532-muhammadi-masjid-houston/?guccounter=1,,,,
215,Masjid e Hussain,17730 Coventry Park Drive,Houston,TX,77084,,,,"
",,"
",,,,
216,Masjid e Aamina (Econolodge),1505 South Jefferson Avenue,Mount Pleasant,TX,75455,,,,"
",,"
",,,,
217,Masjid Darul-Emaan,840 East Highway 80,Abilene,TX,79601,,,,"
",,"
",,,,
218,Masjid DAR UN NOOR,3115 North Fry Road,Katy,TX,77449,,,,"
",,"
",,,,
219,Masjid Children's Memorial Hospital Ground Floor Chapel,16202 West Bellfort Avenue,Sugar Land,TX,77498,,,,"
",,"
",,,,
220,Masjid Bilal Ibn Rabah of San Antonio (MBIR),530 South WW White Road,San Antonio,TX,78220,,,,2010,,"https://www.causeiq.com/organizations/mbir-of-san-antoniotexas,271363303/",,,,
221,Masjid Bilal - ISGH,11815 Adel Road,Houston,TX,77067,,,,1969,,https://isgh.org/adelrd/,,,,
222,Masjid Beit El-Maqdes,7627 Culebra Road,San Antonio,TX,78251,,,,2009,,https://www.beitelmaqdes.org/site/,,,,
223,Masjid Ayesha,4502 Watts Plantation Road,Missouri City,TX,77459,,,,2018,,https://prayersconnect.com/mosques/84080366-masjid-ayesha-missouri-city-texas-united-states,,,,
224,Masjid Attaqwa,6411 Fannin Street,Houston,TX,77030,,,,1992,,https://www.archnet.org/sites/14720,,,,
225,Masjid At-Tawheed,9 South Belvidere Avenue,York,PA,17404,,,,2000,,https://masjidtawheedofyorkpa.org/about-us/,,,,
226,Masjid At-Tawheed,1424 Banksville Road,Pittsburgh,PA,15216,,,,1995,,https://www.attawheed.org/about-us.html,,,,
227,MASJID AT-TAWBAH,1307 Park Avenue,Williamsport,PA,17701,,,,2017,,"https://www.causeiq.com/organizations/masjid-at-tawbah,472315834/",,,,
228,Masjid As-Salaam Pittsburgh,912 Lorenz Avenue,Pittsburgh,PA,15220,,,,"
",,"
",,,,
229,Masjid As-Sabiqun,1105 Concord Avenue,Chester,PA,19013,,,,1994,,https://www.masjidas-sabiqun.org/history/,,,,
230,Masjid Arafat,18601b Old Richmond Road,Sugar Land,TX,77498,,,,"
",,"
",,,,
231,Masjid Ar-Rayhan,16300 Old Richmond Road,Sugar Land,TX,77498,,,,"
",,"
",,,,
232,Masjid Ar-Rahman,2611 South 78th Street,Philadelphia,PA,19153,,,,"
",,"
",,,,
233,Masjid Ar-Raheem - Cyfair Peace Center,Windrock Drive,San Antonio,TX,78239,,,,"
",,"
",,,,
234,Masjid Aqsa,2810 Saddlehorn Trail,Katy,TX,77494,,,,2010,,https://aqsamasjidkaty.com/about/,,,,
235,Masjid Anisa,1807 Fulton Street,Pittsburgh,PA,15233,,,,"
",,"
",,,,
236,Masjid An-Noor â DeSoto,10762 Farm to Market 1960 Road West,Houston,TX,77070,,,,"
",,"
",,,,
237,Masjid AlSalam,16700 Old Louetta Road,Spring,TX,77379,,,,1998,,https://www.instagram.com/reel/C8DQVnaRU82/,,,,
238,Masjid Alsahabah,616 Rayburn Drive,DeSoto,TX,75115,,,,"
",,"
",,,,
239,Masjid AlRasool AlAkram,9300 South Course Drive,Houston,TX,77099,,,,2005,,https://www.imams.us/committee/in-memoriam/,,,,
240,Masjid Ali Ul Murtaza. Minhaj-ul-Quran Islamic Center Katy.,11333 Whispering Oaks Drive,Conroe,TX,77385,,,,"
",,"
",,,,
241,Masjid Alhedaya,123 East Luzerne Street,Philadelphia,PA,19124,,,,2020,,https://property.phila.gov/?p=884051500,,,,
242,Masjid alaqsa,2308 North Fairhill Street,Philadelphia,PA,19133,,,,2020,,https://property.phila.gov/?p=871515630,,,,
243,Masjid Al-wasatiyah,5727 Hoffman Avenue,Philadelphia,PA,19143,,,,"
",,"
",,,,
244,Masjid AL-UMMAH,20050 Franz Road,Katy,TX,77449,,,,"
",,"
",,,,
245,Masjid Al-Salam (SJC),7338 Elgin Avenue,Philadelphia,PA,19111,,,,2017,,https://property.phila.gov/?p=882926290,,,,
246,Masjid Al-Rasul No. 2 Fifth Ward,3516 Montgomery Road,Huntsville,TX,77340,,,,"
",,"
",,,,
247,Masjid Al-Quran,1546 North 27 Street,Philadelphia,PA,19121,,,,1992,,https://property.phila.gov/?p=292063900,,,,
248,Masjid Al-Madina,6800 Ludlow Street,Upper Darby,PA,19082,,,,1998,,"https://masjidalmadinah.org/aboutus/#:~:text=The%20Upper%20Darby%20Islamic%20Center,%20also%20known,*%20Providing%20health%20care%20for%20needy%20families",,,,
249,"Masjid al-Islam - Dallas, TX",2604 South Harwood Street,Dallas,TX,75215,,,,2004,,https://masjidalislam.org/history,,,,
250,Masjid Al-Ikhlas,3204 Jensen Drive,Houston,TX,77026,,,,"
",,"
",,,,
251,Masjid Al-Haqq,9323 Perrin Beitel,San Antonio,TX,78217,,,,1988,,https://masjidalhaqq.com/about-us,,,,
252,Masjid Al-Fattah La Marque,2723 Alaska Avenue,Oak Cliff,TX,75216,,,,1988,,https://masjidalhaqq.com/about-us,,,,
253,Masjid Al-Fattah,2611 Farm to Market Road 1765,La Marque,TX,77568,,,,"
",Information Without Year,https://www.facebook.com/people/Masjid-Al-Fattah/61557627904291/?mibextid=LQQJ4d,,,,
254,Masjid Al-Fajr,2009 West 3rd Street,Chester,PA,19013,,,,"
",No Basic Information,"
",,,,
255,Masjid Al-Bukhari,10663 Bustleton Avenue,Philadelphia,PA,19116,,,,"
",,"
",,,,
256,Masjid Al-Amin,2506 25 Avenue North,Texas City,TX,77590,,,,"
",Information Without Year,https://www.facebook.com/people/Masjid-Al-Fattah/61557627904291/?mibextid=LQQJ4d,,,,
257,Masjid Al Suffah,6121 Hillcroft Avenue,Houston,TX,77081,,,,"
",No Basic Information,"
",,,,
258,Masjid Al Shareef,2525 Friendswood Link Road,Webster,TX,77598,,,,"
",No Basic Information,"
",,,,
259,Masjid al Rahman,"Philadelphia, PA 19145, USA",Philadelphia,PA,19145,,,,2004,,https://www.masjidarrahman.org/about/,,,,
260,Masjid Al Karim,7428 Lindencrest Street,Houston,TX,77061,,,,"
",,"
",,,,
261,Masjid Al Jamia Mesquite,1827 Riley Fuzzel Road,Spring,TX,77386,,,,"
",,"
",,,,
262,Masjid Al Iman,813 State Road,Croydon,PA,19021,,,,"
",,"
",,,,
263,Masjid Al Ihsan,202 South Walker Street,Mesquite,TX,75149,,,,"
",,"
",,,,
264,Masjid Al Huda,1301 Frosty Hollow Road,Levittown,PA,19056,,,,"
",,"
",,,,
265,Masjid Al Huda,13180 Westpark Drive,Houston,TX,77082,,,,"
",,"
",,,,
266,Masjid Al Haqq,443 East High Street,Pottstown,PA,19464,,,,"
",,"
",,,,
267,MASJID Al BIRR WA TAQWA,210 East Plank Road,Altoona,PA,16602,,,,"
",Information Without Year,"
",,,,
268,Masjid Al Ash'ariyya,2326 South 7th Street,Philadelphia,PA,19148,,,,"
",,"
",,,,
269,Masjid Al Anbiyaa,19529 Melber Lane,Manor,TX,78653,,,,"
",,"
",,,,
270,Masjid Al Ahad,19214 Clay Road,Katy,TX,77449,,,,2008,,https://masjidahad.org/about/,,,,
271,Masjid Ahlus-Sunnah Wal-Jammah,2400 South 63rd Street,Philadelphia,PA,19142,,,,2015,,https://www.youtube.com/watch?v=I-gQfUXx_gg,,,,
272,Masjid Ahlil Hadeeth,6711 Woodland Avenue,Philadelphia,PA,19142,,,,2003,,https://property.phila.gov/?p=773188995,,,,
273,Masjid Abu Huraira,1701 Sawdust Road,The Woodlands,TX,77380,,,,2004,,"
",,,,
274,Masjid Abu Bakr,8830 Galveston Road,Houston,TX,77034,,,,1969,,https://www.mapquest.com/us/texas/masjid-abu-bakr-778799171,,,,
275,Masjid - Madrasah Jamiah Islamiah Texas,3820 South Dairy Ashford Road,Houston,TX,77082,,,,"
",,"
",,,,
276,Masjid - House of Peace & Harmony,761 5th Avenue,Chambersburg,PA,17201,,,,"
",,"
",,,,
277,Masjid,1155 Farm to Market 1960 Road West,Houston,TX,77090,,,,"
",,"
",,,,
278,Masjid,19210 Clay Road,Katy,TX,77449,,,,"
",,"
",,,,
279,Masjid,7120 Farm to Market 1464,Richmond,TX,77407,,,,"
",,"
",,,,
280,Masjed,1103 Cedar Drive,Marble Falls,TX,78654,,,,"
",,"
",,,,
281,Masjed,6665 Bintliff Drive,Houston,TX,77074,,,,"
",,"
",,,,
282,Mas Youth Center Clear Lake,8638 Fairhaven Street,San Antonio,TX,78229,,,,"
",Non Existent,"
",,,,
283,MAS Katy Center (Masjid Al-Rahman),16302 Sealark Road,Houston,TX,77062,,,,"
",,"
",,,,
284,MAS Katy Center (Masjid Al-Rahman),1800 Baker Road,Houston,TX,77094,,,,"
",,"
",,,,
285,MAS Islamic Center Of Dallas,1515 Blake Drive,Richardson,TX,75081,,,,2006,,https://masdfw.org/who-we-are/,,,,
286,Maryam Islamic Center,618 Barringer Lane,Webster,TX,77598,,,,2003,,https://www.maryammasjid.org/about-us/,,,,
287,Markazul Bayaan Arabic Center,5927 Spruce Street,Philadelphia,PA,19139,,,,"
",,"
",,,,
288,Markazi Imam Bargah Al-Murtaza,14903 Bellaire Boulevard,Houston,TX,77083,,,,"
",Information Without Year,https://al-murtaza.org/,,,,
289,Markaz Raodatul Jannah,504 Sartartia Road,Sugar Land,TX,77479,,,,2003,,"
",,,,
290,Markaz Ahlul Qur'an Wal Hadeeth,3415 18 Street Northeast,Washington,DC,20018,,,,2004,,https://www.18thstreetmasjid.com/,,,,
291,Marifah | An Islamic Center | Mosque | Muslim Community Center,13308 Buena Vista Road,Waynesboro,PA,17268,,,,"
",,"
",,,,
292,Mariam Center Mosque,7001 South Texas 6,Houston,TX,77083,,,,"
",,"
",,,,
293,Mansfield Islamic Center,6401 New York Avenue,Arlington,TX,76018,,,,2009,,https://halalguide.me/dallas-fort-uort/mechet/mansfield-islamic-center/posts,,,,
294,Maktab Foundation,8007 Spencer Highway,Deer Park,TX,77536,,,,"
",,"
",,,,
295,Makki Masjid,2204 West Walnut Hill Lane,Irving,TX,75038,,,,"
",,"
",,,,
296,Makkah Mosque,1319 West Susquehanna Avenue,Philadelphia,PA,19122,,,,1962,,https://en.wikipedia.org/wiki/Mosque_No._12,,,,
297,Makkah Masjid-Greater Houston,3505 South Dairy Ashford Road,Houston,TX,77082,,,,"
",,"
",,,,
298,Makkah Masjid (Garland Mosque),3301 West Buckingham Road,Garland,TX,75042,,,,1993,,https://makkahmasjid.net/about-us/,,,,
299,Makkah masjid,9651 Bissonnet Street,Houston,TX,77036,,,,"
",,"
",,,,
300,Main Mosque - Islamic Center of South Plain,3419 La Salle Avenue,Lubbock,TX,79407,,,,1982,,https://lubbockmuslims.org/about-icsp/,,,,
301,Mahdieh of Philadelphia,6502 Haverford Avenue,Philadelphia,PA,19151,,,,2002,,"
",,,,
302,Madrasah Islamiah,6665 Bintliff Drive,Houston,TX,77074,,,,1990,,https://madrasahislamiah.org/about-us/,,,,
303,Madinah Mosque of Carrollton,2180 Old Denton Road,Carrollton,TX,75006,,,,2003,,https://madinahmasjid.com/about/,,,,
304,Madina Mosque,3301 West Buckingham Road,Garland,TX,75042,,,,"
",Non Existent,"
",,,,
305,Madina Masjid Rosenberg,7800 Bissonnet Street,Houston,TX,77074,,,,"
",,"
",,,,
306,Madani Masjid Alvin TX (ISGH),451 Minonite Road,Rosenberg,TX,77469,,,,"
",,"
",,,,
307,lil Saint James Temple,1704 West South Street,Alvin,TX,77511,,,,"
",,"
",,,,
308,Lebanon Valley Masjid,1300 Florence Street,Lebanon,PA,17042,,,,"
",Information Without Year,https://lebanonvalleymasjid.weebly.com/,,,,
309,League City Islamic Center,3021 Knight Robin Drive,San Antonio,TX,78209,,,,2008,,http://leaguecityislamiccenter.com/,,,,
310,Laughlin Mosque,118 McKibben Lane,League City,TX,77573,,,,"
",,"
",,,,
311,Las Colinas Islamic Center,"
",Laughlin Air Force Base,TX,78843,,,,"
",,"
",,,,
312,Klein Islamic Center - Masjid,6210 North Belt Line Road,Irving,TX,75063,,,,"
",,"
",,,,
313,Kingwood Islamic Center (Kingwood Mosque),22001 East Martin Drive,Montgomery County,TX,77365,,,,2003,,"
",,,,
314,Khair Community Center,1079 Egypt Road,Phoenixville,PA,19460,,,,2012,,https://khaircenter.org/,,,,
315,Keller Islamic Center (KIC),18901 Kuykendahl Road,Spring,TX,77388,,,,"
",,"
",,,,
316,Kalkan Masjid Houston,3601 West Keller Hicks Road,Fort Worth,TX,76244,,,,"
",No Basic Information,"
",,,,
317,JESUSS OF MOSQUE,"
",Upper Macungie Township,PA,18106,,,,"
",,"
",,,,
318,Jamia Masjid Beaumont,2394 West Lucas Drive,Beaumont,TX,77706,,,,2015,,https://wikimapia.org/33328838/Jamia-Masjid,,,,
319,Jame' Hasan-Al-Basri,2600 Lazy Hollow Drive,Houston,TX,77063,,,,"
",,"
",,,,
320,Jama Mecca Masjid,15001 Beechnut Street,Houston,TX,77083,,,,2006,,https://hijazfoundation.org/about-us/,,,,
321,Jaffa Mosque,2200 Broad Avenue,Altoona,PA,16601,,,,1930,,https://jaffashriners.org,,,,
322,Ivy City Mosque,2001 Gallaudet Street Northeast,Washington,DC,20002,,,,"
",Information Without Year,https://prayersconnect.com/mosques/84038553-ivy-city-masjid-washington-district-of-columbia-united-states,,,,
323,ISRA Foundation,"
",Carrollton,TX,75007,,,,"
",,"
",,,,
324,Ismaili Jamatkhana Mid-Cities,930 West Parker Road,Plano,TX,75075,,,,"
",,"
",,,,
325,Ismaili Jamatkhana and Center - Houston Headquarters,700 East Harwood Road,Euless,TX,76039,,,,"
",,"
",,,,
326,Ismaili Jamatkhana and Center - Harvest Green,9550 Harlem Road,Richmond,TX,77407,,,,2023,,https://econtractors.com/project/ismaili-jamathkhana-at-harvest-green/,,,,
327,Ismaili Jamatkhana - Spring,1700 First Colony Boulevard,Sugar Land,TX,77479,,,,2018,,"https://ismailimail.blog/2018/08/09/governor-of-texas-joins-ismaili-muslims-in-opening-new-austin-jamatkhana/#:~:text=Menu-,Governor%20of%20Texas%20joins%20Ismaili%20Muslims%20in%20opening%20new%20Austin,AMANDA%20VOISARD%20/%20AMERICAN%2DSTATESMAN",,,,
328,Ismaili Jamatkhana - San Antonio,24525 Community Center Drive,Spring,TX,77389,,,,"
",,"
",,,,
329,Ismaili Jamatkhana - Austin,2401 South Lakeline Boulevard,Cedar Park,TX,78613,,,,2018,,"https://ismailimail.blog/2018/08/09/governor-of-texas-joins-ismaili-muslims-in-opening-new-austin-jamatkhana/#:~:text=Menu-,Governor%20of%20Texas%20joins%20Ismaili%20Muslims%20in%20opening%20new%20Austin,AMANDA%20VOISARD%20/%20AMERICAN%2DSTATESMAN",,,,
330,Ismaili Jamatkhana,1590 Arrington Road,College Station,TX,77845,,,,2019,,"https://ismailimail.blog/2019/04/05/the-ismaili-jamatkhana-opened-its-doors-to-the-community-when-houston-needed-it-the-most/#:~:text=Menu-,The%20Ismaili%20Jamatkhana%20opened%20its%20doors%20to%20the%20community%20when,comforted%20a%20community%20in%20need.",,,,
331,Ismaili Jamatkhana,3559 East Evans Road,San Antonio,TX,78259,,,,2019,,"https://ismailimail.blog/2019/04/05/the-ismaili-jamatkhana-opened-its-doors-to-the-community-when-houston-needed-it-the-most/#:~:text=Menu-,The%20Ismaili%20Jamatkhana%20opened%20its%20doors%20to%20the%20community%20when,comforted%20a%20community%20in%20need.",,,,
332,Ismaili Jamatkhana,6704 Alma Drive,Plano,TX,75023,,,,2006,,http://heritage.ismaili.net/node/12391,,,,
333,IslamInSpanish Centro Islamico,"
",San Antonio,TX,78258,,,,"
",,"
",,,,
334,Islamic Unity Center (IUC),1205 Country Club Lane,Fort Worth,TX,76112,,,,"
",Information Without Year,(682) 301-1058,,,,
335,Islamic Society of Triplex/Beaumont Mosque,12703 Brant Rock Drive,Houston,TX,77082,,,,2017,,https://www.beaumontenterprise.com/news/article/2-million-9K-square-foot-mosque-now-open-to-11216527.php,,,,
336,Islamic Society of Southern Texas (Abul Qasim Masjid),1270 East Cardinal Drive,Beaumont,TX,77705,,,,1995,,https://isstcc.org/?page_id=33,,,,
337,Islamic Society of Southern Texas,7341 McArdle Road,Corpus Christi,TX,78412,,,,1995,,https://isstcc.org/?page_id=33,,,,
338,Islamic Society of South Texas (ISST),2008 North Ware Road,McAllen,TX,78501,,,,1999,,"https://www.causeiq.com/organizations/islamic-society-of-south-texas,742896413/",,,,
339,Islamic Society Of Schuylkill County,1043 East Norwegian Street,Pottsville,PA,17901,,,,1986,,"https://www.causeiq.com/organizations/islamic-society-of-schuylkill-county,224354001/",,,,
340,Islamic Society Of Mesquite,5906 Duck Creek Drive,Garland,TX,75043,,,,1990,,https://islamicsocietyofmesquite.org/about,,,,
341,Islamic Society of Kingsville,702 West Avenue B,Kingsville,TX,78363,,,,2019,,"https://www.causeiq.com/organizations/the-islamic-society-of-kingsville,311318714/",,,,
342,Islamic Society of Hanover,710 West Elm Avenue,Hanover,PA,17331,,,,"
",,"
",,,,
343,Islamic Society of Greater Valley Forge,958 North Valley Forge Road,Devon,PA,19333,,,,1994,,https://isgvf.com/about-us/,,,,
344,Islamic Society of Greater Houston,7341 McArdle Road,Corpus Christi,TX,78412,,,,1969,,"https://isgh.org/about/#:~:text=The%20Islamic%20Society%20of%20Greater,the%20founders%20of%20the%20society.",,,,
345,Islamic Society of Greater Harrisburg (ISGH),407 North Front Street,Steelton,PA,17113,,,,1970,,https://pluralismarchive.hsites.harvard.edu/islamic-society-greater-harrisburg-isgh,,,,
346,Islamic Society of Denton,1105 Greenlee Street,Denton,TX,76201,,,,1981,,https://www.dentonmasjid.com/,,,,
347,Islamic Society of Chester County,1001 Pottstown Pike,West Chester,PA,19380,,,,1996,,https://isccpa.org/history/,,,,
348,Islamic Society of Central Texas,3033 South Kegley Road,Temple,TX,76502,,,,2011,,"https://www.causeiq.com/organizations/islamic-society-of-central-texas,742778559/",,,,
349,Islamic Society of Central Pennsylvania,454 Rolling Ridge Drive,State College,PA,16801,,,,1982,,https://www.mapquest.com/us/pennsylvania/islamic-center-of-central-penn-353450389,,,,
350,Islamic Society of Brownsville,246 Gilson Road,Brownsville,TX,78520,,,,2005,,https://prayersconnect.com/mosques/84082149-islamic-society-of-brownsville-brownsville-texas-united-states,,,,
351,Islamic Society of Allentown,6635 Tilghman Street,Allentown,PA,18106,,,,2004,,https://isallentown.org/,,,,
352,Islamic Resources & Iranian Cultural Foundation,411 Industrial Drive,Richardson,TX,75081,,,,"
",,"
",,,,
353,"Islamic Religious Services, Fort Bliss",10125 Emnora Lane,Houston,TX,77080,,,,"
",,"
",,,,
354,Islamic Relief USA,442 Gregg Rd,Fort Bliss,TX,79906,,,,"
",,"
",,,,
355,Islamic Mosque At Texoma,811 South Central Expressway,Richardson,TX,75080,,,,"
",Non Existent,"
",,,,
356,Islamic Family Center,6840 Old York Road,Philadelphia,PA,19126,,,,2005,,https://www.realtor.com/realestateandhomes-detail/6840-Upper-York-Rd_New-Hope_PA_18938_M39557-45082,,,,
357,Islamic Education Center of Pennsylvania,1109 East Linden Street,Allentown,PA,18109,,,,2005,,https://www.mcall.com/2005/06/10/islamic-center-to-open-in-allentown-church-some-congregants-say-location-of-whitehall-center-is-inconvenient/,,,,
358,Islamic Education Center - League City,2619 Kentucky Avenue,League City,TX,77573,,,,2008,,"
",,,,
359,Islamic Education Center - IEC-SA,3601 Holly Drive,Dennison,TX,75020,,,,"
",,"
",,,,
360,Islamic Education Center,2313 South Voss Road,Houston,TX,77057,,,,1985,,https://www.influencewatch.org/non-profit/islamic-education-center-houston/,,,,
361,Islamic Da'wah Center,6819 Whitby Road,San Antonio,TX,78240,,,,2002,,https://islamicdawahcenter.org/about-us/,,,,
362,Islamic Cultural Center of Willow Grove,502 Easton Road,Willow Grove,PA,19090,,,,"
",,"
",,,,
363,Islamic Cultural Center of Erie,2426 Parade Street,Erie,PA,16503,,,,2009,,https://public.eriecountypa.gov/property-tax-records/property-records/property-tax-search/parcel-profile.aspx?parcelid=18050015020000,,,,
364,Islamic Community of Greater Killeen,5600 Texas 195,Killeen,TX,76542,,,,"
",Information Without Year,https://icgk.org/about/,,,,
365,Islamic Community of Bryan- College Station (ICBCS),417 Stasney Street,College Station,TX,77840,,,,1988,,https://www.icbcs.org/about-us/,,,,
366,Islamic Community Center of N Texas,201 Travis Street,Houston,TX,77002,,,,"
",Non Existent,"
",,,,
367,Islamic Community Center of Lancaster,951 Rohrerstown Road,Lancaster,PA,17601,,,,2013,,https://www.feelingblessed.org/organization/detail/iccl,,,,
368,Islamic Centers of Prosper and Celina - ICPC,5767 Phoenix Drive,Dallas,TX,75231,,,,"
",,"
",,,,
369,Islamic Center of Wylie,3990 Lakeway Drive,Saint Paul,TX,75098,,,,2012,,https://icwtx.org/about/,,,,
370,Islamic Center of Western Pennsylvania,550 Warrendale Bayne Road,Marshall Township,PA,15090,,,,2019,,https://triblive.com/privacy/,,,,
371,Islamic Center of Watauga,861 North Coleman Street,Prosper,TX,75078,,,,2004,,https://wataugamasjid.com/location-and-services/,,,,
372,Islamic Center of Washington DC,2551 Massachesetts Avenue Northwest,Washington,DC,20008,,,,1957,,https://www.archnet.org/sites/358,,,,
373,Islamic Center of Victoria,201 East Airline Road,Victoria,TX,77901,,,,1991,,http://www.victoriaislamiccenter.com/our-history/,,,,
374,Islamic Center of the South Plains,6001 Chapman Road,Fort Worth,TX,76248,,,,2004,,https://wataugamasjid.com/location-and-services/,,,,
375,Islamic Center of South Dallas,1280 North Carroll Avenue,Southlake,TX,76092,,,,"
",,"
",,,,
376,Islamic Center of Scranton,1509 West Pass Avenue,Scranton,PA,18508,,,,1996,,https://www.islamiccenterofscranton.com/about,,,,
377,Islamic Center of San Antonio,8638 Fairhaven Street,San Antonio,TX,78229,,,,1993,,https://icsaonline.org/about/,,,,
378,Islamic Center of Rowlett,2806 Martin Luther King Junior Boulevard,Dallas,TX,75215,,,,"
",,"
",,,,
379,Islamic Center of Round Rock,1951 Hampton Lane,Round Rock,TX,78664,,,,2001,,https://roundrockmasjid.org/about-us/,,,,
380,Islamic Center of Reading,Noble Street,Reading,PA,19611,,,,1992,,https://icorpa.org/about-us/,,,,
381,Islamic Center of Quad Cities,6710 Garner Road,Rowlett,TX,75088,,,,"
",,"
",,,,
382,Islamic Center of Port Arthur,1100 Gulfway Drive,Port Arthur,TX,77640,,,,"
",Information Without Year,"
",,,,
383,Islamic Center of Pittsburgh,4100 Bigelow Boulevard,Pittsburgh,PA,15213,,,,1989,,https://en.wikipedia.org/wiki/Islamic_Center_of_Pittsburgh,,,,
384,Islamic Center of Pflugerville,920 West Pflugerville Parkway,Pflugerville,TX,78660,,,,2012,,https://www.icptx.org/about-us,,,,
385,Islamic Center of Permian Basin,14800 Lebanon Road,Frisco,TX,75035,,,,"
",Non Existent,"
",,,,
386,Islamic center of Paris TX,5010 East Loop 250 North,Midland,TX,79707,,,,"
",Non Existent,"
",,,,
387,ISLAMIC CENTER OF PA,5138 East Trindle Road,Mechanicsburg,PA,17050,,,,1992,,https://icp.alminaret.com/about-masjid,,,,
388,Islamic Center of New Castle,1225 Finch Street,New Castle,PA,16101,,,,1983,,https://prayersconnect.com/mosques/84022998-islamic-center-of-new-castle-new-castle-pennsylvania-united-states,,,,
389,Islamic Center of Nacogdoches,248 3rd Street Northeast,Paris,TX,75460,,,,"
",,"
",,,,
390,Islamic Center of Momin,2125 Center Road,Nacogdoches,TX,75961,,,,1988,,https://momin.org,,,,
391,Islamic Center of Lufkin,208 White Avenue,Lufkin,TX,75904,,,,2019,,https://wwEkltv.com/video/2021/06/19/power-prayer-east-texas-islamic-society-open-house/,,,,
392,Islamic center of Longview,119 Amy Street,Longview,TX,75605,,,,2009,,"https://www.causeiq.com/organizations/islamic-center-of-longview,010928277/",,,,
393,Islamic Center of Laredo,604 Amistad Drive,Laredo,TX,78041,,,,1990,,https://www.iqrasense.com/islam-in-america/muslims-in-laredo-texas-usa-islamic-centers-and-mosques.html,,,,
394,Islamic Center of Lancaster,227 North Queen Street,Lancaster,PA,17603,,,,2013,,https://www.feelingblessed.org/organization/detail/iccl,,,,
395,Islamic Center of Lake Worth,2945 Frankford Road,Dallas,TX,75287,,,,1988,,https://momin.org,,,,
396,Islamic Center Of Lake Travis,6100 Shady Oaks Manor Drive,Fort Worth,TX,76135,,,,"
",,"
",,,,
397,Islamic Center of Johnstown,809 Main Street,Windber,PA,15963,,,,2005,,https://mosques.cmac.ws/islamic-center-of-johnstown/999/,,,,
398,Islamic Center of Jarrell,9401 Farm to Market Road 1105,Jarrell,TX,76537,,,,2023,,https://icjarrell.org/about,,,,
399,Islamic Center of Irving,2555 Esters Road,Irving,TX,75062,,,,1991,,https://www.irvingmasjid.org/about-us/,,,,
400,Islamic Center of Indiana,2835 West Pike Road,Indiana,PA,15701,,,,2013,,https://muslimsinpa.com/community-timeline/,,,,
401,Islamic Center of Hewitt / Masjid Al- Hidaya,201 Regal Drive,Hewitt,TX,76643,,,,2005,,https://www.islamiccenterofhewitt.org/about-1/,,,,
402,Islamic Center of Hays County (Masjid Bilal),4701 Doss Road,Austin,TX,78734,,,,"
",,"
",,,,
403,Islamic Center of Harlingen,2400 Windy Hill Road,Kyle,TX,78640,,,,"
",,"
",,,,
404,Islamic Center of Haltom City (ICHC),601 Kamali Drive,Harlingen,TX,78550,,,,"
",,"
",,,,
405,Islamic Center of Greater Uniontown,100 Woodlawn Avenue,Uniontown,PA,15401,,,,"
",No Basic Information,"
",,,,
406,Islamic Center of Greater Austin,5110 Manor Road,Austin,TX,78723,,,,1977,,https://austinmosque.org/about/,,,,
407,Islamic Center of Galveston - Masjid,921 Broadway Avenue J,Galveston,TX,77550,,,,2002,,https://www.facebook.com/galvestonhistory/posts/the-galveston-islamic-center-the-countys-first-mosque-opened-its-doors-in-octobe/918323213673777/,,,,
408,Islamic Center of Gainesville-Texas,4421 Jerri Lane,Haltom City,TX,76117,,,,"
",,"
",,,,
409,Islamic Center of Frisco,11137 Frisco Street,Frisco,TX,75033,,,,2007,,https://friscomasjid.org/,,,,
410,Islamic Center of Forney - ICF,800 East California Street,Gainesville,TX,76240,,,,"
",,"
",,,,
411,Islamic Center of Euless,203 South Ector Drive,Euless,TX,76040,,,,2013,,"https://www.causeiq.com/organizations/euless-islamic-center,461627338/",,,,
412,Islamic Center of El Paso (ICEP),13980 Farm to Market 548,Forney,TX,75126,,,,2004,,https://icelpaso.org/about-icep/,,,,
413,Islamic center of Denison,143 Paragon Lane,El Paso,TX,79912,,,,2004,,https://icelpaso.org/about-icep/,,,,
414,Islamic Center of Delaware County,2502 Township Line Road,Havertown,PA,19083,,,,1998,,https://www.delcotimes.com/2005/06/28/a-look-inside-delaware-countys-largest-mosque/,,,,
415,Islamic Center of Conroe ICC (Masjid Bilal),South Frazier Street,Conroe,TX,77301,,,,"
",Information Without Year,"
",,,,
416,Islamic Center of Chester,14 East 7th Street,Chester,PA,19013,,,,1994,,https://isccpa.org/history/,,,,
417,Islamic Center of Canyon,Farm to Market Road 1417,Denison,TX,75020,,,,"
",Non Existent,"
",,,,
418,Islamic Center of Brushy Creek Basketball Court,2608 4 Avenue,Canyon,TX,79015,,,,"
",Non Existent,"
",,,,
419,Islamic Center of Brushy Creek (ICBC),1950 Brushy Creek Road,Cedar Park,TX,78613,,,,2007,,https://icbrushycreek.org/icbc-master-plan/,,,,
420,Islamic Center of Baytown,4000 Emmett Hutto Boulevard,Baytown,TX,77521,,,,1969,,https://prayersconnect.com/mosques/84036830-islamic-center-of-baytown-baytown-texas-united-states,,,,
421,Islamic Center of Aubrey,"
",Cedar Park,TX,78613,,,,"
",,"
",,,,
422,Islamic Center of Ambridge,300 Maplewood Avenue,Ambridge,PA,15003,,,,2008,,https://en.halalguide.me/pittsburg-1/mechet/islamic-center-of-ambridge#,,,,
423,Islamic Center of Amarillo (ICA),601 Quail Creek Drive,Amarillo,TX,79124,,,,1993,,https://amarillomosque.org/about-us/,,,,
424,Islamic Center of Altoona,703 South Logan Boulevard,Hollidaysburg,PA,16648,,,,"
",No Basic Information,"
",,,,
425,Islamic Center Al Sabereen,1403 South Cameron Street,Harrisburg,PA,17104,,,,1993,,https://sabereenpa.alminaret.com/about-masjid,,,,
426,Islamic Center,"26875 US Highway 380 E, Suite 100, Aubrey, TX 76227, USA",Aubrey,TX,76227,,,,"
",Non Existent,"
",,,,
427,"Islamic Cemetery, CR 341",6515 Hillcroft Street,Houston,TX,77081,,,,"
",Non Existent,"
",,,,
428,Islamic Association-Mesquite,County Road 341,La Vernia,TX,78121,,,,"
",,"
",,,,
429,Islamic Association Texas (Masjid Ahsan),2409 Gus Thomasson Road,Mesquite,TX,75150,,,,1979,,https://prayersconnect.com/mosques/84040922-masjid-ahsan-islamic-association-of-texas-richardson-texas-united-states,,,,
430,Islamic Association of Wichita Falls/Azad Masjid,1701 Trigg Lane,Wichita Falls,TX,76306,,,,1998,,https://i-cwf.org/history/,,,,
431,Islamic Association of the colony,5201 South Colony Boulevard,The Colony,TX,75056,,,,2018,,https://starlocalmedia.com/thecolonycourierleader/news/the-colony-council-approves-first-mosque/article_78aecf02-ede8-11e8-bb2d-ef839b1adba6.html,,,,
432,Islamic Association of Tarrant County,4901 Diaz Avenue,Fort Worth,TX,76107,,,,2005,,"
",,,,
433,Islamic Association of North Texas (IANT Masjid),840 Abrams Road,Richardson,TX,75081,,,,1984,,https://www.archnet.org/sites/14721,,,,
434,Islamic Association of Lewisville & Flower Mound,132 North Glenville Drive,Richardson,TX,75081,,,,2021,,https://www.ialfm.org/construction-project/,,,,
435,Islamic Association of Fort Worth,6005 Chapman Road,Watauga,TX,76148,,,,2004,,"
",,,,
436,Islamic Association of Erie,2419 Holland Street,Erie,PA,16503,,,,2009,,https://eriemasjid.alminaret.com/about-masjid,,,,
437,Islamic Association Of Desoto Texas,1120 West Belt Line Road,DeSoto,TX,75115,,,,2018,,https://youtu.be/1IagGNrZodM?si=XrY4hjiIStEJWMfh,,,,
438,Islamic Association of Collin County (Plano Mosque),6401 Independence Parkway,Plano,TX,75023,,,,1997,,https://planomasjid.org/our-history/,,,,
439,Islamic Association of Collin County,3430 Peters Colony Road,Flower Mound,TX,75022,,,,"
",,"
",,,,
440,Islamic Association of Colleyville Ù,500 Cheek-Sparger Road,Colleyville,TX,76034,,,,2001,,https://us.mohid.co/tx/txrgn/iamc,,,,
441,Islamic Association of Carrollton (IAC),1901 Kelly Boulevard,Carrollton,TX,75006,,,,1991,,https://www.facebook.com/share/1HRuD7bJSM/?mibextid=wwXIfr,,,,
442,Islamic Association of Allen,909 Allen Central Drive,Allen,TX,75013,,,,2007,,https://www.charitynavigator.org/ein/204303157,,,,
443,Islamic Ahlul Bayt Association,12460 Los Indios Trail,Austin,TX,78729,,,,1997,,https://iaba-austin.org/about/,,,,
444,Islamic Activities & Development Center,5748 Old York Road,Philadelphia,PA,19141,,,,"
",,"
",,,,
445,ISGH River Oaks Islamic Center (ROIC),3110 Eastside Street,Houston,TX,77098,,,,1969,,"https://isgh.org/about/#:~:text=The%20Islamic%20Society%20of%20Greater,the%20founders%20of%20the%20society.",,,,
446,ISGH Masjid Savoy Wilcrest,11246 Wilcrest Drive,Houston,TX,77099,,,,"
",,"
",,,,
447,ISGH Masjid Hamza - Mission Bend Islamic Center,6233 Tres Lagunas Drive,Houston,TX,77083,,,,"
",,"
",,,,
448,ISGH Masjid At-Taqwa,10415 Synott Road,Sugar Land,TX,77498,,,,1992,,https://www.archnet.org/sites/14720,,,,
449,ISGH Islamic Cemetery (Islamic Society of Greater Houston),22505 Stokes Road,Waller,TX,77484,,,,"
",,"
",,,,
450,ISGH Isa ibn Maryam Mosque,13818 Brownsville Street,Houston,TX,77015,,,,1969,,https://isgh.org/,,,,
451,ISGH Harvest Green Aliana Musalla (HART),18802 West Airport Boulevard,Richmond,TX,77406,,,,"
",,"
",,,,
452,ISGH Hamza Funeral Home (Islamic Society of Greater Houston),6233a Tres Lagunas Drive,Houston,TX,77083,,,,"
",,"
",,,,
453,ISGH Bear Creek Islamic Center (BCIC) | Masjid Al-Mustafa,17250 Coventry Park Drive,Houston,TX,77084,,,,1970,,https://prayersconnect.com/mosques/84020463-masjid-al-mustafa-isgh-bear-creek-islamic-center-houston-texas-united-states,,,,
454,ISGH Bear Creek Islamic Center (BCIC) | Masjid Al-Mustafa,17250 Coventry Park Drive,Houston,TX,77084,,,,"
",,"
",,,,
455,ISGH (Riverstone Musallah),4502 Riverstone Boulevard,Missouri City,TX,77459,,,,"
",,"
",,,,
456,Isalmic Association of Mid Cities,500 Cheek Sparger Road,Colleyville,TX,76034,,,,2001,,https://us.mohid.co/tx/txrgn/iamc,,,,
457,Isabet Mevlana Mosque,5201 Bristol Emilie Road,Levittown,PA,19057,,,,"
",,"
",,,,
458,IQA,1112 Milam Way,Carrollton,TX,75006,,,,"
",,"
",,,,
459,Indonesian American Muslim Community,15303 Mc Kaskle Road,Sugar Land,TX,77498,,,,"
",,"
",,,,
460,Iman Academy SW,6200 South Texas 6,Houston,TX,77083,,,,"
",,"
",,,,
461,Imamia Organization of Pittsburgh,801 Pierson Run Road,Pittsburgh,PA,15239,,,,"
",,"
",,,,
462,Imam Muslim Family Center (IMFC),4075 Lancaster Avenue,Philadelphia,PA,19104,,,,"
",,"
",,,,
463,Imam Ali Islamic center,2330 Dalworth Street,Grand Prairie,TX,75050,,,,1999,,https://www.facebook.com/imamalicenterintexas/,,,,
464,Imaan Melissa,1010 Milrany Lane,Melissa,TX,75454,,,,"
",,"
",,,,
465,IILM Center,2101 West Plano Parkway,Plano,TX,75075,,,,2002,,"
",,,,
466,IHYA FOUNDATION,727 Hill Street,Grand Prairie,TX,75050,,,,"
",,"
",,,,
467,ICNA Outreach Center,19025 Wilks Drive,Harris County,TX,77433,,,,"
",,"
",,,,
468,ICNA Houston (Main Center),7900 Westglen Drive,Houston,TX,77063,,,,"
",,"
",,,,
469,ICNA Center,1600 North Plano Road,Richardson,TX,75081,,,,"
",,"
",,,,
470,ICC - Islamic Center of Coppell,612 East Sandy Lake Road,Coppell,TX,75019,,,,"
",,"
",,,,
471,Ibrahim Islamic Center & Mosque,7563 South Freeway,Houston,TX,77021,,,,"
",,"
",,,,
472,Ibn Baaz Mosque,1741 Point Breeze Avenue,Philadelphia,PA,19145,,,,"
",,"
",,,,
473,IAQC,3800 Parker Road,Saint Paul,TX,75098,,,,"
",,"
",,,,
474,Houston Masjid of Al-Islam,6641 Bellfort Avenue,Houston,TX,77087,,,,2011,,https://www.mapquest.com/us/texas/hassan-masjid-of-all-islam-409566127,,,,
475,Hidayah masjid (humble masjid),7834 Royal Street,Humble,TX,77396,,,,"
",,"
",,,,
476,Hershey Islamic Center,35 East 2nd Street,Hummelstown,PA,17036,,,,2013,,https://prayersconnect.com/mosques/84019989-hershey-islamic-center-hummelstown-pennsylvania-united-states,,,,
477,Hawa Masjid,5880 Ranchester Drive,Houston,TX,77036,,,,1969,,https://isgh.org/masjid-hamza-full-time-hifz-program/,,,,
478,Hatfield Jame Mosque,1511 Cowpath Road,Hatfield,PA,19440,,,,"
",,"
",,,,
479,Harrisburg Islamic Center (HIX),4813 Jonestown Road,Harrisburg,PA,17109,,,,"
",,"
",,,,
480,Haq Al Zahra Center,2011 Monarch Hollow Lane,Katy,TX,77449,,,,"
",,"
",,,,
481,Haj Nabih Masjid,14420 Sylvanfield Drive,Houston,TX,77014,,,,"
",,"
",,,,
482,Hadee Mosque,245 Division Street,Harrisburg,PA,17110,,,,2010,,https://ahmadiyyamosque.blogspot.com/2014/12/hadee-mosque-harrisburg-pennsylvania-usa.html,,,,
483,Gul Masjid,14366 Memorial Drive,Houston,TX,77079,,,,"
",,"
",,,,
484,Greenville Musallah,103 2608 Eastland Avenue,Greenville,TX,75402,,,,"
",,"
",,,,
485,Grand Prairie Masjid,802 Greenview Drive,Grand Prairie,TX,75050,,,,"
",,"
",,,,
486,Ghamidi Center of Islamic Learning,3620 North Josey Lane,Carrollton,TX,75007,,,,"
",,"
",,,,
487,Germantown Masjid / Masjid as-Sunnah an-Nabawiyyah,4944 Germantown Avenue,Philadelphia,PA,19144,,,,1995,,https://property.phila.gov/?p=776167450,,,,
488,Georgetown University: Masjid Yarrow Mamout,1350 Tondorf Road,Washington,DC,20057,,,,2023,,https://www.georgetown.edu/news/georgetown-opens-first-of-its-kind-mosque-on-a-u-s-college-campus/,,,,
489,Georgetown Islamic Center (GIC),7275 County Road 110,Round Rock,TX,78665,,,,"
",,"
",,,,
490,Fouzia Naheed Outreach Center (FNOC),12551 Emily Court,Sugar Land,TX,77478,,,,"
",,"
",,,,
491,"Fouta Islamic Center of Philadelphia, Inc",2525-27 South 71st Street,Philadelphia,PA,19142,,,,"
",,"
",,,,
492,Foundation for Islamic Education,201 Sharp Lane,Exton,PA,19341,,,,1989,,"https://www.fiesite.org/#:~:text=The%20Foundation%20for%20Islamic%20Education%20is%20a,the%20greater%20Philadelphia%20area%20and%20its%20suburbs.",,,,
493,Foundation Cheikh Ahmadou Bamba Of North America (Foncab) Islamic Center,6348 North 21st Street,Philadelphia,PA,19138,,,,"
",,"
",,,,
494,Forney Islamic Center - FIC,9081 Old Nacogdoches Trail,Forney,TX,75126,,,,"
",,"
",,,,
495,Flower Mound Masjid,3430 Peters Colony Road,Flower Mound,TX,75022,,,,2021,,https://www.ialfm.org/construction-project/,,,,
496,Flaah Islamic Center,9203 Jackrabbit Road,Houston,TX,77095,,,,2002,,https://islamicdawahcenter.org/about-us/,,,,
497,First Hijrah Muslim Community Center,4324 Georgia Avenue Northwest,Washington,DC,20011,,,,2010,,https://www.archnet.org/sites/10422,,,,
498,Fatima Masjid,4919 Foerster School Road,Needville,TX,77461,,,,"
",,"
",,,,
499,Fatima Al-Zahra,3400 East Abram Street,Arlington,TX,76010,,,,"
",,"
",,,,
500,FATIH MASJID,7818 Bellaire Boulevard,Houston,TX,77036,,,,"
",,"
",,,,
501,Faizane-Madinah,12829 Capricorn Street,Stafford,TX,77477,,,,"
",,"
",,,,
502,Faizan e Madinah - Jamia Tul Madina,13130 Alston Road,Sugar Land,TX,77478,,,,"
",Information Without Year,"
",,,,
503,Faith Unity Islamic Center,5961 Bensalem Boulevard,Bensalem Township,PA,19020,,,,2002,,"
",,,,
504,Fairfield cemetery,101 Dunbar Street,Fairfield,TX,75840,,,,"
",,"
",,,,
505,Expo Mosque,11322 Westheimer Road,Houston,TX,77077,,,,"
",,"
",,,,
506,Evani Burhani,17730 Coventry Park Drive,Houston,TX,77084,,,,1980,,https://local.yahoo.com/info-19063532-muhammadi-masjid-houston/?guccounter=1,,,,
507,Euless Musalla /  HEB Masjid,901 Clinic Drive,Euless,TX,76039,,,,"
",,"
",,,,
508,Eesa Ibne Maryam Mosque (Bammel Musallah),13932 Bammel North Houston Road,Houston,TX,77014,,,,"
",,"
",,,,
509,Easton Phillipsburg Muslim Association,1017 Lehigh Street,Easton,PA,18042,,,,2009,,https://prayersconnect.com/mosques/84059949-easton-phillipsburg-muslim-association-easton-pennsylvania-united-states,,,,
510,East Texas Islamic Society (ETIS),10631 State Highway 64,Tyler,TX,75707,,,,1988,,"https://www.tylermuslim.com/about-us/#:~:text=After%20three%20years%20of%20accumulating,residence%2C%20classrooms%20and%20other%20activities.",,,,
511,East Texas Islamic Association - Commerce Mosque,1703 Live Oak Street,Commerce,TX,75428,,,,2002,,https://www.tylermuslim.com/about-us/,,,,
512,East Plano Islamic Center (EPIC Masjid),4700 14th Street,Plano,TX,75074,,,,2001,,https://nielsensremodelingtx.com/discover-epic-masjid-east-plano-islamic-center-in-texas/,,,,
513,East Austin Community of Al-Islam,701 Tillery st No.A-8,Austin,TX,78702,,,,2006,,"
",,,,
514,E Quraish Mosque,12419 Scarsdale Boulevard,Houston,TX,77089,,,,"
",No Basic Information,"
",,,,
515,Dumas Musallah,1332 Bruce ave No.56,Dumas,TX,79013,,,,"
",Non Existent,"
",,,,
516,Drexel MSA Muslim Prayer Room,3225 Arch Street,Philadelphia,PA,19104,,,,"
",,"
",,,,
517,Diyanet Mosque of Lancaster Ahiska Turks,747 Centerville Road,Lancaster,PA,17601,,,,"
",,"
",,,,
518,Diyanet Houston Camii,4135 L Street,Houston,TX,77072,,,,"
",,"
",,,,
519,Dfw Islamic Center,4019 Jackson Street,Irving,TX,75061,,,,1999,,"https://nmadfwtx.org/#:~:text=The%20Nigerian%20Muslim%20Association%20of,their%20relationship%20with%20Almighty%20Allah.",,,,
520,Desoto House of Peace - Mosque & Community Center,531 West Belt Line Road,DeSoto,TX,75115,,,,2021,,https://youtu.be/1IagGNrZodM?si=XrY4hjiIStEJWMfh,,,,
521,Desi Village Masjid,9810 Amblewood Drive,Houston,TX,77099,,,,"
",,"
",,,,
522,Dawoodi Bohra Markaz Anjuman-e-Burhani (Austin),13209 Old Gregg Lane,Pflugerville,TX,78660,,,,"
",,"
",,,,
523,"Dawoodi Bohra Al Masjid Al Saifee Anjuman-e-Najmi, Dallas Inc.",1320 South Nursery Road,Irving,TX,75060,,,,"
",,"
",,,,
524,Darul Uloom Texas Masjid in Sugar Land,15522 Voss Road,Sugar Land,TX,77498,,,,2011,,https://dutx.org/about-us/,,,,
525,Darul Huda,1414 Hugh Road,Houston,TX,77067,,,,"
",,"
",,,,
526,Darul Hedayah,11343 Farm to Market Road 2756,Princeton,TX,75407,,,,"
",,"
",,,,
527,Dar-E-Abbas,12121 Vetern Memorial Drive,Houston,TX,77067,,,,"
",,"
",,,,
528,Dar Un Noor Center,5747 Westcreek Drive,Fort Worth,TX,76133,,,,"
",,"
",,,,
529,Dar Elsalam Islamic Center,500 West Road to Six Flags Street,Arlington,TX,76011,,,,2003,,"https://www.guidestar.org/profile/75-2741229#:~:text=Mission,Arlington%2C%20TX%2076011",,,,
530,Dar El-Quran,110 North Davis Drive,Arlington,TX,76013,,,,"
",,"
",,,,
531,Dar El-Eman Islamic Center (DEIC),5511 Mansfield Road,Arlington,TX,76017,,,,1998,,https://prayersconnect.com/mosques/84073696-dar-el-eman-islamic-center-deic-arlington-texas-united-states,,,,
532,Dar E Hussain DFW imambarga,1229 West College Avenue,Carrollton,TX,75006,,,,"
",,"
",,,,
533,Dar E Abbas,12256 Old Walters Road,Houston,TX,77014,,,,"
",Non Existent,"
",,,,
534,Dar Alhuda Inc,1245 Karla Drive,Hurst,TX,76053,,,,2001,,https://rakwa.com/listting/masjid-dar-alhuda,,,,
535,Dar Al-Arqam Masjid,2001 South Hampton Road,Glenn Heights,TX,75154,,,,"
",,"
",,,,
536,Danville Muslim Community Center (DMCC) Masjid/Islamic Center,14 Oak Street,Danville,PA,17821,,,,"
",,"
",,,,
537,Dallas Sufi Center,1915 North Central Expressway,Plano,TX,75075,,,,"
",,"
",,,,
538,Dallas Muslim Community Center (DMCC),7340 South State Highway 78,Sachse,TX,75048,,,,"
",,"
",,,,
539,Dallas Islamic Foundation,301 Frank Keasler Boulevard,Duncanville,TX,75116,,,,"
",,"
",,,,
540,Dallas Diyanet Mosque,1100 East Campbell Road,Richardson,TX,75081,,,,"
",,"
",,,,
541,Cypress Islamic Center,16103 Cypress Rose Hill Road,Harris County,TX,77429,,,,"
",Information Without Year,https://cypressislamiccenter.org/contact-us/,,,,
542,Cruz Eid sheep,360 Prairie Lane,Sealy,TX,77474,,,,"
",,"
",,,,
543,Crane Avenue Mosque,"
",Pittsburgh,PA,15220,,,,"
",,"
",,,,
544,Conemaugh Johnstown Islamic Center,628 Somerset Street,Johnstown,PA,15901,,,,"
",,"
",,,,
545,Cleveland Mosque,24293 Texas 321,Cleveland,TX,77327,,,,"
",,"
",,,,
546,Clear Lake Jama Masjid IQRA Center,16400 Sea Lark Road,Houston,TX,77062,,,,"
",,"
",,,,
547,Clear Lake Islamic Center - Masjid,17511 El Camino Real,Houston,TX,77058,,,,2008,,https://www.themasjid.org/our-history,,,,
548,City of Knowledge,1800 Golden Trail Court,Carrollton,TX,75010,,,,"
",No Basic Information,"
",,,,
549,Chester Central Mosque,842 Central Avenue,Chester,PA,19013,,,,"
",,"
",,,,
550,Cham Muslims Association of Penn,1701 Putnam Street,Harrisburg,PA,17104,,,,2010,,https://prayersconnect.com/mosques/84039211-cham-muslims-association-of-pennsylvania-harrisburg-pennsylvania-united-states,,,,
551,Central Mosque,1609 East 9 Street,Chester,PA,19022,,,,"
",Mosque Moved,https://central-mosque-msgd.edan.io/,,,,
552,Center for Islamic Studies,9 West Packer Avenue,Bethlehem,PA,18015,,,,"
",,"
",,,,
553,Center DC,1426 9 Street Northwest,Washington,DC,20001,,,,2015,,https://centerdc.org/who-we-are,,,,
554,Center City Mosque,1328 Walnut Street,Philadelphia,PA,19107,,,,1990,,https://centercitymosque.org/about-us,,,,
555,CAIR-Texas Austin,14900 Avery Ranch Boulevard,Austin,TX,78717,,,,"
",,"
",,,,
556,Burmese Muslim Community of Amarillo (BMCAMA),1124 Aster Street,Amarillo,TX,79107,,,,"
",,"
",,,,
557,Brand Lane Islamic Center - Masjid As Sabireen,610 Brand Lane,Stafford,TX,77477,,,,1992,,https://www.brandlaneic.com/,,,,
558,Bosnian Islamic Cultural Center of Erie,1001 West 21st Street,Erie,PA,16502,,,,"
",,"
",,,,
559,Bosnian Islamic Cultural Center of Carlisle,648 Alexander Spring Road,Carlisle,PA,17015,,,,"
",,"
",,,,
560,Bosnian American Cultural Center of North Texas,401-403 Northeast 5th Street,Grand Prairie,TX,75050,,,,"
",,"
",,,,
561,Bosniaks Islamic Center Dallas-Fort Worth (BIC),2749 Elm Grove Road,Wylie,TX,75098,,,,"
",,"
",,,,
562,Bosniaks Cultural Community of Houston,3426 Longhorn Drive,Houston,TX,77084,,,,"
",,"
",,,,
563,Bishop Dennis Walton | Greater Glory Church of God,2227 Bryn Mawr Avenue,Philadelphia,PA,19131,,,,"
",,"
",,,,
564,Bilal Community Center,1120 Main Street,Garland,TX,75040,,,,1998,,"
",,,,
565,Bensalem Jame Masjid,3560 Woodhaven Road,Philadelphia,PA,19154,,,,"
",,"
",,,,
566,Beaumont Mosque â Islamic Society of Triplex (IST),1270 West Cardinal Drive,Beaumont,TX,77705,,,,2017,,https://www.beaumontenterprise.com/news/article/2-million-9K-square-foot-mosque-now-open-to-11216527.php,,,,
567,Bayt Al-Karim Islamic Center,4500 Columbus Trail,Fort Worth,TX,76133,,,,2020,,https://www.gofundme.com/f/httpsyoutubeBHkndwwQRxg,,,,
568,Bawa Muhaiyaddeen Fellowship \ Mosque,5820 Overbrook Avenue,Philadelphia,PA,19131,,,,1984,,https://www.bmf.org/shop/the-opening-of-the-mosque/,,,,
569,Barkaat-Ul-Quran,555 West Airport Freeway,Irving,TX,75062,,,,"
",,"
",,,,
570,Baitus Samee Mosque,1333 Spears Road,Houston,TX,77067,,,,2002,,https://en.wikipedia.org/wiki/Baitus_Samee_Mosque_(Houston),,,,
571,Baitul Muqeet Mosque (Ahmadiyya Muslim Community),800 Deep Wood Drive,Round Rock,TX,78681,,,,2005,,https://www.virtualtourist.com/travel/North_America/United_States_of_America/Texas/Round_Rock-880700/Things_To_Do-Round_Rock-Baitul_Muqeet_Mosque-BR-1.html,,,,
572,Baitul Mukarram Jame Mosque,18 South 43rd Street,Philadelphia,PA,19104,,,,2002,,https://property.phila.gov/?p=272113205,,,,
573,Baitul Ata Mosque (Ahmadiyya Muslim Community),2860 South Pike Avenue,Allentown,PA,18103,,,,"
",,"
",,,,
574,Bait-ul-Qayyum Mosque,2801 Miller Avenue,Fort Worth,TX,76105,,,,2012,,https://www.prayertimes.city/mosque/bait-ul-qayyum-mosque/,,,,
575,Bait-Ul-Allah Masjid,3823 Lydia Street,Houston,TX,77021,,,,"
",Non Existent,"
",,,,
576,Bait-ul-Aafiyat Mosque - Ahmadiyya Muslim Community (Philly Mosque),1215 West Glenwood Avenue,Philadelphia,PA,19133,,,,2018,,https://www.cbsnews.com/philadelphia/news/leader-of-ahmadiyya-muslim-community-dedicates-new-mosque-in-philadelphia/,,,,
577,Attawheed Islamic Center,401 Washington Avenue,Carnegie,PA,15106,,,,1995,,https://www.attawheed.org/about-us.html,,,,
578,Attawheed Community Center,419 Washington Avenue,Carnegie,PA,15106,,,,1995,,https://www.attawheed.org/about-us.html,,,,
579,At-Tawhid Mosque,5514 Hirsch Road,Houston,TX,77026,,,,"
",,"
",,,,
580,At-Tawheed Mosque,549 West Market Street,York,PA,17403,,,,"
",,"
",,,,
581,Association for Guidance and Education (Rowlett Musallah),5219 Rowlett Road,Rowlett,TX,75088,,,,"
",,"
",,,,
582,Asia Center,618 Barringer Lane,Webster,TX,77598,,,,2002,,https://www.zoominfo.com/c/asia-center/369264930,,,,
583,Arsalla Islam,609 Medical Center Drive,Decatur,TX,76234,,,,"
",,"
",,,,
584,Arlington Central Mosque (Islamic Society of Arlington - ISAT Masjid),1700 South Center Street,Arlington,TX,76010,,,,"
",,"
",,,,
585,Ar Rayyan Mosque,6734 Westheimer Lakes North Drive,Katy,TX,77494,,,,"
",,"
",,,,
586,Ar Rashidun Community Center,1605 Kenilworth Avenue Northeast,Washington,DC,20019,,,,"
",Information Without Year,https://www.mapquest.com/us/district-of-columbia/ar-rashidun-community-center-380872647,,,,
587,ar Rahman Mosque,723 Merchant Street,Coatesville,PA,19320,,,,2004,,https://www.masjidarrahman.org/about/,,,,
588,AOE,5119 Rowlett Road,Rowlett,TX,75088,,,,"
",,"
",,,,
589,Anwar Masjid,1123 Spring Valley Road,Dallas,TX,75240,,,,"
",Non Existent,"
",,,,
590,Ansar Ud Deen Society Southwest Houston,16500 Boss Gaston Road,Sugar Land,TX,77498,,,,1997,,"https://www.causeiq.com/organizations/ansar-ud-deen-society-of-nigeria-houston-texas-bra,311539855/",,,,
591,Annoor Center,3636 West Northgate Drive,Irving,TX,75062,,,,"
",,"
",,,,
592,Anna Islamic Center,604 West White Street,Anna,TX,75409,,,,"
",,"
",,,,
593,Anjuman e Taheri,1410 South Tennessee Street,McKinney,TX,75069,,,,"
",,"
",,,,
594,An-Nur Islamic Center,1017 Center Street,Pittsburgh,PA,15221,,,,"
",Non Existent,"
",,,,
595,American Islamic Cultural Center,7117 Wertzville Road,Mechanicsburg,PA,17050,,,,"
",,"
",,,,
596,"American Imams Academy , AIA Masjid",5206 Ben Davis Road,Sachse,TX,75048,,,,"
",,"
",,,,
597,American Fazl Mosque,2141 Leroy Place Northwest,Washington,DC,20008,,,,1950,,https://fazlmosque.us/,,,,
598,Alvin Musalla,1704 East South Street,Alvin,TX,77511,,,,1998,,https://www.facebook.com/themasjid/posts/masjid-madani-in-alvintexas-needs-your-urgent-helpassalamu-alikum-my-dear-brothe/3421568107882208/,,,,
599,Almeda Mosque,6923 Almeda Road,Houston,TX,77021,,,,"
",Information Without Year,https://isgh.org/islamic-centers/,,,,
600,Alkhair Islamic Society of RGV/Masjid Al Redwan,1910 West Elsham Avenue,Edinburg,TX,78577,,,,2005,,https://us.mohid.co/tx/txrgn/alkhair#about,,,,
601,Ali Center: Markazi Imam Bargah Azakhana e Zehra,15505 West Bellfort Avenue,Sugar Land,TX,77498,,,,"
",,"
",,,,
602,Ali Baba International Food Market,9307 Wurzbach Road,San Antonio,TX,78240,,,,"
",,"
",,,,
603,Alfatimiah of Pittsburgh,89 Cherry Street,Etna,PA,15223,,,,"
",,"
",,,,
604,Alfalah Society of Greater San Antonio,4139 Gardendale Road,San Antonio,TX,78229,,,,"
",,"
",,,,
605,Alfalah Downtown Center (Mosque),2554 East Houston Street,San Antonio,TX,78202,,,,"
",,"
",,,,
606,Albanian Community Center,1606 Ih-35E,Carrollton,TX,75006,,,,"
",Non Existent,"
",,,,
607,Albanian American Muslim Society,159 West Girard Avenue,Philadelphia,PA,19123,,,,1974,,https://property.phila.gov/?p=777188000,,,,
608,AL-Towfiq Mosque,2 West Main Street,Shiremanstown,PA,17011,,,,"
",,"
",,,,
609,Al-Rashideen Islamic Center,9229 Roosevelt Boulevard,Philadelphia,PA,19114,,,,"
",,"
",,,,
610,Al-Rahma Mosque,10911 Pellicano Drive,El Paso,TX,79935,,,,"
",,"
",,,,
611,AL-RAHMA COMMUNITY CENTER OF HOUSTON,7003 Addicks Clodine Road,Houston,TX,77083,,,,"
",,"
",,,,
612,Al-Rahma Center,5855 Sovereign Drive,Houston,TX,77036,,,,"
",,"
",,,,
613,Al-Quran Center,53 Long Lane,Upper Darby Township,PA,19082,,,,"
",,"
",,,,
614,Al-Qalam Institute,2300 Old Road,Friendswood,TX,77546,,,,"
",,"
",,,,
615,Al-nur Mosque,5247 Simpson Ferry Road,Mechanicsburg,PA,17050,,,,2009,,"
",,,,
616,Al-Noor Mosque (MCC),1300 Old Highway 20,Manor,TX,78653,,,,"
",,"
",,,,
617,Al-Noor Mosque,991 Scott Street,Wilkes-Barre,PA,18705,,,,2010,,"
",,,,
618,Al-Muhsineen Mosque,5740 Old York Road,Philadelphia,PA,19141,,,,"
",,"
",,,,
619,Al-Muhaiman Mosque,3103 Cleburne Street,Houston,TX,77004,,,,1994,,https://www.guidestar.org/profile/76-0454491,,,,
620,al-Mu'min Mosque,537 Paulson Avenue,Pittsburgh,PA,15206,,,,1989,,https://nurcommunitynetwork.org/masjid-al-mumin-of-pgh-1,,,,
621,Al-Mu'min Mosque,3528 Westfield Avenue,Fort Worth,TX,76133,,,,"
",,"
",,,,
622,Al-Maqasid,7386 Alburtis Road,Macungie,PA,18062,,,,2013,,https://rocketreach.co/al-maqasid-profile_b4282c2bc1fa4132,,,,
623,Al-Madinah Mosque,201 South 69th Street,Upper Darby Township,PA,19082,,,,"
",,"
",,,,
624,Al-Jamia Mosque,4228 Walnut Street,Philadelphia,PA,19104,,,,1988,,https://collaborativehistory.gse.upenn.edu/media/masjid-al-jamia,,,,
625,Al-Islam Mosque,4603 Benning Road Southeast,Washington,DC,20019,,,,"
",No Basic Information,"
",,,,
626,Al-Huda Islamic Center,6703 Pitts Road,Katy,TX,77493,,,,1992,,https://www.linkedin.com/company/al-hedayah-academy/,,,,
627,Al-Hidaya Islamic Center,123 East Luzerne Street,Philadelphia,PA,19124,,,,2020,,"https://www.causeiq.com/organizations/alhidaya-islamic-center,843384269/",,,,
628,Al-Hedayah Academy,8601 Randol Mill Road,Fort Worth,TX,76120,,,,1992,,https://www.linkedin.com/company/al-hedayah-academy/,,,,
629,Al-Hashar Mosque,2823 North 22nd Street,Philadelphia,PA,19132,,,,2020,,https://property.phila.gov/?p=871515630,,,,
630,Al-Hameed Musallah,3700 North Shiloh Road,Garland,TX,75044,,,,"
",,"
",,,,
631,Al-Ghadeer,9260 South Course Drive,Houston,TX,77099,,,,1993,,https://prayersconnect.com/mosques/84069441-al-ghadeer-houston-texas-united-states,,,,
632,Al-Furqan Mosque,7252 Roosevelt Boulevard,Philadelphia,PA,19149,,,,2007,,https://property.phila.gov/?p=778273100,,,,
633,al-Farooq Mosque,3841 North Broad Street,Philadelphia,PA,19140,,,,"
",,"
",,,,
634,Al-Falah Mosque Philadelphia,1603 South 17th Street,Philadelphia,PA,19145,,,,"
",,"
",,,,
635,al-Awwal Mosque,1911 Wylie Avenue,Pittsburgh,PA,15219,,,,1932,,https://www.mapquest.com/us/pennsylvania/first-muslim-mosque-1927138,,,,
636,Al-AwwÄbÄ«n,709 Ridge Avenue,State College,PA,16803,,,,1982,,https://iscpmasjid.com/about,,,,
637,Al-Aqsa Islamic Society,1501 Germantown Avenue,Philadelphia,PA,19122,,,,1991,,https://www.nytimes.com/2007/05/14/nyregion/14mosque.html,,,,
638,Al-Ansar Society,1059 South Sherman Street,Richardson,TX,75081,,,,"
",,"
",,,,
639,Al-Akbar Islamic Center,225 Private Road 3477,Big Sandy,TX,75755,,,,"
",No Basic Information,"
",,,,
640,Al-'Hikmeh Institute & Mosque,5138 East Trindle Road,Mechanicsburg,PA,17050,,,,"
",,"
",,,,
641,Al Tawbah Mosque,3093 Kensington Avenue,Philadelphia,PA,19134,,,,"
",,"
",,,,
642,Al Razzaq Islamic Centre,11132 Shady Trail,Dallas,TX,75229,,,,"
",Information Without Year,https://prayersconnect.com/mosques/84045357-al-razzaq-islamic-center-dallas-texas-united-states,,,,
643,Al Rawdah Islamic Center,417 Howertown Road,Catasauqua,PA,18032,,,,2019,,https://alrcpa.org/,,,,
644,AL NOOR MOSQUE,6443 Prestwood Drive,Houston,TX,77081,,,,1992,,https://alnoormasjid.org/about/,,,,
645,Al Noor Mosque,225 Maxey Road,Houston,TX,77013,,,,"
",,"
",,,,
646,Al Mustafa Community Center,4567 West Walnut Street,Garland,TX,75042,,,,"
",,"
",,,,
647,Al Muhajreen,10301 Harwin Drive,Houston,TX,77036,,,,"
",,"
",,,,
648,Al Makarim Islamic Foundation,1635 Ash Street,Erie,PA,16503,,,,2002,,https://prayersconnect.com/mosques/84031193-al-makarim-islamic-foundation-erie-pennsylvania-united-states,,,,
649,Al Mahdi Islamic Center of El Paso,7201 Orizaba Avenue,El Paso,TX,79912,,,,2004,,"
",,,,
650,Al Madinah Islamic Academy,148 Garrett Road,Upper Darby Township,PA,19082,,,,"
",,"
",,,,
651,Al Khair Islamic Society of RGV,1910 Elsham Avenue,Edinburg,TX,78539,,,,2005,,https://us.mohid.co/tx/txrgn/alkhair#about,,,,
652,Al islam beacon of light Mosque,2621 South Cesar Chavez Boulevard,Dallas,TX,75215,,,,"
",,"
",,,,
653,Al Furqan Islamic Education Center,10602 Jones Road,Houston,TX,77065,,,,1985,,https://www.influencewatch.org/non-profit/islamic-education-center-houston/,,,,
654,Al Fatiha Center,3695 Kirby Drive,Pearland,TX,77584,,,,"
",,"
",,,,
655,Al Aqsa Halal meat Market,17325 El Camino Real,Houston,TX,77058,,,,"
",,"
",,,,
656,Al Ansaar Masjid - An ISGH Masjid,15217 Sunset Trail,The Woodlands,TX,77384,,,,1969,,https://isgh.org/islamic-centers/,,,,
657,Al Andalus Mosque,6440 Rising Sun Avenue,Philadelphia,PA,19111,,,,"
",,"
",,,,
658,AICP,4431 Walnut Street,Philadelphia,PA,19104,,,,1991,,https://grokipedia.com/page/association_of_islamic_charitable_projects_of_north_america,,,,
659,Ahmadiyya Muslim Community Mosque,747 South Avenue,Pittsburgh,PA,15221,,,,"
",,"
",,,,
660,Ahmadiyya Movement In Islam,1850 Hedgcoxe Road,Allen,TX,75013,,,,2017,,https://islamindallas.org/multimedia/,,,,
661,Ahmadiyya Mosque Mechanicsburg,7063 Wertzville Road,Mechanicsburg,PA,17050,,,,"
",,"
",,,,
662,Adam Masjid,341 Southwestern Boulevard,Sugar Land,TX,77478,,,,"
",,"
",,,,
663,Abu Hanifa Mosque,132 North Glenville Drive,Richardson,TX,75081,,,,1979,,https://prayersconnect.com/mosques/84040922-masjid-ahsan-islamic-association-of-texas-richardson-texas-united-states,,,,
664,Abu Bakr Islamic center,1301 Idaho Street,Farrell,PA,16121,,,,"
",,"
",,,,
665,A DARSALAM Cherif,782 Christmas Village Road,Bernville,PA,19506,,,,"
",,"
",,,,
666,61st ST Masjid As-Sabr WP,6106 Lansdowne Avenue,Philadelphia,PA,19151,,,,"
",,"
",,,,
667,5th Ward Islamic Center for Human Development,5303 Lyons Avenue,Houston,TX,77020,,,,"
",,"
",,,,
668,19411 Ramsey Rd -,19455 Ramsey Road,Crosby,TX,77532,,,,"
",,"
",,,,
,,,,,,,,,,,,,,,
,,,,,,,,,,,,,,,
,,,,,,,,,,,,,,,
,,,,,,,,,,,,,,,
,,,,,,,,,,,,,,,
,,,,,,,,,,,,,,,
,,,,,,,,,,,,,,,
,,,,,,,,,,,,,,,
,,,,,,,,,,,,,,,
,,,,,,,,,,,,,,,
,,,,,,,,,,,,,,,
,,,,,,,,,,,,,,,
,,,,,,,,,,,,,,,
,,,,,,,,,,,,,,,
,,,,,,,,,,,,,,,
,,,,,,,,,,,,,,,
,,,,,,,,,,,,,,,
,,,,,,,,,,,,,,,
,,,,,,,,,,,,,,,
,,,,,,,,,,,,,,,
,,,,,,,,,,,,,,,
,,,,,,,,,,,,,,,
,,,,,,,,,,,,,,,
,,,,,,,,,,,,,,,
,,,,,,,,,,,,,,,
,,,,,,,,,,,,,,,
,,,,,,,,,,,,,,,
,,,,,,,,,,,,,,,
,,,,,,,,,,,,,,,
,,,,,,,,,,,,,,,
,,,,,,,,,,,,,,,
,,,,,,,,,,,,,,,
,,,,,,,,,,,,,,,
,,,,,,,,,,,,,,,
,,,,,,,,,,,,,,,
,,,,,,,,,,,,,,,
,,,,,,,,,,,,,,,
,,,,,,,,,,,,,,,
,,,,,,,,,,,,,,,
,,,,,,,,,,,,,,,
,,,,,,,,,,,,,,,
,,,,,,,,,,,,,,,
,,,,,,,,,,,,,,,
,,,,,,,,,,,,,,,
,,,,,,,,,,,,,,,
,,,,,,,,,,,,,,,
,,,,,,,,,,,,,,,
,,,,,,,,,,,,,,,
,,,,,,,,,,,,,,,
,,,,,,,,,,,,,,,
,,,,,,,,,,,,,,,
,,,,,,,,,,,,,,,
,,,,,,,,,,,,,,,
,,,,,,,,,,,,,,,
,,,,,,,,,,,,,,,
,,,,,,,,,,,,,,,
,,,,,,,,,,,,,,,
,,,,,,,,,,,,,,,
,,,,,,,,,,,,,,,
,,,,,,,,,,,,,,,
,,,,,,,,,,,,,,,
,,,,,,,,,,,,,,,
,,,,,,,,,,,,,,,
,,,,,,,,,,,,,,,
,,,,,,,,,,,,,,,
,,,,,,,,,,,,,,,
,,,,,,,,,,,,,,,
,,,,,,,,,,,,,,,
,,,,,,,,,,,,,,,
,,,,,,,,,,,,,,,
,,,,,,,,,,,,,,,
,,,,,,,,,,,,,,,
,,,,,,,,,,,,,,,
,,,,,,,,,,,,,,,
,,,,,,,,,,,,,,,
,,,,,,,,,,,,,,,
,,,,,,,,,,,,,,,
,,,,,,,,,,,,,,,
,,,,,,,,,,,,,,,
,,,,,,,,,,,,,,,
,,,,,,,,,,,,,,,
,,,,,,,,,,,,,,,
,,,,,,,,,,,,,,,
,,,,,,,,,,,,,,,
,,,,,,,,,,,,,,,
,,,,,,,,,,,,,,,
,,,,,,,,,,,,,,,
,,,,,,,,,,,,,,,
,,,,,,,,,,,,,,,
,,,,,,,,,,,,,,,
,,,,,,,,,,,,,,,
,,,,,,,,,,,,,,,
,,,,,,,,,,,,,,,
,,,,,,,,,,,,,,,
,,,,,,,,,,,,,,,
,,,,,,,,,,,,,,,
,,,,,,,,,,,,,,,
,,,,,,,,,,,,,,,
,,,,,,,,,,,,,,,
,,,,,,,,,,,,,,,
,,,,,,,,,,,,,,,
,,,,,,,,,,,,,,,
,,,,,,,,,,,,,,,
,,,,,,,,,,,,,,,
,,,,,,,,,,,,,,,
,,,,,,,,,,,,,,,
,,,,,,,,,,,,,,,
,,,,,,,,,,,,,,,
,,,,,,,,,,,,,,,
,,,,,,,,,,,,,,,
,,,,,,,,,,,,,,,
,,,,,,,,,,,,,,,
,,,,,,,,,,,,,,,
,,,,,,,,,,,,,,,
,,,,,,,,,,,,,,,
,,,,,,,,,,,,,,,
,,,,,,,,,,,,,,,
,,,,,,,,,,,,,,,
,,,,,,,,,,,,,,,
,,,,,,,,,,,,,,,
,,,,,,,,,,,,,,,
,,,,,,,,,,,,,,,
,,,,,,,,,,,,,,,
,,,,,,,,,,,,,,,
,,,,,,,,,,,,,,,
,,,,,,,,,,,,,,,
,,,,,,,,,,,,,,,
,,,,,,,,,,,,,,,
,,,,,,,,,,,,,,,
,,,,,,,,,,,,,,,
,,,,,,,,,,,,,,,
,,,,,,,,,,,,,,,
,,,,,,,,,,,,,,,
,,,,,,,,,,,,,,,
,,,,,,,,,,,,,,,
,,,,,,,,,,,,,,,
,,,,,,,,,,,,,,,
,,,,,,,,,,,,,,,
,,,,,,,,,,,,,,,
,,,,,,,,,,,,,,,
,,,,,,,,,,,,,,,
,,,,,,,,,,,,,,,
,,,,,,,,,,,,,,,
,,,,,,,,,,,,,,,
,,,,,,,,,,,,,,,
,,,,,,,,,,,,,,,
,,,,,,,,,,,,,,,
,,,,,,,,,,,,,,,
,,,,,,,,,,,,,,,
,,,,,,,,,,,,,,,
,,,,,,,,,,,,,,,
,,,,,,,,,,,,,,,
,,,,,,,,,,,,,,,
,,,,,,,,,,,,,,,
,,,,,,,,,,,,,,,
,,,,,,,,,,,,,,,
,,,,,,,,,,,,,,,
,,,,,,,,,,,,,,,
,,,,,,,,,,,,,,,
,,,,,,,,,,,,,,,
,,,,,,,,,,,,,,,
,,,,,,,,,,,,,,,
,,,,,,,,,,,,,,,
,,,,,,,,,,,,,,,
,,,,,,,,,,,,,,,
,,,,,,,,,,,,,,,
,,,,,,,,,,,,,,,
,,,,,,,,,,,,,,,
,,,,,,,,,,,,,,,
,,,,,,,,,,,,,,,
,,,,,,,,,,,,,,,
,,,,,,,,,,,,,,,
,,,,,,,,,,,,,,,
,,,,,,,,,,,,,,,
,,,,,,,,,,,,,,,
,,,,,,,,,,,,,,,
,,,,,,,,,,,,,,,
,,,,,,,,,,,,,,,
,,,,,,,,,,,,,,,
,,,,,,,,,,,,,,,
,,,,,,,,,,,,,,,
,,,,,,,,,,,,,,,
,,,,,,,,,,,,,,,
,,,,,,,,,,,,,,,
,,,,,,,,,,,,,,,
,,,,,,,,,,,,,,,
,,,,,,,,,,,,,,,
,,,,,,,,,,,,,,,
,,,,,,,,,,,,,,,
,,,,,,,,,,,,,,,
,,,,,,,,,,,,,,,
,,,,,,,,,,,,,,,
,,,,,,,,,,,,,,,
,,,,,,,,,,,,,,,
,,,,,,,,,,,,,,,
,,,,,,,,,,,,,,,
,,,,,,,,,,,,,,,
,,,,,,,,,,,,,,,
,,,,,,,,,,,,,,,
,,,,,,,,,,,,,,,
,,,,,,,,,,,,,,,
,,,,,,,,,,,,,,,
,,,,,,,,,,,,,,,
,,,,,,,,,,,,,,,
,,,,,,,,,,,,,,,
,,,,,,,,,,,,,,,
,,,,,,,,,,,,,,,
,,,,,,,,,,,,,,,
,,,,,,,,,,,,,,,
,,,,,,,,,,,,,,,
,,,,,,,,,,,,,,,
,,,,,,,,,,,,,,,
,,,,,,,,,,,,,,,
,,,,,,,,,,,,,,,
,,,,,,,,,,,,,,,
,,,,,,,,,,,,,,,
,,,,,,,,,,,,,,,
,,,,,,,,,,,,,,,
,,,,,,,,,,,,,,,
,,,,,,,,,,,,,,,
,,,,,,,,,,,,,,,
,,,,,,,,,,,,,,,
,,,,,,,,,,,,,,,
,,,,,,,,,,,,,,,
,,,,,,,,,,,,,,,
,,,,,,,,,,,,,,,
,,,,,,,,,,,,,,,
,,,,,,,,,,,,,,,
,,,,,,,,,,,,,,,
,,,,,,,,,,,,,,,
,,,,,,,,,,,,,,,
,,,,,,,,,,,,,,,
,,,,,,,,,,,,,,,
,,,,,,,,,,,,,,,
,,,,,,,,,,,,,,,
,,,,,,,,,,,,,,,
,,,,,,,,,,,,,,,
,,,,,,,,,,,,,,,
,,,,,,,,,,,,,,,
,,,,,,,,,,,,,,,
,,,,,,,,,,,,,,,
,,,,,,,,,,,,,,,
,,,,,,,,,,,,,,,
,,,,,,,,,,,,,,,
,,,,,,,,,,,,,,,
,,,,,,,,,,,,,,,
,,,,,,,,,,,,,,,
,,,,,,,,,,,,,,,
,,,,,,,,,,,,,,,
,,,,,,,,,,,,,,,
,,,,,,,,,,,,,,,
,,,,,,,,,,,,,,,
,,,,,,,,,,,,,,,
,,,,,,,,,,,,,,,
,,,,,,,,,,,,,,,
,,,,,,,,,,,,,,,
,,,,,,,,,,,,,,,
,,,,,,,,,,,,,,,
,,,,,,,,,,,,,,,
,,,,,,,,,,,,,,,
,,,,,,,,,,,,,,,
,,,,,,,,,,,,,,,
,,,,,,,,,,,,,,,
,,,,,,,,,,,,,,,
,,,,,,,,,,,,,,,
,,,,,,,,,,,,,,,
,,,,,,,,,,,,,,,
,,,,,,,,,,,,,,,
,,,,,,,,,,,,,,,
,,,,,,,,,,,,,,,
,,,,,,,,,,,,,,,
,,,,,,,,,,,,,,,
,,,,,,,,,,,,,,,
,,,,,,,,,,,,,,,
,,,,,,,,,,,,,,,
,,,,,,,,,,,,,,,
,,,,,,,,,,,,,,,
,,,,,,,,,,,,,,,
,,,,,,,,,,,,,,,
,,,,,,,,,,,,,,,
,,,,,,,,,,,,,,,
,,,,,,,,,,,,,,,
,,,,,,,,,,,,,,,
,,,,,,,,,,,,,,,
,,,,,,,,,,,,,,,
,,,,,,,,,,,,,,,
,,,,,,,,,,,,,,,
,,,,,,,,,,,,,,,
,,,,,,,,,,,,,,,
,,,,,,,,,,,,,,,
,,,,,,,,,,,,,,,
,,,,,,,,,,,,,,,
,,,,,,,,,,,,,,,
,,,,,,,,,,,,,,,
,,,,,,,,,,,,,,,
,,,,,,,,,,,,,,,
,,,,,,,,,,,,,,,
,,,,,,,,,,,,,,,
,,,,,,,,,,,,,,,
,,,,,,,,,,,,,,,
,,,,,,,,,,,,,,,
,,,,,,,,,,,,,,,
,,,,,,,,,,,,,,,
,,,,,,,,,,,,,,,
,,,,,,,,,,,,,,,
,,,,,,,,,,,,,,,
,,,,,,,,,,,,,,,
,,,,,,,,,,,,,,,
,,,,,,,,,,,,,,,
,,,,,,,,,,,,,,,
,,,,,,,,,,,,,,,
,,,,,,,,,,,,,,,
,,,,,,,,,,,,,,,
,,,,,,,,,,,,,,,
,,,,,,,,,,,,,,,
,,,,,,,,,,,,,,,
,,,,,,,,,,,,,,,
,,,,,,,,,,,,,,,
,,,,,,,,,,,,,,,
,,,,,,,,,,,,,,,
,,,,,,,,,,,,,,,
,,,,,,,,,,,,,,,
,,,,,,,,,,,,,,,
,,,,,,,,,,,,,,,
,,,,,,,,,,,,,,,
,,,,,,,,,,,,,,,
,,,,,,,,,,,,,,,
,,,,,,,,,,,,,,,
,,,,,,,,,,,,,,,
,,,,,,,,,,,,,,,
,,,,,,,,,,,,,,,
,,,,,,,,,,,,,,,
,,,,,,,,,,,,,,,
,,,,,,,,,,,,,,,
,,,,,,,,,,,,,,,
,,,,,,,,,,,,,,,
,,,,,,,,,,,,,,,
,,,,,,,,,,,,,,,
,,,,,,,,,,,,,,,
,,,,,,,,,,,,,,,
,,,,,,,,,,,,,,,
,,,,,,,,,,,,,,,
,,,,,,,,,,,,,,,
,,,,,,,,,,,,,,,
,,,,,,,,,,,,,,,
,,,,,,,,,,,,,,,
,,,,,,,,,,,,,,,
,,,,,,,,,,,,,,,
,,,,,,,,,,,,,,,
,,,,,,,,,,,,,,,
,,,,,,,,,,,,,,,
,,,,,,,,,,,,,,,
,,,,,,,,,,,,,,,
,,,,,,,,,,,,,,,
,,,,,,,,,,,,,,,
,,,,,,,,,,,,,,,
,,,,,,,,,,,,,,,
,,,,,,,,,,,,,,,
,,,,,,,,,,,,,,,
,,,,,,,,,,,,,,,
,,,,,,,,,,,,,,,
,,,,,,,,,,,,,,,
,,,,,,,,,,,,,,,
,,,,,,,,,,,,,,,
,,,,,,,,,,,,,,,
,,,,,,,,,,,,,,,
,,,,,,,,,,,,,,,
,,,,,,,,,,,,,,,
,,,,,,,,,,,,,,,
,,,,,,,,,,,,,,,
,,,,,,,,,,,,,,,
,,,,,,,,,,,,,,,
,,,,,,,,,,,,,,,
,,,,,,,,,,,,,,,
,,,,,,,,,,,,,,,
,,,,,,,,,,,,,,,
,,,,,,,,,,,,,,,
,,,,,,,,,,,,,,,
,,,,,,,,,,,,,,,
,,,,,,,,,,,,,,,
,,,,,,,,,,,,,,,
,,,,,,,,,,,,,,,
,,,,,,,,,,,,,,,
,,,,,,,,,,,,,,,
,,,,,,,,,,,,,,,
,,,,,,,,,,,,,,,
,,,,,,,,,,,,,,,
,,,,,,,,,,,,,,,
,,,,,,,,,,,,,,,
,,,,,,,,,,,,,,,
,,,,,,,,,,,,,,,
,,,,,,,,,,,,,,,
,,,,,,,,,,,,,,,
,,,,,,,,,,,,,,,
,,,,,,,,,,,,,,,
,,,,,,,,,,,,,,,
,,,,,,,,,,,,,,,
,,,,,,,,,,,,,,,
,,,,,,,,,,,,,,,
,,,,,,,,,,,,,,,
,,,,,,,,,,,,,,,
,,,,,,,,,,,,,,,
,,,,,,,,,,,,,,,
,,,,,,,,,,,,,,,
,,,,,,,,,,,,,,,
,,,,,,,,,,,,,,,
,,,,,,,,,,,,,,,
,,,,,,,,,,,,,,,
,,,,,,,,,,,,,,,
,,,,,,,,,,,,,,,
,,,,,,,,,,,,,,,
,,,,,,,,,,,,,,,
,,,,,,,,,,,,,,,
,,,,,,,,,,,,,,,
,,,,,,,,,,,,,,,
,,,,,,,,,,,,,,,
,,,,,,,,,,,,,,,
,,,,,,,,,,,,,,,
,,,,,,,,,,,,,,,
,,,,,,,,,,,,,,,
,,,,,,,,,,,,,,,
,,,,,,,,,,,,,,,
,,,,,,,,,,,,,,,
,,,,,,,,,,,,,,,
,,,,,,,,,,,,,,,
,,,,,,,,,,,,,,,
,,,,,,,,,,,,,,,
,,,,,,,,,,,,,,,
,,,,,,,,,,,,,,,
,,,,,,,,,,,,,,,
,,,,,,,,,,,,,,,
,,,,,,,,,,,,,,,
,,,,,,,,,,,,,,,
,,,,,,,,,,,,,,,
,,,,,,,,,,,,,,,
,,,,,,,,,,,,,,,
,,,,,,,,,,,,,,,
,,,,,,,,,,,,,,,
,,,,,,,,,,,,,,,
,,,,,,,,,,,,,,,
,,,,,,,,,,,,,,,
,,,,,,,,,,,,,,,
,,,,,,,,,,,,,,,
,,,,,,,,,,,,,,,
,,,,,,,,,,,,,,,
,,,,,,,,,,,,,,,
,,,,,,,,,,,,,,,
,,,,,,,,,,,,,,,
,,,,,,,,,,,,,,,
,,,,,,,,,,,,,,,
,,,,,,,,,,,,,,,
,,,,,,,,,,,,,,,
,,,,,,,,,,,,,,,
,,,,,,,,,,,,,,,
,,,,,,,,,,,,,,,
,,,,,,,,,,,,,,,
,,,,,,,,,,,,,,,
,,,,,,,,,,,,,,,
,,,,,,,,,,,,,,,
,,,,,,,,,,,,,,,
,,,,,,,,,,,,,,,
,,,,,,,,,,,,,,,
,,,,,,,,,,,,,,,
,,,,,,,,,,,,,,,
,,,,,,,,,,,,,,,
,,,,,,,,,,,,,,,
,,,,,,,,,,,,,,,
,,,,,,,,,,,,,,,
,,,,,,,,,,,,,,,
,,,,,,,,,,,,,,,
,,,,,,,,,,,,,,,
,,,,,,,,,,,,,,,
,,,,,,,,,,,,,,,
,,,,,,,,,,,,,,,
,,,,,,,,,,,,,,,
,,,,,,,,,,,,,,,
,,,,,,,,,,,,,,,
,,,,,,,,,,,,,,,
,,,,,,,,,,,,,,,
,,,,,,,,,,,,,,,
,,,,,,,,,,,,,,,
,,,,,,,,,,,,,,,
,,,,,,,,,,,,,,,
,,,,,,,,,,,,,,,
,,,,,,,,,,,,,,,
,,,,,,,,,,,,,,,
,,,,,,,,,,,,,,,
,,,,,,,,,,,,,,,
,,,,,,,,,,,,,,,
,,,,,,,,,,,,,,,
,,,,,,,,,,,,,,,
,,,,,,,,,,,,,,,
,,,,,,,,,,,,,,,
,,,,,,,,,,,,,,,
,,,,,,,,,,,,,,,
,,,,,,,,,,,,,,,
,,,,,,,,,,,,,,,
,,,,,,,,,,,,,,,
,,,,,,,,,,,,,,,
,,,,,,,,,,,,,,,
,,,,,,,,,,,,,,,
,,,,,,,,,,,,,,,
,,,,,,,,,,,,,,,
,,,,,,,,,,,,,,,
,,,,,,,,,,,,,,,
,,,,,,,,,,,,,,,
,,,,,,,,,,,,,,,
,,,,,,,,,,,,,,,
,,,,,,,,,,,,,,,
,,,,,,,,,,,,,,,
,,,,,,,,,,,,,,,
,,,,,,,,,,,,,,,
,,,,,,,,,,,,,,,
,,,,,,,,,,,,,,,
,,,,,,,,,,,,,,,
,,,,,,,,,,,,,,,
,,,,,,,,,,,,,,,
,,,,,,,,,,,,,,,
,,,,,,,,,,,,,,,
,,,,,,,,,,,,,,,
,,,,,,,,,,,,,,,
,,,,,,,,,,,,,,,
,,,,,,,,,,,,,,,
,,,,,,,,,,,,,,,
,,,,,,,,,,,,,,,
,,,,,,,,,,,,,,,
,,,,,,,,,,,,,,,
,,,,,,,,,,,,,,,
,,,,,,,,,,,,,,,
,,,,,,,,,,,,,,,
,,,,,,,,,,,,,,,
,,,,,,,,,,,,,,,
,,,,,,,,,,,,,,,
,,,,,,,,,,,,,,,
,,,,,,,,,,,,,,,
,,,,,,,,,,,,,,,
,,,,,,,,,,,,,,,
,,,,,,,,,,,,,,,
,,,,,,,,,,,,,,,
,,,,,,,,,,,,,,,
,,,,,,,,,,,,,,,
,,,,,,,,,,,,,,,
,,,,,,,,,,,,,,,
,,,,,,,,,,,,,,,
,,,,,,,,,,,,,,,
,,,,,,,,,,,,,,,
,,,,,,,,,,,,,,,
,,,,,,,,,,,,,,,
,,,,,,,,,,,,,,,
,,,,,,,,,,,,,,,
,,,,,,,,,,,,,,,
,,,,,,,,,,,,,,,
,,,,,,,,,,,,,,,
,,,,,,,,,,,,,,,
,,,,,,,,,,,,,,,
,,,,,,,,,,,,,,,
,,,,,,,,,,,,,,,
,,,,,,,,,,,,,,,
,,,,,,,,,,,,,,,
,,,,,,,,,,,,,,,
,,,,,,,,,,,,,,,
,,,,,,,,,,,,,,,
,,,,,,,,,,,,,,,
,,,,,,,,,,,,,,,
,,,,,,,,,,,,,,,
,,,,,,,,,,,,,,,
,,,,,,,,,,,,,,,
,,,,,,,,,,,,,,,
,,,,,,,,,,,,,,,
,,,,,,,,,,,,,,,
,,,,,,,,,,,,,,,
,,,,,,,,,,,,,,,
,,,,,,,,,,,,,,,
,,,,,,,,,,,,,,,
,,,,,,,,,,,,,,,
,,,,,,,,,,,,,,,
,,,,,,,,,,,,,,,
,,,,,,,,,,,,,,,
,,,,,,,,,,,,,,,
,,,,,,,,,,,,,,,
,,,,,,,,,,,,,,,
,,,,,,,,,,,,,,,
,,,,,,,,,,,,,,,
,,,,,,,,,,,,,,,
,,,,,,,,,,,,,,,
,,,,,,,,,,,,,,,
,,,,,,,,,,,,,,,
,,,,,,,,,,,,,,,
,,,,,,,,,,,,,,,
,,,,,,,,,,,,,,,
,,,,,,,,,,,,,,,
,,,,,,,,,,,,,,,
,,,,,,,,,,,,,,,
,,,,,,,,,,,,,,,
,,,,,,,,,,,,,,,
,,,,,,,,,,,,,,,
,,,,,,,,,,,,,,,
,,,,,,,,,,,,,,,
,,,,,,,,,,,,,,,
,,,,,,,,,,,,,,,
,,,,,,,,,,,,,,,
,,,,,,,,,,,,,,,
,,,,,,,,,,,,,,,
,,,,,,,,,,,,,,,
,,,,,,,,,,,,,,,
,,,,,,,,,,,,,,,
,,,,,,,,,,,,,,,
,,,,,,,,,,,,,,,
,,,,,,,,,,,,,,,
,,,,,,,,,,,,,,,
,,,,,,,,,,,,,,,
,,,,,,,,,,,,,,,
,,,,,,,,,,,,,,,
,,,,,,,,,,,,,,,
,,,,,,,,,,,,,,,
,,,,,,,,,,,,,,,
,,,,,,,,,,,,,,,
,,,,,,,,,,,,,,,
,,,,,,,,,,,,,,,
,,,,,,,,,,,,,,,
,,,,,,,,,,,,,,,
,,,,,,,,,,,,,,,
,,,,,,,,,,,,,,,
,,,,,,,,,,,,,,,
,,,,,,,,,,,,,,,
,,,,,,,,,,,,,,,
,,,,,,,,,,,,,,,
,,,,,,,,,,,,,,,
,,,,,,,,,,,,,,,
,,,,,,,,,,,,,,,
,,,,,,,,,,,,,,,
,,,,,,,,,,,,,,,
,,,,,,,,,,,,,,,
,,,,,,,,,,,,,,,
,,,,,,,,,,,,,,,
,,,,,,,,,,,,,,,
,,,,,,,,,,,,,,,
,,,,,,,,,,,,,,,
,,,,,,,,,,,,,,,
,,,,,,,,,,,,,,,
,,,,,,,,,,,,,,,
,,,,,,,,,,,,,,,
,,,,,,,,,,,,,,,
,,,,,,,,,,,,,,,
,,,,,,,,,,,,,,,
,,,,,,,,,,,,,,,
,,,,,,,,,,,,,,,
,,,,,,,,,,,,,,,
,,,,,,,,,,,,,,,
,,,,,,,,,,,,,,,
,,,,,,,,,,,,,,,
,,,,,,,,,,,,,,,
,,,,,,,,,,,,,,,
,,,,,,,,,,,,,,,
,,,,,,,,,,,,,,,
,,,,,,,,,,,,,,,
,,,,,,,,,,,,,,,
,,,,,,,,,,,,,,,
,,,,,,,,,,,,,,,
,,,,,,,,,,,,,,,
,,,,,,,,,,,,,,,
,,,,,,,,,,,,,,,
,,,,,,,,,,,,,,,
,,,,,,,,,,,,,,,
,,,,,,,,,,,,,,,
,,,,,,,,,,,,,,,
,,,,,,,,,,,,,,,
,,,,,,,,,,,,,,,
,,,,,,,,,,,,,,,
,,,,,,,,,,,,,,,
,,,,,,,,,,,,,,,
,,,,,,,,,,,,,,,
,,,,,,,,,,,,,,,
,,,,,,,,,,,,,,,
,,,,,,,,,,,,,,,
,,,,,,,,,,,,,,,
,,,,,,,,,,,,,,,
,,,,,,,,,,,,,,,
,,,,,,,,,,,,,,,
,,,,,,,,,,,,,,,
,,,,,,,,,,,,,,,
,,,,,,,,,,,,,,,
,,,,,,,,,,,,,,,
,,,,,,,,,,,,,,,
,,,,,,,,,,,,,,,
,,,,,,,,,,,,,,,
,,,,,,,,,,,,,,,
,,,,,,,,,,,,,,,
,,,,,,,,,,,,,,,
,,,,,,,,,,,,,,,
,,,,,,,,,,,,,,,
,,,,,,,,,,,,,,,
,,,,,,,,,,,,,,,
,,,,,,,,,,,,,,,
,,,,,,,,,,,,,,,
,,,,,,,,,,,,,,,
,,,,,,,,,,,,,,,
,,,,,,,,,,,,,,,
,,,,,,,,,,,,,,,
,,,,,,,,,,,,,,,
,,,,,,,,,,,,,,,
,,,,,,,,,,,,,,,
,,,,,,,,,,,,,,,
,,,,,,,,,,,,,,,
,,,,,,,,,,,,,,,
,,,,,,,,,,,,,,,
,,,,,,,,,,,,,,,
,,,,,,,,,,,,,,,
,,,,,,,,,,,,,,,
,,,,,,,,,,,,,,,
,,,,,,,,,,,,,,,
,,,,,,,,,,,,,,,
,,,,,,,,,,,,,,,
,,,,,,,,,,,,,,,
,,,,,,,,,,,,,,,
,,,,,,,,,,,,,,,
,,,,,,,,,,,,,,,
,,,,,,,,,,,,,,,
,,,,,,,,,,,,,,,
,,,,,,,,,,,,,,,
,,,,,,,,,,,,,,,
,,,,,,,,,,,,,,,
,,,,,,,,,,,,,,,
,,,,,,,,,,,,,,,
,,,,,,,,,,,,,,,
,,,,,,,,,,,,,,,
,,,,,,,,,,,,,,,
,,,,,,,,,,,,,,,
,,,,,,,,,,,,,,,
,,,,,,,,,,,,,,,
,,,,,,,,,,,,,,,
,,,,,,,,,,,,,,,
,,,,,,,,,,,,,,,
,,,,,,,,,,,,,,,
,,,,,,,,,,,,,,,
,,,,,,,,,,,,,,,
,,,,,,,,,,,,,,,
,,,,,,,,,,,,,,,
,,,,,,,,,,,,,,,
,,,,,,,,,,,,,,,
,,,,,,,,,,,,,,,
,,,,,,,,,,,,,,,
,,,,,,,,,,,,,,,
,,,,,,,,,,,,,,,
,,,,,,,,,,,,,,,
,,,,,,,,,,,,,,,
,,,,,,,,,,,,,,,
,,,,,,,,,,,,,,,
,,,,,,,,,,,,,,,
,,,,,,,,,,,,,,,
,,,,,,,,,,,,,,,
,,,,,,,,,,,,,,,
,,,,,,,,,,,,,,,
,,,,,,,,,,,,,,,
,,,,,,,,,,,,,,,
,,,,,,,,,,,,,,,
,,,,,,,,,,,,,,,
,,,,,,,,,,,,,,,
,,,,,,,,,,,,,,,
,,,,,,,,,,,,,,,
,,,,,,,,,,,,,,,
,,,,,,,,,,,,,,,
,,,,,,,,,,,,,,,
,,,,,,,,,,,,,,,
,,,,,,,,,,,,,,,
,,,,,,,,,,,,,,,
,,,,,,,,,,,,,,,
,,,,,,,,,,,,,,,
,,,,,,,,,,,,,,,
,,,,,,,,,,,,,,,
,,,,,,,,,,,,,,,
,,,,,,,,,,,,,,,
,,,,,,,,,,,,,,,
,,,,,,,,,,,,,,,
,,,,,,,,,,,,,,,
,,,,,,,,,,,,,,,
,,,,,,,,,,,,,,,
,,,,,,,,,,,,,,,
,,,,,,,,,,,,,,,
,,,,,,,,,,,,,,,
,,,,,,,,,,,,,,,
,,,,,,,,,,,,,,,
,,,,,,,,,,,,,,,
,,,,,,,,,,,,,,,
,,,,,,,,,,,,,,,
,,,,,,,,,,,,,,,
,,,,,,,,,,,,,,,
,,,,,,,,,,,,,,,
,,,,,,,,,,,,,,,
,,,,,,,,,,,,,,,
,,,,,,,,,,,,,,,
,,,,,,,,,,,,,,,
,,,,,,,,,,,,,,,
,,,,,,,,,,,,,,,
,,,,,,,,,,,,,,,
,,,,,,,,,,,,,,,
,,,,,,,,,,,,,,,
,,,,,,,,,,,,,,,
,,,,,,,,,,,,,,,
,,,,,,,,,,,,,,,
,,,,,,,,,,,,,,,
,,,,,,,,,,,,,,,
,,,,,,,,,,,,,,,
,,,,,,,,,,,,,,,
,,,,,,,,,,,,,,,
,,,,,,,,,,,,,,,
,,,,,,,,,,,,,,,
,,,,,,,,,,,,,,,
,,,,,,,,,,,,,,,
,,,,,,,,,,,,,,,
,,,,,,,,,,,,,,,
,,,,,,,,,,,,,,,
,,,,,,,,,,,,,,,
,,,,,,,,,,,,,,,
,,,,,,,,,,,,,,,
,,,,,,,,,,,,,,,
,,,,,,,,,,,,,,,
,,,,,,,,,,,,,,,
,,,,,,,,,,,,,,,
,,,,,,,,,,,,,,,
,,,,,,,,,,,,,,,
,,,,,,,,,,,,,,,
,,,,,,,,,,,,,,,
,,,,,,,,,,,,,,,
,,,,,,,,,,,,,,,
,,,,,,,,,,,,,,,
,,,,,,,,,,,,,,,
,,,,,,,,,,,,,,,
,,,,,,,,,,,,,,,
,,,,,,,,,,,,,,,
,,,,,,,,,,,,,,,
,,,,,,,,,,,,,,,
,,,,,,,,,,,,,,,
,,,,,,,,,,,,,,,
,,,,,,,,,,,,,,,
,,,,,,,,,,,,,,,
,,,,,,,,,,,,,,,
,,,,,,,,,,,,,,,
,,,,,,,,,,,,,,,
,,,,,,,,,,,,,,,
,,,,,,,,,,,,,,,
,,,,,,,,,,,,,,,
,,,,,,,,,,,,,,,
,,,,,,,,,,,,,,,
,,,,,,,,,,,,,,,
,,,,,,,,,,,,,,,
,,,,,,,,,,,,,,,
,,,,,,,,,,,,,,,
,,,,,,,,,,,,,,,
,,,,,,,,,,,,,,,
,,,,,,,,,,,,,,,
,,,,,,,,,,,,,,,
,,,,,,,,,,,,,,,
,,,,,,,,,,,,,,,
,,,,,,,,,,,,,,,
,,,,,,,,,,,,,,,
,,,,,,,,,,,,,,,
,,,,,,,,,,,,,,,
,,,,,,,,,,,,,,,
,,,,,,,,,,,,,,,
,,,,,,,,,,,,,,,
,,,,,,,,,,,,,,,
,,,,,,,,,,,,,,,
,,,,,,,,,,,,,,,
,,,,,,,,,,,,,,,
,,,,,,,,,,,,,,,
,,,,,,,,,,,,,,,
,,,,,,,,,,,,,,,
,,,,,,,,,,,,,,,
,,,,,,,,,,,,,,,
,,,,,,,,,,,,,,,
,,,,,,,,,,,,,,,
,,,,,,,,,,,,,,,
,,,,,,,,,,,,,,,
,,,,,,,,,,,,,,,
,,,,,,,,,,,,,,,
,,,,,,,,,,,,,,,
,,,,,,,,,,,,,,,
,,,,,,,,,,,,,,,
,,,,,,,,,,,,,,,
,,,,,,,,,,,,,,,
,,,,,,,,,,,,,,,
,,,,,,,,,,,,,,,
,,,,,,,,,,,,,,,
,,,,,,,,,,,,,,,
,,,,,,,,,,,,,,,
,,,,,,,,,,,,,,,
,,,,,,,,,,,,,,,
,,,,,,,,,,,,,,,
,,,,,,,,,,,,,,,
,,,,,,,,,,,,,,,
,,,,,,,,,,,,,,,
,,,,,,,,,,,,,,,
,,,,,,,,,,,,,,,
,,,,,,,,,,,,,,,
,,,,,,,,,,,,,,,
,,,,,,,,,,,,,,,
,,,,,,,,,,,,,,,
,,,,,,,,,,,,,,,
,,,,,,,,,,,,,,,
,,,,,,,,,,,,,,,
,,,,,,,,,,,,,,,
,,,,,,,,,,,,,,,
,,,,,,,,,,,,,,,
,,,,,,,,,,,,,,,
,,,,,,,,,,,,,,,
,,,,,,,,,,,,,,,
,,,,,,,,,,,,,,,
,,,,,,,,,,,,,,,
,,,,,,,,,,,,,,,
,,,,,,,,,,,,,,,
,,,,,,,,,,,,,,,
,,,,,,,,,,,,,,,
,,,,,,,,,,,,,,,
,,,,,,,,,,,,,,,
,,,,,,,,,,,,,,,
,,,,,,,,,,,,,,,
,,,,,,,,,,,,,,,
,,,,,,,,,,,,,,,
,,,,,,,,,,,,,,,
,,,,,,,,,,,,,,,
,,,,,,,,,,,,,,,
,,,,,,,,,,,,,,,
,,,,,,,,,,,,,,,
,,,,,,,,,,,,,,,
,,,,,,,,,,,,,,,
,,,,,,,,,,,,,,,
,,,,,,,,,,,,,,,
,,,,,,,,,,,,,,,
,,,,,,,,,,,,,,,
,,,,,,,,,,,,,,,
,,,,,,,,,,,,,,,
,,,,,,,,,,,,,,,
,,,,,,,,,,,,,,,
,,,,,,,,,,,,,,,
,,,,,,,,,,,,,,,
,,,,,,,,,,,,,,,
,,,,,,,,,,,,,,,
,,,,,,,,,,,,,,,
,,,,,,,,,,,,,,,
,,,,,,,,,,,,,,,
,,,,,,,,,,,,,,,
,,,,,,,,,,,,,,,
,,,,,,,,,,,,,,,
,,,,,,,,,,,,,,,
,,,,,,,,,,,,,,,
,,,,,,,,,,,,,,,
,,,,,,,,,,,,,,,
,,,,,,,,,,,,,,,
,,,,,,,,,,,,,,,
,,,,,,,,,,,,,,,
,,,,,,,,,,,,,,,
,,,,,,,,,,,,,,,
,,,,,,,,,,,,,,,
,,,,,,,,,,,,,,,
,,,,,,,,,,,,,,,
,,,,,,,,,,,,,,,
,,,,,,,,,,,,,,,
,,,,,,,,,,,,,,,
,,,,,,,,,,,,,,,
,,,,,,,,,,,,,,,
,,,,,,,,,,,,,,,
,,,,,,,,,,,,,,,
,,,,,,,,,,,,,,,
,,,,,,,,,,,,,,,
,,,,,,,,,,,,,,,
,,,,,,,,,,,,,,,
,,,,,,,,,,,,,,,
,,,,,,,,,,,,,,,
,,,,,,,,,,,,,,,
,,,,,,,,,,,,,,,
,,,,,,,,,,,,,,,
,,,,,,,,,,,,,,,
,,,,,,,,,,,,,,,
,,,,,,,,,,,,,,,
,,,,,,,,,,,,,,,
,,,,,,,,,,,,,,,
,,,,,,,,,,,,,,,
,,,,,,,,,,,,,,,
,,,,,,,,,,,,,,,
,,,,,,,,,,,,,,,
,,,,,,,,,,,,,,,
,,,,,,,,,,,,,,,
,,,,,,,,,,,,,,,
,,,,,,,,,,,,,,,
,,,,,,,,,,,,,,,
,,,,,,,,,,,,,,,
,,,,,,,,,,,,,,,
,,,,,,,,,,,,,,,
,,,,,,,,,,,,,,,
,,,,,,,,,,,,,,,
,,,,,,,,,,,,,,,
,,,,,,,,,,,,,,,
,,,,,,,,,,,,,,,
,,,,,,,,,,,,,,,
,,,,,,,,,,,,,,,
,,,,,,,,,,,,,,,
,,,,,,,,,,,,,,,
,,,,,,,,,,,,,,,
,,,,,,,,,,,,,,,
,,,,,,,,,,,,,,,
,,,,,,,,,,,,,,,
,,,,,,,,,,,,,,,
,,,,,,,,,,,,,,,
,,,,,,,,,,,,,,,
,,,,,,,,,,,,,,,
,,,,,,,,,,,,,,,
,,,,,,,,,,,,,,,
,,,,,,,,,,,,,,,
,,,,,,,,,,,,,,,
,,,,,,,,,,,,,,,
,,,,,,,,,,,,,,,
,,,,,,,,,,,,,,,
,,,,,,,,,,,,,,,
,,,,,,,,,,,,,,,
,,,,,,,,,,,,,,,
,,,,,,,,,,,,,,,
,,,,,,,,,,,,,,,
,,,,,,,,,,,,,,,
,,,,,,,,,,,,,,,
,,,,,,,,,,,,,,,
,,,,,,,,,,,,,,,
,,,,,,,,,,,,,,,
,,,,,,,,,,,,,,,
,,,,,,,,,,,,,,,
,,,,,,,,,,,,,,,
,,,,,,,,,,,,,,,
,,,,,,,,,,,,,,,
,,,,,,,,,,,,,,,
,,,,,,,,,,,,,,,
,,,,,,,,,,,,,,,
,,,,,,,,,,,,,,,
,,,,,,,,,,,,,,,
,,,,,,,,,,,,,,,
,,,,,,,,,,,,,,,
,,,,,,,,,,,,,,,
,,,,,,,,,,,,,,,
,,,,,,,,,,,,,,,
,,,,,,,,,,,,,,,
,,,,,,,,,,,,,,,
,,,,,,,,,,,,,,,
,,,,,,,,,,,,,,,
,,,,,,,,,,,,,,,
,,,,,,,,,,,,,,,
,,,,,,,,,,,,,,,
,,,,,,,,,,,,,,,
,,,,,,,,,,,,,,,
,,,,,,,,,,,,,,,
,,,,,,,,,,,,,,,
,,,,,,,,,,,,,,,
,,,,,,,,,,,,,,,
,,,,,,,,,,,,,,,
,,,,,,,,,,,,,,,
,,,,,,,,,,,,,,,
,,,,,,,,,,,,,,,
,,,,,,,,,,,,,,,
,,,,,,,,,,,,,,,
,,,,,,,,,,,,,,,
,,,,,,,,,,,,,,,
,,,,,,,,,,,,,,,
,,,,,,,,,,,,,,,
,,,,,,,,,,,,,,,
,,,,,,,,,,,,,,,
,,,,,,,,,,,,,,,
,,,,,,,,,,,,,,,
,,,,,,,,,,,,,,,
,,,,,,,,,,,,,,,
,,,,,,,,,,,,,,,
,,,,,,,,,,,,,,,
,,,,,,,,,,,,,,,
,,,,,,,,,,,,,,,
,,,,,,,,,,,,,,,
,,,,,,,,,,,,,,,
,,,,,,,,,,,,,,,
,,,,,,,,,,,,,,,
,,,,,,,,,,,,,,,
,,,,,,,,,,,,,,,
,,,,,,,,,,,,,,,
,,,,,,,,,,,,,,,
,,,,,,,,,,,,,,,
,,,,,,,,,,,,,,,
,,,,,,,,,,,,,,,
,,,,,,,,,,,,,,,
,,,,,,,,,,,,,,,
,,,,,,,,,,,,,,,
,,,,,,,,,,,,,,,
,,,,,,,,,,,,,,,
,,,,,,,,,,,,,,,
,,,,,,,,,,,,,,,
,,,,,,,,,,,,,,,
,,,,,,,,,,,,,,,
,,,,,,,,,,,,,,,
,,,,,,,,,,,,,,,
,,,,,,,,,,,,,,,
,,,,,,,,,,,,,,,
,,,,,,,,,,,,,,,
,,,,,,,,,,,,,,,
,,,,,,,,,,,,,,,
,,,,,,,,,,,,,,,
,,,,,,,,,,,,,,,
,,,,,,,,,,,,,,,
,,,,,,,,,,,,,,,
,,,,,,,,,,,,,,,
,,,,,,,,,,,,,,,
,,,,,,,,,,,,,,,
,,,,,,,,,,,,,,,
,,,,,,,,,,,,,,,
,,,,,,,,,,,,,,,
,,,,,,,,,,,,,,,
,,,,,,,,,,,,,,,
,,,,,,,,,,,,,,,
,,,,,,,,,,,,,,,
,,,,,,,,,,,,,,,
,,,,,,,,,,,,,,,
,,,,,,,,,,,,,,,
,,,,,,,,,,,,,,,
,,,,,,,,,,,,,,,
,,,,,,,,,,,,,,,
,,,,,,,,,,,,,,,
,,,,,,,,,,,,,,,
,,,,,,,,,,,,,,,
,,,,,,,,,,,,,,,
,,,,,,,,,,,,,,,
,,,,,,,,,,,,,,,
,,,,,,,,,,,,,,,
,,,,,,,,,,,,,,,
,,,,,,,,,,,,,,,
,,,,,,,,,,,,,,,
,,,,,,,,,,,,,,,
,,,,,,,,,,,,,,,
,,,,,,,,,,,,,,,
,,,,,,,,,,,,,,,
,,,,,,,,,,,,,,,
,,,,,,,,,,,,,,,
,,,,,,,,,,,,,,,
,,,,,,,,,,,,,,,
,,,,,,,,,,,,,,,
,,,,,,,,,,,,,,,
,,,,,,,,,,,,,,,
,,,,,,,,,,,,,,,
,,,,,,,,,,,,,,,
,,,,,,,,,,,,,,,
,,,,,,,,,,,,,,,
,,,,,,,,,,,,,,,
,,,,,,,,,,,,,,,
,,,,,,,,,,,,,,,
,,,,,,,,,,,,,,,
,,,,,,,,,,,,,,,
,,,,,,,,,,,,,,,
,,,,,,,,,,,,,,,
,,,,,,,,,,,,,,,
,,,,,,,,,,,,,,,
,,,,,,,,,,,,,,,
,,,,,,,,,,,,,,,
,,,,,,,,,,,,,,,
,,,,,,,,,,,,,,,
,,,,,,,,,,,,,,,
,,,,,,,,,,,,,,,
,,,,,,,,,,,,,,,
,,,,,,,,,,,,,,,
,,,,,,,,,,,,,,,
,,,,,,,,,,,,,,,
,,,,,,,,,,,,,,,
,,,,,,,,,,,,,,,
,,,,,,,,,,,,,,,
,,,,,,,,,,,,,,,
,,,,,,,,,,,,,,,
,,,,,,,,,,,,,,,
,,,,,,,,,,,,,,,
,,,,,,,,,,,,,,,
,,,,,,,,,,,,,,,
,,,,,,,,,,,,,,,
,,,,,,,,,,,,,,,
,,,,,,,,,,,,,,,
,,,,,,,,,,,,,,,
,,,,,,,,,,,,,,,
,,,,,,,,,,,,,,,
,,,,,,,,,,,,,,,
,,,,,,,,,,,,,,,
,,,,,,,,,,,,,,,
,,,,,,,,,,,,,,,
,,,,,,,,,,,,,,,
,,,,,,,,,,,,,,,
,,,,,,,,,,,,,,,
,,,,,,,,,,,,,,,
,,,,,,,,,,,,,,,
,,,,,,,,,,,,,,,
,,,,,,,,,,,,,,,
,,,,,,,,,,,,,,,
,,,,,,,,,,,,,,,
,,,,,,,,,,,,,,,
,,,,,,,,,,,,,,,
,,,,,,,,,,,,,,,
,,,,,,,,,,,,,,,
,,,,,,,,,,,,,,,
,,,,,,,,,,,,,,,
,,,,,,,,,,,,,,,
,,,,,,,,,,,,,,,
,,,,,,,,,,,,,,,
,,,,,,,,,,,,,,,
,,,,,,,,,,,,,,,
,,,,,,,,,,,,,,,
,,,,,,,,,,,,,,,
,,,,,,,,,,,,,,,
,,,,,,,,,,,,,,,
,,,,,,,,,,,,,,,
,,,,,,,,,,,,,,,
,,,,,,,,,,,,,,,
,,,,,,,,,,,,,,,
,,,,,,,,,,,,,,,
,,,,,,,,,,,,,,,
,,,,,,,,,,,,,,,
,,,,,,,,,,,,,,,
,,,,,,,,,,,,,,,
,,,,,,,,,,,,,,,
,,,,,,,,,,,,,,,
,,,,,,,,,,,,,,,
,,,,,,,,,,,,,,,
,,,,,,,,,,,,,,,
,,,,,,,,,,,,,,,
,,,,,,,,,,,,,,,
,,,,,,,,,,,,,,,
,,,,,,,,,,,,,,,
,,,,,,,,,,,,,,,
,,,,,,,,,,,,,,,
,,,,,,,,,,,,,,,
,,,,,,,,,,,,,,,
,,,,,,,,,,,,,,,
,,,,,,,,,,,,,,,
,,,,,,,,,,,,,,,
,,,,,,,,,,,,,,,
,,,,,,,,,,,,,,,
,,,,,,,,,,,,,,,
,,,,,,,,,,,,,,,
,,,,,,,,,,,,,,,
,,,,,,,,,,,,,,,
,,,,,,,,,,,,,,,
,,,,,,,,,,,,,,,
,,,,,,,,,,,,,,,
,,,,,,,,,,,,,,,
,,,,,,,,,,,,,,,
,,,,,,,,,,,,,,,
,,,,,,,,,,,,,,,
,,,,,,,,,,,,,,,
,,,,,,,,,,,,,,,
,,,,,,,,,,,,,,,
,,,,,,,,,,,,,,,
,,,,,,,,,,,,,,,
,,,,,,,,,,,,,,,
,,,,,,,,,,,,,,,
,,,,,,,,,,,,,,,
,,,,,,,,,,,,,,,
,,,,,,,,,,,,,,,
,,,,,,,,,,,,,,,
,,,,,,,,,,,,,,,
,,,,,,,,,,,,,,,
,,,,,,,,,,,,,,,
,,,,,,,,,,,,,,,
,,,,,,,,,,,,,,,
,,,,,,,,,,,,,,,
,,,,,,,,,,,,,,,
,,,,,,,,,,,,,,,
,,,,,,,,,,,,,,,
,,,,,,,,,,,,,,,
,,,,,,,,,,,,,,,
,,,,,,,,,,,,,,,
,,,,,,,,,,,,,,,
,,,,,,,,,,,,,,,
,,,,,,,,,,,,,,,
,,,,,,,,,,,,,,,
,,,,,,,,,,,,,,,
,,,,,,,,,,,,,,,
,,,,,,,,,,,,,,,
,,,,,,,,,,,,,,,
,,,,,,,,,,,,,,,
,,,,,,,,,,,,,,,
,,,,,,,,,,,,,,,
,,,,,,,,,,,,,,,
,,,,,,,,,,,,,,,
,,,,,,,,,,,,,,,
,,,,,,,,,,,,,,,
,,,,,,,,,,,,,,,
,,,,,,,,,,,,,,,
,,,,,,,,,,,,,,,
,,,,,,,,,,,,,,,
,,,,,,,,,,,,,,,
,,,,,,,,,,,,,,,
,,,,,,,,,,,,,,,
,,,,,,,,,,,,,,,
,,,,,,,,,,,,,,,
,,,,,,,,,,,,,,,
,,,,,,,,,,,,,,,
,,,,,,,,,,,,,,,
,,,,,,,,,,,,,,,
,,,,,,,,,,,,,,,
,,,,,,,,,,,,,,,
,,,,,,,,,,,,,,,
,,,,,,,,,,,,,,,
,,,,,,,,,,,,,,,
,,,,,,,,,,,,,,,
,,,,,,,,,,,,,,,
,,,,,,,,,,,,,,,
,,,,,,,,,,,,,,,
,,,,,,,,,,,,,,,
,,,,,,,,,,,,,,,
,,,,,,,,,,,,,,,
,,,,,,,,,,,,,,,
,,,,,,,,,,,,,,,
,,,,,,,,,,,,,,,
,,,,,,,,,,,,,,,
,,,,,,,,,,,,,,,
,,,,,,,,,,,,,,,
,,,,,,,,,,,,,,,
,,,,,,,,,,,,,,,
,,,,,,,,,,,,,,,
,,,,,,,,,,,,,,,
,,,,,,,,,,,,,,,
,,,,,,,,,,,,,,,
,,,,,,,,,,,,,,,
,,,,,,,,,,,,,,,
,,,,,,,,,,,,,,,
,,,,,,,,,,,,,,,
,,,,,,,,,,,,,,,
,,,,,,,,,,,,,,,
,,,,,,,,,,,,,,,
,,,,,,,,,,,,,,,
,,,,,,,,,,,,,,,
,,,,,,,,,,,,,,,
,,,,,,,,,,,,,,,
,,,,,,,,,,,,,,,
,,,,,,,,,,,,,,,
,,,,,,,,,,,,,,,
,,,,,,,,,,,,,,,
,,,,,,,,,,,,,,,
,,,,,,,,,,,,,,,
,,,,,,,,,,,,,,,
,,,,,,,,,,,,,,,
,,,,,,,,,,,,,,,
,,,,,,,,,,,,,,,
,,,,,,,,,,,,,,,
,,,,,,,,,,,,,,,
,,,,,,,,,,,,,,,
,,,,,,,,,,,,,,,
,,,,,,,,,,,,,,,
,,,,,,,,,,,,,,,
,,,,,,,,,,,,,,,
,,,,,,,,,,,,,,,
,,,,,,,,,,,,,,,
,,,,,,,,,,,,,,,
,,,,,,,,,,,,,,,
,,,,,,,,,,,,,,,
,,,,,,,,,,,,,,,
,,,,,,,,,,,,,,,
,,,,,,,,,,,,,,,
,,,,,,,,,,,,,,,
,,,,,,,,,,,,,,,
,,,,,,,,,,,,,,,
,,,,,,,,,,,,,,,
,,,,,,,,,,,,,,,
,,,,,,,,,,,,,,,
,,,,,,,,,,,,,,,
,,,,,,,,,,,,,,,
,,,,,,,,,,,,,,,
,,,,,,,,,,,,,,,
,,,,,,,,,,,,,,,
,,,,,,,,,,,,,,,
,,,,,,,,,,,,,,,
,,,,,,,,,,,,,,,
,,,,,,,,,,,,,,,
,,,,,,,,,,,,,,,
,,,,,,,,,,,,,,,
,,,,,,,,,,,,,,,
,,,,,,,,,,,,,,,
,,,,,,,,,,,,,,,
,,,,,,,,,,,,,,,
,,,,,,,,,,,,,,,
,,,,,,,,,,,,,,,
,,,,,,,,,,,,,,,
,,,,,,,,,,,,,,,
,,,,,,,,,,,,,,,
,,,,,,,,,,,,,,,
,,,,,,,,,,,,,,,
,,,,,,,,,,,,,,,
,,,,,,,,,,,,,,,
,,,,,,,,,,,,,,,
,,,,,,,,,,,,,,,
,,,,,,,,,,,,,,,
,,,,,,,,,,,,,,,
,,,,,,,,,,,,,,,
,,,,,,,,,,,,,,,
,,,,,,,,,,,,,,,
,,,,,,,,,,,,,,,
,,,,,,,,,,,,,,,
,,,,,,,,,,,,,,,
,,,,,,,,,,,,,,,
,,,,,,,,,,,,,,,
,,,,,,,,,,,,,,,
,,,,,,,,,,,,,,,
,,,,,,,,,,,,,,,
,,,,,,,,,,,,,,,
,,,,,,,,,,,,,,,
,,,,,,,,,,,,,,,
,,,,,,,,,,,,,,,
,,,,,,,,,,,,,,,
,,,,,,,,,,,,,,,
,,,,,,,,,,,,,,,
,,,,,,,,,,,,,,,
,,,,,,,,,,,,,,,
,,,,,,,,,,,,,,,
,,,,,,,,,,,,,,,
,,,,,,,,,,,,,,,
,,,,,,,,,,,,,,,
,,,,,,,,,,,,,,,
,,,,,,,,,,,,,,,
,,,,,,,,,,,,,,,
,,,,,,,,,,,,,,,
,,,,,,,,,,,,,,,
,,,,,,,,,,,,,,,
,,,,,,,,,,,,,,,
,,,,,,,,,,,,,,,
,,,,,,,,,,,,,,,
,,,,,,,,,,,,,,,
,,,,,,,,,,,,,,,
,,,,,,,,,,,,,,,
,,,,,,,,,,,,,,,
,,,,,,,,,,,,,,,
,,,,,,,,,,,,,,,
,,,,,,,,,,,,,,,
,,,,,,,,,,,,,,,
,,,,,,,,,,,,,,,
,,,,,,,,,,,,,,,
,,,,,,,,,,,,,,,
,,,,,,,,,,,,,,,
,,,,,,,,,,,,,,,
,,,,,,,,,,,,,,,
,,,,,,,,,,,,,,,
,,,,,,,,,,,,,,,
,,,,,,,,,,,,,,,
,,,,,,,,,,,,,,,
,,,,,,,,,,,,,,,
,,,,,,,,,,,,,,,
,,,,,,,,,,,,,,,
,,,,,,,,,,,,,,,
,,,,,,,,,,,,,,,
,,,,,,,,,,,,,,,
,,,,,,,,,,,,,,,
,,,,,,,,,,,,,,,
,,,,,,,,,,,,,,,
,,,,,,,,,,,,,,,
,,,,,,,,,,,,,,,
,,,,,,,,,,,,,,,
,,,,,,,,,,,,,,,
,,,,,,,,,,,,,,,
,,,,,,,,,,,,,,,
,,,,,,,,,,,,,,,
,,,,,,,,,,,,,,,
,,,,,,,,,,,,,,,
,,,,,,,,,,,,,,,
,,,,,,,,,,,,,,,
,,,,,,,,,,,,,,,
,,,,,,,,,,,,,,,
,,,,,,,,,,,,,,,
,,,,,,,,,,,,,,,
,,,,,,,,,,,,,,,
,,,,,,,,,,,,,,,
,,,,,,,,,,,,,,,
,,,,,,,,,,,,,,,
,,,,,,,,,,,,,,,
,,,,,,,,,,,,,,,
,,,,,,,,,,,,,,,
,,,,,,,,,,,,,,,
,,,,,,,,,,,,,,,
,,,,,,,,,,,,,,,
,,,,,,,,,,,,,,,
,,,,,,,,,,,,,,,
,,,,,,,,,,,,,,,
,,,,,,,,,,,,,,,
,,,,,,,,,,,,,,,
,,,,,,,,,,,,,,,
,,,,,,,,,,,,,,,
,,,,,,,,,,,,,,,
,,,,,,,,,,,,,,,
,,,,,,,,,,,,,,,
,,,,,,,,,,,,,,,
,,,,,,,,,,,,,,,
,,,,,,,,,,,,,,,
,,,,,,,,,,,,,,,
,,,,,,,,,,,,,,,
,,,,,,,,,,,,,,,
,,,,,,,,,,,,,,,
,,,,,,,,,,,,,,,
,,,,,,,,,,,,,,,
,,,,,,,,,,,,,,,
,,,,,,,,,,,,,,,
,,,,,,,,,,,,,,,
,,,,,,,,,,,,,,,
,,,,,,,,,,,,,,,
,,,,,,,,,,,,,,,
,,,,,,,,,,,,,,,
,,,,,,,,,,,,,,,
,,,,,,,,,,,,,,,
,,,,,,,,,,,,,,,
,,,,,,,,,,,,,,,
,,,,,,,,,,,,,,,
,,,,,,,,,,,,,,,
,,,,,,,,,,,,,,,
,,,,,,,,,,,,,,,
,,,,,,,,,,,,,,,
,,,,,,,,,,,,,,,
,,,,,,,,,,,,,,,
,,,,,,,,,,,,,,,
,,,,,,,,,,,,,,,
,,,,,,,,,,,,,,,
,,,,,,,,,,,,,,,
,,,,,,,,,,,,,,,
,,,,,,,,,,,,,,,
,,,,,,,,,,,,,,,
,,,,,,,,,,,,,,,
,,,,,,,,,,,,,,,
,,,,,,,,,,,,,,,
,,,,,,,,,,,,,,,
,,,,,,,,,,,,,,,
,,,,,,,,,,,,,,,
,,,,,,,,,,,,,,,
,,,,,,,,,,,,,,,
,,,,,,,,,,,,,,,
,,,,,,,,,,,,,,,
,,,,,,,,,,,,,,,
,,,,,,,,,,,,,,,
,,,,,,,,,,,,,,,
,,,,,,,,,,,,,,,
,,,,,,,,,,,,,,,
,,,,,,,,,,,,,,,
,,,,,,,,,,,,,,,
,,,,,,,,,,,,,,,
,,,,,,,,,,,,,,,
,,,,,,,,,,,,,,,
,,,,,,,,,,,,,,,
,,,,,,,,,,,,,,,
,,,,,,,,,,,,,,,
,,,,,,,,,,,,,,,
,,,,,,,,,,,,,,,
,,,,,,,,,,,,,,,
,,,,,,,,,,,,,,,
,,,,,,,,,,,,,,,
,,,,,,,,,,,,,,,
,,,,,,,,,,,,,,,
,,,,,,,,,,,,,,,
,,,,,,,,,,,,,,,
,,,,,,,,,,,,,,,
,,,,,,,,,,,,,,,
,,,,,,,,,,,,,,,
,,,,,,,,,,,,,,,
,,,,,,,,,,,,,,,
,,,,,,,,,,,,,,,
,,,,,,,,,,,,,,,
,,,,,,,,,,,,,,,
,,,,,,,,,,,,,,,
,,,,,,,,,,,,,,,
,,,,,,,,,,,,,,,
,,,,,,,,,,,,,,,
,,,,,,,,,,,,,,,
,,,,,,,,,,,,,,,
,,,,,,,,,,,,,,,
,,,,,,,,,,,,,,,
,,,,,,,,,,,,,,,
,,,,,,,,,,,,,,,
,,,,,,,,,,,,,,,
,,,,,,,,,,,,,,,
,,,,,,,,,,,,,,,
,,,,,,,,,,,,,,,
,,,,,,,,,,,,,,,
,,,,,,,,,,,,,,,
,,,,,,,,,,,,,,,
,,,,,,,,,,,,,,,
,,,,,,,,,,,,,,,
,,,,,,,,,,,,,,,
,,,,,,,,,,,,,,,
,,,,,,,,,,,,,,,
,,,,,,,,,,,,,,,
,,,,,,,,,,,,,,,
,,,,,,,,,,,,,,,
,,,,,,,,,,,,,,,
,,,,,,,,,,,,,,,
,,,,,,,,,,,,,,,
,,,,,,,,,,,,,,,
,,,,,,,,,,,,,,,
,,,,,,,,,,,,,,,
,,,,,,,,,,,,,,,
,,,,,,,,,,,,,,,
,,,,,,,,,,,,,,,
,,,,,,,,,,,,,,,
,,,,,,,,,,,,,,,
,,,,,,,,,,,,,,,
,,,,,,,,,,,,,,,
,,,,,,,,,,,,,,,
,,,,,,,,,,,,,,,
,,,,,,,,,,,,,,,
,,,,,,,,,,,,,,,
,,,,,,,,,,,,,,,
,,,,,,,,,,,,,,,
,,,,,,,,,,,,,,,
,,,,,,,,,,,,,,,
,,,,,,,,,,,,,,,
,,,,,,,,,,,,,,,
,,,,,,,,,,,,,,,
,,,,,,,,,,,,,,,
,,,,,,,,,,,,,,,
,,,,,,,,,,,,,,,
,,,,,,,,,,,,,,,
,,,,,,,,,,,,,,,
,,,,,,,,,,,,,,,
,,,,,,,,,,,,,,,
,,,,,,,,,,,,,,,
,,,,,,,,,,,,,,,
,,,,,,,,,,,,,,,
,,,,,,,,,,,,,,,
,,,,,,,,,,,,,,,
,,,,,,,,,,,,,,,
,,,,,,,,,,,,,,,
,,,,,,,,,,,,,,,
,,,,,,,,,,,,,,,
,,,,,,,,,,,,,,,
,,,,,,,,,,,,,,,
,,,,,,,,,,,,,,,
,,,,,,,,,,,,,,,
,,,,,,,,,,,,,,,
,,,,,,,,,,,,,,,
,,,,,,,,,,,,,,,
,,,,,,,,,,,,,,,
,,,,,,,,,,,,,,,
,,,,,,,,,,,,,,,
,,,,,,,,,,,,,,,
,,,,,,,,,,,,,,,
,,,,,,,,,,,,,,,
,,,,,,,,,,,,,,,
,,,,,,,,,,,,,,,
,,,,,,,,,,,,,,,
,,,,,,,,,,,,,,,
,,,,,,,,,,,,,,,
,,,,,,,,,,,,,,,
,,,,,,,,,,,,,,,
,,,,,,,,,,,,,,,
,,,,,,,,,,,,,,,
,,,,,,,,,,,,,,,
,,,,,,,,,,,,,,,
,,,,,,,,,,,,,,,
,,,,,,,,,,,,,,,
,,,,,,,,,,,,,,,
,,,,,,,,,,,,,,,
,,,,,,,,,,,,,,,
,,,,,,,,,,,,,,,
,,,,,,,,,,,,,,,
,,,,,,,,,,,,,,,
,,,,,,,,,,,,,,,
,,,,,,,,,,,,,,,
,,,,,,,,,,,,,,,
,,,,,,,,,,,,,,,
,,,,,,,,,,,,,,,
,,,,,,,,,,,,,,,
,,,,,,,,,,,,,,,
,,,,,,,,,,,,,,,
,,,,,,,,,,,,,,,
,,,,,,,,,,,,,,,
,,,,,,,,,,,,,,,
,,,,,,,,,,,,,,,
,,,,,,,,,,,,,,,
,,,,,,,,,,,,,,,
,,,,,,,,,,,,,,,
,,,,,,,,,,,,,,,
,,,,,,,,,,,,,,,
,,,,,,,,,,,,,,,
,,,,,,,,,,,,,,,
,,,,,,,,,,,,,,,
,,,,,,,,,,,,,,,
,,,,,,,,,,,,,,,
,,,,,,,,,,,,,,,
,,,,,,,,,,,,,,,
,,,,,,,,,,,,,,,
,,,,,,,,,,,,,,,
,,,,,,,,,,,,,,,
,,,,,,,,,,,,,,,
,,,,,,,,,,,,,,,
,,,,,,,,,,,,,,,
,,,,,,,,,,,,,,,
,,,,,,,,,,,,,,,
,,,,,,,,,,,,,,,
,,,,,,,,,,,,,,,
,,,,,,,,,,,,,,,
,,,,,,,,,,,,,,,
,,,,,,,,,,,,,,,
,,,,,,,,,,,,,,,
,,,,,,,,,,,,,,,
,,,,,,,,,,,,,,,
,,,,,,,,,,,,,,,
,,,,,,,,,,,,,,,
,,,,,,,,,,,,,,,
,,,,,,,,,,,,,,,
,,,,,,,,,,,,,,,
,,,,,,,,,,,,,,,
,,,,,,,,,,,,,,,
,,,,,,,,,,,,,,,
,,,,,,,,,,,,,,,
,,,,,,,,,,,,,,,
,,,,,,,,,,,,,,,
,,,,,,,,,,,,,,,
,,,,,,,,,,,,,,,
,,,,,,,,,,,,,,,
,,,,,,,,,,,,,,,
,,,,,,,,,,,,,,,
,,,,,,,,,,,,,,,
,,,,,,,,,,,,,,,
,,,,,,,,,,,,,,,
,,,,,,,,,,,,,,,
,,,,,,,,,,,,,,,
,,,,,,,,,,,,,,,
,,,,,,,,,,,,,,,
,,,,,,,,,,,,,,,
,,,,,,,,,,,,,,,
,,,,,,,,,,,,,,,
,,,,,,,,,,,,,,,
,,,,,,,,,,,,,,,
,,,,,,,,,,,,,,,
,,,,,,,,,,,,,,,
,,,,,,,,,,,,,,,
,,,,,,,,,,,,,,,
,,,,,,,,,,,,,,,
,,,,,,,,,,,,,,,
,,,,,,,,,,,,,,,
,,,,,,,,,,,,,,,
,,,,,,,,,,,,,,,
,,,,,,,,,,,,,,,
,,,,,,,,,,,,,,,
,,,,,,,,,,,,,,,
,,,,,,,,,,,,,,,
,,,,,,,,,,,,,,,
,,,,,,,,,,,,,,,
,,,,,,,,,,,,,,,
,,,,,,,,,,,,,,,
,,,,,,,,,,,,,,,
,,,,,,,,,,,,,,,
,,,,,,,,,,,,,,,
,,,,,,,,,,,,,,,
,,,,,,,,,,,,,,,
,,,,,,,,,,,,,,,
,,,,,,,,,,,,,,,
,,,,,,,,,,,,,,,
,,,,,,,,,,,,,,,
,,,,,,,,,,,,,,,
,,,,,,,,,,,,,,,
,,,,,,,,,,,,,,,
,,,,,,,,,,,,,,,
,,,,,,,,,,,,,,,
,,,,,,,,,,,,,,,
,,,,,,,,,,,,,,,
,,,,,,,,,,,,,,,
,,,,,,,,,,,,,,,
,,,,,,,,,,,,,,,
,,,,,,,,,,,,,,,
,,,,,,,,,,,,,,,
,,,,,,,,,,,,,,,
,,,,,,,,,,,,,,,
,,,,,,,,,,,,,,,
,,,,,,,,,,,,,,,
,,,,,,,,,,,,,,,
,,,,,,,,,,,,,,,
,,,,,,,,,,,,,,,
,,,,,,,,,,,,,,,
,,,,,,,,,,,,,,,
,,,,,,,,,,,,,,,
,,,,,,,,,,,,,,,
,,,,,,,,,,,,,,,
,,,,,,,,,,,,,,,
,,,,,,,,,,,,,,,
,,,,,,,,,,,,,,,
,,,,,,,,,,,,,,,
,,,,,,,,,,,,,,,
,,,,,,,,,,,,,,,
,,,,,,,,,,,,,,,
,,,,,,,,,,,,,,,
,,,,,,,,,,,,,,,
,,,,,,,,,,,,,,,
,,,,,,,,,,,,,,,
,,,,,,,,,,,,,,,
,,,,,,,,,,,,,,,
,,,,,,,,,,,,,,,
,,,,,,,,,,,,,,,
,,,,,,,,,,,,,,,
,,,,,,,,,,,,,,,
,,,,,,,,,,,,,,,
,,,,,,,,,,,,,,,
,,,,,,,,,,,,,,,
,,,,,,,,,,,,,,,
,,,,,,,,,,,,,,,
,,,,,,,,,,,,,,,
,,,,,,,,,,,,,,,
,,,,,,,,,,,,,,,
,,,,,,,,,,,,,,,
,,,,,,,,,,,,,,,
,,,,,,,,,,,,,,,
,,,,,,,,,,,,,,,
,,,,,,,,,,,,,,,
,,,,,,,,,,,,,,,
,,,,,,,,,,,,,,,
,,,,,,,,,,,,,,,
,,,,,,,,,,,,,,,
,,,,,,,,,,,,,,,
,,,,,,,,,,,,,,,
,,,,,,,,,,,,,,,
,,,,,,,,,,,,,,,
,,,,,,,,,,,,,,,
,,,,,,,,,,,,,,,
,,,,,,,,,,,,,,,
,,,,,,,,,,,,,,,
,,,,,,,,,,,,,,,
,,,,,,,,,,,,,,,
,,,,,,,,,,,,,,,
,,,,,,,,,,,,,,,
,,,,,,,,,,,,,,,
,,,,,,,,,,,,,,,
,,,,,,,,,,,,,,,
,,,,,,,,,,,,,,,
,,,,,,,,,,,,,,,
,,,,,,,,,,,,,,,
,,,,,,,,,,,,,,,
,,,,,,,,,,,,,,,
,,,,,,,,,,,,,,,
,,,,,,,,,,,,,,,
,,,,,,,,,,,,,,,
,,,,,,,,,,,,,,,
,,,,,,,,,,,,,,,
,,,,,,,,,,,,,,,
,,,,,,,,,,,,,,,
,,,,,,,,,,,,,,,
,,,,,,,,,,,,,,,
,,,,,,,,,,,,,,,
,,,,,,,,,,,,,,,
,,,,,,,,,,,,,,,
,,,,,,,,,,,,,,,
,,,,,,,,,,,,,,,
,,,,,,,,,,,,,,,
,,,,,,,,,,,,,,,
,,,,,,,,,,,,,,,
,,,,,,,,,,,,,,,
,,,,,,,,,,,,,,,
,,,,,,,,,,,,,,,
,,,,,,,,,,,,,,,
,,,,,,,,,,,,,,,
,,,,,,,,,,,,,,,
,,,,,,,,,,,,,,,
,,,,,,,,,,,,,,,
,,,,,,,,,,,,,,,
,,,,,,,,,,,,,,,
,,,,,,,,,,,,,,,
,,,,,,,,,,,,,,,
,,,,,,,,,,,,,,,
,,,,,,,,,,,,,,,
,,,,,,,,,,,,,,,
,,,,,,,,,,,,,,,
,,,,,,,,,,,,,,,
,,,,,,,,,,,,,,,
,,,,,,,,,,,,,,,
,,,,,,,,,,,,,,,
,,,,,,,,,,,,,,,
,,,,,,,,,,,,,,,
,,,,,,,,,,,,,,,
,,,,,,,,,,,,,,,
,,,,,,,,,,,,,,,
,,,,,,,,,,,,,,,
,,,,,,,,,,,,,,,
,,,,,,,,,,,,,,,
,,,,,,,,,,,,,,,
,,,,,,,,,,,,,,,
,,,,,,,,,,,,,,,
,,,,,,,,,,,,,,,
,,,,,,,,,,,,,,,
,,,,,,,,,,,,,,,
,,,,,,,,,,,,,,,
,,,,,,,,,,,,,,,
,,,,,,,,,,,,,,,
,,,,,,,,,,,,,,,
,,,,,,,,,,,,,,,
,,,,,,,,,,,,,,,
,,,,,,,,,,,,,,,
,,,,,,,,,,,,,,,
,,,,,,,,,,,,,,,
,,,,,,,,,,,,,,,
,,,,,,,,,,,,,,,
,,,,,,,,,,,,,,,
,,,,,,,,,,,,,,,
,,,,,,,,,,,,,,,
,,,,,,,,,,,,,,,
,,,,,,,,,,,,,,,
,,,,,,,,,,,,,,,
,,,,,,,,,,,,,,,
,,,,,,,,,,,,,,,
,,,,,,,,,,,,,,,
,,,,,,,,,,,,,,,
,,,,,,,,,,,,,,,
,,,,,,,,,,,,,,,
,,,,,,,,,,,,,,,
,,,,,,,,,,,,,,,
,,,,,,,,,,,,,,,
,,,,,,,,,,,,,,,
,,,,,,,,,,,,,,,
,,,,,,,,,,,,,,,
,,,,,,,,,,,,,,,
,,,,,,,,,,,,,,,
,,,,,,,,,,,,,,,
,,,,,,,,,,,,,,,
,,,,,,,,,,,,,,,
,,,,,,,,,,,,,,,
,,,,,,,,,,,,,,,
,,,,,,,,,,,,,,,
,,,,,,,,,,,,,,,
,,,,,,,,,,,,,,,
,,,,,,,,,,,,,,,
,,,,,,,,,,,,,,,
,,,,,,,,,,,,,,,
,,,,,,,,,,,,,,,
,,,,,,,,,,,,,,,
,,,,,,,,,,,,,,,
,,,,,,,,,,,,,,,
,,,,,,,,,,,,,,,
,,,,,,,,,,,,,,,
,,,,,,,,,,,,,,,
,,,,,,,,,,,,,,,
,,,,,,,,,,,,,,,
,,,,,,,,,,,,,,,
,,,,,,,,,,,,,,,
,,,,,,,,,,,,,,,
,,,,,,,,,,,,,,,
,,,,,,,,,,,,,,,
,,,,,,,,,,,,,,,
,,,,,,,,,,,,,,,
,,,,,,,,,,,,,,,
,,,,,,,,,,,,,,,
,,,,,,,,,,,,,,,
,,,,,,,,,,,,,,,
,,,,,,,,,,,,,,,
,,,,,,,,,,,,,,,
,,,,,,,,,,,,,,,
,,,,,,,,,,,,,,,
,,,,,,,,,,,,,,,
,,,,,,,,,,,,,,,
,,,,,,,,,,,,,,,
,,,,,,,,,,,,,,,
,,,,,,,,,,,,,,,
,,,,,,,,,,,,,,,
,,,,,,,,,,,,,,,
,,,,,,,,,,,,,,,
,,,,,,,,,,,,,,,
,,,,,,,,,,,,,,,
,,,,,,,,,,,,,,,
,,,,,,,,,,,,,,,
,,,,,,,,,,,,,,,
,,,,,,,,,,,,,,,
,,,,,,,,,,,,,,,
,,,,,,,,,,,,,,,
,,,,,,,,,,,,,,,
,,,,,,,,,,,,,,,
,,,,,,,,,,,,,,,
,,,,,,,,,,,,,,,
,,,,,,,,,,,,,,,
,,,,,,,,,,,,,,,
,,,,,,,,,,,,,,,
,,,,,,,,,,,,,,,
,,,,,,,,,,,,,,,
,,,,,,,,,,,,,,,
,,,,,,,,,,,,,,,
,,,,,,,,,,,,,,,
,,,,,,,,,,,,,,,
,,,,,,,,,,,,,,,
,,,,,,,,,,,,,,,
,,,,,,,,,,,,,,,
,,,,,,,,,,,,,,,
,,,,,,,,,,,,,,,
,,,,,,,,,,,,,,,
,,,,,,,,,,,,,,,
,,,,,,,,,,,,,,,
,,,,,,,,,,,,,,,
,,,,,,,,,,,,,,,
,,,,,,,,,,,,,,,
,,,,,,,,,,,,,,,
,,,,,,,,,,,,,,,
,,,,,,,,,,,,,,,
,,,,,,,,,,,,,,,
,,,,,,,,,,,,,,,
,,,,,,,,,,,,,,,
,,,,,,,,,,,,,,,
,,,,,,,,,,,,,,,
,,,,,,,,,,,,,,,
,,,,,,,,,,,,,,,
,,,,,,,,,,,,,,,
,,,,,,,,,,,,,,,
,,,,,,,,,,,,,,,
,,,,,,,,,,,,,,,
,,,,,,,,,,,,,,,
,,,,,,,,,,,,,,,
,,,,,,,,,,,,,,,
,,,,,,,,,,,,,,,
,,,,,,,,,,,,,,,
,,,,,,,,,,,,,,,
,,,,,,,,,,,,,,,
,,,,,,,,,,,,,,,
,,,,,,,,,,,,,,,
,,,,,,,,,,,,,,,
,,,,,,,,,,,,,,,
,,,,,,,,,,,,,,,
,,,,,,,,,,,,,,,
,,,,,,,,,,,,,,,
,,,,,,,,,,,,,,,
,,,,,,,,,,,,,,,
,,,,,,,,,,,,,,,
,,,,,,,,,,,,,,,
,,,,,,,,,,,,,,,
,,,,,,,,,,,,,,,
,,,,,,,,,,,,,,,
,,,,,,,,,,,,,,,
,,,,,,,,,,,,,,,
,,,,,,,,,,,,,,,
,,,,,,,,,,,,,,,
,,,,,,,,,,,,,,,
,,,,,,,,,,,,,,,
,,,,,,,,,,,,,,,
,,,,,,,,,,,,,,,
,,,,,,,,,,,,,,,
,,,,,,,,,,,,,,,
,,,,,,,,,,,,,,,
,,,,,,,,,,,,,,,
,,,,,,,,,,,,,,,
,,,,,,,,,,,,,,,
,,,,,,,,,,,,,,,
,,,,,,,,,,,,,,,
,,,,,,,,,,,,,,,
,,,,,,,,,,,,,,,
,,,,,,,,,,,,,,,
,,,,,,,,,,,,,,,
,,,,,,,,,,,,,,,
,,,,,,,,,,,,,,,
,,,,,,,,,,,,,,,
,,,,,,,,,,,,,,,
,,,,,,,,,,,,,,,
,,,,,,,,,,,,,,,
,,,,,,,,,,,,,,,
,,,,,,,,,,,,,,,
,,,,,,,,,,,,,,,
,,,,,,,,,,,,,,,
,,,,,,,,,,,,,,,
,,,,,,,,,,,,,,,
,,,,,,,,,,,,,,,
,,,,,,,,,,,,,,,
,,,,,,,,,,,,,,,
,,,,,,,,,,,,,,,
,,,,,,,,,,,,,,,
,,,,,,,,,,,,,,,
,,,,,,,,,,,,,,,
,,,,,,,,,,,,,,,
,,,,,,,,,,,,,,,
,,,,,,,,,,,,,,,
,,,,,,,,,,,,,,,
,,,,,,,,,,,,,,,
,,,,,,,,,,,,,,,
,,,,,,,,,,,,,,,
,,,,,,,,,,,,,,,
,,,,,,,,,,,,,,,
,,,,,,,,,,,,,,,
,,,,,,,,,,,,,,,
,,,,,,,,,,,,,,,
,,,,,,,,,,,,,,,
,,,,,,,,,,,,,,,
,,,,,,,,,,,,,,,
,,,,,,,,,,,,,,,
,,,,,,,,,,,,,,,
,,,,,,,,,,,,,,,
,,,,,,,,,,,,,,,
,,,,,,,,,,,,,,,
,,,,,,,,,,,,,,,
,,,,,,,,,,,,,,,
,,,,,,,,,,,,,,,
,,,,,,,,,,,,,,,
,,,,,,,,,,,,,,,
,,,,,,,,,,,,,,,
,,,,,,,,,,,,,,,
,,,,,,,,,,,,,,,
,,,,,,,,,,,,,,,
,,,,,,,,,,,,,,,
,,,,,,,,,,,,,,,
,,,,,,,,,,,,,,,
,,,,,,,,,,,,,,,
,,,,,,,,,,,,,,,
,,,,,,,,,,,,,,,
,,,,,,,,,,,,,,,
,,,,,,,,,,,,,,,
,,,,,,,,,,,,,,,
,,,,,,,,,,,,,,,
,,,,,,,,,,,,,,,
,,,,,,,,,,,,,,,
,,,,,,,,,,,,,,,
,,,,,,,,,,,,,,,
,,,,,,,,,,,,,,,
,,,,,,,,,,,,,,,
,,,,,,,,,,,,,,,
,,,,,,,,,,,,,,,
,,,,,,,,,,,,,,,
,,,,,,,,,,,,,,,
,,,,,,,,,,,,,,,
,,,,,,,,,,,,,,,
,,,,,,,,,,,,,,,
,,,,,,,,,,,,,,,
,,,,,,,,,,,,,,,
,,,,,,,,,,,,,,,
,,,,,,,,,,,,,,,
,,,,,,,,,,,,,,,
,,,,,,,,,,,,,,,
,,,,,,,,,,,,,,,
,,,,,,,,,,,,,,,
,,,,,,,,,,,,,,,
,,,,,,,,,,,,,,,
,,,,,,,,,,,,,,,
,,,,,,,,,,,,,,,
,,,,,,,,,,,,,,,
,,,,,,,,,,,,,,,
,,,,,,,,,,,,,,,
,,,,,,,,,,,,,,,
,,,,,,,,,,,,,,,
,,,,,,,,,,,,,,,
,,,,,,,,,,,,,,,
,,,,,,,,,,,,,,,
,,,,,,,,,,,,,,,
,,,,,,,,,,,,,,,
,,,,,,,,,,,,,,,
,,,,,,,,,,,,,,,
,,,,,,,,,,,,,,,
,,,,,,,,,,,,,,,
,,,,,,,,,,,,,,,
,,,,,,,,,,,,,,,
,,,,,,,,,,,,,,,
,,,,,,,,,,,,,,,
,,,,,,,,,,,,,,,
,,,,,,,,,,,,,,,
,,,,,,,,,,,,,,,
,,,,,,,,,,,,,,,
,,,,,,,,,,,,,,,
,,,,,,,,,,,,,,,
,,,,,,,,,,,,,,,
,,,,,,,,,,,,,,,
,,,,,,,,,,,,,,,
,,,,,,,,,,,,,,,
,,,,,,,,,,,,,,,
,,,,,,,,,,,,,,,
,,,,,,,,,,,,,,,
,,,,,,,,,,,,,,,
,,,,,,,,,,,,,,,
,,,,,,,,,,,,,,,
,,,,,,,,,,,,,,,
,,,,,,,,,,,,,,,
,,,,,,,,,,,,,,,
,,,,,,,,,,,,,,,
,,,,,,,,,,,,,,,
,,,,,,,,,,,,,,,
,,,,,,,,,,,,,,,
,,,,,,,,,,,,,,,
,,,,,,,,,,,,,,,
,,,,,,,,,,,,,,,
,,,,,,,,,,,,,,,
,,,,,,,,,,,,,,,
,,,,,,,,,,,,,,,
,,,,,,,,,,,,,,,
,,,,,,,,,,,,,,,
,,,,,,,,,,,,,,,
,,,,,,,,,,,,,,,
,,,,,,,,,,,,,,,
,,,,,,,,,,,,,,,
,,,,,,,,,,,,,,,
,,,,,,,,,,,,,,,
,,,,,,,,,,,,,,,
,,,,,,,,,,,,,,,
,,,,,,,,,,,,,,,
,,,,,,,,,,,,,,,
,,,,,,,,,,,,,,,
,,,,,,,,,,,,,,,
,,,,,,,,,,,,,,,
,,,,,,,,,,,,,,,
,,,,,,,,,,,,,,,
,,,,,,,,,,,,,,,
,,,,,,,,,,,,,,,
,,,,,,,,,,,,,,,
,,,,,,,,,,,,,,,
,,,,,,,,,,,,,,,
,,,,,,,,,,,,,,,
,,,,,,,,,,,,,,,
,,,,,,,,,,,,,,,
,,,,,,,,,,,,,,,
,,,,,,,,,,,,,,,
,,,,,,,,,,,,,,,
,,,,,,,,,,,,,,,
,,,,,,,,,,,,,,,
,,,,,,,,,,,,,,,
,,,,,,,,,,,,,,,
,,,,,,,,,,,,,,,
,,,,,,,,,,,,,,,
,,,,,,,,,,,,,,,
,,,,,,,,,,,,,,,
,,,,,,,,,,,,,,,
,,,,,,,,,,,,,,,
,,,,,,,,,,,,,,,
,,,,,,,,,,,,,,,
,,,,,,,,,,,,,,,
,,,,,,,,,,,,,,,
,,,,,,,,,,,,,,,
,,,,,,,,,,,,,,,
,,,,,,,,,,,,,,,
,,,,,,,,,,,,,,,
,,,,,,,,,,,,,,,
,,,,,,,,,,,,,,,
,,,,,,,,,,,,,,,
,,,,,,,,,,,,,,,
,,,,,,,,,,,,,,,
,,,,,,,,,,,,,,,
,,,,,,,,,,,,,,,
,,,,,,,,,,,,,,,
,,,,,,,,,,,,,,,
,,,,,,,,,,,,,,,
,,,,,,,,,,,,,,,
,,,,,,,,,,,,,,,
,,,,,,,,,,,,,,,
,,,,,,,,,,,,,,,
,,,,,,,,,,,,,,,
,,,,,,,,,,,,,,,
,,,,,,,,,,,,,,,
,,,,,,,,,,,,,,,
,,,,,,,,,,,,,,,
,,,,,,,,,,,,,,,
,,,,,,,,,,,,,,,
,,,,,,,,,,,,,,,
,,,,,,,,,,,,,,,
,,,,,,,,,,,,,,,
,,,,,,,,,,,,,,,
,,,,,,,,,,,,,,,
,,,,,,,,,,,,,,,
,,,,,,,,,,,,,,,
,,,,,,,,,,,,,,,
,,,,,,,,,,,,,,,
,,,,,,,,,,,,,,,
,,,,,,,,,,,,,,,
,,,,,,,,,,,,,,,
,,,,,,,,,,,,,,,
,,,,,,,,,,,,,,,
,,,,,,,,,,,,,,,
,,,,,,,,,,,,,,,
,,,,,,,,,,,,,,,
,,,,,,,,,,,,,,,
,,,,,,,,,,,,,,,
,,,,,,,,,,,,,,,
,,,,,,,,,,,,,,,
,,,,,,,,,,,,,,,
,,,,,,,,,,,,,,,
,,,,,,,,,,,,,,,
,,,,,,,,,,,,,,,
,,,,,,,,,,,,,,,
,,,,,,,,,,,,,,,
,,,,,,,,,,,,,,,
,,,,,,,,,,,,,,,
,,,,,,,,,,,,,,,
,,,,,,,,,,,,,,,
,,,,,,,,,,,,,,,
,,,,,,,,,,,,,,,
,,,,,,,,,,,,,,,
,,,,,,,,,,,,,,,
,,,,,,,,,,,,,,,
,,,,,,,,,,,,,,,
,,,,,,,,,,,,,,,
,,,,,,,,,,,,,,,
,,,,,,,,,,,,,,,
,,,,,,,,,,,,,,,
,,,,,,,,,,,,,,,
,,,,,,,,,,,,,,,
,,,,,,,,,,,,,,,
,,,,,,,,,,,,,,,
,,,,,,,,,,,,,,,
,,,,,,,,,,,,,,,
,,,,,,,,,,,,,,,
,,,,,,,,,,,,,,,
,,,,,,,,,,,,,,,
,,,,,,,,,,,,,,,
,,,,,,,,,,,,,,,
,,,,,,,,,,,,,,,
,,,,,,,,,,,,,,,
,,,,,,,,,,,,,,,
,,,,,,,,,,,,,,,
,,,,,,,,,,,,,,,
,,,,,,,,,,,,,,,
,,,,,,,,,,,,,,,
,,,,,,,,,,,,,,,
,,,,,,,,,,,,,,,
,,,,,,,,,,,,,,,
,,,,,,,,,,,,,,,
,,,,,,,,,,,,,,,
,,,,,,,,,,,,,,,
,,,,,,,,,,,,,,,
,,,,,,,,,,,,,,,
,,,,,,,,,,,,,,,
,,,,,,,,,,,,,,,
,,,,,,,,,,,,,,,
,,,,,,,,,,,,,,,
,,,,,,,,,,,,,,,
,,,,,,,,,,,,,,,
,,,,,,,,,,,,,,,
,,,,,,,,,,,,,,,
,,,,,,,,,,,,,,,
,,,,,,,,,,,,,,,
,,,,,,,,,,,,,,,
,,,,,,,,,,,,,,,
,,,,,,,,,,,,,,,
,,,,,,,,,,,,,,,
,,,,,,,,,,,,,,,
,,,,,,,,,,,,,,,
,,,,,,,,,,,,,,,
,,,,,,,,,,,,,,,
,,,,,,,,,,,,,,,
,,,,,,,,,,,,,,,
,,,,,,,,,,,,,,,
,,,,,,,,,,,,,,,
,,,,,,,,,,,,,,,
,,,,,,,,,,,,,,,
,,,,,,,,,,,,,,,
,,,,,,,,,,,,,,,
,,,,,,,,,,,,,,,
,,,,,,,,,,,,,,,
,,,,,,,,,,,,,,,
,,,,,,,,,,,,,,,
,,,,,,,,,,,,,,,
,,,,,,,,,,,,,,,
,,,,,,,,,,,,,,,
,,,,,,,,,,,,,,,
,,,,,,,,,,,,,,,
,,,,,,,,,,,,,,,
,,,,,,,,,,,,,,,
,,,,,,,,,,,,,,,
,,,,,,,,,,,,,,,
,,,,,,,,,,,,,,,
,,,,,,,,,,,,,,,
,,,,,,,,,,,,,,,
,,,,,,,,,,,,,,,
,,,,,,,,,,,,,,,
,,,,,,,,,,,,,,,
,,,,,,,,,,,,,,,
,,,,,,,,,,,,,,,
,,,,,,,,,,,,,,,
,,,,,,,,,,,,,,,
,,,,,,,,,,,,,,,
,,,,,,,,,,,,,,,
,,,,,,,,,,,,,,,
,,,,,,,,,,,,,,,
,,,,,,,,,,,,,,,
,,,,,,,,,,,,,,,
,,,,,,,,,,,,,,,
,,,,,,,,,,,,,,,
,,,,,,,,,,,,,,,
,,,,,,,,,,,,,,,
,,,,,,,,,,,,,,,
,,,,,,,,,,,,,,,
,,,,,,,,,,,,,,,
,,,,,,,,,,,,,,,
,,,,,,,,,,,,,,,
,,,,,,,,,,,,,,,
,,,,,,,,,,,,,,,
,,,,,,,,,,,,,,,
,,,,,,,,,,,,,,,
,,,,,,,,,,,,,,,
,,,,,,,,,,,,,,,
,,,,,,,,,,,,,,,
,,,,,,,,,,,,,,,
,,,,,,,,,,,,,,,
,,,,,,,,,,,,,,,
,,,,,,,,,,,,,,,
,,,,,,,,,,,,,,,
,,,,,,,,,,,,,,,
,,,,,,,,,,,,,,,
,,,,,,,,,,,,,,,
,,,,,,,,,,,,,,,
,,,,,,,,,,,,,,,
,,,,,,,,,,,,,,,
,,,,,,,,,,,,,,,
,,,,,,,,,,,,,,,
,,,,,,,,,,,,,,,
,,,,,,,,,,,,,,,
,,,,,,,,,,,,,,,
,,,,,,,,,,,,,,,
,,,,,,,,,,,,,,,
,,,,,,,,,,,,,,,
,,,,,,,,,,,,,,,
,,,,,,,,,,,,,,,
,,,,,,,,,,,,,,,
,,,,,,,,,,,,,,,
,,,,,,,,,,,,,,,
,,,,,,,,,,,,,,,
,,,,,,,,,,,,,,,
,,,,,,,,,,,,,,,
,,,,,,,,,,,,,,,
,,,,,,,,,,,,,,,
,,,,,,,,,,,,,,,
,,,,,,,,,,,,,,,
,,,,,,,,,,,,,,,
,,,,,,,,,,,,,,,
,,,,,,,,,,,,,,,
,,,,,,,,,,,,,,,
,,,,,,,,,,,,,,,
,,,,,,,,,,,,,,,
,,,,,,,,,,,,,,,
,,,,,,,,,,,,,,,
,,,,,,,,,,,,,,,
,,,,,,,,,,,,,,,
,,,,,,,,,,,,,,,
,,,,,,,,,,,,,,,
,,,,,,,,,,,,,,,
,,,,,,,,,,,,,,,
,,,,,,,,,,,,,,,
,,,,,,,,,,,,,,,
,,,,,,,,,,,,,,,
,,,,,,,,,,,,,,,
,,,,,,,,,,,,,,,
,,,,,,,,,,,,,,,
,,,,,,,,,,,,,,,
,,,,,,,,,,,,,,,
,,,,,,,,,,,,,,,
,,,,,,,,,,,,,,,
,,,,,,,,,,,,,,,
,,,,,,,,,,,,,,,
,,,,,,,,,,,,,,,
,,,,,,,,,,,,,,,
,,,,,,,,,,,,,,,
,,,,,,,,,,,,,,,
,,,,,,,,,,,,,,,
,,,,,,,,,,,,,,,
,,,,,,,,,,,,,,,
,,,,,,,,,,,,,,,
,,,,,,,,,,,,,,,
,,,,,,,,,,,,,,,
,,,,,,,,,,,,,,,
,,,,,,,,,,,,,,,
,,,,,,,,,,,,,,,
,,,,,,,,,,,,,,,
,,,,,,,,,,,,,,,
,,,,,,,,,,,,,,,
,,,,,,,,,,,,,,,
,,,,,,,,,,,,,,,
,,,,,,,,,,,,,,,
,,,,,,,,,,,,,,,
,,,,,,,,,,,,,,,
,,,,,,,,,,,,,,,
,,,,,,,,,,,,,,,
,,,,,,,,,,,,,,,
,,,,,,,,,,,,,,,
,,,,,,,,,,,,,,,
,,,,,,,,,,,,,,,
,,,,,,,,,,,,,,,
,,,,,,,,,,,,,,,
,,,,,,,,,,,,,,,
,,,,,,,,,,,,,,,
,,,,,,,,,,,,,,,
,,,,,,,,,,,,,,,
,,,,,,,,,,,,,,,
,,,,,,,,,,,,,,,
,,,,,,,,,,,,,,,
,,,,,,,,,,,,,,,
,,,,,,,,,,,,,,,
,,,,,,,,,,,,,,,
,,,,,,,,,,,,,,,
,,,,,,,,,,,,,,,
,,,,,,,,,,,,,,,
,,,,,,,,,,,,,,,
,,,,,,,,,,,,,,,
,,,,,,,,,,,,,,,
,,,,,,,,,,,,,,,
,,,,,,,,,,,,,,,
,,,,,,,,,,,,,,,
,,,,,,,,,,,,,,,
,,,,,,,,,,,,,,,
,,,,,,,,,,,,,,,
,,,,,,,,,,,,,,,
,,,,,,,,,,,,,,,
,,,,,,,,,,,,,,,
,,,,,,,,,,,,,,,
,,,,,,,,,,,,,,,
,,,,,,,,,,,,,,,
,,,,,,,,,,,,,,,
,,,,,,,,,,,,,,,
,,,,,,,,,,,,,,,
,,,,,,,,,,,,,,,
,,,,,,,,,,,,,,,
,,,,,,,,,,,,,,,
,,,,,,,,,,,,,,,
,,,,,,,,,,,,,,,
,,,,,,,,,,,,,,,
,,,,,,,,,,,,,,,
,,,,,,,,,,,,,,,
,,,,,,,,,,,,,,,
,,,,,,,,,,,,,,,
,,,,,,,,,,,,,,,
,,,,,,,,,,,,,,,
,,,,,,,,,,,,,,,
,,,,,,,,,,,,,,,
,,,,,,,,,,,,,,,
,,,,,,,,,,,,,,,
,,,,,,,,,,,,,,,
,,,,,,,,,,,,,,,
,,,,,,,,,,,,,,,
,,,,,,,,,,,,,,,
,,,,,,,,,,,,,,,
,,,,,,,,,,,,,,,
,,,,,,,,,,,,,,,
,,,,,,,,,,,,,,,
,,,,,,,,,,,,,,,
,,,,,,,,,,,,,,,
,,,,,,,,,,,,,,,
,,,,,,,,,,,,,,,
,,,,,,,,,,,,,,,
,,,,,,,,,,,,,,,
,,,,,,,,,,,,,,,
,,,,,,,,,,,,,,,
,,,,,,,,,,,,,,,
,,,,,,,,,,,,,,,
,,,,,,,,,,,,,,,
,,,,,,,,,,,,,,,
,,,,,,,,,,,,,,,
,,,,,,,,,,,,,,,
,,,,,,,,,,,,,,,
,,,,,,,,,,,,,,,
,,,,,,,,,,,,,,,
,,,,,,,,,,,,,,,
,,,,,,,,,,,,,,,
,,,,,,,,,,,,,,,
,,,,,,,,,,,,,,,
,,,,,,,,,,,,,,,
,,,,,,,,,,,,,,,
,,,,,,,,,,,,,,,
,,,,,,,,,,,,,,,
,,,,,,,,,,,,,,,
,,,,,,,,,,,,,,,
,,,,,,,,,,,,,,,
,,,,,,,,,,,,,,,
,,,,,,,,,,,,,,,
,,,,,,,,,,,,,,,
,,,,,,,,,,,,,,,
,,,,,,,,,,,,,,,
,,,,,,,,,,,,,,,
,,,,,,,,,,,,,,,
,,,,,,,,,,,,,,,
,,,,,,,,,,,,,,,
,,,,,,,,,,,,,,,
,,,,,,,,,,,,,,,
,,,,,,,,,,,,,,,
,,,,,,,,,,,,,,,
,,,,,,,,,,,,,,,
,,,,,,,,,,,,,,,
,,,,,,,,,,,,,,,
,,,,,,,,,,,,,,,
,,,,,,,,,,,,,,,
,,,,,,,,,,,,,,,
,,,,,,,,,,,,,,,
,,,,,,,,,,,,,,,
,,,,,,,,,,,,,,,
,,,,,,,,,,,,,,,
,,,,,,,,,,,,,,,
,,,,,,,,,,,,,,,
,,,,,,,,,,,,,,,
,,,,,,,,,,,,,,,
,,,,,,,,,,,,,,,
,,,,,,,,,,,,,,,
,,,,,,,,,,,,,,,
,,,,,,,,,,,,,,,
,,,,,,,,,,,,,,,
,,,,,,,,,,,,,,,
,,,,,,,,,,,,,,,
,,,,,,,,,,,,,,,
,,,,,,,,,,,,,,,
,,,,,,,,,,,,,,,
,,,,,,,,,,,,,,,
,,,,,,,,,,,,,,,
,,,,,,,,,,,,,,,
,,,,,,,,,,,,,,,
,,,,,,,,,,,,,,,
,,,,,,,,,,,,,,,
,,,,,,,,,,,,,,,
,,,,,,,,,,,,,,,
,,,,,,,,,,,,,,,
,,,,,,,,,,,,,,,
,,,,,,,,,,,,,,,
,,,,,,,,,,,,,,,
,,,,,,,,,,,,,,,
,,,,,,,,,,,,,,,
,,,,,,,,,,,,,,,
,,,,,,,,,,,,,,,
,,,,,,,,,,,,,,,
,,,,,,,,,,,,,,,
,,,,,,,,,,,,,,,
,,,,,,,,,,,,,,,
,,,,,,,,,,,,,,,
,,,,,,,,,,,,,,,
,,,,,,,,,,,,,,,
,,,,,,,,,,,,,,,
,,,,,,,,,,,,,,,
,,,,,,,,,,,,,,,
,,,,,,,,,,,,,,,
,,,,,,,,,,,,,,,
,,,,,,,,,,,,,,,
,,,,,,,,,,,,,,,
,,,,,,,,,,,,,,,
,,,,,,,,,,,,,,,
,,,,,,,,,,,,,,,
,,,,,,,,,,,,,,,
,,,,,,,,,,,,,,,
,,,,,,,,,,,,,,,
,,,,,,,,,,,,,,,
,,,,,,,,,,,,,,,
,,,,,,,,,,,,,,,
,,,,,,,,,,,,,,,
,,,,,,,,,,,,,,,
,,,,,,,,,,,,,,,
,,,,,,,,,,,,,,,
,,,,,,,,,,,,,,,
,,,,,,,,,,,,,,,
,,,,,,,,,,,,,,,
,,,,,,,,,,,,,,,
,,,,,,,,,,,,,,,
,,,,,,,,,,,,,,,
,,,,,,,,,,,,,,,
,,,,,,,,,,,,,,,
,,,,,,,,,,,,,,,
,,,,,,,,,,,,,,,
,,,,,,,,,,,,,,,
,,,,,,,,,,,,,,,
,,,,,,,,,,,,,,,
,,,,,,,,,,,,,,,
,,,,,,,,,,,,,,,
,,,,,,,,,,,,,,,
,,,,,,,,,,,,,,,
,,,,,,,,,,,,,,,
,,,,,,,,,,,,,,,
,,,,,,,,,,,,,,,
,,,,,,,,,,,,,,,
,,,,,,,,,,,,,,,
,,,,,,,,,,,,,,,
,,,,,,,,,,,,,,,
,,,,,,,,,,,,,,,
,,,,,,,,,,,,,,,
,,,,,,,,,,,,,,,
,,,,,,,,,,,,,,,
,,,,,,,,,,,,,,,
,,,,,,,,,,,,,,,
,,,,,,,,,,,,,,,
,,,,,,,,,,,,,,,
,,,,,,,,,,,,,,,
,,,,,,,,,,,,,,,
,,,,,,,,,,,,,,,
,,,,,,,,,,,,,,,
,,,,,,,,,,,,,,,
,,,,,,,,,,,,,,,
,,,,,,,,,,,,,,,
,,,,,,,,,,,,,,,
,,,,,,,,,,,,,,,
,,,,,,,,,,,,,,,
,,,,,,,,,,,,,,,
,,,,,,,,,,,,,,,
,,,,,,,,,,,,,,,
,,,,,,,,,,,,,,,
,,,,,,,,,,,,,,,
,,,,,,,,,,,,,,,
,,,,,,,,,,,,,,,
,,,,,,,,,,,,,,,
,,,,,,,,,,,,,,,
,,,,,,,,,,,,,,,
,,,,,,,,,,,,,,,
,,,,,,,,,,,,,,,
,,,,,,,,,,,,,,,
,,,,,,,,,,,,,,,
,,,,,,,,,,,,,,,
,,,,,,,,,,,,,,,
,,,,,,,,,,,,,,,
,,,,,,,,,,,,,,,
,,,,,,,,,,,,,,,
,,,,,,,,,,,,,,,
,,,,,,,,,,,,,,,
,,,,,,,,,,,,,,,
,,,,,,,,,,,,,,,
,,,,,,,,,,,,,,,
,,,,,,,,,,,,,,,
,,,,,,,,,,,,,,,
,,,,,,,,,,,,,,,
,,,,,,,,,,,,,,,
,,,,,,,,,,,,,,,
,,,,,,,,,,,,,,,
,,,,,,,,,,,,,,,
,,,,,,,,,,,,,,,
,,,,,,,,,,,,,,,
,,,,,,,,,,,,,,,
,,,,,,,,,,,,,,,
,,,,,,,,,,,,,,,
,,,,,,,,,,,,,,,
,,,,,,,,,,,,,,,
,,,,,,,,,,,,,,,
,,,,,,,,,,,,,,,
,,,,,,,,,,,,,,,
,,,,,,,,,,,,,,,
,,,,,,,,,,,,,,,
,,,,,,,,,,,,,,,
,,,,,,,,,,,,,,,
,,,,,,,,,,,,,,,
,,,,,,,,,,,,,,,
,,,,,,,,,,,,,,,
,,,,,,,,,,,,,,,
,,,,,,,,,,,,,,,
,,,,,,,,,,,,,,,
,,,,,,,,,,,,,,,
,,,,,,,,,,,,,,,
,,,,,,,,,,,,,,,
,,,,,,,,,,,,,,,
,,,,,,,,,,,,,,,
,,,,,,,,,,,,,,,
,,,,,,,,,,,,,,,
,,,,,,,,,,,,,,,
,,,,,,,,,,,,,,,
,,,,,,,,,,,,,,,
,,,,,,,,,,,,,,,
,,,,,,,,,,,,,,,
,,,,,,,,,,,,,,,
,,,,,,,,,,,,,,,
,,,,,,,,,,,,,,,
,,,,,,,,,,,,,,,
,,,,,,,,,,,,,,,
,,,,,,,,,,,,,,,
,,,,,,,,,,,,,,,
,,,,,,,,,,,,,,,
,,,,,,,,,,,,,,,
,,,,,,,,,,,,,,,
,,,,,,,,,,,,,,,
,,,,,,,,,,,,,,,
,,,,,,,,,,,,,,,
,,,,,,,,,,,,,,,
,,,,,,,,,,,,,,,
,,,,,,,,,,,,,,,
,,,,,,,,,,,,,,,
,,,,,,,,,,,,,,,
,,,,,,,,,,,,,,,
,,,,,,,,,,,,,,,
,,,,,,,,,,,,,,,
,,,,,,,,,,,,,,,
,,,,,,,,,,,,,,,
,,,,,,,,,,,,,,,
,,,,,,,,,,,,,,,
,,,,,,,,,,,,,,,
,,,,,,,,,,,,,,,
,,,,,,,,,,,,,,,
,,,,,,,,,,,,,,,
,,,,,,,,,,,,,,,
,,,,,,,,,,,,,,,
,,,,,,,,,,,,,,,
,,,,,,,,,,,,,,,
,,,,,,,,,,,,,,,
,,,,,,,,,,,,,,,
,,,,,,,,,,,,,,,
,,,,,,,,,,,,,,,
,,,,,,,,,,,,,,,
,,,,,,,,,,,,,,,
,,,,,,,,,,,,,,,
,,,,,,,,,,,,,,,
,,,,,,,,,,,,,,,
,,,,,,,,,,,,,,,
,,,,,,,,,,,,,,,
,,,,,,,,,,,,,,,
,,,,,,,,,,,,,,,
,,,,,,,,,,,,,,,
,,,,,,,,,,,,,,,
,,,,,,,,,,,,,,,
,,,,,,,,,,,,,,,
,,,,,,,,,,,,,,,
,,,,,,,,,,,,,,,
,,,,,,,,,,,,,,,
,,,,,,,,,,,,,,,
,,,,,,,,,,,,,,,
,,,,,,,,,,,,,,,
,,,,,,,,,,,,,,,
,,,,,,,,,,,,,,,
,,,,,,,,,,,,,,,
,,,,,,,,,,,,,,,
,,,,,,,,,,,,,,,
,,,,,,,,,,,,,,,
,,,,,,,,,,,,,,,
,,,,,,,,,,,,,,,
,,,,,,,,,,,,,,,
,,,,,,,,,,,,,,,
,,,,,,,,,,,,,,,
,,,,,,,,,,,,,,,
,,,,,,,,,,,,,,,
,,,,,,,,,,,,,,,
,,,,,,,,,,,,,,,
,,,,,,,,,,,,,,,
,,,,,,,,,,,,,,,
,,,,,,,,,,,,,,,
,,,,,,,,,,,,,,,
,,,,,,,,,,,,,,,
,,,,,,,,,,,,,,,
,,,,,,,,,,,,,,,
,,,,,,,,,,,,,,,
,,,,,,,,,,,,,,,
,,,,,,,,,,,,,,,
,,,,,,,,,,,,,,,
,,,,,,,,,,,,,,,
,,,,,,,,,,,,,,,
,,,,,,,,,,,,,,,
,,,,,,,,,,,,,,,
,,,,,,,,,,,,,,,
,,,,,,,,,,,,,,,
,,,,,,,,,,,,,,,
,,,,,,,,,,,,,,,
,,,,,,,,,,,,,,,
,,,,,,,,,,,,,,,
,,,,,,,,,,,,,,,
,,,,,,,,,,,,,,,
,,,,,,,,,,,,,,,
,,,,,,,,,,,,,,,
,,,,,,,,,,,,,,,
,,,,,,,,,,,,,,,
,,,,,,,,,,,,,,,
,,,,,,,,,,,,,,,
,,,,,,,,,,,,,,,
,,,,,,,,,,,,,,,
,,,,,,,,,,,,,,,
,,,,,,,,,,,,,,,
,,,,,,,,,,,,,,,
,,,,,,,,,,,,,,,
,,,,,,,,,,,,,,,
,,,,,,,,,,,,,,,
,,,,,,,,,,,,,,,
,,,,,,,,,,,,,,,
,,,,,,,,,,,,,,,
,,,,,,,,,,,,,,,
,,,,,,,,,,,,,,,
,,,,,,,,,,,,,,,
,,,,,,,,,,,,,,,
,,,,,,,,,,,,,,,
,,,,,,,,,,,,,,,
,,,,,,,,,,,,,,,
,,,,,,,,,,,,,,,
,,,,,,,,,,,,,,,
,,,,,,,,,,,,,,,
,,,,,,,,,,,,,,,
,,,,,,,,,,,,,,,
,,,,,,,,,,,,,,,
,,,,,,,,,,,,,,,
,,,,,,,,,,,,,,,
,,,,,,,,,,,,,,,
,,,,,,,,,,,,,,,
,,,,,,,,,,,,,,,
,,,,,,,,,,,,,,,
,,,,,,,,,,,,,,,
,,,,,,,,,,,,,,,
,,,,,,,,,,,,,,,
,,,,,,,,,,,,,,,
,,,,,,,,,,,,,,,
,,,,,,,,,,,,,,,
,,,,,,,,,,,,,,,
,,,,,,,,,,,,,,,
,,,,,,,,,,,,,,,
,,,,,,,,,,,,,,,
,,,,,,,,,,,,,,,
,,,,,,,,,,,,,,,
,,,,,,,,,,,,,,,
,,,,,,,,,,,,,,,
,,,,,,,,,,,,,,,
,,,,,,,,,,,,,,,
,,,,,,,,,,,,,,,
,,,,,,,,,,,,,,,
,,,,,,,,,,,,,,,
,,,,,,,,,,,,,,,
,,,,,,,,,,,,,,,
,,,,,,,,,,,,,,,
,,,,,,,,,,,,,,,
,,,,,,,,,,,,,,,
,,,,,,,,,,,,,,,
,,,,,,,,,,,,,,,
,,,,,,,,,,,,,,,
,,,,,,,,,,,,,,,
,,,,,,,,,,,,,,,
,,,,,,,,,,,,,,,
,,,,,,,,,,,,,,,
,,,,,,,,,,,,,,,
,,,,,,,,,,,,,,,
,,,,,,,,,,,,,,,
,,,,,,,,,,,,,,,
,,,,,,,,,,,,,,,
,,,,,,,,,,,,,,,
,,,,,,,,,,,,,,,
,,,,,,,,,,,,,,,
,,,,,,,,,,,,,,,
,,,,,,,,,,,,,,,
,,,,,,,,,,,,,,,
,,,,,,,,,,,,,,,
,,,,,,,,,,,,,,,
,,,,,,,,,,,,,,,
,,,,,,,,,,,,,,,
,,,,,,,,,,,,,,,
,,,,,,,,,,,,,,,
,,,,,,,,,,,,,,,
,,,,,,,,,,,,,,,
,,,,,,,,,,,,,,,
,,,,,,,,,,,,,,,
,,,,,,,,,,,,,,,
,,,,,,,,,,,,,,,
,,,,,,,,,,,,,,,
,,,,,,,,,,,,,,,
,,,,,,,,,,,,,,,
,,,,,,,,,,,,,,,
,,,,,,,,,,,,,,,
,,,,,,,,,,,,,,,
,,,,,,,,,,,,,,,
,,,,,,,,,,,,,,,
,,,,,,,,,,,,,,,
,,,,,,,,,,,,,,,
,,,,,,,,,,,,,,,
,,,,,,,,,,,,,,,
,,,,,,,,,,,,,,,
,,,,,,,,,,,,,,,
,,,,,,,,,,,,,,,
,,,,,,,,,,,,,,,
,,,,,,,,,,,,,,,
,,,,,,,,,,,,,,,
,,,,,,,,,,,,,,,
,,,,,,,,,,,,,,,
,,,,,,,,,,,,,,,
,,,,,,,,,,,,,,,
,,,,,,,,,,,,,,,
,,,,,,,,,,,,,,,
,,,,,,,,,,,,,,,
,,,,,,,,,,,,,,,
,,,,,,,,,,,,,,,
,,,,,,,,,,,,,,,
,,,,,,,,,,,,,,,
,,,,,,,,,,,,,,,
,,,,,,,,,,,,,,,
,,,,,,,,,,,,,,,
,,,,,,,,,,,,,,,
,,,,,,,,,,,,,,,
,,,,,,,,,,,,,,,
,,,,,,,,,,,,,,,
,,,,,,,,,,,,,,,
,,,,,,,,,,,,,,,
,,,,,,,,,,,,,,,
,,,,,,,,,,,,,,,
,,,,,,,,,,,,,,,
,,,,,,,,,,,,,,,
,,,,,,,,,,,,,,,
,,,,,,,,,,,,,,,
,,,,,,,,,,,,,,,
,,,,,,,,,,,,,,,
,,,,,,,,,,,,,,,
,,,,,,,,,,,,,,,
,,,,,,,,,,,,,,,
,,,,,,,,,,,,,,,
,,,,,,,,,,,,,,,
,,,,,,,,,,,,,,,
,,,,,,,,,,,,,,,
,,,,,,,,,,,,,,,
,,,,,,,,,,,,,,,
,,,,,,,,,,,,,,,
,,,,,,,,,,,,,,,
,,,,,,,,,,,,,,,
,,,,,,,,,,,,,,,
,,,,,,,,,,,,,,,
,,,,,,,,,,,,,,,
,,,,,,,,,,,,,,,
,,,,,,,,,,,,,,,
,,,,,,,,,,,,,,,
,,,,,,,,,,,,,,,
,,,,,,,,,,,,,,,
,,,,,,,,,,,,,,,
,,,,,,,,,,,,,,,
,,,,,,,,,,,,,,,
,,,,,,,,,,,,,,,
,,,,,,,,,,,,,,,
,,,,,,,,,,,,,,,
,,,,,,,,,,,,,,,
,,,,,,,,,,,,,,,
,,,,,,,,,,,,,,,
,,,,,,,,,,,,,,,
,,,,,,,,,,,,,,,
,,,,,,,,,,,,,,,
,,,,,,,,,,,,,,,
,,,,,,,,,,,,,,,
,,,,,,,,,,,,,,,
,,,,,,,,,,,,,,,
,,,,,,,,,,,,,,,
,,,,,,,,,,,,,,,
,,,,,,,,,,,,,,,
,,,,,,,,,,,,,,,
,,,,,,,,,,,,,,,
,,,,,,,,,,,,,,,
,,,,,,,,,,,,,,,
,,,,,,,,,,,,,,,
,,,,,,,,,,,,,,,
,,,,,,,,,,,,,,,
,,,,,,,,,,,,,,,
,,,,,,,,,,,,,,,
,,,,,,,,,,,,,,,
,,,,,,,,,,,,,,,
,,,,,,,,,,,,,,,
,,,,,,,,,,,,,,,
,,,,,,,,,,,,,,,
,,,,,,,,,,,,,,,
,,,,,,,,,,,,,,,
,,,,,,,,,,,,,,,
,,,,,,,,,,,,,,,
,,,,,,,,,,,,,,,
,,,,,,,,,,,,,,,
,,,,,,,,,,,,,,,
,,,,,,,,,,,,,,,
,,,,,,,,,,,,,,,
,,,,,,,,,,,,,,,
,,,,,,,,,,,,,,,
,,,,,,,,,,,,,,,
,,,,,,,,,,,,,,,
,,,,,,,,,,,,,,,
,,,,,,,,,,,,,,,
,,,,,,,,,,,,,,,
,,,,,,,,,,,,,,,
,,,,,,,,,,,,,,,
,,,,,,,,,,,,,,,
,,,,,,,,,,,,,,,
,,,,,,,,,,,,,,,
,,,,,,,,,,,,,,,
,,,,,,,,,,,,,,,
,,,,,,,,,,,,,,,
,,,,,,,,,,,,,,,
,,,,,,,,,,,,,,,
,,,,,,,,,,,,,,,
,,,,,,,,,,,,,,,
,,,,,,,,,,,,,,,
,,,,,,,,,,,,,,,
,,,,,,,,,,,,,,,
,,,,,,,,,,,,,,,
,,,,,,,,,,,,,,,
,,,,,,,,,,,,,,,
,,,,,,,,,,,,,,,
,,,,,,,,,,,,,,,
,,,,,,,,,,,,,,,
,,,,,,,,,,,,,,,
,,,,,,,,,,,,,,,
,,,,,,,,,,,,,,,
,,,,,,,,,,,,,,,
,,,,,,,,,,,,,,,
,,,,,,,,,,,,,,,
,,,,,,,,,,,,,,,
,,,,,,,,,,,,,,,
,,,,,,,,,,,,,,,
,,,,,,,,,,,,,,,
,,,,,,,,,,,,,,,
,,,,,,,,,,,,,,,
,,,,,,,,,,,,,,,
,,,,,,,,,,,,,,,
,,,,,,,,,,,,,,,
,,,,,,,,,,,,,,,
,,,,,,,,,,,,,,,
,,,,,,,,,,,,,,,
,,,,,,,,,,,,,,,
,,,,,,,,,,,,,,,
,,,,,,,,,,,,,,,
,,,,,,,,,,,,,,,
,,,,,,,,,,,,,,,
,,,,,,,,,,,,,,,
,,,,,,,,,,,,,,,
,,,,,,,,,,,,,,,
,,,,,,,,,,,,,,,
,,,,,,,,,,,,,,,
,,,,,,,,,,,,,,,
,,,,,,,,,,,,,,,
,,,,,,,,,,,,,,,
,,,,,,,,,,,,,,,
,,,,,,,,,,,,,,,
,,,,,,,,,,,,,,,
,,,,,,,,,,,,,,,
,,,,,,,,,,,,,,,
,,,,,,,,,,,,,,,
,,,,,,,,,,,,,,,
,,,,,,,,,,,,,,,
,,,,,,,,,,,,,,,
,,,,,,,,,,,,,,,
,,,,,,,,,,,,,,,
,,,,,,,,,,,,,,,
,,,,,,,,,,,,,,,
,,,,,,,,,,,,,,,
,,,,,,,,,,,,,,,
,,,,,,,,,,,,,,,
,,,,,,,,,,,,,,,
,,,,,,,,,,,,,,,
,,,,,,,,,,,,,,,
,,,,,,,,,,,,,,,
,,,,,,,,,,,,,,,
,,,,,,,,,,,,,,,
,,,,,,,,,,,,,,,
,,,,,,,,,,,,,,,
,,,,,,,,,,,,,,,
,,,,,,,,,,,,,,,
,,,,,,,,,,,,,,,
,,,,,,,,,,,,,,,
,,,,,,,,,,,,,,,
,,,,,,,,,,,,,,,
,,,,,,,,,,,,,,,
,,,,,,,,,,,,,,,
,,,,,,,,,,,,,,,
,,,,,,,,,,,,,,,
,,,,,,,,,,,,,,,
,,,,,,,,,,,,,,,
,,,,,,,,,,,,,,,
,,,,,,,,,,,,,,,
,,,,,,,,,,,,,,,
,,,,,,,,,,,,,,,
,,,,,,,,,,,,,,,
,,,,,,,,,,,,,,,
,,,,,,,,,,,,,,,
,,,,,,,,,,,,,,,
,,,,,,,,,,,,,,,
,,,,,,,,,,,,,,,
,,,,,,,,,,,,,,,
,,,,,,,,,,,,,,,
,,,,,,,,,,,,,,,
,,,,,,,,,,,,,,,
,,,,,,,,,,,,,,,
,,,,,,,,,,,,,,,
,,,,,,,,,,,,,,,
,,,,,,,,,,,,,,,
,,,,,,,,,,,,,,,
,,,,,,,,,,,,,,,
,,,,,,,,,,,,,,,
,,,,,,,,,,,,,,,
,,,,,,,,,,,,,,,
,,,,,,,,,,,,,,,
,,,,,,,,,,,,,,,
,,,,,,,,,,,,,,,
,,,,,,,,,,,,,,,
,,,,,,,,,,,,,,,
,,,,,,,,,,,,,,,
,,,,,,,,,,,,,,,
,,,,,,,,,,,,,,,
,,,,,,,,,,,,,,,
,,,,,,,,,,,,,,,
,,,,,,,,,,,,,,,
,,,,,,,,,,,,,,,
,,,,,,,,,,,,,,,
,,,,,,,,,,,,,,,
,,,,,,,,,,,,,,,
,,,,,,,,,,,,,,,
,,,,,,,,,,,,,,,
,,,,,,,,,,,,,,,
,,,,,,,,,,,,,,,
,,,,,,,,,,,,,,,
,,,,,,,,,,,,,,,
,,,,,,,,,,,,,,,
,,,,,,,,,,,,,,,
,,,,,,,,,,,,,,,
,,,,,,,,,,,,,,,
,,,,,,,,,,,,,,,
,,,,,,,,,,,,,,,
,,,,,,,,,,,,,,,
,,,,,,,,,,,,,,,
,,,,,,,,,,,,,,,
,,,,,,,,,,,,,,,
,,,,,,,,,,,,,,,
,,,,,,,,,,,,,,,
,,,,,,,,,,,,,,,
,,,,,,,,,,,,,,,
,,,,,,,,,,,,,,,
,,,,,,,,,,,,,,,
,,,,,,,,,,,,,,,
,,,,,,,,,,,,,,,
,,,,,,,,,,,,,,,
,,,,,,,,,,,,,,,
,,,,,,,,,,,,,,,
,,,,,,,,,,,,,,,
,,,,,,,,,,,,,,,
,,,,,,,,,,,,,,,
,,,,,,,,,,,,,,,
,,,,,,,,,,,,,,,
,,,,,,,,,,,,,,,
,,,,,,,,,,,,,,,
,,,,,,,,,,,,,,,
,,,,,,,,,,,,,,,
,,,,,,,,,,,,,,,
,,,,,,,,,,,,,,,
,,,,,,,,,,,,,,,
,,,,,,,,,,,,,,,
,,,,,,,,,,,,,,,
,,,,,,,,,,,,,,,
,,,,,,,,,,,,,,,
,,,,,,,,,,,,,,,
,,,,,,,,,,,,,,,
,,,,,,,,,,,,,,,
,,,,,,,,,,,,,,,
,,,,,,,,,,,,,,,
,,,,,,,,,,,,,,,
,,,,,,,,,,,,,,,
,,,,,,,,,,,,,,,
,,,,,,,,,,,,,,,
,,,,,,,,,,,,,,,
,,,,,,,,,,,,,,,
,,,,,,,,,,,,,,,
,,,,,,,,,,,,,,,
,,,,,,,,,,,,,,,
,,,,,,,,,,,,,,,
,,,,,,,,,,,,,,,
,,,,,,,,,,,,,,,
,,,,,,,,,,,,,,,
,,,,,,,,,,,,,,,
,,,,,,,,,,,,,,,
,,,,,,,,,,,,,,,
,,,,,,,,,,,,,,,
,,,,,,,,,,,,,,,
,,,,,,,,,,,,,,,
,,,,,,,,,,,,,,,
,,,,,,,,,,,,,,,
,,,,,,,,,,,,,,,
,,,,,,,,,,,,,,,
,,,,,,,,,,,,,,,
,,,,,,,,,,,,,,,
,,,,,,,,,,,,,,,
,,,,,,,,,,,,,,,
,,,,,,,,,,,,,,,
,,,,,,,,,,,,,,,
,,,,,,,,,,,,,,,
,,,,,,,,,,,,,,,
,,,,,,,,,,,,,,,
,,,,,,,,,,,,,,,
,,,,,,,,,,,,,,,
,,,,,,,,,,,,,,,
,,,,,,,,,,,,,,,
,,,,,,,,,,,,,,,
,,,,,,,,,,,,,,,
,,,,,,,,,,,,,,,
,,,,,,,,,,,,,,,
,,,,,,,,,,,,,,,
,,,,,,,,,,,,,,,
,,,,,,,,,,,,,,,
,,,,,,,,,,,,,,,
,,,,,,,,,,,,,,,
,,,,,,,,,,,,,,,
,,,,,,,,,,,,,,,
,,,,,,,,,,,,,,,
,,,,,,,,,,,,,,,
,,,,,,,,,,,,,,,
,,,,,,,,,,,,,,,
,,,,,,,,,,,,,,,
,,,,,,,,,,,,,,,
,,,,,,,,,,,,,,,
,,,,,,,,,,,,,,,
,,,,,,,,,,,,,,,
,,,,,,,,,,,,,,,
,,,,,,,,,,,,,,,
,,,,,,,,,,,,,,,
,,,,,,,,,,,,,,,
,,,,,,,,,,,,,,,
,,,,,,,,,,,,,,,
,,,,,,,,,,,,,,,
,,,,,,,,,,,,,,,
,,,,,,,,,,,,,,,
,,,,,,,,,,,,,,,
,,,,,,,,,,,,,,,
,,,,,,,,,,,,,,,
,,,,,,,,,,,,,,,
,,,,,,,,,,,,,,,
,,,,,,,,,,,,,,,
,,,,,,,,,,,,,,,
,,,,,,,,,,,,,,,
,,,,,,,,,,,,,,,
,,,,,,,,,,,,,,,
,,,,,,,,,,,,,,,
,,,,,,,,,,,,,,,
,,,,,,,,,,,,,,,
,,,,,,,,,,,,,,,
,,,,,,,,,,,,,,,
,,,,,,,,,,,,,,,
,,,,,,,,,,,,,,,
,,,,,,,,,,,,,,,
,,,,,,,,,,,,,,,
,,,,,,,,,,,,,,,
,,,,,,,,,,,,,,,
,,,,,,,,,,,,,,,
,,,,,,,,,,,,,,,
,,,,,,,,,,,,,,,
,,,,,,,,,,,,,,,
,,,,,,,,,,,,,,,
,,,,,,,,,,,,,,,
,,,,,,,,,,,,,,,
,,,,,,,,,,,,,,,
,,,,,,,,,,,,,,,
,,,,,,,,,,,,,,,
,,,,,,,,,,,,,,,
,,,,,,,,,,,,,,,
,,,,,,,,,,,,,,,
,,,,,,,,,,,,,,,
,,,,,,,,,,,,,,,
,,,,,,,,,,,,,,,
,,,,,,,,,,,,,,,
,,,,,,,,,,,,,,,
,,,,,,,,,,,,,,,
,,,,,,,,,,,,,,,
,,,,,,,,,,,,,,,
,,,,,,,,,,,,,,,
,,,,,,,,,,,,,,,
,,,,,,,,,,,,,,,
,,,,,,,,,,,,,,,
,,,,,,,,,,,,,,,
,,,,,,,,,,,,,,,
,,,,,,,,,,,,,,,
,,,,,,,,,,,,,,,
,,,,,,,,,,,,,,,
,,,,,,,,,,,,,,,
,,,,,,,,,,,,,,,
,,,,,,,,,,,,,,,
,,,,,,,,,,,,,,,
,,,,,,,,,,,,,,,
,,,,,,,,,,,,,,,
,,,,,,,,,,,,,,,
,,,,,,,,,,,,,,,
,,,,,,,,,,,,,,,
,,,,,,,,,,,,,,,
,,,,,,,,,,,,,,,
,,,,,,,,,,,,,,,
,,,,,,,,,,,,,,,
,,,,,,,,,,,,,,,
,,,,,,,,,,,,,,,
,,,,,,,,,,,,,,,
,,,,,,,,,,,,,,,
,,,,,,,,,,,,,,,
,,,,,,,,,,,,,,,
,,,,,,,,,,,,,,,
,,,,,,,,,,,,,,,
,,,,,,,,,,,,,,,
,,,,,,,,,,,,,,,
,,,,,,,,,,,,,,,
,,,,,,,,,,,,,,,
,,,,,,,,,,,,,,,
,,,,,,,,,,,,,,,
,,,,,,,,,,,,,,,
,,,,,,,,,,,,,,,
,,,,,,,,,,,,,,,
,,,,,,,,,,,,,,,
,,,,,,,,,,,,,,,
,,,,,,,,,,,,,,,
,,,,,,,,,,,,,,,
,,,,,,,,,,,,,,,
,,,,,,,,,,,,,,,
,,,,,,,,,,,,,,,
,,,,,,,,,,,,,,,
,,,,,,,,,,,,,,,
,,,,,,,,,,,,,,,
,,,,,,,,,,,,,,,
,,,,,,,,,,,,,,,
,,,,,,,,,,,,,,,
,,,,,,,,,,,,,,,
,,,,,,,,,,,,,,,
,,,,,,,,,,,,,,,
,,,,,,,,,,,,,,,
,,,,,,,,,,,,,,,
,,,,,,,,,,,,,,,
,,,,,,,,,,,,,,,
,,,,,,,,,,,,,,,
,,,,,,,,,,,,,,,
,,,,,,,,,,,,,,,
,,,,,,,,,,,,,,,
,,,,,,,,,,,,,,,
,,,,,,,,,,,,,,,
,,,,,,,,,,,,,,,
,,,,,,,,,,,,,,,
,,,,,,,,,,,,,,,
,,,,,,,,,,,,,,,
,,,,,,,,,,,,,,,
,,,,,,,,,,,,,,,
,,,,,,,,,,,,,,,
,,,,,,,,,,,,,,,
,,,,,,,,,,,,,,,
,,,,,,,,,,,,,,,
,,,,,,,,,,,,,,,
,,,,,,,,,,,,,,,
,,,,,,,,,,,,,,,
,,,,,,,,,,,,,,,
,,,,,,,,,,,,,,,
,,,,,,,,,,,,,,,
,,,,,,,,,,,,,,,
,,,,,,,,,,,,,,,
,,,,,,,,,,,,,,,
,,,,,,,,,,,,,,,
,,,,,,,,,,,,,,,
,,,,,,,,,,,,,,,
,,,,,,,,,,,,,,,
,,,,,,,,,,,,,,,
,,,,,,,,,,,,,,,
,,,,,,,,,,,,,,,
,,,,,,,,,,,,,,,
,,,,,,,,,,,,,,,
,,,,,,,,,,,,,,,
,,,,,,,,,,,,,,,
,,,,,,,,,,,,,,,
,,,,,,,,,,,,,,,
,,,,,,,,,,,,,,,
,,,,,,,,,,,,,,,
,,,,,,,,,,,,,,,
,,,,,,,,,,,,,,,
,,,,,,,,,,,,,,,
,,,,,,,,,,,,,,,
,,,,,,,,,,,,,,,
,,,,,,,,,,,,,,,
,,,,,,,,,,,,,,,
,,,,,,,,,,,,,,,
,,,,,,,,,,,,,,,
,,,,,,,,,,,,,,,
,,,,,,,,,,,,,,,
,,,,,,,,,,,,,,,
,,,,,,,,,,,,,,,
,,,,,,,,,,,,,,,
,,,,,,,,,,,,,,,
,,,,,,,,,,,,,,,
,,,,,,,,,,,,,,,
,,,,,,,,,,,,,,,
,,,,,,,,,,,,,,,
,,,,,,,,,,,,,,,
,,,,,,,,,,,,,,,
,,,,,,,,,,,,,,,
,,,,,,,,,,,,,,,
,,,,,,,,,,,,,,,
,,,,,,,,,,,,,,,
,,,,,,,,,,,,,,,
,,,,,,,,,,,,,,,
,,,,,,,,,,,,,,,
,,,,,,,,,,,,,,,
,,,,,,,,,,,,,,,
,,,,,,,,,,,,,,,
,,,,,,,,,,,,,,,
,,,,,,,,,,,,,,,
,,,,,,,,,,,,,,,
,,,,,,,,,,,,,,,
,,,,,,,,,,,,,,,
,,,,,,,,,,,,,,,
,,,,,,,,,,,,,,,
,,,,,,,,,,,,,,,
,,,,,,,,,,,,,,,
,,,,,,,,,,,,,,,
,,,,,,,,,,,,,,,
,,,,,,,,,,,,,,,
,,,,,,,,,,,,,,,
,,,,,,,,,,,,,,,
,,,,,,,,,,,,,,,
,,,,,,,,,,,,,,,
,,,,,,,,,,,,,,,
,,,,,,,,,,,,,,,
,,,,,,,,,,,,,,,
,,,,,,,,,,,,,,,
,,,,,,,,,,,,,,,
,,,,,,,,,,,,,,,
,,,,,,,,,,,,,,,
,,,,,,,,,,,,,,,
,,,,,,,,,,,,,,,
,,,,,,,,,,,,,,,
,,,,,,,,,,,,,,,
,,,,,,,,,,,,,,,
,,,,,,,,,,,,,,,
,,,,,,,,,,,,,,,
,,,,,,,,,,,,,,,
,,,,,,,,,,,,,,,
,,,,,,,,,,,,,,,
,,,,,,,,,,,,,,,
,,,,,,,,,,,,,,,
,,,,,,,,,,,,,,,
,,,,,,,,,,,,,,,
,,,,,,,,,,,,,,,
,,,,,,,,,,,,,,,
,,,,,,,,,,,,,,,
,,,,,,,,,,,,,,,
,,,,,,,,,,,,,,,
,,,,,,,,,,,,,,,
,,,,,,,,,,,,,,,
,,,,,,,,,,,,,,,
,,,,,,,,,,,,,,,
,,,,,,,,,,,,,,,
,,,,,,,,,,,,,,,
,,,,,,,,,,,,,,,
,,,,,,,,,,,,,,,
,,,,,,,,,,,,,,,
,,,,,,,,,,,,,,,
,,,,,,,,,,,,,,,
,,,,,,,,,,,,,,,
,,,,,,,,,,,,,,,
,,,,,,,,,,,,,,,
,,,,,,,,,,,,,,,
,,,,,,,,,,,,,,,
,,,,,,,,,,,,,,,
,,,,,,,,,,,,,,,
,,,,,,,,,,,,,,,
,,,,,,,,,,,,,,,
,,,,,,,,,,,,,,,
,,,,,,,,,,,,,,,
,,,,,,,,,,,,,,,
,,,,,,,,,,,,,,,
,,,,,,,,,,,,,,,
,,,,,,,,,,,,,,,
,,,,,,,,,,,,,,,
,,,,,,,,,,,,,,,
,,,,,,,,,,,,,,,
,,,,,,,,,,,,,,,
,,,,,,,,,,,,,,,
,,,,,,,,,,,,,,,
,,,,,,,,,,,,,,,
,,,,,,,,,,,,,,,
,,,,,,,,,,,,,,,
,,,,,,,,,,,,,,,
,,,,,,,,,,,,,,,
,,,,,,,,,,,,,,,
,,,,,,,,,,,,,,,
,,,,,,,,,,,,,,,
,,,,,,,,,,,,,,,
,,,,,,,,,,,,,,,
,,,,,,,,,,,,,,,
,,,,,,,,,,,,,,,
,,,,,,,,,,,,,,,
,,,,,,,,,,,,,,,
,,,,,,,,,,,,,,,
,,,,,,,,,,,,,,,
,,,,,,,,,,,,,,,
,,,,,,,,,,,,,,,
,,,,,,,,,,,,,,,
,,,,,,,,,,,,,,,
,,,,,,,,,,,,,,,
,,,,,,,,,,,,,,,
,,,,,,,,,,,,,,,
,,,,,,,,,,,,,,,
,,,,,,,,,,,,,,,
,,,,,,,,,,,,,,,
,,,,,,,,,,,,,,,
,,,,,,,,,,,,,,,
,,,,,,,,,,,,,,,
,,,,,,,,,,,,,,,
,,,,,,,,,,,,,,,
,,,,,,,,,,,,,,,
,,,,,,,,,,,,,,,
,,,,,,,,,,,,,,,
,,,,,,,,,,,,,,,
,,,,,,,,,,,,,,,
,,,,,,,,,,,,,,,
,,,,,,,,,,,,,,,
,,,,,,,,,,,,,,,
,,,,,,,,,,,,,,,
,,,,,,,,,,,,,,,
,,,,,,,,,,,,,,,
,,,,,,,,,,,,,,,
,,,,,,,,,,,,,,,
,,,,,,,,,,,,,,,
,,,,,,,,,,,,,,,
,,,,,,,,,,,,,,,
,,,,,,,,,,,,,,,
,,,,,,,,,,,,,,,
,,,,,,,,,,,,,,,
,,,,,,,,,,,,,,,
,,,,,,,,,,,,,,,
,,,,,,,,,,,,,,,
,,,,,,,,,,,,,,,
,,,,,,,,,,,,,,,
,,,,,,,,,,,,,,,
,,,,,,,,,,,,,,,
,,,,,,,,,,,,,,,
,,,,,,,,,,,,,,,
,,,,,,,,,,,,,,,
,,,,,,,,,,,,,,,
,,,,,,,,,,,,,,,
,,,,,,,,,,,,,,,
,,,,,,,,,,,,,,,
,,,,,,,,,,,,,,,
,,,,,,,,,,,,,,,
,,,,,,,,,,,,,,,
,,,,,,,,,,,,,,,
,,,,,,,,,,,,,,,
,,,,,,,,,,,,,,,
,,,,,,,,,,,,,,,
,,,,,,,,,,,,,,,
,,,,,,,,,,,,,,,
,,,,,,,,,,,,,,,
,,,,,,,,,,,,,,,
,,,,,,,,,,,,,,,
,,,,,,,,,,,,,,,
,,,,,,,,,,,,,,,
,,,,,,,,,,,,,,,
,,,,,,,,,,,,,,,
,,,,,,,,,,,,,,,
,,,,,,,,,,,,,,,
,,,,,,,,,,,,,,,
,,,,,,,,,,,,,,,
,,,,,,,,,,,,,,,
,,,,,,,,,,,,,,,
,,,,,,,,,,,,,,,
,,,,,,,,,,,,,,,
,,,,,,,,,,,,,,,
,,,,,,,,,,,,,,,
,,,,,,,,,,,,,,,
,,,,,,,,,,,,,,,
,,,,,,,,,,,,,,,
,,,,,,,,,,,,,,,
,,,,,,,,,,,,,,,
,,,,,,,,,,,,,,,
,,,,,,,,,,,,,,,
,,,,,,,,,,,,,,,
,,,,,,,,,,,,,,,
,,,,,,,,,,,,,,,
,,,,,,,,,,,,,,,
,,,,,,,,,,,,,,,
,,,,,,,,,,,,,,,
,,,,,,,,,,,,,,,
,,,,,,,,,,,,,,,
,,,,,,,,,,,,,,,
,,,,,,,,,,,,,,,
,,,,,,,,,,,,,,,
,,,,,,,,,,,,,,,
,,,,,,,,,,,,,,,
,,,,,,,,,,,,,,,
,,,,,,,,,,,,,,,
,,,,,,,,,,,,,,,
,,,,,,,,,,,,,,,
,,,,,,,,,,,,,,,
,,,,,,,,,,,,,,,
,,,,,,,,,,,,,,,
,,,,,,,,,,,,,,,
,,,,,,,,,,,,,,,
,,,,,,,,,,,,,,,
,,,,,,,,,,,,,,,
,,,,,,,,,,,,,,,
,,,,,,,,,,,,,,,
,,,,,,,,,,,,,,,
,,,,,,,,,,,,,,,
,,,,,,,,,,,,,,,
,,,,,,,,,,,,,,,
,,,,,,,,,,,,,,,
,,,,,,,,,,,,,,,
,,,,,,,,,,,,,,,
,,,,,,,,,,,,,,,
,,,,,,,,,,,,,,,
,,,,,,,,,,,,,,,
,,,,,,,,,,,,,,,
,,,,,,,,,,,,,,,
,,,,,,,,,,,,,,,
,,,,,,,,,,,,,,,
,,,,,,,,,,,,,,,
,,,,,,,,,,,,,,,
,,,,,,,,,,,,,,,
,,,,,,,,,,,,,,,
,,,,,,,,,,,,,,,
,,,,,,,,,,,,,,,
,,,,,,,,,,,,,,,
,,,,,,,,,,,,,,,
,,,,,,,,,,,,,,,
,,,,,,,,,,,,,,,
,,,,,,,,,,,,,,,
,,,,,,,,,,,,,,,
,,,,,,,,,,,,,,,
,,,,,,,,,,,,,,,
,,,,,,,,,,,,,,,
,,,,,,,,,,,,,,,
,,,,,,,,,,,,,,,
,,,,,,,,,,,,,,,
,,,,,,,,,,,,,,,
,,,,,,,,,,,,,,,
,,,,,,,,,,,,,,,
,,,,,,,,,,,,,,,
,,,,,,,,,,,,,,,
,,,,,,,,,,,,,,,
,,,,,,,,,,,,,,,
,,,,,,,,,,,,,,,
,,,,,,,,,,,,,,,
,,,,,,,,,,,,,,,
,,,,,,,,,,,,,,,
,,,,,,,,,,,,,,,
,,,,,,,,,,,,,,,
,,,,,,,,,,,,,,,
,,,,,,,,,,,,,,,
,,,,,,,,,,,,,,,
,,,,,,,,,,,,,,,
,,,,,,,,,,,,,,,
,,,,,,,,,,,,,,,
,,,,,,,,,,,,,,,
,,,,,,,,,,,,,,,
,,,,,,,,,,,,,,,
,,,,,,,,,,,,,,,
,,,,,,,,,,,,,,,
,,,,,,,,,,,,,,,
,,,,,,,,,,,,,,,
,,,,,,,,,,,,,,,
,,,,,,,,,,,,,,,
,,,,,,,,,,,,,,,
,,,,,,,,,,,,,,,
,,,,,,,,,,,,,,,
,,,,,,,,,,,,,,,
,,,,,,,,,,,,,,,
,,,,,,,,,,,,,,,
,,,,,,,,,,,,,,,
,,,,,,,,,,,,,,,
,,,,,,,,,,,,,,,
,,,,,,,,,,,,,,,
,,,,,,,,,,,,,,,
,,,,,,,,,,,,,,,
,,,,,,,,,,,,,,,
,,,,,,,,,,,,,,,
,,,,,,,,,,,,,,,
,,,,,,,,,,,,,,,
,,,,,,,,,,,,,,,
,,,,,,,,,,,,,,,
,,,,,,,,,,,,,,,
,,,,,,,,,,,,,,,
,,,,,,,,,,,,,,,
,,,,,,,,,,,,,,,
,,,,,,,,,,,,,,,
,,,,,,,,,,,,,,,
,,,,,,,,,,,,,,,
,,,,,,,,,,,,,,,
,,,,,,,,,,,,,,,
,,,,,,,,,,,,,,,
,,,,,,,,,,,,,,,
,,,,,,,,,,,,,,,
,,,,,,,,,,,,,,,
,,,,,,,,,,,,,,,
,,,,,,,,,,,,,,,
,,,,,,,,,,,,,,,
,,,,,,,,,,,,,,,
,,,,,,,,,,,,,,,
,,,,,,,,,,,,,,,
,,,,,,,,,,,,,,,
,,,,,,,,,,,,,,,
,,,,,,,,,,,,,,,
,,,,,,,,,,,,,,,
,,,,,,,,,,,,,,,
,,,,,,,,,,,,,,,
,,,,,,,,,,,,,,,
,,,,,,,,,,,,,,,
,,,,,,,,,,,,,,,
,,,,,,,,,,,,,,,
,,,,,,,,,,,,,,,
,,,,,,,,,,,,,,,
,,,,,,,,,,,,,,,
,,,,,,,,,,,,,,,
,,,,,,,,,,,,,,,
,,,,,,,,,,,,,,,
,,,,,,,,,,,,,,,
,,,,,,,,,,,,,,,
,,,,,,,,,,,,,,,
,,,,,,,,,,,,,,,
,,,,,,,,,,,,,,,
,,,,,,,,,,,,,,,
,,,,,,,,,,,,,,,
,,,,,,,,,,,,,,,
,,,,,,,,,,,,,,,
,,,,,,,,,,,,,,,
,,,,,,,,,,,,,,,
,,,,,,,,,,,,,,,
,,,,,,,,,,,,,,,
,,,,,,,,,,,,,,,
,,,,,,,,,,,,,,,
,,,,,,,,,,,,,,,
,,,,,,,,,,,,,,,
,,,,,,,,,,,,,,,
,,,,,,,,,,,,,,,
,,,,,,,,,,,,,,,
,,,,,,,,,,,,,,,
,,,,,,,,,,,,,,,
,,,,,,,,,,,,,,,
,,,,,,,,,,,,,,,
,,,,,,,,,,,,,,,
,,,,,,,,,,,,,,,
,,,,,,,,,,,,,,,
,,,,,,,,,,,,,,,
,,,,,,,,,,,,,,,
,,,,,,,,,,,,,,,
