Mosque_ID,Name,Street,City,State,ZCTA,Latitude,Longitude,Urbanization_Cat,Year_Est,Status,Source,Transit_score,Walk_score,NND,NRI,Reference_ID,geocode_method
1,Islamic Center of Alaska,4141 Ingra No. 202,Anchorage,AK,99503,61.183398443276,-149.86616610748,,2016,,https://www.alaskamasjid.org,,57,,,1195.0,census_geocoder
2,"Muslim Community of Alaska, Inc (Masjid Ash-Shura of Alaska)",927 W Fireweed Ln Unit A,Anchorage,AK,99503,61.198824914531,-149.899817691989,,2010,,"https://en.wikipedia.org/wiki/Islamic_Community_Center_of_Anchorage_Alaska#:~:text=The%20Islamic%20Community%20Center%20of,northernmost%20mosque%20in%20North%20America.",43,90,,,2262.0,census_geocoder
3,Islamic Community Center of Anchorage,8005 Spring Street,Anchorage,AK,99518,61.148284558697,-149.861926179423,,2010,,https://en.wikipedia.org/wiki/Islamic_Community_Center_of_Anchorage_Alaska,36,61,,,736.0,census_geocoder
4,Islamic Community Center of Anchorage (Alaska Mosque),8005 Spring St,Anchorage,AK,99518,61.148284558697,-149.861926179423,,2014,,https://kids.kiddle.co/Islamic_Community_Center_of_Anchorage_Alaska,36,61,,,2261.0,census_geocoder
5,Masjid Alaska,501 E International rd Suite 26,Anchorage,AK,99518,61.173676651315,-149.875454153447,,2014,,https://theworld.org/stories/2014/08/26/alaskas-first-mosque-opens-its-doors,53,84,,,1775.0,census_geocoder
6,Dar-e-Zahra,1907 AL-150,Bessemer,AL,35022,33.367346996322,-86.890122930332,,2020,,https://www.darezahra.com/about-1,,6,,,2713.0,census_geocoder
7,BIS Fairfield Islamic Center,740 Donald Pkwy,Fairfield,AL,35064,33.4958267,-86.9080237,,1990,,https://www.bisweb.org/history/,,47,,,2257.0,nominatim
8,Bis West Side Masjid,4506 Gary ave,Fairfield,AL,35064,33.492035028434,-86.914698645115,,2010,,https://magiccityreligion.org/2021/11/29/west-side-masjid/,,46,,,994.0,census_geocoder
9,Masjid Al-Qubbatu Al-Khadra,1009 Cr 332,Pelham,AL,35124,33.280190583242,-86.763769388323,,2002,,https://www.bizjournals.com/birmingham/news/2025/07/14/islamic-org-buys-vacant-church-property.html,,42,,,1738.0,census_geocoder
10,Masjid Al Quran,3424 26th st N,Birmingham,AL,35207,33.555844509679,-86.819779673187,,-,No Basic Information,,24,47,,,1620.0,census_geocoder
11,BIS Homewood Masjid,1810 25th Ct S,Homewood,AL,35209,33.486027007906,-86.791271322473,,1995,,https://magiccityreligion.org/2019/12/17/homewood-masjid/,28,58,,,2254.0,census_geocoder
12,Ismaili Community Center And Jamatkhana - Birmingham,131 Oxmoor Ct,Birmingham,AL,35209,33.441018070613,-86.842871144859,,2007,,https://www.al.com/news/birmingham/2025/12/hoovers-rejection-of-islamic-school-opens-old-religious-freedom-debates.html,20,25,,,2716.0,census_geocoder
13,Muhammad Mosque #69,521 Tuscaloosa Ave,Birmingham,AL,35211,33.500477491332,-86.841933892223,,1934,,https://www.muibirmingham.org/,30,52,,,2259.0,census_geocoder
14,BIS Hoover Crescent Islamic Center,2524 Hackberry Ln,Hoover,AL,35226,33.420332916349,-86.814856253372,,1990,,https://thigmos.com/bis-hoover-crescent-islamic-center/about,,11,,,2251.0,census_geocoder
15,Islamic Society of Tuscaloosa/Masjid Omar Ibn Al-Khatab,1416 Paul West Bryant Drive,Tuscaloosa,AL,35401,,,,1999,,"https://thecrimsonwhite.com/13405/news/ua-muslim-community-thrives-despite-small-size/#:~:text=%E2%80%9C%5BThe%20Islamic%20Center%5D%20mostly,identity%20as%20someone%20from%20Alabama.%E2%80%9D",,81,,,420.0,
16,Masjid Al-Islam,903 Columbus rd,Aliceville,AL,35442,33.1628043,-88.1874635,,-,Information Without Year,https://prayersconnect.com/mosques/84056833-masjid-al-islam-aliceville-alabama-united-states,,25,,,1701.0,nominatim
17,Jasper Mosque,218 30th Street W,Jasper,AL,35501,33.821186956788,-87.280949102889,,-,Information Without Year,https://www.bisweb.org/history/,,17,,,2714.0,census_geocoder
18,Al-Noor Mosque,1209 Danville Rd SW,Decatur,AL,35601,34.586850413515,-87.000233795348,,-,No Basic Information,,,34,,,2715.0,census_geocoder
19,ICD Islamic Center Decatur,2916 Sandlin Rd SW,Decatur,AL,35603,34.554246551825,-86.990449881664,,2019,,"https://www.causeiq.com/organizations/icd,823495721/",,36,,,2255.0,census_geocoder
20,Florence Islamic Center ,401 Veterans Dr,Florence,AL,35630,34.797481874813,-87.669096098007,,2012,,https://ficalabama.org/#about,,57,,,2712.0,census_geocoder
21,Madison Masjid - North Alabama Islamic Society,105 W Dublin Dr,Madison,AL,35758,34.680488715351,-86.753621221629,,-,Information Without Year,https://madisonmasjid.com/madison/index.php/about-us,,54,,,2252.0,census_geocoder
22,Alabama Islamic Educational Center of Fatemeh Al-Z,8200 Memorial Pkwy Sw,Huntsville,AL,35802,34.658265934013,-86.569869123931,,1990,,https://huntsvilleislamiccenter.org/about-us,15,61,,,918.0,census_geocoder
23,Huntsville Islamic Center,1645 Sparkman Dr.,Huntsville,AL,35816,34.74233594296,-86.646513991109,,1990,,https://huntsvilleislamiccenter.org/about-us,21,21,,,1133.0,census_geocoder
24,Gadsden Islamic Society,108 S 9th St,Gadsden,AL,35903,34.001594473156,-85.984658717421,,2011,,https://prayersconnect.com/mosques/84013161-gadsden-islamic-society-gadsden-alabama-united-states,,70,,,278.0,census_geocoder
25,Islamic Community of Tuskegee,1103 S Main st,Tuskegee,AL,36083,32.416080309801,-85.682326757142,,-,No Basic Information,,,15,,,1400.0,census_geocoder
26,Masjid Ash-Shura,1902 Franklin rd,Tuskegee,AL,36088,32.432404754627,-85.718063999037,,1990,,https://tuskegeemasjid.wixsite.com/tuskegeemajid/about,,19,,,1820.0,census_geocoder
27,Muslim Center of Montgomery,4340 S Court st,Montgomery,AL,36105,32.325787022864,-86.307894932667,,2026,,https://www.mcmontgomery.org/about,21,38,,,2082.0,census_geocoder
28,Masjid Qasim B El-Amin,2425 Lark Dr,Montgomery,AL,36108,32.342576547429,-86.334100895095,,1984,,https://prayersconnect.com/mosques/84044618-masjid-qasim-bilal-el-amin-montgomery-alabama-united-states,25,19,,,2258.0,census_geocoder
29,East Montgomery Islamic Center/Omar Bin Khattab Mosque,3430 Kessinger Dr.,Montgomery,AL,36116,32.335330609657,-86.18186760005,,,,https://emismosque.org/index.html,15,58,,,1087.0,census_geocoder
30,East Montgomery Islamic Center - EMIC,8786 Vaughn Rd,Montgomery,AL,36117,32.339045248996,-86.140721245908,,2006,,https://thigmos.com/east-montgomery-islamic-center/about,0,9,,,2253.0,census_geocoder
31,Anniston Islamic Center/Masjid An Noor,1821 Mc Call Dr,Anniston,AL,36207,33.668202956357,-85.814262103467,,1985,,https://www.guidestar.org/profile/63-0882703,,17,,,2256.0,census_geocoder
32,MCW Masjid Al-Noor Dothan Mosque,"1603, Napier Field Rd",Dothan,AL,36303,31.2708665,-85.4472452,,-,Information Without Year,https://www.facebook.com/mcwmasjidalnoor.dothanalabama/,,1,,,2260.0,nominatim
33,Muslim Community of the Wiregrass,4500 Napier Fields rd,Dothan,AL,36303,,,,2003,,"https://www.causeiq.com/organizations/islamic-center-of-dothan-incorporated,161645662/",,6,,,2096.0,
34,Hartford Islamic Center,503 N 6th ave,Hartford,AL,36344,31.107321122741,-85.701197715053,,-,No Basic Information,,,54,,,1125.0,census_geocoder
35,Masjid Baitul Haqq,509 Aurelie st,Mobile,AL,36604,30.677994661258,-88.060982657327,,1994,,https://prayersconnect.com/mosques/84063757-masjid-baitul-haqq-mobile-alabama-united-states,,62,,,1836.0,census_geocoder
36,Mobile Masjid of Al Islam,1559 Duval St,Mobile,AL,36605,30.661650935183,-88.074285840688,,-,No Basic Information,,,43,,,2047.0,census_geocoder
37,American Islamic Center of Mobile,6207 Old Shell rd,Mobile,AL,36608,30.689983007609,-88.185948292438,,1986,,https://www.mosquehq.com/mosques/9rzy1/ism-1,,42,,,215.0,census_geocoder
38,Islamic Society of Mobile,63 East Dr.,Mobile,AL,36608,30.688461923307,-88.17998326751,,1986,,https://islamicsocietymobile.org/#about-us,,55,,,1475.0,census_geocoder
39,Prichard Masjid of Al-Islam,637 S Wilson Ave,Prichard,AL,36610,30.727127793416,-88.083123701097,,1992,,https://prayersconnect.com/mosques/84079111-prichard-masjid-of-al-islam-prichard-alabama-united-states,,54,,,818.0,census_geocoder
40,Selma Islamic Center,2820 Citizens Pkwy,Selma,AL,36703,32.439369974294,-87.021048383389,,2016,,"https://www.causeiq.com/organizations/selma-mosque,812794096/",,36,,,2161.0,census_geocoder
41,Auburn Islamic Center,338 Armstrong st,Auburn,AL,36830,32.599749774141,-85.478770739427,,1990,,https://www.auburnmuslims.org/,,72,,,964.0,census_geocoder
42,Islamic Center of Grand Rapids,1301 Burton Street,Grand Rapids,AL,49509,42.92812182181,-85.699395330575,,1986,,https://en.wikipedia.org/wiki/Islamic_Center_and_Mosque_of_Grand_Rapids,39,72,,,1247.0,census_geocoder
43,Islamic Center of Pine Bluff,3707 E Hepburn st,Pine Bluff,AR,71603,34.218257007401,-92.041500435215,,1995,,https://www.facebook.com/pbmosque/,,38,,,1322.0,census_geocoder
44,Muslim Center of Conway,1715 South Blvd,Conway,AR,72034,35.079056334741,-92.447227087812,,1997,,https://prayersconnect.com/mosques/84078825-muslim-center-of-conway-conway-arkansas-united-states,,38,,,2277.0,census_geocoder
45,Islamic Center for Human Excellence,1717 Wright ave,Little Rock,AR,72202,34.732103255721,-92.292201210687,,1969,,https://encyclopediaofarkansas.net/entries/muslims-2557/,40,65,,,1785.0,census_geocoder
46,Islamic Center of Little Rock,3224 Anna st,Little Rock,AR,72204,34.72240132065,-92.333255686638,,1994,,https://theiclr.org/iclr-history/,39,51,,,1278.0,census_geocoder
47,Ismaili Jamatkhana,12500 Kanis Rd,Little Rock,AR,72211,34.743714885201,-92.410190116082,,-,Information Without Year,https://prayersconnect.com/mosques/84058248-ismaili-jamatkhana-little-rock-arkansas-united-states,19,31,,,2282.0,census_geocoder
48,Madina Institute,12123 Kanis Rd,Little Rock,AR,72211,34.743529234015,-92.408004470133,,2016,,https://ualr.edu/lrcs/2019/08/23/ramadan-at-little-rocks-madina-institute/,26,45,,,2276.0,census_geocoder
49,Islamic Center of Little Rock - West Campus,15110 Kanis Rd,Little Rock,AR,72223,34.751276201035,-92.43811757066,,1992,,https://islamicvalley.com/mosque/jVb/the-islamic-center-of-little-rock,0,19,,,2278.0,census_geocoder
50,Masjid Alradwan,500-596 W Broadway St,Forrest City,AR,72335,35.008135167928,-90.795605707256,,-,No Basic Information,https://prayersconnect.com/mosques/84000320-masjid-alradwan-forrest-city-arkansas-united-states,,48,,,2283.0,census_geocoder
51,Islamic Center of Jonesboro,118 Rogers st,Jonesboro,AR,72401,35.843373381092,-90.688640632336,,1983,,https://islamatastate.weebly.com/islamic-center-of-jonesboro.html,,44,,,1268.0,census_geocoder
52,Masjid Hamza/Islamic Center Of Northwest Arkansas,1420 E Center st,Fayetteville,AR,72701,36.063240811097,-94.180495527011,,1994,,https://encyclopediaofarkansas.net/entries/muslims-2557/,,84,,,1875.0,census_geocoder
53,Bentonville Islamic Center,1801 SW 2nd St,Bentonville,AR,72712,36.371907557975,-94.234138221922,,2005,,https://www.mapquest.com/us/arkansas/bentonville-islamic-center-378407053,,19,,,986.0,census_geocoder
54,Muslim Students of Russellville,514 West K st,Russellville,AR,72801,35.288567179557,-93.137340906529,,2014,,https://www.facebook.com/MSAatATU/posts/press-releasewhat-islamic-center-of-russellville-icr-to-hold-community-open-hous/959876940705094/,,44,,,2107.0,census_geocoder
55,Islamic Center of Russellville,2001 W Parkway Dr,Russellville,AR,72802,35.288128775533,-93.146970331263,,2014,,"https://www.causeiq.com/organizations/islamic-center-of-russellville,464986297/",,14,,,2280.0,census_geocoder
56,Masjid Annoor,1800 S Albert Pike,Fort Smith,AR,72901,35.365446337702,-94.386191852161,,1993,,https://masjidannoorfs.com/about,,49,,,1797.0,census_geocoder
57,Masjid AlSalam,8501 S 28th St,Fort Smith,AR,72908,35.303334648314,-94.405240414998,,2012,,https://masjidalsalamfsm.org/about,,58,,,2279.0,census_geocoder
58,Masjid Touba,1219 W Buckeye Rd,Phoenix,AZ,85007,33.436692589573,-112.088186007743,,-,No Basic Information,,43,61,,,2717.0,census_geocoder
59,Al Rahma Islamic Center of Phoenix,2916 E McDowell Rd unit 15,Phoenix,AZ,85008,33.465802546888,-112.0186407304,,2009,,"https://www.causeiq.com/organizations/masjid-al-rahma-of-phoenix,870813205/",43,69,,,2272.0,census_geocoder
60,Ibadurahman Mosque,5064 E McDowell Rd SUITE B,Phoenix,AZ,85008,33.465638028552,-111.972761526797,,-,No Basic Information,(480) 648-4254,34,50,,,414.0,census_geocoder
61,Muslim Community Mosque Phoenix,1818 N 32nd St,Phoenix,AZ,85008,33.468045702677,-112.012981593137,,1994,,https://mcmphoenix.com/,41,64,,,2265.0,census_geocoder
62,Masjid Al-Bashir Mohammed/Albasheer Islamic Foundation,6523 N Black Canyon Freeway,Phoenix,AZ,85015,33.531754587524,-112.111997733525,,2014,,"https://www.causeiq.com/organizations/al-basheer-islamic-foundation,461248064/",38,33,,,1651.0,census_geocoder
63,Al Kauthar,6221 W Glendale ave,Phoenix,AZ,85017,33.5385019,-112.1347279,,-,No Basic Information,,41,79,,,859.0,nominatim
64,Alkawathar Educational Culture Center,6602 N Black Cyn Hwy,Phoenix,AZ,85017,33.533100577721,-112.112670702727,,-,Information Without Year,,45,55,,,2725.0,census_geocoder
65,Islamic Center of Arizona/Masjid Dunlap,1426 9 Street Northwest Suite 200,Phoenix,AZ,85020,,,,2000,,,42,44,,,41.0,
66,Islamic Center of North Phoenix,13246 N 23Rd ave,Phoenix,AZ,85020,33.606848863345,-112.107969439586,,2010,,https://www.visualizingimmigrantphoenix.com/patrick-ingham/bosnian-mosque/,39,44,,,1308.0,census_geocoder
67,Muhammad Mosque #32,4444 S 3rd St,Phoenix,AZ,85040,33.405899075957,-112.070073189972,,2003,,https://www.manta.com/c/mml2xp1/muhammad-mosque-32,47,71,,,2268.0,census_geocoder
68,Masjid Jauharatul Islam,102 W South Mountain Ave,Phoenix,AZ,85041,33.370566414825,-112.074722594615,,1981,,https://www.masjidjauharatulislam.com/history-of-jauharatul-islam,41,50,,,1903.0,census_geocoder
69,Arizona Cultural Academy (ACA) Masjid,7810 S 42nd Pl #7300,Phoenix,AZ,85042,33.37486148714,-111.992347581936,,1996,,https://www.azacademy.org/,35,34,,,2271.0,census_geocoder
70,Islamic Center of Greater Phoenix (Masjid Bilal),8016 S 12th St,Phoenix,AZ,85042,33.373870963098,-112.057427753382,,1982,,https://en.wikipedia.org/wiki/Islamic_Community_Center_of_Phoenix,41,23,,,2270.0,census_geocoder
71,Islamic Community Center of Phoenix,7516 N Black Canyon Hwy,Phoenix,AZ,85051,33.546078749153,-112.112699488754,,1997,,https://www.archnet.org/sites/10420,40,42,,,87.0,census_geocoder
72,Islamic Community Center of Phoenix (ICCP),2515 W Orangewood Ave,Phoenix,AZ,85051,33.545799576011,-112.112993446304,,1982,,https://en.wikipedia.org/wiki/Islamic_Community_Center_of_Phoenix,40,42,,,2264.0,census_geocoder
73,Islamic Community Center of Phoenix Secondary,7362 North Black Canyon Highway,Phoenix,AZ,85051,33.544901307709,-112.112694198541,,2004,,https://www.archnet.org/sites/10420,40,42,,,754.0,census_geocoder
74,Masjid Bilal Bin Rabah,44370 E Cesar Chavez Ln,Maricopa,AZ,85138,,,,2010,,https://www.pinalcentral.com/maricopa_monitor/religion/religion_news/maricopa-mosque-serves-as-hub-for-area-muslims/article_e5cebfc1-e362-5959-aa4a-38d3eba23ade.html,,60,,,1844.0,
75,Masjid Al Noor,55 North Matlock Street,Mesa,AZ,85203,33.416159724533,-111.808192854547,,1998,,https://www.masjidnoormesa.com/,51,73,,,741.0,census_geocoder
76,Islamic Education Foundation of Arizona (IEFAZ),2434 E Southern Ave,Mesa,AZ,85204,33.393661229115,-111.778876006836,,1980,,https://prayersconnect.com/mosques/84045142-islamic-education-foundation-of-arizona-mesa-arizona-united-states,35,20,,,2274.0,census_geocoder
77,"Ahmadiyya Muslim Community, Tucson Arizona",250 W Speedway Blvd,Tuscon,AZ,85205,32.235963902204,-110.976029424173,,1982,,https://tucson.com/news/article_f6f301cb-0eb9-5399-91fd-c3b92757baf5.html,56,74,,,2724.0,census_geocoder
78,Gilbert Mussalla,5635 East Baseline Road,Mesa,AZ,85206,33.379252797393,-111.714262920999,,2013,,https://prayersconnect.com/mosques/84066017-gilbert-musallah-gilbert-arizona-united-states,,26,,,757.0,census_geocoder
79,East Mesa Mosque,1017 S 88th St,Mesa,AZ,85208,33.39667806941,-111.64143064256,,-,No Basic Information,,0,11,,,2718.0,census_geocoder
80,Bait-ul-Aman Mosque,2035 West Elliot Road,Chandler,AZ,85224,33.349478815649,-111.877383456611,,-,Information Without Year,(480) 634-8506,34,70,,,640.0,census_geocoder
81,es Salaam Mosque,1071 N Alma School rd,Chandler,AZ,85224,33.321398084446,-111.859060327489,,1993,,https://prayersconnect.com/mosques/84024224-masjid-es-salaam-chandler-arizona-united-states,33,76,,,168.0,census_geocoder
82,Islamic Center of East Valley,425 N Alma School Road,Chandler,AZ,85224,33.309966779605,-111.859018216458,,2008,,https://eventseeker.com/venue/875784-islamic-center-of-the-east-valley-chandler,36,61,,,50.0,census_geocoder
83,Islamic Center of the East Valley (ICEV),425 N Alma School Rd,Chandler,AZ,85224,33.309966779605,-111.859018216458,,2010,,https://www.eastvalleytribune.com/news/after-12-years-chandler-mosque-prepares-to-open/article_6ed031a4-ce5e-5634-be45-cb51bbbb77bc.html,36,61,,,2266.0,census_geocoder
84,Masjid Al Mustafa,24038 South Val Vista Drive,Chandler,AZ,85249,33.229366881189,-111.75567655671,,2014,,"https://www.causeiq.com/organizations/al-mustafa-foundation,453664496/",,3,,,738.0,census_geocoder
85,Islamic Center of North East Valley (ICNEV),12125 E Via Linda,Scottsdale,AZ,85259,33.589630848398,-111.829084424899,,1998,,https://islamcenter.com/about,0,10,,,1306.0,census_geocoder
86,Al-Mahdi Center,1016 S River Dr.,Tempe,AZ,85281,33.418243647114,-111.896257318812,,1998,,https://www.almahdi.net/about-us,53,67,,,900.0,census_geocoder
87,Tempe Mosque (Islamic Community Center),131 E 6th St,Tempe,AZ,85281,33.424308583406,-111.937320319285,,1984,,https://emuseum.tempe.gov/objects/65023/tempe-islamic-center--mosque,69,91,,,2263.0,census_geocoder
88,Omar Ibn Al-Khattab Mosque,6225 S McClintock Dr,Tempe,AZ,85283,33.36532140513,-111.911173811329,,2001,,https://prayersconnect.com/mosques/84017189-masjid-omar-ibn-al-khattab-tempe-arizona-united-states,34,71,,,2275.0,census_geocoder
89,Masjid Rahman,6040 N 43rd Ave,Glendale,AZ,85301,33.52458620254,-112.151695129194,,-,No Basic Information,,37,75,,,2726.0,census_geocoder
90,United Islamic Center of Arizona,19250 N 35 AV Glendale,Phoenix,AZ,85308,33.660657500918,-112.134625406797,,2014,,https://uislamicca.com/home/sample-page-2/,42,46,,,601.0,census_geocoder
91,United Islamic Center of Arizona UICA ,19250 N 35th Ave,Glendale,AZ,85308,33.660657500918,-112.134625406797,,2014,,"https://www.causeiq.com/organizations/united-islamic-center-of-arizona,471172036/",42,46,,,2267.0,census_geocoder
92,WVIC,10510 W Van Buren St,Avondale,AZ,85323,33.4500893,-112.2858638,,-,No Basic Information,,,23,,,2720.0,nominatim
93,Islamic Center of Laveen (Laveen Mosque),5099 W Dobbins Rd #1,Laveen Village,AZ,85339,33.362874603848,-112.169003868253,,2008,,"https://www.causeiq.com/organizations/islamic-center-of-laveen,262407029/",28,32,,,2269.0,census_geocoder
94,Islamic Center of Yuma,200 W  24th St,Yuma,AZ,85364,32.684013107147,-114.618972556911,,1999,,https://www.mapquest.com/us/arizona/islamic-center-of-yuma-23769214,24,80,,,1383.0,census_geocoder
95,Albanian-American Islamic Center of Arizona,6724 E Greenway rd,Peoria,AZ,85381,33.625141161424,-112.203642692401,,2003,,https://greenwaymasjidaz.com,35,81,,,924.0,census_geocoder
96,Islamic Center of Peoria (ICP),23915 N Lake Pleasant Pkwy,Peoria,AZ,85383,33.699653549749,-112.273351161431,,2019,,https://www.icpaz.org/about/,,18,,,2719.0,census_geocoder
97,Muslim Community Center of Tucson,5100 N Kevy Pl,Tucson,AZ,85704,32.299456095909,-110.998152578475,,2014,,https://tucson.com/lifestyles/faith-and-values/article_b274bf11-78f8-570b-a760-dcf8da920a7a.html,,52,,,710.0,census_geocoder
98,Imam Abu Hanifa Islamic Center IAHIC,4727 East 5th Street,Tucson,AZ,85711,32.2288964454,-110.891837425847,,2021,,https://iahiccenter.org/?page_id=2056,37,72,,,2722.0,census_geocoder
99,Husainiya Center of Tucson,639 N Swan Rd,Tucson,AZ,85712,32.229861147974,-110.892541357183,,2019,,https://www.husainiyatucson.org/,38,69,,,727.0,census_geocoder
100,ICS Tucson,5010 E Bellevue St,Tucson,AZ,85712,32.237955698472,-110.885927733429,,1980,,https://www.zippia.com/interfaith-community-services-careers-673065/history/,41,82,,,2721.0,census_geocoder
101,Islamic Center of Tucson,901 E 1 st,Tucson,AZ,85719,32.234362293791,-110.957897550977,,1991,,https://en.wikipedia.org/wiki/Tucson_Mosque,59,81,,,80.0,census_geocoder
102,Flagstaff Community Masjid,30-269 S Family Housing,Flagstaff,AZ,86001,,,,1990,,https://www.icflagstaff.org/about-us,65,96,,,1102.0,
103,Islamic Center Of Flagstaff,1829 N East St,Flagstaff,AZ,86004,35.205553288036,-111.618990840866,,1990,,https://www.icflagstaff.org/about-us,43,55,,,2273.0,census_geocoder
104,Prescott Islamic Center,2200 E Hillsdale Rd,Prescott,AZ,86301,34.592330584451,-112.425695530187,,-,No Basic Information,,,19,,,2723.0,census_geocoder
105,Masjid Ibrahim,2075 Airway Avenue,Kingman,AZ,86401,35.22490005735,-114.029410233788,,1990,,https://www.archnet.org/sites/10393,,50,,,172.0,census_geocoder
106,Masjid Ismail,1715 Wolf Ct.,Bullhead City,AZ,86442,35.041434701889,-114.590763562387,,1998,,https://projects.propublica.org/nonprofits/organizations/860853536,,18,,,1897.0,census_geocoder
107,Masjid At-Thohir,1200 South Kenmore Avenue,Los Angeles,CA,90006,34.049016968133,-118.296764512799,,,,,68,93,,,4166.0,census_geocoder
108,Masjid Umar Ibn Khattab,1025 Exposition Blvd,Los Angeles,CA,90007,34.018414849028,-118.293003170664,,1994,,https://www.archnet.org/sites/10386,70,74,,,1989.0,census_geocoder
109,Masjid Bilal,4016 S Central Ave,Los Angeles,CA,90011,34.010652050749,-118.256431194053,,1999,,https://masjidbilalonline.com/about-masjid-bilal-islamic-center.html,57,79,,,401.0,census_geocoder
110,Minaret,1109-1101 East Martin Luther King Junior Boulevard,Los Angeles,CA,90011,34.011206823913,-118.256437398375,,,,,57,80,,,4167.0,census_geocoder
111,Akber Masjid- Islamic Center Downtown Los Angeles,1013 San Julian St A,Los Angeles,CA,90015,34.036783317551,-118.252426104189,,-,No Basic Information,https://prayersconnect.com/mosques/84082263-akber-mosque-los-angeles-california-united-states,97,87,,,2284.0,census_geocoder
112,Masjid Abu Bakr Al-Siddiq,3611 Crenshaw Blvd,Los Angeles,CA,90016,34.023564053769,-118.335166430484,,-,Information Without Year,https://www.muslimguide.com/show/Masjid_Abu_Bakr_As_Siddiq_178,59,85,,,131.0,census_geocoder
113,El-Hajj Malik El Shabazz Islamic Center,2914 West Jefferson Boulevard,Los Angeles,CA,90018,34.025546554332,-118.327355299212,,,,,58,80,,,4165.0,census_geocoder
114,Masjid Ibadullah,2310 E Jefferson Blvd,Los Angeles,CA,90018,34.025510193162,-118.320226179604,,1985,,https://www.slideshare.net/slideshow/ilm-zakat-abu-bakr/23496629,62,82,,,1880.0,census_geocoder
115,Kobe Bryant Mural,1170 South Norton Avenue,Los Angeles,CA,90019,34.050096165516,-118.322517982134,,,,,63,84,,,4185.0,census_geocoder
116,Masjid Al Mumin,1635 S st Andrews Place,Los Angeles,CA,90019,34.042908639801,-118.311646238893,,1903,,https://www.instagram.com/masjidmumin/?hl=en,60,85,,,1609.0,census_geocoder
117,Masjid Al-Mu'min,1635 South Saint Andrews Place,Los Angeles,CA,90019,34.042908639801,-118.311646238893,,,,,60,84,,,4157.0,census_geocoder
118,Islamic Center of Southern California,434 S Vermont Ave,Los Angeles,CA,90020,34.066676143583,-118.29158353607,,1976,,"https://islamiccenter.com/who-we-are/#:~:text=%E2%80%9CAnd%20thus%20have%20We%20willed,of%20its%20members%20and%20volunteers.",78,96,,,77.0,census_geocoder
119,Islamic Center of Southern California - Food Distribution Center,434 South Vermont Avenue,Los Angeles,CA,90020,34.066676143583,-118.29158353607,,,,,78,96,,,4152.0,census_geocoder
120,Masjid Al-Falah/Los Angeles Islamic Center,309 South Serrano Avenue,Los Angeles,CA,90020,34.068778147117,-118.306685480857,,-,Information Without Year,(213) 887-5140,78,96,,,607.0,census_geocoder
121,Muslims For Progressive Values,1465 Tamarind Avenue,Los Angeles,CA,90028,34.097380985288,-118.319121526376,,,,,69,91,,,4168.0,census_geocoder
122,HOLLYWOOD Mosque,4430 Fountain Avenue,Los Angeles,CA,90029,34.095706025505,-118.285950267552,,,,,69,92,,,4158.0,census_geocoder
123,IMAN Foundation,3376 Motor Avenue,Los Angeles,CA,90034,34.0280910717,-118.40974069772,,,,,58,90,,,4156.0,census_geocoder
124,Iranian American Muslim Association,3376 Motor ave,Los Angeles,CA,90034,34.0280910717,-118.40974069772,,1996,,https://www.linkedin.com/company/imancenter,60,90,,,1163.0,census_geocoder
125,New Mosque,10510 Rose Avenue,Los Angeles,CA,90034,34.02851342219,-118.41188934136,,,,,58,87,,,4182.0,census_geocoder
126,Islah LA,2900 West Slauson Avenue,Los Angeles,CA,90043,33.988969,-118.324868,,,,,55,80,,,4154.0,nominatim
127,Masjid Al Salam,2900 Florence Ave,Los Angeles,CA,90043,33.974505861437,-118.324352896032,,1981,,https://ca.cair.com/updates/11-historically-black-socal-mosques-to-support-in-black-history-month-beyond/,53,74,,,1625.0,census_geocoder
128,Masjid Bilal Ibn Rabah,5450 Crenshaw Blvd,Los Angeles,CA,90043,33.99197417565,-118.330519285192,,-,Information Without Year,https://www.masjidbilalonline.com/bilal-learning-center-los-angeles.html,54,83,,,1846.0,census_geocoder
129,Ebrahim Mosque,7014 South Vermont Avenue,Los Angeles,CA,90044,33.976191086737,-118.291364719121,,,,,60,77,,,4159.0,census_geocoder
130,The Nation of Islam Muhammad Mosque #27,8039 South Vermont Avenue,Los Angeles,CA,90044,33.967053987743,-118.291940602625,,,,,60,71,,,4180.0,census_geocoder
131,Islamic Center of Los Angeles,9642 South Western Avenue,Los Angeles,CA,90047,33.948280170733,-118.30893724092,,,,,50,51,,,4153.0,census_geocoder
132,Masjid Al Rasul,11211 S Central Ave,Los Angeles,CA,90059,33.932734080867,-118.254300897646,,2019,,https://rakwa.com/listting/islamic-center-of-watts-masjid-al-rasul,57,63,,,1624.0,census_geocoder
133,Masjid Omar ibn Al-Khattab,1025 W Exposition Blvd,Los Angeles,CA,90089,34.018414849028,-118.293003170664,,1994,,https://www.archnet.org/sites/10386,70,74,,,604.0,census_geocoder
134,Bell Islamic Center,5250 Gage Avenue,Bell,CA,90201,33.976008969976,-118.170727062242,,2011,,https://prayersconnect.com/mosques/84084138-bell-islamic-center-bell-california-united-states,,77,,,781.0,census_geocoder
135,El Hussein Youth Center Mosque,4213 Gage Avenue,Bell,CA,90201,33.978611437394,-118.191988151581,,,,,,89,,,4144.0,census_geocoder
136,El-Hussein Community Center,6840 Otis ave,Bell,CA,90201,33.974426521301,-118.193187609776,,1984,,"https://www.causeiq.com/organizations/el-hussein-youth-corporation,953942917/",,84,,,1091.0,census_geocoder
137,Masjid Al-Siddique,4313 Gage ave,Bell,CA,90201,33.978488328937,-118.190922953411,,1984,,"https://www.causeiq.com/organizations/el-hussein-youth-corporation,953942917/",,91,,,1763.0,census_geocoder
138,Al Rashid Islamic Center,2226 E Compton,Compton,CA,90221,33.89603765716,-118.19932600145,,2002,,https://prayersconnect.com/mosques/84066548-masjid-al-rashid-compton-california-united-states,,75,,,865.0,census_geocoder
139,Ismaili Cultural Center,106 N Alameda Blvd,Compton,CA,90221,33.896110998784,-118.219795242928,,-,Information Without Year,(510) 865-6128,,84,,,90.0,census_geocoder
140,ORODARA,5800 Bristol Parkway,Culver City,CA,90230,33.988051317684,-118.386764149909,,,,,53,77,,,4149.0,census_geocoder
141,Tehkal bala,5800 Bristol Parkway,Culver City,CA,90230,33.988051317684,-118.386764149909,,,,,53,77,,,4090.0,census_geocoder
142,Yaseen Education Foundation,4117 Overland ave,Culver City,CA,90230,34.012980414093,-118.401769753342,,1998,,https://yaseened.org/about-us/,55,88,,,2241.0,census_geocoder
143,King Fahad Mosque - Los Angeles,10980 Washington Blvd,Culver City,CA,90232,34.012018290895,-118.410178399206,,1998,,https://kingfahadmosque.org/,57,87,,,2291.0,census_geocoder
144,Islamic Society of Downey,11022 Old River School Road,Downey,CA,90241,33.949257641572,-118.147442832835,,2024,,https://isodla.org/,,78,,,618.0,census_geocoder
145,Islamic Center of Mid Cities,12428 S Benedict Ave,Downey,CA,90242,33.918052127444,-118.118762919203,,2000,,"https://www.causeiq.com/organizations/islamic-center-of-mid-cities,954772202/",,65,,,1285.0,census_geocoder
146,Al Huda Islamic School,12227 Hawthorne Way,Hawthorne,CA,90250,33.923230703053,-118.353596258102,,,,,46,81,,,4194.0,census_geocoder
147,Al-Watan Musalaha (Mosque),13637 South Inglewood Avenue,Hawthorne,CA,90250,33.908121201863,-118.361338341468,,,,,41,77,,,4192.0,census_geocoder
148,Islamic Center of Hawthorne,12209 Hawthorne Way,Hawthorne,CA,90250,33.923262360817,-118.353596716907,,1995,,https://ichla.org/about/,46,81,,,264.0,census_geocoder
149,Masjid Faatimah (Sunni mosque),15012 Prairie Avenue,Hawthorne,CA,90250,33.895227681448,-118.343762782534,,,,,43,83,,,4191.0,census_geocoder
150,Bab-Ul-Ilm Islamic Center,5950 Heliotrope Cir,Maywood,CA,90270,33.985604245364,-118.179926222429,,2000,,http://www.babulilm.org/,,83,,,12.0,census_geocoder
151,IQRA Academy of Palos Verdes,704 Silver Spur Road,Rolling Hills Estates,CA,90274,33.77135474365,-118.370489018377,,,,,,73,,,3965.0,census_geocoder
152,Al Zahra Islamic Center,8152 Seville Ave,South Gate,CA,90280,33.963113026863,-118.222566955526,,1990,,http://masjidalzahra.com/about/,,80,,,867.0,census_geocoder
153,ArRahmah Mosque,1117 West Manchester Boulevard,Inglewood,CA,90301,33.959946194807,-118.375616041379,,,,,52,77,,,4205.0,census_geocoder
154,Islamic Center Of Inglewood,311 E Arbor Vitae St,Inglewood,CA,90301,33.952750456724,-118.350818730285,,1971,,https://islamiccenterofinglewood.org/about-us/,53,87,,,2288.0,census_geocoder
155,Santa Monica Masjid,1231 4th Street,Santa Monica,CA,90401,34.018718178379,-118.497753884829,,,,,77,96,,,4073.0,census_geocoder
156,Westside Community and Cultural Center,1235 4th Street,Santa Monica,CA,90401,34.018666767247,-118.497692467515,,,,,77,96,,,4038.0,census_geocoder
157,Santa Monica Jamatkhana,3350 Ocean Park Boulevard,Santa Monica,CA,90405,34.021734248244,-118.450600350421,,,,,48,63,,,4039.0,census_geocoder
158,ALSAJDAH FOUNDATION,1801 Cabrillo Avenue,Torrance,CA,90501,33.829560383288,-118.314326192635,,,,,41,92,,,4009.0,census_geocoder
159,Darul Arqam Musalla,1801 Cabrillo Avenue,Torrance,CA,90501,33.829560383288,-118.314326192635,,,,,41,92,,,4018.0,census_geocoder
160,Masjid Ishaque,3341 Torrance Boulevard,Torrance,CA,90503,33.837176028923,-118.343276603759,,,,,41,82,,,4020.0,census_geocoder
161,Darul Ulum,18093 Prairie ave No.F,Torrance,CA,90504,33.866897563047,-118.343858420601,,1997,,https://duny.us/about-us/,50,81,,,1074.0,census_geocoder
162,Imamia Educational Center,2150 Redondo Beach Boulevard,Torrance,CA,90504,33.88584906787,-118.316748673154,,,,,45,84,,,4019.0,census_geocoder
163,Momin Lodge,1918 E Artesia Blvd,Torrance,CA,90504,33.872743569667,-118.311726654086,,1994,,"https://www.causeiq.com/organizations/momin-lodge,954483499/",38,76,,,2049.0,census_geocoder
164,Islamic Center of Whittier,13222 Bailey St ,Whittier,CA,90601,33.980821531411,-118.034698795631,,-,No Basic Information,(626) 818-0855,,90,,,1374.0,census_geocoder
165,Rose Hills Rainbow Chapel,Workman Mill Road,Whittier,CA,90601,33.9993014,-118.0552915,,,,,,72,,,4026.0,nominatim
166,Tawheed Dawah Center,7151 Lincoln Avenue,Buena Park,CA,90620,33.8319501,-118.0134964,,,,,36,79,,,4143.0,nominatim
167,Baitul Mukarram,12225 Centralia Street,Lakewood,CA,90623,33.838792453754,-118.071459736148,,-,Information Without Year,https://baitul-mukarram.org,,69,,,974.0,census_geocoder
168,Al Burooj Academy,5631 Lincoln Avenue,Cypress,CA,90630,33.831827215449,-118.034905360365,,,,,32,67,,,4089.0,census_geocoder
169,Islamic Center of Cypress,5900 Ball Road,Cypress,CA,90630,33.816951862508,-118.030214283903,,2012,,https://prayersconnect.com/mosques/84045736-islamic-center-of-cypress-cypress-california-united-states,29,63,,,1226.0,census_geocoder
170,La Mirada Masjid,14225 Imperial Highway,La Mirada,CA,90638,33.917212769906,-118.028539919306,,2001,,http://www.masjidlamirada.org/,,77,,,617.0,census_geocoder
171,Madinah Islamic Center,12500 Firestone Blvd,Norwalk,CA,90650,33.906992790532,-118.071427142209,,2001,,https://pakistanlink.org/Community/2015/Dec15/04/05.HTM,38,67,,,1535.0,census_geocoder
172,Masroor Mosque,7419 Passons Boulevard,Pico Rivera,CA,90660,33.972867521046,-118.094430846396,,-,Information Without Year,(202) 779-3676,,65,,,619.0,census_geocoder
173,Shia Ithnaasheri Islamic Center/Husseini Mosque, 7925 Serapis Ave,Pico Rivera,CA,90660,33.967948340675,-118.101802302127,,1981,,https://www.lajamaat.org/about-us/,,81,,,262.0,census_geocoder
174,Baitul Mukarram Mosque,12213 Centralia Street,Lakewood,CA,90715,33.838788557617,-118.071719361675,,,,,,69,,,4206.0,census_geocoder
175,AlSajdah Academy,1741 Lomita Boulevard,Lomita,CA,90717,33.797972528189,-118.309359858401,,,,,35,74,,,4183.0,census_geocoder
176,Islamic Center of South Bay (LA Lomita - Masjid Al Noor),25816 Walnut Street,Lomita,CA,90717,33.788695359787,-118.31196588248,,,,,43,91,,,4164.0,census_geocoder
177,Masjid Al-Noor,28516 Walnut Street,Lomita,CA,90717,33.8126008,-118.3117145,,1982,,https://masjidalnoor.org/about-us/,41,88,,,1730.0,nominatim
178,International Institute of Tolerance (IIT),20932 Main Street,Carson,CA,90745,33.840133541125,-118.279690245353,,,,,,,,,4136.0,census_geocoder
179,Long Beach Islamic Center,995 E 27th St,Signal Hill,CA,90755,33.8062559794,-118.180766248626,,2015,,https://www.longbeachislamiccenter.com/about/,56,70,,,1529.0,census_geocoder
180,Masjid Al-Shareef,2104 Orange Ave,Long Beach,CA,90806,33.795284551726,-118.176250557403,,1972,,https://maslb.net/history-of-maslb/,52,75,,,1762.0,census_geocoder
181,Masjid Al-Taqwa,2181 North Lake ave,Altadena,CA,91001,34.183423320789,-118.131674546088,,1999,,"https://en.wikipedia.org/wiki/Masjid_Al-Taqwa_(Altadena,_California)",,80,,,1764.0,census_geocoder
182,Islamic Center of Arcadia,4105 East Live Oak Avenue,Arcadia,CA,91006,34.109696254699,-118.014656616803,,,,,,66,,,4117.0,census_geocoder
183,Masjid Qurtubah,1121 Huntington Dr,Monrovia,CA,91010,34.139716415098,-117.980930589104,,-,Information Without Year,https://islamicvalley.com/mosque/390/masjid-qurtuba,41,84,,,355.0,census_geocoder
184,Squaw Valley Islamic Settlement,2684 San Pablo Way,Bradbury,CA,91010,34.143079148592,-117.945042922091,,2003,,https://www.charitynavigator.org/ein/020662740,,44,,,2173.0,census_geocoder
185,Masjid Qurtabah,1121 E Huntington Dr,Monrovia,CA,91016,34.139716415098,-117.980930589104,,1994,,"https://www.causeiq.com/organizations/masjid-qurtuba,954411578/",,78,,,1947.0,census_geocoder
186,Masjid Al-Taqwa,573 North Lake Avenue,Pasadena,CA,91101,34.156039117349,-118.132512593245,,,,,63,88,,,3983.0,census_geocoder
187,Islamic Center of Glendale,2711 Kennington Dr.,Glendale,CA,91206,34.163898394362,-118.21073025013,,2010,,"https://www.latimes.com/socal/glendale-news-press/opinion/tn-gnp-xpm-2012-07-23-tn-gnp-0723-intersections-a-new-mosque-connects-local-muslims-story.html#:~:text=Having%20spent%20years%20on%20the,changed%20things%20for%20Glendale's%20Muslims.",0,6,,,53.0,census_geocoder
188,Fatima Islamic Society,7252 Remmet ave Suite 101,Canoga Park,CA,91303,34.201987185297,-118.600210844733,,1981,,https://cityclerk.lacity.org/onlinedocs/2021/21-0943_misc_6_08-19-21.pdf,53,89,,,1099.0,census_geocoder
189,Islamic Society of West Valley (ISWV),7060 Owensmouth Avenue,Los Angeles,CA,91304,34.1984674,-118.6014594,,,,,55,86,,,4151.0,nominatim
190,Al-Islam Mosque,9960 Canoga Avenue,Los Angeles,CA,91311,34.251093921815,-118.597236705036,,,,,52,61,,,4161.0,census_geocoder
191,Islamic Center of Conejo Valley,2700 Borchard Rd,Newbury Park,CA,91320,34.178941495245,-118.933730981646,,1997,,"https://www.latimes.com/archives/la-xpm-1997-aug-10-me-21257-story.html#:~:text=A%20few%20also%20pray%20in,commitment%20to%20make%20necessary%20improvements.",19,61,,,1223.0,census_geocoder
192,Unity Center of Santa Clarita,24352 Walnut st,Santa Clarita,CA,91321,34.379313047804,-118.529575739504,,2011,,"https://www.causeiq.com/organizations/unity-center-of-santa-clarita-holdings,273700528/",,93,,,2220.0,census_geocoder
193,Islamic Center Northridge/Tampa Masjid,8424 Tampa Ave,Los Angeles,CA,91324,34.223237327637,-118.553486127089,,1993,,https://www.archnet.org/sites/10394,44,65,,,612.0,census_geocoder
194,Centro Islamico de Pacoima,13070 1/2 Van Nuys Boulevard,Los Angeles,CA,91331,34.269235760842,-118.417683796225,,,,,54,76,,,4160.0,census_geocoder
195,Islamic Center of Reseda,18206 Victory Blvd,Reseda,CA,91335,34.186545849837,-118.529580720012,,2012,,https://www.dailynews.com/2012/03/02/islamic-center-of-reseda-expands-to-serve-faithful/,51,51,,,1331.0,census_geocoder
196,MTO Shahmaghsoudi (School of Islamic Sufism),18011 Sherman Way,Los Angeles,CA,91335,34.201303439392,-118.525470042613,,2008,,https://mto.org/center/los-angeles/,46,82,,,611.0,census_geocoder
197,Spamosque,18855 Lemay Street,Los Angeles,CA,91335,34.192388833044,-118.543144734955,,,,,48,55,,,4181.0,census_geocoder
198,Imam Bukhary Masjid,15716 Parthenia Street,Los Angeles,CA,91343,34.228262504692,-118.474613601269,,,,,43,63,,,4155.0,census_geocoder
199,"Islamic Center of Northridge, Granada Hills Masjid",11439 Encino Ave,Granada Hills,CA,91344,34.278595551442,-118.515356607586,,1992,,https://www.archnet.org/sites/10394,22,18,,,2289.0,census_geocoder
200,Al Umma Center of Santa Clarita,18015 Sierra Highway,Santa Clarita,CA,91351,34.42360433201,-118.450903806232,,,,,,47,,,4059.0,census_geocoder
201,Islamic Center of Burbank,7838 San Fernando Rd,Los Angeles,CA,91352,34.213880062179,-118.360449063737,,2012,,https://www.burbankcenter.org/our-background/,42,64,,,614.0,census_geocoder
202,Islamic Center of Santa Clarita Valley,26477 Ruether Ave,Santa Clarita,CA,91355,34.415665720595,-118.499641568474,,1989,,https://mindtrip.ai/attraction/santa-clarita-california/islamic-center-santa-clarita-valley/at-XiOp9ADi,,51,,,75.0,census_geocoder
203,Dawoodi Bohra Al Masjid Al Ezzi Anjuman-e-Burhanee,5701 Platt Ave,Los Angeles,CA,91367,34.173054995859,-118.643473429347,,2015,,https://thedawoodibohrasusa.com/communities/los-angeles/,28,23,,,599.0,census_geocoder
204,Islamic Center of North Hollywood,5645 Strohm Ave,North Hollywood,CA,91601,34.172811587977,-118.359444035272,,-,Information Without Year,,41,77,,,1307.0,census_geocoder
205,Islamic Center of Inland Empire,9212 Base Line rd,Rancho Cucamonga,CA,91701,34.121608395739,-117.604137125691,,2000,,https://ranchomasjid.org/about/,20,71,,,1262.0,census_geocoder
206,Al-Fatiha Islamic Center,210 N Citrus Ave,Azusa,CA,91702,34.124098115977,-117.890050154197,,1998,,https://www.masjidalfatiha.org/about-us,39,69,,,881.0,census_geocoder
207,Baitul Hameed Mosque,11941 Ramona Avenue,Chino,CA,91710,34.036510715536,-117.706829657399,,1989,,https://en.wikipedia.org/wiki/Baitul_Hameed_Mosque,23,47,,,784.0,census_geocoder
208,Chino Valley Islamic Center,5565 Daniels st,Chino,CA,91710,34.000783795474,-117.683547623942,,2010,,https://cvislamiccenter.org/about/,23,35,,,1030.0,census_geocoder
209,h,2358 Cogswell Road,El Monte,CA,91732,34.054284427508,-118.028643692694,,,,,42,70,,,4078.0,census_geocoder
210,Al Bayaan Islamic Center,15030 Fairgrove Avenue,La Puente,CA,91744,34.045262626556,-117.95388483155,,,,,,77,,,4214.0,census_geocoder
211,Islamic Center of San Gabriel Valley (ICSGV),19164 E Walnut Dr N,Rowland Heights,CA,91748,33.995696980521,-117.884770674352,,2013,,https://al-talib.org/a-castle-with-humble-beginnings/,,53,,,2290.0,census_geocoder
212,Masjid Darul Arqam,2012 Vivero Drive,Rowland Heights,CA,91748,33.982723726104,-117.90338085106,,,,,,69,,,3940.0,census_geocoder
213,Islamic Center of Jurupa Valley,10900 50th St,Jurupa Valley,CA,91752,33.996281397455,-117.52170739108,,2012,,https://icjv.org/about-us/,,50,,,440.0,census_geocoder
214,"Dawoodi Bohra Al Masjid Al Jamali Anjuman-e-Qutbi, Orange County",1027 East Philadelphia Street,Ontario,CA,91761,34.03398440734,-117.634391528347,,,,,20,46,,,3966.0,census_geocoder
215,Al Nur Islamic Center,4959 Palo Verde st  Suite 205-C,Montclair,CA,91763,34.081353814091,-117.696232824561,,2004,,https://alnuric.org/history-2/,41,73,,,862.0,census_geocoder
216,Islamic Center of Inland Valley,1555 E 3Rd st,Pomona,CA,91766,34.057618347385,-117.724586177032,,-,No Basic Information,,38,55,,,1263.0,census_geocoder
217,Masjid  Al Sabereen,805 S Garey ave,Pomona,CA,91766,34.052340641724,-117.750014035595,,1998,,https://www.masjidsabireen.com/about-us,38,89,,,1563.0,census_geocoder
218,Islamic Center of Claremont,3641 N Garey Ave,Pomona,CA,91767,34.108377760674,-117.748627969814,,1985,,https://www.gofundme.com/f/renovate-our-masjid-islamic-center-of-claremont,39,73,,,1221.0,census_geocoder
219,Islamic Center of Claremont School (ICCS),3619 North Garey Avenue,Pomona,CA,91767,34.108106480307,-117.748634428893,,,,,39,73,,,3997.0,census_geocoder
220,Zainabia Islamic Society,575 N Towne ave,Pomona,CA,91767,34.063539190667,-117.741666835773,,1993,,https://www.guidestar.org/profile/33-0575522,49,83,,,2248.0,census_geocoder
221,Ahlul-Byet Mosque,2155 Murchison ave,Pomona,CA,91768,34.071160649513,-117.791158497489,,1985,,https://www.ummatin.com/o/Ahlul-Beyt-Mosque-Inc,32,12,,,850.0,census_geocoder
222,Masjid Gibrael,1301 E Las Tunas Dr.,San Gabriel,CA,91776,34.103527424701,-118.079216701304,,1983,,https://www.masjidgibrael.org/,,62,,,1870.0,census_geocoder
223,Middle Ground Mosque,870 North Mountain Avenue,Upland,CA,91786,34.10463193395,-117.670132241501,,,,,37,77,,,4031.0,census_geocoder
224,Institute of Knowledge (IOK),1009 VÃƒÂ­a Sorella,Diamond Bar,CA,91789,,,,,,,,53,,,4086.0,
225,Masjid Al-Furqan,659 Brea Canyon rd Suite 2-3,Walnut,CA,91789,34.006403318198,-117.8465699999,,-,No Basic Information,,,27,,,1669.0,census_geocoder
226,Al-Nabi Mosque,1505 West Garvey Avenue North,West Covina,CA,91790,34.072783420108,-117.937751963638,,,,,,60,,,4028.0,census_geocoder
227,Hejrat Foundation,1505 West Garvey Avenue North,West Covina,CA,91790,34.072783420108,-117.937751963638,,,,,,69,,,4027.0,census_geocoder
228,Masjid Al-Nabi,1505 East Garvey Avenue North,West Covina,CA,91790,34.072783420108,-117.937751963638,,2000,,https://prayersconnect.com/mosques/84039674-al-nabi-mosque-hejrat-foundation-west-covina-california-united-states,,48,,,1729.0,census_geocoder
229,Islamic Center of Chula Vista,1280 3rd Avenue,Chula Vista,CA,91911,32.60760024668,-117.066789486558,,,,,44,82,,,4134.0,census_geocoder
230,Islamic Center Of Eastlake,821 Kuhn Drive,Chula Vista,CA,91914,32.65304975839,-116.966726509701,,,,,21,79,,,4135.0,census_geocoder
231,Alrahma Islamic Center,7520 El Cajon Blvd.  Suite 108,La Mesa,CA,91941,32.768095078135,-117.035352459825,,2008,,https://www.bizprofile.net/ca/la-mesa/alrahma-islamic-center,48,76,,,929.0,census_geocoder
232,Masjid Usman,7126 Westview Pl,Lemon Grove,CA,91945,32.741149166407,-117.044686203789,,2015,,https://prayersconnect.com/mosques/84026872-masjid-uthman-lemon-grove-california-united-states,38,80,,,1996.0,census_geocoder
233,Islamic Center Of EL Cajon (Masjid Al Firdaws),557 El Cajon Boulevard,El Cajon,CA,92020,32.790133796414,-116.97239122664,,,,,,,,,4082.0,census_geocoder
234,Afghan Masjid,1324 East Main Street,El Cajon,CA,92021,32.797045380051,-116.933909431664,,,,,39,74,,,4084.0,census_geocoder
235,Islamic Center of San Diego East County,833 Broadway,El Cajon,CA,92021,32.807635812785,-116.95192341303,,,,,36,57,,,4081.0,census_geocoder
236,Masjid (Dawah and Tableegh),1324 Main,El Cajon,CA,92021,32.797045380051,-116.933909431664,,,,,,,,,4080.0,census_geocoder
237,Masjid Ar-Rasheed,1324 East Main Street,El Cajon,CA,92021,32.797045380051,-116.933909431664,,,,,39,75,,,4079.0,census_geocoder
238,Masjid Ashty,1357 Broadway,El Cajon,CA,92021,32.807646920868,-116.933564300806,,-,Information Without Year,https://prayersconnect.com/mosques/84098788-masjid-ashty-alsalam-el-cajon-california-united-states,38,80,,,1821.0,census_geocoder
239,Al Nour Center,125 West Mission Avenue,Escondido,CA,92025,33.130136784356,-117.08586518536,,,,,48,89,,,4094.0,census_geocoder
240,Islamic Center of Escondido (Masjid Dar Ul Arqam),318 W 6th Ave,Escondido,CA,92025,33.115690026362,-117.081321281415,,1992,,https://www.facebook.com/p/Dar-Ul-Arqam-Islamic-Center-100064562835034/,50,85,,,2754.0,census_geocoder
241,Islamic Center Of Escondido (Masjid Dar Ul Arqam),318 West 6th Avenue,Escondido,CA,92025,33.115690026362,-117.081321281415,,,,,50,85,,,4109.0,census_geocoder
242,Imam Ali Masjid,10390 Mountain View,Lakeside,CA,92040,32.864683208408,-116.956518836401,,1998,,https://www.mapquest.com/us/california/imam-ali-masjid-422963332,,12,,,267.0,census_geocoder
243,Noor Collective,10390 Mountain View Lane,Lakeside,CA,92040,32.864683208408,-116.956518836401,,,,,,12,,,4212.0,census_geocoder
244,Cece's Mosque,531 Roja Street,Oceanside,CA,92057,33.257878879963,-117.301679728534,,,,,38,51,,,3967.0,census_geocoder
245,Tri City Islamic Center,2136 Industrial Court,Vista,CA,92081,33.168896,-117.218774,,,,,35,54,,,4030.0,nominatim
246,Masjid Al Ittehad,925 Anza Ave,Vista,CA,92084,33.211379119104,-117.231957196876,,1992,,https://www.masjidalittehad.com/about-us.html,30,80,,,1603.0,census_geocoder
247,SAIKCHAIL Dakshin Para Baitun Noor Jame Masjid,"San Diego, CA 92101, USA",San Diego,CA,92101,33.127887,-117.3112897,,,,,64,93,,,4002.0,nominatim
248,Masjid Sunnah,4758 Federal Boulevard,San Diego,CA,92102,32.721496530671,-117.092616713428,,,,,46,72,,,3988.0,census_geocoder
249,Masjid Al-Ansar,4014 Winona ave,San Diego,CA,92105,32.74980247473,-117.088049971866,,2001,,,55,91,,,135.0,census_geocoder
250,Masjid An-Nur (Islamic Center Of Mid City),3872  50th St,San Diego,CA,92105,32.748023675808,-117.087041232541,,1989,,https://www.floridamemory.com/items/show/322759,55,89,,,1611.0,census_geocoder
251,San Diego Salafi Dawah,4990 University Avenue,San Diego,CA,92105,32.749468092995,-117.087160307863,,,,,55,89,,,4052.0,census_geocoder
252,Salaam USA,4615 Pico Street,San Diego,CA,92109,32.80564741597,-117.222833832496,,,,,56,77,,,4053.0,census_geocoder
253,Islamic Center of San Diego (ICSD),7050 Eckstrom Avenue,San Diego,CA,92111,32.82025352265,-117.165475329057,,,,,36,60,,,3950.0,census_geocoder
254,Mas-San Diego,7710 Balboa Ave #208C,San Diego,CA,92111,32.821801155603,-117.15732891337,,1993,,https://massandiego.org/about/,43,62,,,1560.0,census_geocoder
255,Noor Collective,7969 Engineer Road,San Diego,CA,92111,32.825854822292,-117.1521067309,,,,,47,56,,,4037.0,census_geocoder
256,Islamic Center of Logan Heights (Masjid Omar),3487 Ocean View Boulevard,San Diego,CA,92113,32.701179338115,-117.118975484954,,,,,51,66,,,3951.0,census_geocoder
257,Islamic Community Center of Redlands,5077 Logan ave,San Diego,CA,92113,32.696703941895,-117.086000600919,,2007,,,51,73,,,119.0,census_geocoder
258,Mariscos Guille,500-514 South 31st Street,San Diego,CA,92113,32.700990153238,-117.12740619342,,,,,53,80,,,3948.0,census_geocoder
259,Masjidul Taqwa San Diego,2575 Imperial Avenue,San Diego,CA,92113,32.706297943427,-117.138666219339,,1949,,https://www.masjidultaqwasandiego.org/,62,90,,,388.0,census_geocoder
260,Muhammad Mosque,6601 Imperial Avenue,San Diego,CA,92114,32.710714746326,-117.05618979586,,,,,49,66,,,4000.0,census_geocoder
261,Al Rribat Al Aslami/Ar Rribat Islamic Center,7173 Saranac St,San Diego,CA,92115,32.770834536418,-117.043310156896,,1986,,https://prayersconnect.com/mosques/84057889-masjid-al-rribat-al-islami-san-diego-california-united-states,48,78,,,266.0,census_geocoder
262,Masjid Al Huda [Huda Community Center],4175 Bonillo Drive,San Diego,CA,92115,32.753957547824,-117.059783537646,,,,,52,78,,,3947.0,census_geocoder
263,Ahmadiyya Muslim Community,7576 Trade Street,San Diego,CA,92121,32.889044862481,-117.159424035141,,,,,16,42,,,3953.0,census_geocoder
264,Darululoom San Diego Masjid (Crescent Academy),6916 Miramar Road,San Diego,CA,92121,32.878528017285,-117.16635734306,,,,,20,52,,,3952.0,census_geocoder
265,Afghan Community Islamic Center,3333 Sandrock rd,San Diego,CA,92123,32.803333550849,-117.139228951555,,1994,,https://www.acicmasjidtawheed.com/about.html,34,80,,,1858.0,census_geocoder
266,MAS Mosque,7310 Miramar Road,San Diego,CA,92126,32.882147009333,-117.156050107846,,,,,19,48,,,3949.0,census_geocoder
267,Masjid Hamza/Islamic Center of Mira Mesa,9625 Black Mountain Rd # 204,San Diego,CA,92126,32.897791316177,-117.123231502448,,-,Information Without Year,https://www.masjidhamzasandiego.com/,22,79,,,1874.0,census_geocoder
268,Muslim Community Center of Greater San Diego,14698 Via Fiesta,San Diego,CA,92127,32.990985231199,-117.163350108663,,2001,,https://mccgsdfoundation.org/,0,14,,,2090.0,census_geocoder
269,Islamic Society of North County,7151 Primrose Ln,San Diego,CA,92129,32.961711852084,-117.163681308866,,,,,0,10,,,1476.0,census_geocoder
270,Rivers of Life Project,81-944 California 111,Indio,CA,92201,33.714878,-116.233081,,,,,,26,,,4202.0,nominatim
271,Islamic Center of Beaumont,1252 Beaumont Ave,Beaumont,CA,92223,33.941894756063,-116.977126916018,,2019,,https://prayersconnect.com/mosques/84042346-islamic-center-of-beaumont-beaumont-california-united-states,,58,,,2292.0,census_geocoder
272,Islamic Center of Calexico,911 Emerson Avenue,Calexico,CA,92231,32.67659422611,-115.49998985447,,,,,,83,,,4141.0,census_geocoder
273,Islamic Society of Palm Springs,84650 Ave 49,Coachella,CA,92236,33.692972579457,-116.187894450488,,1997,,"https://www.causeiq.com/organizations/islamic-society-of-palm,330439233/",,57,,,832.0,census_geocoder
274,Imperial Valley Islamic Center,1195 Park ave,El Centro,CA,92243,32.795788229233,-115.565474222039,,2012,,"https://www.causeiq.com/organizations/imperial-valley-khaslsa-diwan,953689369/",,79,,,1153.0,census_geocoder
275,Desert Islamic Society,69640 California 111,Rancho Mirage,CA,92270,33.77458269881,-116.448821150659,,,,,,37,,,3996.0,census_geocoder
276,United Islamic Cemetery,12716 Purple Sage Road,Adelanto,CA,92301,34.6524953,-117.3677858,,,,,,0,,,4127.0,nominatim
277,Iqra Islamic Center of Barstow,305 N 3Rd ave,Barstow,CA,92311,34.900685444754,-117.024377560239,,-,No Basic Information,,39,70,,,1162.0,census_geocoder
278,Colton Jamat Khana Inland,1282 East Cooley Drive,Colton,CA,92324,34.054551795181,-117.307213408886,,,,,34,59,,,4132.0,census_geocoder
279,Ar-Rahman Islamic Center,7641 Sierra ave,Fontana,CA,92336,34.115008063608,-117.435797375734,,2010,,https://www.pakistanlink.org/Community/2010/July10/09/08.HTM,38,63,,,9.0,census_geocoder
280,Inland Valley Islamic Society - Dar Al-Taqwa,6556 Hemlock Avenue,Fontana,CA,92336,34.134898125637,-117.47544254741,,,,,18,6,,,4107.0,census_geocoder
281,Masjid Dar Al-Taqwa,6556 Hemlock Avenue,Fontana,CA,92336,34.134898125637,-117.47544254741,,2015,,https://prayersconnect.com/mosques/84055646-inland-valley-islamic-society-fontana-california-united-states,18,6,,,773.0,census_geocoder
282,The Academy of Islamic Knowledge,3606 East Highland Avenue,Highland,CA,92346,34.135844215579,-117.208582594031,,,,,31,67,,,4188.0,census_geocoder
283,Islamic Community Center of Redlands,24769 Redlands Blvd  Suite A B C,Loma Linda,CA,92354,34.063011791784,-117.264069268538,,2007,,https://iccredlands.org/about/,39,43,,,88.0,census_geocoder
284,Islamic Center of Redlands,11210 Alabama st,Redlands,CA,92373,34.050305764105,-117.208766830289,,2007,,https://iccredlands.org/about/,,68,,,1330.0,census_geocoder
285,Islamic Community Center of Redlands (ICCR),26830 Beaumont Avenue,Redlands ,CA,92373,34.037534582326,-117.218130762358,,,,,14,3,,,4219.0,census_geocoder
286,Islamic Society of California,627 Brookside,Redlands,CA,92373,34.052822728677,-117.190158420789,,2001,,"https://www.causeiq.com/organizations/islamic-society-of-california,330881787/",,80,,,1453.0,census_geocoder
287,Peace Academy,26830 Beaumont Avenue,Redlands,CA,92373,34.037534582326,-117.218130762358,,,,,14,3,,,3995.0,census_geocoder
288,ÃÂœÃÂ°Ã‘ÂÃÂ´ÃÂ¶ÃÂ¸ÃÂ´ ÃÂÃÂ¹Ã‘ÂˆÃÂ° ÃÂ±ÃÂ¸ÃÂ½Ã‘Â‚ ÃÂÃÂ±ÃÂ¸ ÃÂ‘ÃÂ°ÃÂºÃ‘Â€,1369 North Willow Avenue,Rialto,CA,92376,34.124392170718,-117.374744848053,,,,,30,68,,,3989.0,census_geocoder
289,The Nation of Islam Muhammad Mosque #97,241 East Baseline Road,Rialto,CA,92376,34.121330291985,-117.367375015224,,,,,29,69,,,3990.0,census_geocoder
290,High Desert Islamic Society,16793 Merrill st,Victorville,CA,92392,34.526277741098,-117.297722864201,,2001,,https://www.vvdailypress.com/story/news/local/desert-dispatch/2009/07/02/man-killed-in-fire-helped/37114448007/,37,71,,,1129.0,census_geocoder
291,Islamic Center of Victor Valley,15112 Mojave Drive,Victorville,CA,92395,34.528718081114,-117.333806041001,,2013,,https://prayersconnect.com/mosques/84029880-islamic-center-of-victor-valley-victorville-california-united-states,37,72,,,823.0,census_geocoder
292,Dar Al Uloom Al Islamiyah of America,2012 Mallory st,San Bernardino,CA,92405,34.143370378081,-117.336068844922,,1989,,https://www.facebook.com/people/Dar-Al-Uloom-Al-Islamiyah-of-America/61557841358733/,,17,,,1049.0,census_geocoder
293,Nasantar Muslim California,1018 S Lincoln ave,San Bernardino,CA,92408,34.08591803221,-117.281001119454,,2014,,"https://www.causeiq.com/organizations/nusantara-muslim-california,273578111/",28,39,,,2111.0,census_geocoder
294,Faizan-E-Madinah (Riverside) Masjid,12702 Magnolia Avenue,Riverside,CA,92503,33.8856285,-117.5058592,,,,,,62,,,3986.0,nominatim
295,ÃÂœÃÂ°Ã‘ÂÃÂ´ÃÂ¶ÃÂ¸ÃÂ´ ÃÂÃ‘Â‚-ÃÂ¢ÃÂ°Ã‘ÂƒÃ‘Â…ÃÂ¸ÃÂ´,1433 West Linden Street,Riverside,CA,92507,33.97942639716,-117.342786066074,,,,,43,75,,,3985.0,census_geocoder
296,Islamic Center of Riverside,1038 W Linden St bldg b,Riverside,CA,92521,33.97928645664,-117.33370851287,,1979,,https://www.islamiccenterofriverside.net/who-are-we,42,47,,,280.0,census_geocoder
297,Islamic Society of Lake Elsinore,32391 Riverside Drive,Lake Elsinore,CA,92530,33.670656612863,-117.379113587496,,,,,,47,,,4210.0,census_geocoder
298,Islamic Center of Hemet,44212 Florida Avenue,Hemet,CA,92544,33.747928398757,-116.889395502618,,2023,,"https://www.causeiq.com/organizations/islamic-center-of-hemet,884226098/",,30,,,1256.0,census_geocoder
299,Islamic Development Center,"24436 Webster Ave,",Moreno Valley,CA,92553,33.937306396026,-117.236192106373,,1995,,https://islamicdevelopmentcenter.org/about-us/,33,58,,,261.0,census_geocoder
300,Masjid Alrahma,12125 Day st  Suite R-101,Moreno Valley,CA,92557,33.94479234865,-117.279021183841,,2016,,https://www.facebook.com/mffie/posts/join-us-as-we-celebrate-10-years-of-strengthening-families-and-communities-the-1/1273145214982088/,35,67,,,1783.0,census_geocoder
301,Masjid Alrahma,"12125 Day Street. Unit# R-101, Moreno Valley, CA 92557, USA",Moreno Valley,CA,92557,33.94479234865,-117.279021183841,,,,,35,67,,,4076.0,census_geocoder
302,Madina Educational Center,40121 Torrey Pines Road,Murrieta,CA,92563,33.545055653724,-117.161943960088,,,,,22,46,,,3978.0,census_geocoder
303,Shia Islamic Education Center Of Murrieta,38372 Innovation Court,Murrieta,CA,92563,33.560098515242,-117.133471436314,,,,,,42,,,3977.0,census_geocoder
304,Perris Islamic Center,3895 N Perris Blvd,Perris,CA,92571,33.842679719054,-117.225990750985,,2000,,https://prayersconnect.com/mosques/84049659-islamic-center-of-perris-perris-california-united-states,,46,,,2131.0,census_geocoder
305,Islamic Community of Menifee (JumuÃ¢Â€Â™ah @ 1 pm and Daily Ã¢Â€Â˜Isha),26805 Murrieta Road,Menifee,CA,92585,33.731663501921,-117.206321421274,,,,,,1,,,4176.0,census_geocoder
306,Islamic Center of Temecula Valley,42188 Rio Nedo Suite A,Temecula,CA,92590,33.511932445093,-117.170847611137,,2011,,https://grokipedia.com/page/islamic-center-of-temecula-valley,15,35,,,1356.0,census_geocoder
307,Rahma Center,27121 Towne Centre Drive,Lake Forest,CA,92610,33.680580836257,-117.677483700766,,,,,,46,,,4208.0,census_geocoder
308,Orange County Ismaili Jamatkhana,17965 Sky Park Circle,Irvine,CA,92614,33.689459159611,-117.860137363259,,,,,40,38,,,4215.0,census_geocoder
309,New Horizon Irvine Community Center,10 Marconi,Irvine,CA,92618,33.642355703722,-117.71891526195,,,,,21,33,,,4216.0,census_geocoder
310,ICOI Village,5530 Trabuco Road,Irvine,CA,92620,33.6970621,-117.7652074,,,,,32,66,,,4204.0,nominatim
311,Islamic Center of Irvine (ICOI),2 Truman St,Irvine,CA,92620,33.696418467674,-117.76603202755,,2004,,https://www.icoi.net/about/,33,70,,,2293.0,census_geocoder
312,Jannah Institute,5540 Trabuco Road,Irvine,CA,92620,33.6968613,-117.7649447,,,,,31,56,,,4217.0,nominatim
313,Islamic Educational Center of Orange County,3194-B Airport Loop Dr,Costa Mesa,CA,92626,33.68541948096,-117.86500883567,,1999,,https://iecoc.org/about-us/start-of-iecoc/,40,37,,,1423.0,census_geocoder
314,Anatolia Cultural Centers,25351 Commercentre Drive,Lake Forest,CA,92630,33.666830638257,-117.687877386232,,,,,,24,,,4209.0,census_geocoder
315,Salaam Islamic Center,25351 Commercentre Drive,Lake Forest,CA,92630,33.666830638257,-117.687877386232,,,,,,24,,,4207.0,census_geocoder
316,Tolerance Foundation,16541 Gothard Street,Huntington Beach,CA,92647,33.722461181484,-118.000259403904,,,,,,71,,,4187.0,census_geocoder
317,The Majlis,23151 Plaza Pointe Drive,Laguna Hills,CA,92653,33.626778294059,-117.723187246203,,,,,23,61,,,4211.0,census_geocoder
318,Al-Noor Foundation,14522 Goldenwest Street,Westminster,CA,92683,33.75145886857,-118.007009966653,,2000,,"https://www.devex.com/organizations/al-noor-foundation-29270#:~:text=Official%20Registration,Noor%20in%20Fountain%20Valley%2C%20California.",,71,,,651.0,census_geocoder
319,Orange County Islamic Foundation,23581 Madero Dr.,Mission Viejo,CA,92691,33.62091861611,-117.675480770229,,1996,,https://ocif.org/the-organization/,,72,,,2126.0,census_geocoder
320,Islamic Center of Santa Ana (ICSA - Indo-Chinese Muslim),1610 East 1st Street,Santa Ana,CA,92701,33.745401860392,-117.846678862328,,,,,46,82,,,4068.0,census_geocoder
321,Masjid Santa Ana,1001 Grant st Suite No. B2,Santa Ana,CA,92701,33.738091453106,-117.855580504151,,2017,,https://icsamasjid.com/about-us/,46,51,,,1959.0,census_geocoder
322,Masjid Al-Hedaye and Kavkaz Cultural Center,5109 E 5th st,Santa Ana,CA,92703,33.748819456366,-117.936500722309,,1960,,"https://www.causeiq.com/organizations/kavkaz-cultural-center-of-california,956050344/",54,98,,,1683.0,census_geocoder
323,Imamia Education Center,2110 E 1St st Suite 120,Santa Ana,CA,92705,33.745415389597,-117.837128811456,,-,Information Without Year,,40,31,,,1150.0,census_geocoder
324,Islamic Center of Fountain Valley,16551 Brookhurst Street,Fountain Valley,CA,92708,33.721869032292,-117.954754674948,,,,,33,65,,,4106.0,census_geocoder
325,Darul Falah,14712 Bentley Cir,Tustin,CA,92780,33.714881434205,-117.806920558751,,1990,,https://tustinmasjid.com,46,48,,,1067.0,census_geocoder
326,Jafaria Islamic Society,642 South B st,Tustin,CA,92780,33.739350486871,-117.826157809104,,1980,,,46,91,,,116.0,census_geocoder
327,CAIR Los Angeles,2180 West Crescent Avenue,Anaheim,CA,92801,33.839703855936,-117.957926859341,,,,,37,65,,,4125.0,census_geocoder
328,Der e Zahra,941 North Holly Street,Anaheim,CA,92801,33.844744310184,-117.954355964817,,,,,35,60,,,4124.0,census_geocoder
329,Islamic Center of Anaheim,1136 N Brockhurst st,Anaheim,CA,92801,33.84784949878,-117.959074072359,,-,Information Without Year,,35,69,,,1198.0,census_geocoder
330,Yaseen Educational Foundation Orange County,1139 North Anaheim Boulevard,Anaheim,CA,92801,33.849154787099,-117.919903125034,,,,,45,74,,,4119.0,census_geocoder
331,Masjid Al-Ansar,1717 S Brookhurst st,Anaheim,CA,92804,33.8317059,-117.9588662,,1997,,,34,65,,,134.0,nominatim
332,Masjid Al-Ansar,1717 South Brookhurst Street,Anaheim,CA,92804,33.8269431,-117.9589588,,,,,34,65,,,4128.0,nominatim
333,West Coast Islamic Society,1717 South Brookhurst Street,Anaheim,CA,92804,33.8269431,-117.9589588,,,,,34,65,,,4121.0,nominatim
334,Jafaria Shia Islamic Society,1546 East La Palma Avenue,Anaheim,CA,92805,33.847207615437,-117.895317344809,,,,,41,76,,,4122.0,census_geocoder
335,Islamic Institute of Orange County,1220 North State College Boulevard,Anaheim,CA,92806,33.852942112798,-117.889001443159,,,,,41,77,,,4123.0,census_geocoder
336,Masjid Omar Al Farouk,1220 N State College Blvd,Anaheim,CA,92806,33.852942112798,-117.889001443159,,1991,,https://commons.wikimedia.org/wiki/File:Islamic_Institute_of_Orange_County_(2021-06-15).jpeg,41,77,,,1940.0,census_geocoder
337,Fullerton Masjid FMCC,515 West Valencia Drive,Fullerton,CA,92832,33.866701442943,-117.933525153756,,,,,46,65,,,4203.0,census_geocoder
338,Fullerton Mosque/Fullerton Muslim Community Center (FMCC) ,515 E Valencia Dr. Suite H,Fullerton,CA,92832,33.866386441949,-117.915050885918,,1980,,https://fmccmasjid.org,46,59,,,1108.0,census_geocoder
339,ICNA Relief Southern California So Cal Office,505 East Commonwealth Avenue,Fullerton,CA,92832,33.870458302648,-117.915382980133,,,,,48,82,,,4199.0,census_geocoder
340,Jamaluddin Afghani Masjid,3635 West Valencia Drive,Fullerton,CA,92833,33.866464402705,-117.975397100213,,,,,34,68,,,4198.0,census_geocoder
341,Bosphorus Center (Masjid),12642 Brookhurst Street,Garden Grove,CA,92840,33.779097302094,-117.958359149469,,,,,34,73,,,4197.0,census_geocoder
342,Islamic Society of Orange County,1 Al-Rahman Plaza,Garden Grove,CA,92844,33.755797385531,-117.958980850993,,1976,,https://isocmasjid.org/about-us/,38,86,,,1480.0,census_geocoder
343,Syed Jamaluddin Afgahni Islamic Center,546 E Ketella,Orange,CA,92861,,,,1983,,https://muslimlistings.org/listing/masjid-syed-jamal-uddin/,38,66,,,2182.0,
344,Islamic Shura Council of Southern California,2854 North Santiago Boulevard,Orange,CA,92867,33.836028213236,-117.833951877553,,,,,38,66,,,3972.0,census_geocoder
345,Maryam Masjid ICNA Center, 3764 S Ellis St,,CA,92879,33.875509758027,-117.524119559584,,1988,,https://prayersconnect.com/mosques/84022896-maryam-masjid-icna-center-corona-california-united-states,,58,,,439.0,census_geocoder
346,MAS Corona Center,4234 Green River Road,Corona,CA,92880,33.879222434021,-117.647340893823,,,,,0,31,,,4147.0,census_geocoder
347,Islamic Center of Corona & Norco,465 Santana Way,Corona,CA,92881,33.851607854288,-117.561493282904,,2013,,https://www.pressenterprise.com/2013/11/27/corona-new-mosque-taking-shape/,19,54,,,1225.0,census_geocoder
348,Prime Years Academy,495 Santana Way,Corona,CA,92881,33.850942708299,-117.560894587336,,,,,19,39,,,4112.0,census_geocoder
349,Islamic Center of Yorba Linda,4382 Eureka Ave,Yorba Linda,CA,92886,33.897131720871,-117.819991246578,,2006,,https://www.icyl.org/about,,51,,,1381.0,census_geocoder
350,The Suhbah OC,4382 Eureka Avenue,Yorba Linda,CA,92886,33.897131720871,-117.819991246578,,,,,,51,,,4022.0,census_geocoder
351,salem media group,4880 Santa Rosa Road,Camarillo,CA,93012,34.21731486579,-119.005618442456,,,,,,69,,,4140.0,census_geocoder
352,Masjid Omar Muhammad,702 Walnut Street,Moorpark,CA,93021,34.286515385455,-118.88081103539,,,,,,81,,,4170.0,census_geocoder
353,Islamic Center of Ventura County,525 South A st,Oxnard,CA,93030,34.197077018579,-119.178647960301,,1993,,https://www.mapquest.com/us/california/islamic-center-of-ventura-county-442459932,,93,,,1366.0,census_geocoder
354,Islamic Society of Simi Valley (ISSV),4343 Township Avenue,Simi Valley,CA,93063,34.293553439968,-118.70937720126,,,,,29,50,,,4017.0,census_geocoder
355,Al Rasul,1954 Arcane Street,Simi Valley,CA,93065,34.260782779099,-118.759708333969,,,,,28,37,,,4011.0,census_geocoder
356,Masjid Al-Rasool,1206 Erringer Road,Simi Valley,CA,93065,34.260848505526,-118.761277081318,,,,,28,54,,,4010.0,census_geocoder
357,"First Church of Christ, Scientist, Santa Barbara",120 East Valerio Street,Santa Barbara,CA,93101,34.429316514474,-119.709388009286,,,,,49,89,,,4067.0,census_geocoder
358,Goleta Presbyterian Church,6067 Shirrell Way,Goleta,CA,93117,34.44405552635,-119.833263415494,,,,,,65,,,4075.0,census_geocoder
359,Good Shepherd Lutheran Church and Preschool,380 North Fairview Avenue,Goleta,CA,93117,34.445005145819,-119.830503128513,,,,,,70,,,4196.0,census_geocoder
360,Islamic Society Of Santa Barbara,302 North Los Carneros Road,Goleta,CA,93117,34.443308181855,-119.853709549136,,2019,,https://www.independent.com/2019/07/02/mosque/,,29,,,430.0,census_geocoder
361,Arvin Islamic Center- Masjid Alsalaam,804 Haven Drive,Arvin,CA,93203,35.205487350512,-118.833267430732,,,,,,73,,,4114.0,census_geocoder
362,Islamic center,441 Sycamore Road,Arvin,CA,93203,35.194482759856,-118.826600362159,,,,,,20,,,4120.0,census_geocoder
363,Masjid Abu Bakar,1130 Kensington st,Delano,CA,93215,35.77123878779,-119.243324020279,,1983,,https://bamcgroup14.weebly.com/,,88,,,128.0,census_geocoder
364,Kings County Local Agency Comm,1400 West Lacey Boulevard,Hanford,CA,93230,36.3280039,-119.6611813,,,,,30,54,,,4201.0,nominatim
365,Masjid Hanford,308 S 10th ave,Hanford,CA,93230,36.322969560918,-119.63704702739,,1949,,https://prayersconnect.com/mosques/84046076-masjid-hanford-hanford-california-united-states,25,60,,,1705.0,census_geocoder
366,Masjid Huron,364656 Lassen Avenue,Huron,CA,93234,,,,,,,,61,,,4193.0,
367,Masjid Porterville,289 N 3Rd st,Porterville,CA,93257,36.070568544657,-119.014184778833,,2004,,https://prayersconnect.com/mosques/84077624-masjid-porterville-porterville-california-united-states,,87,,,1943.0,census_geocoder
368,Shafter Masjid,"Shafter, CA 93263, USA",Shafter,CA,93263,,,,,,,,4,,,4013.0,
369,Shafter mosque,295 North Beech Avenue,Shafter,CA,93263,35.502631845698,-119.260555778495,,,,,,45,,,4012.0,census_geocoder
370,Masjid Visalia,1317 S Divisadero st,Visalia,CA,93277,36.319162442536,-119.309918974001,,2003,,"https://www.causeiq.com/organizations/masjid-visalia,770440112/",,77,,,1998.0,census_geocoder
371,Al-Farooq Islamic Center,615 Kentucky st,Bakersfield,CA,93305,35.379109836477,-118.993477178186,,2014,,https://prayersconnect.com/mosques/84027050-masjid-umar-ibn-al-khattab-al-farooq-islamic-center-bakersfield-california-united-states,33,67,,,877.0,census_geocoder
372,Bagh kali,Kam Avenue,Bakersfield,CA,93307,,,,,,,,1,,,4129.0,
373,Islamic Center of San Joaquin Valley,701 Ming Ave,Bakersfield,CA,93307,35.33940075608,-119.00973081127,,2009,,"https://en.halalguide.me/los-andzheles/mechet/islamic-center-of-san-joaquin-valley#:~:text=The%20Islamic%20Center%20of%20San,khutbah%20starts%20at%201%20pm.&text=%D0%9F%D0%BE%D0%B4%D0%B5%D0%BB%D0%B8%D1%82%D1%8C%D1%81%D1%8F:",,54,,,1338.0,census_geocoder
374,"Dawoodi Bohra Al Masjid Al Fakhri, Anjuman-e-Hakimi Bakersfield",3852 Akers Road,Bakersfield,CA,93309,35.320629243684,-119.047743727261,,,,,27,39,,,4130.0,census_geocoder
375,Imambargah Al Mehdi Shia Islamic Center.,136-1400 Easton Drive,Bakersfield,CA,93309,35.367728278537,-119.044362525604,,,,,36,47,,,4131.0,census_geocoder
376,Islamic Center of Bakersfield,8740 Harris Rd Unit 301,Bakersfield,CA,93311,35.303478336411,-119.099133640621,,2013,,"https://www.causeiq.com/organizations/islamic-center-of-bakersfield,542100682/",22,47,,,1808.0,census_geocoder
377,Islamic Centre of Bakersfield,202-8730 Harris Road,Bakersfield,CA,93311,35.303476640201,-119.099035048806,,,,,22,47,,,4146.0,census_geocoder
378,Sunrise Community Center,3212 Jewetta Avenue,Bakersfield,CA,93312,35.388614127536,-119.127804523494,,,,,,27,,,4145.0,census_geocoder
379,40 Prado Homeless Services Center,40 Prado Road,San Luis Obispo,CA,93401,35.256150309618,-120.672692732527,,,,,20,45,,,4046.0,census_geocoder
380,Calvary SLO Church,4029 South Higuera Street,San Luis Obispo,CA,93401,35.24375961872,-120.675406135596,,,,,23,65,,,4055.0,census_geocoder
381,Mosque of Nasreen,1136 Walnut st,San Luis Obispo,CA,93401,35.286257788785,-120.662350321449,,2008,,https://mosqpedia.org/masajid/mosque-of-nasreen/,38,88,,,191.0,census_geocoder
382,Mt. Carmel Lutheran Church,1701 Fredericks Street,San Luis Obispo,CA,93405,35.293024407607,-120.65458467177,,,,,35,68,,,4056.0,census_geocoder
383,Temple Ner Shalom,875 Laureate Lane,San Luis Obispo,CA,93405,35.286007779773,-120.710265333135,,,,,,3,,,4057.0,census_geocoder
384,Five Cities Vineyard Church,330 Stanton Street,Arroyo Grande,CA,93420,35.074504293322,-120.551890101569,,,,,,0,,,4115.0,census_geocoder
385,Central Coast Islamic Center of Santa Maria - Mosque / Masjid,712 East Chapel Street,Santa Maria,CA,93454,34.954261187319,-120.426513110538,,,,,,63,,,4058.0,census_geocoder
386,Islamic Center of Santa Maria,325 E Plaza Dr. Suite 5,Santa Maria,CA,93454,34.937454563682,-120.433019908108,,2002,,https://ccicmasjid.org/about/,,72,,,1340.0,census_geocoder
387,Islamic Center of North Valley,42554 4th st E,Lancaster,CA,93535,34.655899189131,-118.123281709648,,1996,,https://www.propertyshark.com/mason/Property/45511432/42554-4-St-E-Lancaster-CA-93535/,,16,,,1310.0,census_geocoder
388,Masjid of Antelope Valley,1125 E Palmdale Blvd,Palmdale,CA,93550,34.579641077487,-118.109051927113,,1998,,https://aiiav.org/about,,77,,,265.0,census_geocoder
389,Ridgecrest Islamic center,725 West Ridgecrest Boulevard,Ridgecrest,CA,93555,35.622444543328,-117.683929516854,,,,,,36,,,3987.0,census_geocoder
390,American Islamic Institute of Antelope Valley,1305 118th Street West,Rosamond,CA,93560,,,,,,,,0,,,3999.0,
391,Valley Crescent School,547 West Nees Avenue,Clovis,CA,93611,36.852190243245,-119.723734412743,,,,,30,64,,,4133.0,census_geocoder
392,Dinuba Islamic Center Ã™Â…Ã˜Â³Ã˜Â¬Ã˜Â¯ Ã˜Â¯Ã™ÂŠÃ™Â†Ã™ÂˆÃ˜Â¨Ã˜Â§,669 West Nebraska Avenue,Dinuba,CA,93618,36.560207314433,-119.386806362607,,,,,,12,,,4085.0,census_geocoder
393,Madera Islamic Center,16634 Road 26,Madera,CA,93638,37.0194261,-120.0743549,,2017,,"https://www.causeiq.com/organizations/madera-islamic-center,770410327/",,33,,,1532.0,nominatim
394,Madera Islamic Center,16634 Road 26,Madera,CA,93638,37.0194261,-120.0743549,,,,,,33,,,4178.0,nominatim
395,Iglesia Maranatha Reedley,1447 14th Street,Reedley,CA,93654,36.5911365,-119.4509535,,,,,,81,,,3992.0,nominatim
396,Super Burger omar,1295 Manning Avenue,Reedley,CA,93654,36.604071656371,-119.435811007821,,,,,,82,,,3991.0,census_geocoder
397,Hayward masjid,"Sanger, CA 93657, USA",Sanger,CA,93657,,,,,,,,89,,,4069.0,
398,Selma Mosque,2415 Floral Avenue,Selma,CA,93662,36.576188715462,-119.618417717233,,,,,,66,,,4014.0,census_geocoder
399,Islamic center Ã™Â…Ã˜Â³Ã˜Â¬Ã˜Â¯ Ã˜Â§Ã™Â„Ã˜Â±Ã˜Â­Ã™Â…Ã˜Â©,320 B Street,Fresno,CA,93706,36.721005592066,-119.791777634446,,,,,40,48,,,4097.0,census_geocoder
400,Masjid Al-Aqaba,1528 Kern st,Fresno,CA,93706,36.729876889944,-119.793175708303,,2009,,"https://www.causeiq.com/organizations/masjid-al-aqabah,261427538/",53,86,,,1646.0,census_geocoder
401,AIA School,1284 East Bullard Avenue,Fresno,CA,93710,36.823112942386,-119.766230779539,,,,,35,70,,,4098.0,census_geocoder
402,Masjid Fresno Ã™Â…Ã˜Â³Ã˜Â¬Ã˜Â¯ Islamic Center,2111 East Shaw Avenue,Fresno,CA,93710,36.808539435827,-119.751639398827,,,,,40,76,,,4096.0,census_geocoder
403,Masjid Fresno Islamic Center,2111 E Shaw Ave,Fresno,CA,93710,36.808539435827,-119.751639398827,,1979,,https://www.archnet.org/sites/10385,40,76,,,2285.0,census_geocoder
404,My Deen Center,1284 East Bullard Avenue,Fresno,CA,93710,36.823112942386,-119.766230779539,,,,,35,70,,,4111.0,census_geocoder
405,Prophet Muhammad (s) Center,320 West Bedford Avenue,Fresno,CA,93711,36.846042364101,-119.79669449986,,,,,50,66,,,4148.0,census_geocoder
406,Islamic Cultural Center of Fresno,2111 E Nees ave,Fresno,CA,93720,36.851999924637,-119.74641612778,,2001,,https://icfresno.org,28,46,,,1409.0,census_geocoder
407,Selma Layne Park,2065 East Shepherd Avenue,Fresno,CA,93720,36.866510033803,-119.74656925308,,,,,17,41,,,4169.0,census_geocoder
408,Masjidut-Tauheed Islamic Center Fresno,1155 Fulton Street,Fresno,CA,93721,36.757207179367,-119.800340570414,,,,,47,87,,,4095.0,census_geocoder
409,Badr Islamic Center,4222 E Alamos ave Suite 102,Fresno,CA,93722,36.805752658358,-119.753879303605,,2006,,https://fresnocountyca-web.tylerhost.net/web/search/DOCSEARCH377S1,41,75,,,13.0,census_geocoder
410,Sierra Community Center,7150 North Milburn Avenue,Fresno,CA,93722,36.839403014249,-119.879003738093,,,,,26,46,,,4150.0,census_geocoder
411,Islamic Community of Salinas,35 W Market St,Salinas,CA,93901,36.677670361291,-121.656406680803,,,,"https://www.causeiq.com/organizations/islamic-community-of-salinas,770521386/",51,93,,,1398.0,census_geocoder
412,Lovers Point Majlis,227 Grand Avenue,Pacific Grove,CA,93950,36.620495338724,-121.917300391496,,,,,,94,,,3981.0,census_geocoder
413,Masjid At-Taqwa/Islamic Society of Monterey County,405 Elm ave,Seaside,CA,93955,36.607865142116,-121.853548268724,,1965,,https://ismcca.org/,,85,,,1828.0,census_geocoder
414,Yaseen Foundation,621 Masonic Way,Belmont,CA,94002,37.522766564427,-122.274536435369,,1999,,https://www.yaseen.org/about,,89,,,224.0,census_geocoder
415,Yaseen Burlingame Center,1722 Gilbreth Road,Burlingame,CA,94010,37.598855488868,-122.373800886547,,,,,,49,,,4142.0,census_geocoder
416,Daly City Islamic Center,7330 Mission Street,Daly City,CA,94014,37.6909877,-122.4653582,,,,,62,94,,,4088.0,nominatim
417,Ã˜Â¬Ã˜Â§Ã™Â…Ã˜Â¹ Ã˜Â§Ã™Â„Ã˜Â§Ã˜Â®Ã™Â„Ã˜Â§Ã˜Âµ,488 Knoll Drive,Los Altos,CA,94024,37.360722595098,-122.103174107411,,,,,,37,,,4162.0,census_geocoder
418,Mahfid Dodoroh,910 Madonna Way,Los Altos,CA,94024,37.366293080574,-122.108437293248,,,,,,19,,,4163.0,census_geocoder
419,Waltham Islamic Society,475 El Camino Real,Millbrae,CA,94030,37.602844939415,-122.392706879019,,,,,,94,,,4174.0,census_geocoder
420,Chitti kauri barkat kha ki masjid,"Mountain View, CA 94041, USA",Mountain View,CA,94041,,,,,,,55,80,,,4074.0,
421,Peninsula Muslim Association,361 Villa st,Mountain View,CA,94041,37.391716642092,-122.073835020223,,-,Information Without Year,,57,87,,,1294.0,census_geocoder
422,Mountain View-Palo Alto Mosque (MVPA Musalla),849 Independence Avenue,Mountain View,CA,94043,37.416611239304,-122.097106469988,,,,,36,74,,,4021.0,census_geocoder
423,Peninsula Muslim Association Musallah - Jum'a player only,849 Independence Avenue,Mountain View,CA,94043,37.416611239304,-122.097106469988,,,,,32,84,,,3979.0,census_geocoder
424,Diyanet Mosque,111 Hazel Avenue,Redwood City,CA,94061,37.474403644442,-122.22128909968,,,,,,90,,,3994.0,census_geocoder
425,Ertugrul Gazi Masjid,111 Hazel Avenue,Redwood City,CA,94061,37.474403644442,-122.22128909968,,,,,,90,,,3993.0,census_geocoder
426,Jerrahi Mosque,3644 Hoover st,Redwood City,CA,94063,37.483793952917,-122.186313231259,,-,Information Without Year,(650) 364-1699,,54,,,1514.0,census_geocoder
427,Ahle Sunnat wal Jamaat of The Peninsula,204 A Street,South San Francisco,CA,94080,37.652148009358,-122.430727553867,,,,,,75,,,4007.0,census_geocoder
428,Masjid Al-Jame,373 Alta Vista Dr.,South San Francisco,CA,94080,37.639955820902,-122.435213723544,,1974,,"https://www.calameo.com/books/00035017727006bf347c5#:~:text=Built%20in%201974%20)%20To%20All%20Fiji,always%20proud%20of%20what%20they%20have%20achieved.",,52,,,1703.0,census_geocoder
429,Taha Services,1285 Hammerwood Avenue,Sunnyvale,CA,94089,37.409457556595,-121.990442021126,,2015,,https://prayersconnect.com/mosques/84035284-taha-islamic-center-sunnyvale-california-united-states,49,36,,,322.0,census_geocoder
430,Al-Sabeel Masjid,48 Golden Gate ave,San Francisco,CA,94102,37.782273827616,-122.411389706663,,2002,,https://www.launchgood.com/v4/campaign/save_our_san_francisco_masjid_from_foreclosure,100,100,,,914.0,census_geocoder
431,Alsabeel Masjid Noor Al Islam,118 Jones St,San Francisco,CA,94102,37.782291221612,-122.412192724465,,2002,,https://www.alsabeel.org/about-us,100,100,,,743.0,census_geocoder
432,Islamic Society of San Francisco/Masjid Dar El Salam,20 Jones Street,San Francisco,CA,94102,37.781360491462,-122.411996449936,,1991,,https://www.archnet.org/sites/10411,100,100,,,450.0,census_geocoder
433,San Francisco Muslim Community Center (SFMCC),762 Fulton Street,San Francisco,CA,94102,37.77806378527,-122.429169235632,,,,,93,97,,,4054.0,census_geocoder
434,Abobo avocatier,"San Francisco, CA 94103, USA",San Francisco,CA,94103,,,,,,,100,98,,,4051.0,
435,Darussalam Masjid,"San Francisco, CA 94103, USA",San Francisco,CA,94103,,,,,,,100,98,,,4050.0,
436,Masjid Al Tawheed,1227 Sutter st,San Francisco,CA,94109,37.787647275955,-122.420502977184,,-,No Basic Information,,87,99,,,1632.0,census_geocoder
437,Islamic Center of San Francisco,400 Crescent ave,San Francisco,CA,94110,37.734827914695,-122.416758559323,,1959,,https://directory.alfafaa.com/listing/islamic-center-of-san-francisco-icsf/,75,81,,,74.0,census_geocoder
438,Mission Islamic Center of San Francisco,4760 Mission Street,San Francisco,CA,94112,37.7218945803,-122.436990997187,,,,,87,96,,,4048.0,census_geocoder
439,Muslim Community Center,850 Divisadro Street,San Francisco,CA,94117,37.777258488129,-122.438132355985,,1978,,https://www.archnet.org/sites/10409,77,97,,,2087.0,census_geocoder
440,Bayview Islamic Unity Center,1411 Thomas ave,San Francisco,CA,94124,37.728380446372,-122.387828889706,,1995,,https://bayviewislamicunitycenter.weebly.com,69,86,,,982.0,census_geocoder
441,MSA SFSU Muslim Student Association,1650 Holloway Avenue,San Francisco,CA,94132,37.720926017958,-122.477621707914,,,,,67,92,,,4049.0,census_geocoder
442,Hatemi Mosque,998 San Antonio Road,Palo Alto,CA,94303,37.422360099756,-122.101422232262,,,,,30,61,,,3982.0,census_geocoder
443,Stanford Mosque,520 Lasuen Mall,Stanford,CA,94305,37.426220287109,-122.168966515021,,,,,,60,,,4006.0,census_geocoder
444,Masjid al-Jamil Naqshbandi Dergah,427 S California ave,Palo Alto,CA,94306,37.426074691798,-122.144840008224,,-,Information Without Year,(707) 287-8688,49,95,,,1512.0,census_geocoder
445,Masjid Al Haq,228 N Ellsworth st,San Mateo,CA,94401,37.57084072541,-122.328864248314,,1984,,http://www.masjidulhaqq.org/brief-history.html,50,91,,,1595.0,census_geocoder
446,Muslim Children's Garden,225 Tilton Avenue,San Mateo,CA,94401,37.568524970657,-122.327898459791,,,,,51,96,,,4072.0,census_geocoder
447,Islamic Center of Alameda,901 Santa Clara Avenue,Alameda,CA,94501,37.773247985799,-122.270432960085,,1998,,https://www.archnet.org/sites/10406,49,89,,,624.0,census_geocoder
448,Masjid Quba,707 Haight st,Alameda,CA,94501,37.774279045294,-122.276255001891,,1998,,https://www.archnet.org/sites/10406,49,92,,,1946.0,census_geocoder
449,New American Mosque alameda,421 Camden Road,Alameda,CA,94501,37.75912464319,-122.257650102876,,,,,40,64,,,4126.0,census_geocoder
450,Musallah Darul Arqum,3853 Broadway st,American Canyon,CA,94503,38.176376647861,-122.254435744184,,-,No Basic Information,,,69,,,2069.0,census_geocoder
451,Islamic Center of Antioch (Masjid AbuBakr AlSaddiq),2001 West 10th Street,Antioch,CA,94509,38.012241923495,-121.827206091203,,,,,31,50,,,4118.0,census_geocoder
452,Islamic Center of East Bay,311 W 18th St,Antioch,CA,94509,38.004894106101,-121.810254205892,,2000,,https://islamiccenterofeastbay.org/about.html,34,86,,,1232.0,census_geocoder
453,Brentwood Muslim Community Center,181 Sand Creek rd Suite G,Brentwood,CA,94513,37.946766454923,-121.699452886771,,2011,,https://www.islamicity.org/4148/new-mosque-opens-in-brentwood/,,74,,,1013.0,census_geocoder
454,Masjid Noor Islamic and Cultural Community Center,4035 Treat Boulevard,Concord,CA,94518,37.950646924044,-122.005632887703,,,,,21,38,,,4113.0,census_geocoder
455,Masjid Omar Al-Farooq,2836 Clayton Rd,Concord,CA,94519,37.97450038584,-122.02539436014,,1986,,https://bamcgroup6.weebly.com/archive.html,57,86,,,1942.0,census_geocoder
456,Islamic Center Of Fairfield,1945 Kidder Ave,Fairfield,CA,94533,38.264996882326,-122.030230912989,,1982,,https://www.fairfieldmasjid.com/about/,,68,,,1782.0,census_geocoder
457,Afghan Islamic Center,37416 Joseph st,Fremont,CA,94536,37.555272585607,-122.006922475804,,-,No Basic Information,,42,81,,,847.0,census_geocoder
458,Al-Medina Education Center,4673 Thornton ave Suite 6,Fremont,CA,94536,37.552501701421,-122.018212533422,,2009,,https://www.mec1.org/about/,37,69,,,905.0,census_geocoder
459,Centerville Islamic Center,3667 Thornton Avenue,Fremont,CA,94536,37.562318815477,-122.010266324022,,,,,42,81,,,4104.0,census_geocoder
460,Dawoodi Bohra Masjid/Masjid-E-Mohammedi,1121 Old Canyon Road,Fremont,CA,94536,37.582677727126,-121.963770151865,,2005,,"https://www.thedawoodibohras.com/muslims-and-jews-team-up-to-help-unhoused-in-fremont/#:~:text=Members%20of%20the%20Dawoodi%20Bohra,in%20the%20Western%20United%20States.",22,15,,,698.0,census_geocoder
461,Albrae Street Mosque,42412 Albrae Street,Fremont,CA,94538,37.509999896236,-121.973398033647,,,,,31,50,,,4105.0,census_geocoder
462,Islamic Center of Fremont (ICF-Albrae),42412 Albrae Street,Fremont,CA,94538,37.509999896236,-121.973398033647,,,,,31,50,,,4220.0,census_geocoder
463,Islamic Center of Fremont (ICF-Irvington),4039 Irvington Avenue,Fremont,CA,94538,37.5311626772,-121.95965899869,,,,,38,94,,,4102.0,census_geocoder
464,Masjid / Mosque | Habibiz,105 Fremont Boulevard,Fremont,CA,94538,37.4562636,-121.9265721,,,,,22,32,,,4101.0,nominatim
465,Masjid Hamada,46560 Fremont Boulevard,Fremont,CA,94538,37.48302618803,-121.945573972448,,,,,22,32,,,4100.0,census_geocoder
466,Masjid Zakariya (ICF-Albrae),42412-42472 Albrae Street,Fremont,CA,94538,37.509941967882,-121.973412515741,,,,,31,50,,,4099.0,census_geocoder
467,Dar e Batool Shia Islamic Center,44920 Osgood Road,Fremont,CA,94539,37.506060884268,-121.937949311849,,,,,51,41,,,4103.0,census_geocoder
468,Ibrahim Khalilullah Islamic Center,43140 Osgood rd,Fremont,CA,94539,37.520662225718,-121.946632239959,,2006,,https://www.ikicenter.org/about.html,28,13,,,1135.0,census_geocoder
469,Alameda Muslim League (AML Masjid),731 A Street,Hayward,CA,94541,37.671969978491,-122.087164239006,,,,,62,95,,,4190.0,census_geocoder
470,Fatimiyya Islamic Center,573 Bartlett Ave,Hayward,CA,94541,37.670584753398,-122.115471964492,,2013,,http://fatimiyya.net/v313/what-is-new/new-building/,41,74,,,1100.0,census_geocoder
471,Masjid Furqan Hayward,492 C St,Hayward,CA,94541,37.66825505138,-122.09092451257,,2023,,https://hayward.masjidfurqaan.org/about-us/,64,83,,,2728.0,census_geocoder
472,erican Muslim Association (A.M.A.)  Jame Masjid,26320 Gading rd,Hayward,CA,94544,37.643340179857,-122.081089304382,,2004,,https://www.gadingjamemasjid.org/about,33,51,,,1127.0,census_geocoder
473,Masjid Abu Bakr Al-Siddiq,29414 Mission Blvd,Hayward,CA,94544,37.631423060006,-122.048732679148,,2001,,https://www.archnet.org/sites/10403,52,67,,,130.0,census_geocoder
474,Masjid Muhajireen,185 Folsom ave,Hayward,CA,94544,37.628045199703,-122.058537964998,,1992,,https://www.masjidmuhajireen.org/,,46,,,1914.0,census_geocoder
475,Virgin Mary Islamic Center,23575 Cabot Boulevard,Hayward,CA,94545,37.640215713464,-122.134724248347,,,,,,31,,,4189.0,census_geocoder
476,Lafayette Masjid,3675 Mount Diablo Boulevard,Lafayette,CA,94549,37.890510072097,-122.128686407898,,,,,,78,,,4213.0,census_geocoder
477,Lamorinda Muslim Community Center,3435 Mount Diablo Boulevard,Lafayette,CA,94549,37.892898402834,-122.112072752439,,,,,,88,,,4218.0,census_geocoder
478,Islamic Center of Livermore,3820 East Ave,Livermore,CA,94550,37.680034325675,-121.754272024365,,1994,,https://www.independentnews.com/culture/islamic-center-opens-doors-and-minds/article_1ed6eb3a-e496-11ef-9ece-dfe65518e443.html,,77,,,779.0,census_geocoder
479,Mci East Bay,65 Trevarno rd,Livermore,CA,94551,37.69096378433,-121.747662611588,,-,No Basic Information,,,34,,,2032.0,census_geocoder
480,Imam Ali Islamic Center,9875 Dublin Canyon rd,Castro Valley,CA,94552,,,,-,Information Without Year,,,0,,,1144.0,
481,Islamic Society of East Bay,33330 Peace Terrace,Fremont,CA,94555,37.580277999607,-122.055370428658,,1998,,https://prayersconnect.com/mosques/84090629-lowry-masjid-islamic-society-of-east-bay-fremont-california-united-states,32,52,,,1459.0,census_geocoder
482,American Muslim Society Musalla,2820 Jefferson St,Napa,CA,94558,38.314452256159,-122.297397144311,,2024,,https://napamosque.weebly.com/masjid-information.html,31,86,,,1484.0,census_geocoder
483,Al-Medina Education Center (MEC Masjid),5880 Thornton Avenue,Newark,CA,94560,37.538364437986,-122.029252452814,,,,,,81,,,3976.0,census_geocoder
484,Islamic Educational & Cultural Research Center,5758 Mowry School Road,Newark,CA,94560,37.521078067435,-121.992752581635,,,,,,81,,,3975.0,census_geocoder
485,Rahma Community Center (Future Home),Oakley Road,Oakley,CA,94561,37.9978668,-121.7337408,,,,,,8,,,3968.0,nominatim
486,Baitus Salaam Mosque,520 Pacifica Avenue,Bay Point,CA,94565,38.034008210759,-121.976280756539,,-,Information Without Year,(714) 262-3064,,23,,,622.0,census_geocoder
487,Pittsburg Islamic Center,300 E 10th st,Pittsburg,CA,94565,38.027335241824,-121.883019548501,,1989,,https://en.wikipedia.org/wiki/Islamic_Center_of_Pittsburgh,,80,,,2133.0,census_geocoder
488,Islamic Center of Zahra,1059 Serpentine Ln,Pleasanton,CA,94566,37.671347777079,-121.867564973575,,2009,,https://prayersconnect.com/mosques/84061679-islamic-center-of-zahra-icz-pleasanton-california-united-states,33,46,,,1384.0,census_geocoder
489,Tawheed Islamic Center,7021 Village Parkway,Dublin,CA,94568,37.708464484964,-121.925493291084,,,,,,82,,,4091.0,census_geocoder
490,Masjid Ar-Raheem,325 Rodeo Avenue,Rodeo,CA,94572,38.034011759508,-122.268383674703,,,,,,68,,,3984.0,census_geocoder
491,Masjid Al-Farooq (San Leandro Islamic center Ã™Â…Ã˜Â³Ã˜Â¬Ã˜Â¯ Ã˜Â§Ã™Â„Ã™ÂÃ˜Â§Ã˜Â±Ã™ÂˆÃ™Â‚),16635 East 14th Street,San Leandro,CA,94578,37.692497772053,-122.110578264854,,,,,44,77,,,4040.0,census_geocoder
492,San Ramon Mosque,2238 Camino Ramon,San Ramon,CA,94583,37.778477347091,-121.968429658569,,,,,,50,,,4070.0,census_geocoder
493,San Ramon Valley Islamic Center,2230 Camino Ramon,San Ramon,CA,94583,37.778692010396,-121.968569459738,,1992,,https://srvic.org/about/,,56,,,410.0,census_geocoder
494,Masjid Al-Huda Ã™Â…Ã˜Â³Ã˜Â¬Ã˜Â¯,3880 Smith Street,Union City,CA,94587,37.596404652326,-122.078550930997,,,,,,84,,,4033.0,census_geocoder
495,Mustafa Institute of California,33527 Western Avenue,Union City,CA,94587,37.593039853595,-122.034418465802,,,,,,65,,,4032.0,census_geocoder
496,Muslim Community Center of East Bay,5724 E Las Positas Blvd Suite 300,Pleasanton,CA,94588,37.686414145319,-121.890446575772,,2010,,https://mcceastbay.org/about/,35,38,,,2089.0,census_geocoder
497,Islamic Center of Vallejo,1181 Lewis Ave,Vallejo,CA,94591,38.086269719886,-122.215643466201,,2012,,"https://www.islamiccenterofvallejo.org/about/history/#:~:text=The%20Islamic%20Center%20of%20Vallejo,home%20at%20727%20Sonoma%20Boulevard.",,47,,,1365.0,census_geocoder
498,slamic Center of Walnut Creek (Darul-Islam Mosque),2449 Buena Vista ave,Concord,CA,94597,37.913267090532,-122.072313485866,,-,Information Without Year,,54,97,,,1070.0,census_geocoder
499,Masjid Wahadah,4820 International Boulevard,Oakland,CA,94601,37.769815286205,-122.209229096618,,,,,57,93,,,3970.0,census_geocoder
500,Masjid Waritheen,1652 47th Ave,Oakland,CA,94601,37.772030931021,-122.209537708358,,1992,,https://www.archnet.org/sites/10418,59,93,,,2001.0,census_geocoder
501,Muhammad Mosque,5277 Foothill Boulevard,Oakland,CA,94601,37.772532744374,-122.201240090063,,,,,53,84,,,3969.0,census_geocoder
502,Jammatus Salam,1529 MacArthur Blvd,Oakland,CA,94602,37.800800130754,-122.225377174312,,-,No Basic Information,(510) 395-1796,58,83,,,1513.0,census_geocoder
503,Masjid Al Islam,8210 Macarthur,Oakland,CA,94605,37.762656009254,-122.164702994091,,1981,,https://www.launchgood.com/campaign/dont_let_the_masjid_close,55,71,,,1601.0,census_geocoder
504,As-Salam Mosque,1005 7th St,Oakland,CA,94607,37.803073863679,-122.285219973827,,2020,,https://www.bizprofile.net/ca/oakland/as-salam-mosque-of,78,86,,,228.0,census_geocoder
505,Masjid Abu Bakar,948 62Nd st,Emeryville,CA,94608,37.846195619772,-122.277334816071,,1983,,https://bamcgroup14.weebly.com,61,91,,,129.0,census_geocoder
506,Eritrean Muslim Community of Northern California (EMCNC),3315 Telegraph Avenue,Oakland,CA,94609,37.821850868521,-122.266580779414,,,,,73,87,,,3973.0,census_geocoder
507,Lighthouse Mosque,4606 Martin Luther King Way,Oakland,CA,94609,37.834320545416,-122.267204903131,,2007,,https://www.archnet.org/sites/10413,69,91,,,118.0,census_geocoder
508,Masjid Al-Iman,5625 Shattuck ave,Oakland,CA,94609,37.841631371369,-122.264836110316,,2001,,"https://www.causeiq.com/organizations/masjid-al-iman-naqshbandi-sufi-order,943362957/",60,93,,,1696.0,census_geocoder
509,Oakland Islamic Center,515 31st Street,Oakland,CA,94609,37.820002567756,-122.267476332058,,1992,,https://www.archnet.org/sites/10418,67,94,,,600.0,census_geocoder
510,Islamic Cultural Center of Northern California (ICCNC),1433 Madison St,Oakland,CA,94612,37.801894695371,-122.2639483253,,1995,,https://www.archnet.org/sites/10408,86,97,,,2286.0,census_geocoder
511,Masjid Al-Saleh,1669 83rd Avenue,Oakland,CA,94621,37.756531089403,-122.175740256738,,,,,56,71,,,3971.0,census_geocoder
512,Berkeley Masjid,2716 Derby Street,Berkeley,CA,94705,37.862125622568,-122.252699408098,,1990,,https://berkeleymasjid.org/about.html,58,94,,,533.0,census_geocoder
513,Masjid Noor,1330 Cutting Blvd,Richmond,CA,94801,37.925145743139,-122.356588254847,,2000,,https://www.masjidalnoorrichmond.com/,39,70,,,1926.0,census_geocoder
514,Muslim Mission Center - Richmond Masjid Taqwa,322 Harbour Way,Richmond,CA,94801,37.935983479257,-122.359923032294,,,,,56,83,,,3964.0,census_geocoder
515,Islamic Society Of West Contra Costa County,1110 36th Street,Richmond,CA,94804,37.949352883178,-122.332846118374,,1993,,https://prayersconnect.com/mosques/84088317-masjid-al-rahman-islamic-society-of-west-contra-costa-county-richmond-california-united-states,43,81,,,629.0,census_geocoder
516,San Pablo,"San Pablo, CA 94806, USA",San Pablo,CA,94806,,,,,,,48,90,,,4071.0,
517,Islamic Center of Mill Valley,62 Shell Rd,Mill Valley,CA,94941,37.906278645349,-122.52232818729,,1989,,https://www.mvmasjid.com/islamic_center_of_mill_valley/,,54,,,65.0,census_geocoder
518,Islamic Center of North Marin,7078 Redwood Boulevard,Novato,CA,94945,38.099611595903,-122.566887729399,,,,,42,72,,,3980.0,census_geocoder
519,Islamic Center of Petaluma,222 Bassett st,Petaluma,CA,94952,38.230401655767,-122.645319122496,,2000,,https://www.petalumanews.com/2017/03/23/petaluma-muslims-neighbors-connect-amid-tensions/,35,86,,,1320.0,census_geocoder
520,Masjid Al Rasool,400 Budd ave,Campbell,CA,95008,37.279687972052,-121.957201215345,,-,No Basic Information,,46,67,,,1622.0,census_geocoder
521,Islamic Center of Santa Cruz,4401 Capitola rd No.2,Capitola,CA,95010,36.973789386375,-121.959936726387,,1996,,https://scmasjid.org/,,85,,,1339.0,census_geocoder
522,Islamic Center of Castroville in Castroville,11080 Cooper St,Castroville,CA,95012,36.768514053621,-121.760377443407,,2000,,"https://www.causeiq.com/organizations/islamic-center-of-castroville,770490104/",,65,,,370.0,census_geocoder
523,West Valley Muslim Assoc.,16769 Farley Road,Los Gatos,CA,95032,37.240157264599,-121.963401989493,,,,,,80,,,4179.0,census_geocoder
524,Ismaili Jamatkhana,691 South Milpitas Boulevard,Milpitas,CA,95035,37.422792307168,-121.893501444619,,,,,53,43,,,4173.0,census_geocoder
525,Masjid Darus Salaam,374 Turquoise Street,Milpitas,CA,95035,37.426861528177,-121.896385611191,,1992,,https://alhilaal.org/a/about/,36,44,,,382.0,census_geocoder
526,Milpitas Musallah,90 Dempsey Road,Milpitas,CA,95035,37.433978255237,-121.88636356329,,2020,,https://prayersconnect.com/mosques/84048680-milpitas-musallah-milpitas-california-united-states,31,79,,,377.0,census_geocoder
527,The Milpitas Mosque - Baitul Baseer,926 Evans Road,Milpitas,CA,95035,37.448484081067,-121.886432551052,,,,,25,53,,,4172.0,census_geocoder
528,South Valley Islamic Community,14770 Columbet ave,San Martin,CA,95046,37.109781276648,-121.602072848098,,2002,,https://www.guidestar.org/profile/91-2126635,,1,,,2170.0,census_geocoder
529,Dar Us Salam Masjid,90 Dempsey Rd,Milpitas,CA,95050,37.433978255237,-121.88636356329,,2019,,https://dsmasjid.com/about-us,31,79,,,1059.0,census_geocoder
530,Masjid Al-Noor,1755 Catherine St,Santa Clara,CA,95050,37.350193850752,-121.95535773836,,1984,,https://dome.mit.edu/handle/1721.3/62329?show=full,49,85,,,482.0,census_geocoder
531,Muslim Community Association,1755 Catherine Street,Santa Clara,CA,95050,37.350193850752,-121.95535773836,,,,,49,85,,,4061.0,census_geocoder
532,Rahman Islamic Services,2138 Main Street,Santa Clara,CA,95050,37.361889761444,-121.957656188642,,,,,36,63,,,4060.0,census_geocoder
533,Muslim American Society,2322 Walsh Avenue,Santa Clara,CA,95051,37.369368761418,-121.96625928906,,,,,26,40,,,4063.0,census_geocoder
534,CAIR San Francisco Bay Area (CAIR-SFBA),3350 Scott Boulevard,Santa Clara,CA,95054,37.380555761345,-121.978624434709,,,,,36,31,,,4066.0,census_geocoder
535,ICNA SF Bay Area,2996 Scott Boulevard,Santa Clara,CA,95054,37.375929788671,-121.959711698998,,,,,27,41,,,4065.0,census_geocoder
536,MCA 3.0,3082 Alfred Street,Santa Clara,CA,95054,37.379091773286,-121.958695047173,,,,,26,41,,,4064.0,census_geocoder
537,Muslim Community Association,3003 Scott Boulevard,Santa Clara,CA,95054,37.376153457291,-121.959683154922,,1994,,https://www.mcabayarea.org/about-us/,26,42,,,436.0,census_geocoder
538,Muslim Community Association,3003 Scott Boulevard,Santa Clara,CA,95054,37.376153457291,-121.959683154922,,,,,26,42,,,4062.0,census_geocoder
539,Islamic Center of Santa Cruz,900 17th Ave,Live Oak,CA,95062,36.967443292148,-121.985127339038,,2012,,"https://scmasjid.org/about-us/#:~:text=The%20Santa%20Cruz%20Muslim%20community,owned%20building%20on%2017th%20Avenue.",29,68,,,294.0,census_geocoder
540,Saratoga Center,12361 Saratoga Sunnyvale Road,Saratoga,CA,95070,37.289428698441,-122.032480914931,,,,,,67,,,4036.0,census_geocoder
541,Saratoga Prospect Center,19848 Prospect Road,Saratoga,CA,95070,37.2930665,-122.0208454,,,,,,23,,,4016.0,nominatim
542,West Valley Muslim Associatio,12372 Saratoga Sunnyvale Road,Saratoga,CA,95070,37.288596922283,-122.032246506374,,,,,,67,,,4015.0,census_geocoder
543,West Valley Muslim Association,12370 Saratoga Sunnyvale rd,Saratoga,CA,95070,37.288608721915,-122.032245745106,,2007,,https://www.zoominfo.com/c/west-valley-muslim-association/355834344,,67,,,223.0,census_geocoder
544,Islamic Center of Watsonville,734 East Lake Avenue,Watsonville,CA,95076,36.921135575184,-121.74725243237,,,,,32,79,,,4029.0,census_geocoder
545,Afghan Islamic Association,32 Rancho Drive,San Jose,CA,95111,37.281975283198,-121.838277298814,,,,,53,71,,,4045.0,census_geocoder
546,South Bay Afghan Islamic Community Centre,32 Rancho Drive,San Jose,CA,95111,37.281975283198,-121.838277298814,,,,,53,71,,,4041.0,census_geocoder
547,Blossom Valley Muslim Community Center,5885 Santa Teresa Blvd Suite 113,San Jose,CA,95123,37.236801932376,-121.83329729182,,2008,,"https://www.causeiq.com/organizations/blossom-valley-muslim-community-center,113650295/",33,77,,,995.0,census_geocoder
548,Abrahamic Alliance International,1930 Camden Avenue,San Jose,CA,95124,37.261683767793,-121.926208910913,,,,,34,86,,,4047.0,census_geocoder
549,Arab American Cultural Center of Silicon Valley,3968 Twilight Drive,San Jose,CA,95124,37.256664598991,-121.943626685067,,,,,34,59,,,4043.0,census_geocoder
550,Afghan Musallah,294 Barnard Avenue,San Jose,CA,95125,37.306228008739,-121.876029150785,,,,,53,50,,,4044.0,census_geocoder
551,Masjid Al Rasool,552 S Bascan ave,San Jose,CA,95128,,,,1981,,https://www.archnet.org/sites/10419,,79,,,1623.0,
552,Islamic Community of Bay Area Bosniaks,345 Northlake Dr,San Jose,CA,95129,37.321802272557,-121.968462093504,,1997,,https://prayersconnect.com/mosques/84063990-islamic-community-of-bay-area-bosniaks-san-jose-california-united-states,44,83,,,1393.0,census_geocoder
553,South Bay Islamic Association,2345 Harris Way,San Jose,CA,95131,37.40357347893,-121.904892122573,,2013,,"https://sbia.info/history/#:~:text=2005:%20SBIA%20celebrated%20its%2025,Suffa%2C%20learning@SBIA%20initiative.",46,50,,,376.0,census_geocoder
554,Saba,4415 Fortran Ct.,San Jose,CA,95134,37.420733816226,-121.957116891436,,2005,,https://www.saba-igc.org/general/about-saba,35,41,,,211.0,census_geocoder
555,Silver Creek Musalla,5978 Silver Creek Valley Road,San Jose,CA,95138,37.258553960514,-121.78552640219,,,,,24,24,,,4042.0,census_geocoder
556,Evergreen Islamic Center,2486 Ruby ave,San Jose,CA,95148,37.339301007484,-121.785799363677,,2012,,https://sbia.info/2012/06/groundbreaking-ceremony-sbia-evergreen-center/,14,6,,,29.0,census_geocoder
557,Masjid Al Eman,2842 Country Club Boulevard,Stockton,CA,95203,37.963442303106,-121.338914956182,,2011,,https://prayersconnect.com/mosques/84075186-masjid-al-emaan-stockton-california-united-states,28,66,,,552.0,census_geocoder
558,Iqra Center,1640 East Poplar Street,Stockton,CA,95205,37.965010745585,-121.271718505877,,,,,40,79,,,4004.0,census_geocoder
559,Islamic Center of Stockton,1130 S Pilgrim st,Stockton,CA,95205,37.943946302926,-121.272341891448,,1979,,https://icstockton.org/,39,57,,,1352.0,census_geocoder
560,Masjid As Sadiq,2065 E 8th st,Stockton,CA,95206,37.934293346701,-121.254065286071,,1998,,https://prayersconnect.com/mosques/84095246-masjid-us-sadiq-stockton-california-united-states,,55,,,1807.0,census_geocoder
561,Masjid Al-Emaan,4212 N Pershing ave Suite B21,Stockton,CA,95207,37.98412897032,-121.319720242194,,-,No Basic Information,,37,74,,,1657.0,census_geocoder
562,Stockton Student Mosque,1219 El Monte st,Stockton,CA,95207,37.984352356018,-121.318338021157,,1980,,https://www.recordnet.com/story/news/2000/11/26/twist-in-tongue-opens-islam/50803058007/,33,67,,,2175.0,census_geocoder
563,Nur Center,9003 Davis Road,Stockton,CA,95209,38.032128630955,-121.331849365942,,,,,22,65,,,4003.0,census_geocoder
564,Masjid Hamza,7170 West Lane,Stockton,CA,95210,38.014367045117,-121.294681022443,,,,,34,67,,,4001.0,census_geocoder
565,Al Arqam Center,5038 East Washington Street,Stockton,CA,95215,37.9648776,-121.2277672,,,,,,21,,,4005.0,nominatim
566,Madina Center of Stockton (MCS) - Masjid Umar Farooq,8606 CA-99,Stockton,CA,95215,37.9048159,-121.2230003,,2004,,https://www.facebook.com/hamadali888/,,22,,,260.0,nominatim
567,Lodi Mosque,210 Poplar Street,lodi,CA,95240,38.119268709511,-121.268964669132,,1978,,"https://www.lodinews.com/news/article_04d5b8dd-19f8-5dda-87a4-f5335744492c.html#:~:text=Syed%20C.,at%20most%20of%20those%20prayers.",,60,,,806.0,census_geocoder
568,Lodi Muslim Mosque,701 South Hutchins Street,Lodi,CA,95240,38.126168284001,-121.279148477669,,2024,,https://www.gofundme.com/f/help-convert-a-church-into-lodi-muslim-islamic-school,,81,,,446.0,census_geocoder
569,Masjid Ya Rasool Allah,825 S Central ave,lodi,CA,95240,38.123988295803,-121.265212976027,,2003,,https://www.facebook.com/100092982279151/videos/,,75,,,259.0,census_geocoder
570,California Islamic Center,12828 N Lower Sacramento rd,Lodi,CA,95242,38.095381644198,-121.310351217578,,2005,,https://www.lodinews.com/news/article_b48e8262-f366-5438-ad3c-585ac6409a8b.html,,12,,,1020.0,census_geocoder
571,"Tracy Islamic Center (TIC) Masjid in Tracy, CA",11970 W Larch Rd,Tracy,CA,95304,37.764955234146,-121.452916391326,,1999,,https://www.tracyislamiccenter.org/TIC-Brochure_Rev3.pdf,,24,,,2287.0,census_geocoder
572,Islamic Center of Lathrop,14368 Avon Avenue,Lathrop,CA,95330,37.830358758701,-121.282639205015,,,,,,54,,,4186.0,census_geocoder
573,Islamic Center of Manteca,1058 Union Rd,Manteca,CA,95337,37.788677022908,-121.234255104941,,2008,,"https://www.causeiq.com/organizations/islamic-center-of-manteca,204980111/",,37,,,630.0,census_geocoder
574,Manteca Islamic Center,1058 Union Rd,Manteca,CA,95337,37.788677022908,-121.234255104941,,2008,,"https://www.causeiq.com/organizations/islamic-center-of-manteca,204980111/",,37,,,1549.0,census_geocoder
575,Noori Qudsi Academy,321 Sun West Place,Manteca,CA,95337,37.801444675323,-121.232383393776,,,,,,68,,,4177.0,census_geocoder
576,Islamic Center of Merced,2322 North Ashby Road,Merced,CA,95348,37.322160840278,-120.539843515219,,1991,,https://prayersconnect.com/mosques/84039683-islamic-center-of-merced-merced-california-united-states,,10,,,561.0,census_geocoder
577,La mera reata,1216 Avignon Drive,Merced,CA,95348,37.341117659363,-120.491357197687,,,,,,1,,,4175.0,census_geocoder
578,Central Valley Crescent,5043 Tully Road,Modesto,CA,95356,37.711797760746,-121.013162277662,,,,,,8,,,4171.0,census_geocoder
579,Islamic Center of Modesto,1445 N Carpenter Rd,Modesto,CA,95358,37.622366570028,-121.030492524364,,2008,,https://www.stancounty.com/planning/pl/act-proj/NO.2006-19_EC.pdf,,58,,,1289.0,census_geocoder
580,Masjid Al-tawheed - Patterson,16537 California 33,Patterson,CA,95363,,,,,,,,13,,,3998.0,
581,Islamic Society of Tracy,350 N Corral Hollow rd,Tracy,CA,95376,37.733286245736,-121.452905610952,,2004,,"https://www.causeiq.com/organizations/islamic-society-of-tracy-islamic-society-of-tracy,201639089/",19,46,,,1654.0,census_geocoder
582,Turlock Islamic Center,335 South Golden State Boulevard,Turlock,CA,95380,37.492803088632,-120.84396044485,,,,,34,87,,,4035.0,census_geocoder
583,Mountain House Musalla,620 Escuela Drive,Mountain House,CA,95391,37.77245196242,-121.552234249564,,,,,,18,,,4110.0,census_geocoder
584,Islamic Society of Santa Rosa,533 Mendocino Ave,Santa Rosa,CA,95401,38.443102932452,-122.716016026694,,2015,,https://islamicsocietysr.org/about-us,49,95,,,646.0,census_geocoder
585,Salaam Center of Sonoma,252 West Spain Street,Sonoma,CA,95476,38.294209838473,-122.462052952167,,,,,,82,,,4008.0,census_geocoder
586,Ukiah musallah/masjid,816 Waugh Lane,Ukiah,CA,95482,39.140993714635,-123.20135055184,,,,,,62,,,4034.0,census_geocoder
587,Masjid,57 Belle Falor Court,Arcata,CA,95521,40.905657658419,-124.068578316435,,,,,,35,,,4116.0,census_geocoder
588,Masjid,4836 Marconi Avenue,Carmichael,CA,95608,38.617376744636,-121.352118036585,,,,,,67,,,4139.0,census_geocoder
589,Masjid Al Azhar,5715 Marconi Avenue,Carmichael,CA,95608,38.617257212078,-121.331830979276,,,,,,57,,,4138.0,census_geocoder
590,Qoba Foundation Ã™Â…Ã˜Â¤Ã˜Â³Ã˜Â³Ã˜Â© Ã™ÂˆÃ˜Â­Ã˜Â³Ã™ÂŠÃ™Â†Ã™ÂŠÃ˜Â© Ã™Â‚Ã˜Â¨Ã˜Â§Ã˜Â¡,4836 Marconi Avenue,Carmichael,CA,95608,38.617376744636,-121.352118036585,,,,,,67,,,4137.0,census_geocoder
591,Islamic Center of Davis,539 Russell Boulevard,Davis,CA,95616,38.546332238428,-121.755525728688,,2008,,https://localwiki.org/davis/Islamic_Center_of_Davis,52,68,,,531.0,census_geocoder
592,Student Community Center,397 Hutchison Drive,Davis,CA,95616,,,,,,,,70,,,4087.0,
593,Al-Misbaah,10277 Iron Rock Way,Elk Grove,CA,95624,38.384985888706,-121.358518908239,,,,,,12,,,4077.0,census_geocoder
594,Masjid Al-Tawheed,9011 Elk Grove Florin rd,Elk Grove,CA,95624,38.432117718564,-121.371559163526,,2003,,https://www.instagram.com/masjidtawheedeg/?hl=en,,40,,,1771.0,census_geocoder
595,Tarbiya House Elk Grove,10471 Grant Line Road,Elk Grove,CA,95624,38.378525091267,-121.358572738939,,,,,,25,,,4093.0,census_geocoder
596,Al-Mumtaz Institute,5056 Sunrise Boulevard,Fair Oaks,CA,95628,38.658184476871,-121.272254531268,,2024,,https://almumtazinstitute.org/,,62,,,797.0,census_geocoder
597,Masjid Bilal,1143 Sibley st,Folsom,CA,95630,38.660115272389,-121.169737655762,,1992,,https://en.halalguide.me/sakramento/mechet/islamic-society-of-folsom,,58,,,1842.0,census_geocoder
598,Muslim Community of Folsom,104 Woodmere Road,Folsom,CA,95630,38.654911095995,-121.185993258679,,,,,,39,,,4108.0,census_geocoder
599,California Hazara Community,3542 A Street,North Highlands,CA,95660,38.668460638237,-121.381296992939,,,,,35,64,,,3974.0,census_geocoder
600,Islamic Jafaria Association,8149 Hazel ave,Orangevale,CA,95662,38.714617877765,-121.225855467926,,2004,,"https://www.causeiq.com/organizations/islamic-jafaria-association,943291971/",,3,,,1436.0,census_geocoder
601,Islamic Society of Rancho Cordova,2934 Gold Pan Ct,Rancho Cordova,CA,95670,38.597239386283,-121.267216689511,,2006,,https://is-rc.org/about-us/,31,37,,,1482.0,census_geocoder
602,Al-Tanzeel Academy,2007 Opportunity Drive,Roseville,CA,95678,38.742788512604,-121.306588131675,,,,,16,38,,,3963.0,census_geocoder
603,Community of Sacramento Bosniaks - Dzemat Sacramento,319 5th Street,Roseville,CA,95678,38.738061595897,-121.293566894816,,,,,25,53,,,3958.0,census_geocoder
604,Islamic Society of Placer County,616 Church Street,Roseville,CA,95678,38.748268553986,-121.291130695868,,,,,32,67,,,3942.0,census_geocoder
605,Islamic Center of Vacaville,131 Bush st,Vacaville,CA,95688,38.357761740151,-121.982166346759,,1997,,https://www.vacavilleislamiccenter.com/about,30,92,,,81.0,census_geocoder
606,West Sacramento Islamic Center,700 Glide ave,West Sacramento,CA,95691,38.5810909,-121.5452148,,1984,,"https://www.causeiq.com/organizations/islamic-center-of-sacramento,680003633/",29,61,,,2232.0,nominatim
607,Faizan E Attar,1023 North Street,Woodland,CA,95695,38.679955228286,-121.767011954867,,,,,30,78,,,4025.0,census_geocoder
608,Faizan-E-Attar Masjid Woodland CA,1023 North Street,Woodland,CA,95695,38.679955228286,-121.767011954867,,,,,30,78,,,4024.0,census_geocoder
609,Muslim Mosque and Islamic Center of Woodland,1023 North st,Woodland,CA,95695,38.679955228286,-121.767011954867,,1974,,"https://www.dailydemocrat.com/2025/02/23/a-dream-realized-the-grand-ppening-of-our-mosque-clergy-corner/#:~:text=In%201957,%20Khushi%20Muhammad,%20a%20respected%20elder,the%20beginning%20of%20a%20growing,%20close-knit%20community.",30,78,,,2103.0,census_geocoder
610,"Tarbiya Musallah, Granite Bay",6210 Douglas Boulevard,Granite Bay,CA,95746,38.743778501133,-121.184715624425,,,,,,30,,,4195.0,census_geocoder
611,Tarbiya House Roseville,10031 Foothills Boulevard,Roseville,CA,95747,38.783200432582,-121.313694330975,,,,,15,23,,,3936.0,census_geocoder
612,MAS Sacramento,3155 Dwight Road,Elk Grove,CA,95758,38.427678080593,-121.460183846329,,,,,,32,,,4083.0,census_geocoder
613,Muslim American Society,3551 Dwight Road,Elk Grove,CA,95758,38.434269480528,-121.461607011964,,,,,,6,,,4092.0,census_geocoder
614,Islamic Society of El Dorado Hills,995 Governor Dr. Suite 102,El Dorado Hills,CA,95762,38.686445946494,-121.08025169298,,-,Information Without Year,https://www.muslimguide.com/show/Islamic_Society_of_El_Dorado_Hills_4531,,21,,,1461.0,census_geocoder
615,Islamic Center of Woodland,613 East Street,Woodland,CA,95776,38.673671026941,-121.765379762316,,,,,31,75,,,4023.0,census_geocoder
616,Imam Abu Hanifa Masjid,650 El Camino Avenue,Sacramento,CA,95815,38.611071618613,-121.452078507424,,,,,47,88,,,3933.0,census_geocoder
617,Muslim Mosque Association,411 V Street,Sacramento,CA,95818,38.56917671449,-121.506702995699,,,,,59,73,,,3945.0,census_geocoder
618,Muslim Mosque Association/Jame-E-Masjid,411 V st,Sacramento,CA,95818,38.56917671449,-121.506702995699,,1947,,https://www.facebook.com/watch/?v=507871834898553,54,84,,,1505.0,census_geocoder
619,Masjid Annur,6990 65th St,Sacramento,CA,95820,38.5007857,-121.4310363,,1982,,https://www.masjidannur.com/about-us,,52,,,258.0,nominatim
620,Masjid As-Sabur,4926 15th Avenue,Sacramento,CA,95820,38.538486624393,-121.448095637035,,2014,,https://www.theobserver.media/news/new-oak-park-masjid-scheduled-to-open-539ac6a5/,37,74,,,676.0,census_geocoder
621,CMI,2740 Fulton Avenue,Sacramento,CA,95821,38.61485820584,-121.401345511064,,,,,37,85,,,3938.0,census_geocoder
622,Hamza Jamia Mosque,2721 Fulton Avenue,Sacramento,CA,95821,38.614665826939,-121.401493119296,,,,,37,71,,,3930.0,census_geocoder
623,"Darul Uloom Al Sacramento, South Sacramento",7295 25th Street,Sacramento,CA,95822,38.492239213013,-121.480534485671,,,,,43,43,,,3937.0,census_geocoder
624,South Sacramento Islamic Center,7285 25th St,Sacramento,CA,95822,38.492404796931,-121.480329867244,,1980,,https://www.cde.ca.gov/schooldirectory/details?cdscode=34674397094493,41,46,,,2169.0,census_geocoder
625,Masjid Al Farooq,7486 Center Parkway,Sacramento,CA,95823,38.487019739712,-121.447189746556,,,,,,53,,,3941.0,census_geocoder
626,Ar-Rahman Mosque,3421 Arden Way,Sacramento,CA,95825,38.595813982514,-121.384458138154,,,,,34,76,,,3939.0,census_geocoder
627,Fulton Mosque,1852 Fulton Avenue,Sacramento,CA,95825,38.59925605859,-121.401351707838,,,,,35,55,,,3935.0,census_geocoder
628,Masjid Al-Siddiq,2629 Alta Arden Expressway,Sacramento,CA,95825,38.599912716014,-121.400709751789,,,,,39,76,,,3944.0,census_geocoder
629,SALAM Arden Center,985 Enterprise Drive,Sacramento,CA,95825,38.584078010276,-121.415868640687,,,,,32,65,,,3956.0,census_geocoder
630,Masjid Ahlulbay,9261 Folsom Boulevard,Sacramento,CA,95826,38.562932292791,-121.355628365292,,,,,,52,,,3931.0,census_geocoder
631,Masjid Imam-e-Azam (Rh),9261 Folsom Boulevard,Sacramento,CA,95826,38.562932292791,-121.355628365292,,,,,,52,,,3962.0,census_geocoder
632,Masjid Salehin,9227 Folsom Boulevard,Sacramento,CA,95826,38.562182450249,-121.357129568489,,,,,,63,,,3946.0,census_geocoder
633,Masjid Saliheen,9225 Folsom Boulevard,Sacramento,CA,95826,38.562138341864,-121.357217874559,,,,,,58,,,3961.0,census_geocoder
634,Maunatul Muslimeen Society of CA (Islamic Center) - MMSC - Sacramento,7392 French Road,Sacramento,CA,95828,38.489132035974,-121.390484596106,,,,,,51,,,3960.0,census_geocoder
635,Mosque,7040 Bandy Road,Sacramento,CA,95829,38.499165127336,-121.369857597671,,,,,,13,,,3959.0,census_geocoder
636,Faizan e Madinah Masjid & Dar-Ul-Madinah (Islamic Elementary School),4110 North Freeway Boulevard,Sacramento,CA,95834,38.643927026067,-121.478950313828,,,,,,33,,,3943.0,census_geocoder
637,Tarbiya House Natomas,3780 Rosin Court,Sacramento,CA,95834,38.637267082906,-121.475460320818,,,,,26,30,,,3954.0,census_geocoder
638,Masjid Ibrahim,3449 Rio Linda Blvd,Sacramento,CA,95838,38.630804193871,-121.446150174843,,2013,,https://www.intellispect.co/organizations/455581246-masjid-ibrahim-islamic-center,32,43,,,1886.0,census_geocoder
639,Hazrat Bilal Masjid,5330 Auburn Boulevard,Sacramento,CA,95841,38.666410781419,-121.340228976827,,,,,34,83,,,3934.0,census_geocoder
640,Islamic Center of North Sacramento,5149 Madison Avenue,Sacramento,CA,95841,38.66086998692,-121.344877345717,,,,,33,83,,,3932.0,census_geocoder
641,Salam Islamic Center,4541 College Oak Dr.,Sacramento,CA,95841,38.647031789904,-121.350653824746,,2011,,https://www.wrmea.org/2011-august/northern-california-chronicle-salam-masjid-and-center-for-higher-islamic-learning-opens-in-sacramento.html,36,31,,,2157.0,census_geocoder
642,SALAM Islamic Center,4545 College Oak Drive,Sacramento,CA,95841,38.64707303109,-121.350653659776,,,,,36,31,,,3955.0,census_geocoder
643,North highland,5675 Hillsdale Boulevard,Sacramento,CA,95842,38.671202720745,-121.358708140985,,,,,,64,,,3957.0,census_geocoder
644,Bilal Islamic Center,1488 North Beale Road,Linda,CA,95901,39.127382809174,-121.562059810434,,,,,,51,,,4200.0,census_geocoder
645,Islamic Center of Chicago,1316 Nord Ave,Chico,CA,95926,39.733059186525,-121.863296279221,,1979,,https://www.chicoislamiccenter.org/about-icc,,64,,,48.0,census_geocoder
646,Islamic Center of Live Oak,2825 Fir Street,Live Oak,CA,95953,39.274105518972,-121.666184426116,,,,,,63,,,4184.0,census_geocoder
647,Islamic Center of Yuba City,3636 Tierra Buena Rd,Yuba City,CA,95993,39.181204137797,-121.66232381353,,1994,,https://eastbayexpress.com/documentary-tells-story-of-first-mosque-destroyed-by-arson-1/,,0,,,1382.0,census_geocoder
648,Islamic Center of Redding,2747 Bechelli Ln,Redding,CA,96002,40.567204539865,-122.362523828213,,-,Information Without Year,,22,60,,,1329.0,census_geocoder
649,Burmese Islamic Association of Colorado (Masjid Al-Ansar),1395 Macon St,Aurora,CO,80010,39.738161667015,-104.855348999611,,2017,,"https://www.causeiq.com/organizations/burmese-association-of-colorado,815216250/",54,83,,,2730.0,census_geocoder
650,"Masjid Bilal, Colorado Oromo Muslim Community Center",1591 Fulton St,Aurora,CO,80010,39.741776631115,-104.870611430296,,2017,,"https://www.causeiq.com/organizations/colorado-oromo-muslim-community-center,455153806/",52,88,,,2303.0,census_geocoder
651,Al Mustafa Islamic Center,1880 Eagle St,Aurora,CO,80011,39.745212527485,-104.816994287076,,2011,,"https://www.causeiq.com/organizations/al-mustafa-islamic-center,271350207/",52,55,,,2307.0,census_geocoder
652,Umar ibn Al-Khattab Mosque,16251 E Colfax Ave # 208,Aurora,CO,80011,39.740333863306,-104.798270138658,,2012,,https://www.facebook.com/ourcmcc.org/,42,49,,,2304.0,census_geocoder
653,CMCC Colorado Muslims Community Center,15528 E Hampden Cir,Aurora,CO,80013,39.651590131101,-104.807573168502,,1964,,https://coloradomuslimsociety.org/cms-history/,36,76,,,2297.0,census_geocoder
654,Islamic Center of Aurora CO - Masjid ArRahmah,16744 E Iliff Ave,Aurora,CO,80013,39.673610280815,-104.793483897953,,2022,,"https://www.causeiq.com/organizations/islamic-center-of-aurora-colorado,861636064/",33,69,,,2305.0,census_geocoder
655,Masjid Al-Salam (Colorado Islamic Center),14201 E Evans Dr,Aurora,CO,80013,39.679880873361,-104.822726490742,,2001,,https://coislamiccenter.com/about-us/,43,39,,,2296.0,census_geocoder
656,Masjid Boris Shamanov at CVA,10805 E Bethany Dr 1st Floor,Aurora,CO,80014,39.66322276001,-104.862427383594,,-,Information Without Year,https://www.mapquest.com/us/colorado/masjid-boris-shamanov-at-cva-528727084,44,77,,,2301.0,census_geocoder
657,Majid Khadeeja,7007 S Clinton St,Greenwood Village,CO,80112,39.589475180485,-104.87861757585,,2008,,https://www.khadeejah.org/about-us,,47,,,1542.0,census_geocoder
658,Masjid Al Taqwah,2505 E Bruce Randolph Av.E,Denver,CO,80205,39.765767870807,-104.957209431489,,-,No Basic Information,,42,73,,,1631.0,census_geocoder
659,Masjid Shuhada (Downtown Denver Islamic Center),2958 N Downing St,Denver,CO,80205,39.758980347718,-104.973260079126,,2022,,https://www.theddic.org/wp-content/uploads/2025/04/DDIC-AnnualReport-FINAL-2024.pdf,56,91,,,182.0,census_geocoder
660,Lady Fatima Center,2586 Colorado Blvd,Denver,CO,80207,39.75417857853,-104.940478107147,,2011,,https://denvermasjid.org/,44,65,,,2300.0,census_geocoder
661,Northeast Denver Islamic Center,3400  Albion Street,Denver,CO,80207,39.764516869732,-104.939226862528,,1975,,https://northeastdenverislamiccenter.com/about-us,46,63,,,568.0,census_geocoder
662,Bosnian Educational And Cultural Center,3550 Sheridan Blvd,Denver,CO,80212,39.766169427461,-105.053160209986,,2009,,https://www.guidestar.org/profile/26-3074816,41,76,,,1001.0,census_geocoder
663,Masjid Ahl-Al-Bait,201 S Lowell Blvd,Denver,CO,80219,39.713317834766,-105.034973267412,,1990,,https://pluralismarchive.hsites.harvard.edu/masjid-ahl-ul-bait-shiite-mosque,41,78,,,1583.0,census_geocoder
664,Denver Islamic Society- An-Nur Masjid,2124 S Birch St,Denver,CO,80222,39.677978924694,-104.936252466562,,1992,,"https://www.causeiq.com/organizations/denver-islamic-society,311363826/",52,81,,,2294.0,census_geocoder
665,IOCC (Islamic Outreach Center of Colorado),1582 S Parker Rd Suites 109-110,Denver,CO,80231,39.687446133096,-104.887006604146,,2021,,"https://www.causeiq.com/organizations/islamic-outreach-center-of-colorado,843499136/",,58,,,2306.0,census_geocoder
666,Masjid Abu Bakr,2071 S Parker Rd,Denver,CO,80231,39.679047407395,-104.876226842538,,1983,,https://www.archnet.org/sites/10387,,74,,,1574.0,census_geocoder
667,Rocky Mountain Islamic Center,8054 E Jewel ave,Denver,CO,80232,39.682344758752,-104.895135494381,,1964,,"https://coloradomuslimsociety.org/#:~:text=The%20Colorado%20Muslim%20Society%20(CMS)%20was%20established,to%20complete%20these%20projects%20and%20other%20repairs.",36,40,,,2152.0,census_geocoder
668,Masjid Ikhlas | Metropolitan Denver North Islamic Center,11141 Irma Dr,Northglenn,CO,80233,39.898697933564,-104.966482584956,,1999,,https://thigmos.com/masjid-ikhlas-metropolitan-denver-north-islamic-center/about,38,48,,,2298.0,census_geocoder
669,Al-Zahraa Islamic Center,2885 S Bryant St,Denver,CO,80236,39.664003278966,-105.018045446318,,2010,,"https://www.causeiq.com/organizations/alzahraa-center,262783311/",37,53,,,2302.0,census_geocoder
670,Islamic Center of Boulder,3415 18 Street Northeast,Boulder,CO,80303,41.5947346,-93.4914875,,1981,,https://www.dailycamera.com/2011/02/14/boulder-county-muslims-raising-700000-to-build-new-mosque/,41,45,,,43.0,nominatim
671,Islamic Center of Boulder (ICB),5495 Baseline Rd,Boulder,CO,80303,40.000197085466,-105.225457798953,,1970,,https://prayersconnect.com/mosques/84077544-islamic-center-of-boulder-boulder-colorado-united-states,31,46,,,2299.0,census_geocoder
672,Islamic Center of Golden,1940 Ford St,Golden,CO,80401,39.750498989502,-105.213602409804,,1992,,https://prayersconnect.com/mosques/84055497-islamic-center-of-golden-golden-colorado-united-states,32,84,,,836.0,census_geocoder
673,Islamic Centre of Fort Collins,925 West Lake Street,Fort Collins,CO,80521,40.568742868636,-105.093230039165,,2013,,https://www.coloradogives.org/organization/Icfc,45,66,,,510.0,census_geocoder
674,Islamic Center of Fort Collins,925 W Lake Street,Fort Collins,CO,80524,40.568742868636,-105.093230039165,,2013,,https://www.coloradogives.org/organization/Icfc,45,66,,,1240.0,census_geocoder
675,Islamic Center of Greeley,1600 8th Avenue,Greeley,CO,80631,40.413688761977,-104.690862670942,,-,Information Without Year,,,74,,,1252.0,census_geocoder
676,Islamic Society of Colorado Springs| Masjid Al-Farooq,2125 N Chestnut St,Colorado Springs,CO,80907,38.863367414524,-104.836223921945,,1996,,"https://iscs.info/about-us/#:~:text=The%20Islamic%20Society%20of%20Colorado%20Springs%20(ICSS),teaching%20lessons%20*%20Provides%20information%20about%20Islam",30,24,,,2295.0,census_geocoder
677,Pueblo Islamic Society,32 Martha Ln,Pueblo,CO,81001,38.301946233058,-104.591893167354,,-,Information Without Year,,,33,,,2141.0,census_geocoder
678,Two Rivers Mosque,801 Gunnison Avenue,Grand Junction,CO,81501,39.073346623112,-108.559287869462,,2010,,https://prayersconnect.com/mosques/84047659-islamic-center-of-grand-junction-two-rivers-mosque-grand-junction-colorado-united-states,26,88,,,627.0,census_geocoder
679,Farmington Valley American Muslim Center,35 Harris Road,Avon,CT,6001,41.765877480022,-72.858792717549,,2014,,"https://www.courant.com/2014/12/27/muslim-center-reaches-out-to-community-and-other-faiths/#:~:text=The%20center%20was%20established%20in,Valley%20Jewish%20Congregation%20Emek%20Shalom.",,6,,,31.0,census_geocoder
680,Farmington Valley American Muslim Center Inc,35 Harris Rd,Avon,CT,6001,41.765877480022,-72.858792717549,,2013,,https://www.fvamc.org/about-fvamc/,,6,,,2311.0,census_geocoder
681,Lighthouse for Humanity/Bloomfield Muslim Community Center,11 Mountain Ave #200,Bloomfield ,CT,6002,41.830923910594,-72.73857992692,,2012,,"https://www.causeiq.com/organizations/lighthouse-for-humanity,461424902/",,8,,,2767.0,census_geocoder
682,Daar-Ul-Ehsaan,739 Terryville ave,Bristol,CT,6010,41.681519900771,-72.975842058724,,1991,,"https://www.causeiq.com/organizations/daar-ul-ehsaan-usa,061319840/",,42,,,1041.0,census_geocoder
683,Daar-ul-Ehsaan USA Headquarters,739 Terryville Avenue,Bristol,CT,6010,41.681519900771,-72.975842058724,,1991,,"https://www.guidestar.org/profile/06-1319840#:~:text=Mission,Bristol%2C%20CT%2006010%20United%20States",,42,,,746.0,census_geocoder
684,Minhaj ul Quran Al-Noor Islamic Center,4 West Rd # 4,Ellington,CT,6029,41.870796654026,-72.464237997429,,2007,,https://prayersconnect.com/mosques/84024527-minhaj-ul-quran-al-noor-islamic-center-ellington-connecticut-united-states,,23,,,2769.0,census_geocoder
685,Minhaj-ul-Quran Al-Noor Islamic Center,4 West Road #4,Ellington,CT,6029,41.870796654026,-72.464237997429,,2007,,https://prayersconnect.com/mosques/84024527-minhaj-ul-quran-al-noor-islamic-center-ellington-connecticut-united-states,,23,,,745.0,census_geocoder
686,Islamic Association of Greater Hartford (Berlin Mosque),1781 Berlin Tpke,Berlin,CT,6037,41.603528692384,-72.751967514857,,1989,,https://www.berlinmosque.org/about-us/history/,,40,,,2312.0,census_geocoder
687,Bayt Ul-Mamur Mosque,56 Cottage st,Manchester,CT,6040,41.769578994425,-72.518638993005,,2011,,https://patch.com/connecticut/manchester/manchesters-first-mosque-still-a-couple-of-months-away,,87,,,656.0,census_geocoder
688,Masjid Al Taqwa,47 Saint Clair ave,New Britain,CT,6051,41.685326196985,-72.759552741115,,-,Information Without Year,"https://www.yelp.com/biz/islamic-association-of-central-connecticut-new-britain#:~:text=ISLAMIC%20ASSOCIATION%20OF%20CENTRAL%20CONNECTICUT,%2C%20Connecticut%20%2D%20Phone%20Number%20%2D%20Yelp",47,36,,,1630.0,census_geocoder
689,The Islamic Association of Central Connecticut,100 Arch St,New Britain,CT,6051,41.664376641066,-72.782094752926,,2008,,"https://www.causeiq.com/organizations/islamic-association-of-central-connecticut,800349115/",58,88,,,2308.0,census_geocoder
690,Islamic Center Of Vernon,27 Naek rd,Vernon Rockville,CT,6066,41.839380062108,-72.491341122927,,2003,,https://us.mohid.co/ct/hartford/icov/masjid/online/vfr/campaign/build_a_majid_project,,43,,,82.0,census_geocoder
691,Islamic Center of South Windsor,100 Long Hill Road,South Windsor,CT,6074,41.803689457076,-72.594365010457,,2019,,https://icswct.org/,,12,,,749.0,census_geocoder
692,Madina Masjid (Islamic Center of Connecticut),140 White Rock Dr.,Hartford,CT,6095,41.810183563466,-72.671166602312,,1993,,https://www.archnet.org/sites/10388,,10,,,120.0,census_geocoder
693,Ahl Al-Sunnah Center,5 National Dr.,Windsor Locks,CT,6096,41.924688800403,-72.669584166944,,2009,,"https://www.icwlct.org/about-us.html#:~:text=ABOUT%20US%20%2D%20Islamic%20Center%20of,Islamic%20centers%20around%20the%20area.",,47,,,849.0,census_geocoder
694,Islamic Center of Windsor Locks,332 Elm Street,Windsor Locks,CT,6096,41.926455962756,-72.650268935456,,2009,,https://www.icwlct.org/about-us.html,,9,,,2762.0,census_geocoder
695,Muhammad Islamic Center of Greater Hartford,"155,157 Hungerford Street",Hartford,CT,6106,41.75806545584,-72.685979789205,,1955,,https://micgh.org/,76,92,,,730.0,census_geocoder
696,Islamic Institute of Ahl Al-Bait,994 Tolland st,East Hartford,CT,6108,41.787371491218,-72.59047059186,,-,No Basic Information,(860) 649-8074,,34,,,1434.0,census_geocoder
697,Masjid Al Mustafa,20 Church st,East Hartford,CT,6108,41.778688929997,-72.609169945707,,-,Information Without Year,,84,97,,,1189.0,census_geocoder
698,Bosnian-American Islamic Cultural Center,595 Franklin Avenue,Hartford,CT,6114,41.732099986142,-72.67452623902,,2004,,http://www.hartfordinfo.org/Issues/Documents/Neighborhoods/htfd_news_080107.asp,43,80,,,660.0,census_geocoder
699,Masjid Umar Ibn Al Khattab,2017 Main Street,Hartford,CT,6120,41.781790695235,-72.676138597811,,2014,,https://masjidumarct.com/about,53,76,,,380.0,census_geocoder
700,Muhammad Mosque #14 (Masjid Salam),2550 Main St,Hartford,CT,6120,41.788981377707,-72.671895609109,,2005,,"https://religionnews.com/2007/02/28/hartford-mosque-mirrors-evolution-of-american-islam/#:~:text=Christopher%20S.,when%20the%20mosque%20was%20formed.",44,69,,,2772.0,census_geocoder
701,Islamic Center of Willimantic,6 Storrs Rd #3,Willimantic,CT,6226,41.728347368835,-72.201393793798,,-,Information Without Year,https://icwct.org/icw/,,47,,,735.0,census_geocoder
702,Islamic Center at UConn,28 North Eagleville Road,Storrs,CT,6269,41.811489070549,-72.252021268222,,2000,,https://icuc.weebly.com/,,41,,,654.0,census_geocoder
703,Islamic Center of University of Connecticut,28 N Eagleville Rd,Storrs,CT,6269,41.811489070549,-72.252021268222,,2001,,https://icuc.weebly.com/,,41,,,2314.0,census_geocoder
704,Islamic Center of New London,16 Fort st,Groton,CT,6340,41.35478591304,-72.082594715064,,1994,,https://prayersconnect.com/mosques/84074159-islamic-center-of-new-london-groton-connecticut-united-states,,51,,,68.0,census_geocoder
705,ICOP- Islamic Center of Preston (Norwich Masjid),128 CT-2,Preston,CT,6365,41.5020631,-72.0379425,,2024,,https://icopct.com/about/,,4,,,2765.0,nominatim
706,Masjid Samiya,95 Bishop Williams Ct,Ansonia,CT,6401,41.337537789517,-73.076364922274,,2017,,http://ansoniamasjid.org,,72,,,2766.0,census_geocoder
707,Masjid Al-Rawdah,189 East Main Street,Meriden,CT,6450,41.535478413574,-72.797094803005,,2011,,https://www.rawdatalquran.org/pages/about.php,48,84,,,753.0,census_geocoder
708,Mosque Baitul Aman,410 Main Street,Meriden,CT,6451,41.520354048078,-72.840077545943,,2007,,https://themuslimtimes.info/2015/11/21/several-bullet-holes-were-found-inside-the-ahmadiyyas-baitul-aman-mosque-in-meriden/,21,44,,,2053.0,census_geocoder
709,Islamic Center Middletown,1000 Newfield Street,Middletown,CT,6457,41.585660463437,-72.674083108389,,-,No Basic Information,,,27,,,2771.0,census_geocoder
710,Omar Islamic Center,24 Broad Street,Middletown,CT,6457,41.557096199017,-72.649989257719,,2020,,https://www.middletownpress.com/middletown/article/Middletown-welcomes-new-mosque-and-congregation-15002706.php,,90,,,379.0,census_geocoder
711,Islamic Community of Fairfield County Monroe Masjid,57 Pepper St,Monroe,CT,6468,41.32222052919,-73.259741529141,,1976,,"https://www.causeiq.com/organizations/islamic-community-of-fairfield-county,060934625/",,38,,,1507.0,census_geocoder
712,Al-Hedaya Islamic Center and Mosque,115 Mt Pleasant Rd,Newtown,CT,6470,41.417131714027,-73.356748322293,,2009,,https://patch.com/connecticut/newtown/a-ramadan-dinner-for-the-whole-newtown-community,,28,,,2768.0,census_geocoder
713,New Haven Islamic Center - NHIC - Orange Masjid,254 Bull Hill Ln,Orange,CT,6477,41.274203611701,-72.987962765914,,1980,,https://nhicct.org/,,58,,,2313.0,census_geocoder
714,Jafaria Association of Connecticut,1 Meriden,Rockfall,CT,6481,41.549130480372,-72.694393946627,,1997,,,,28,,,115.0,census_geocoder
715,Islamic Center of Wallingford,164 S Whittlesey Ave,Wallingford,CT,6492,41.450493703092,-72.823187793721,,2019,,https://www.facebook.com/donate/2256165377762034/,,79,,,83.0,census_geocoder
716,Masjid Al-Islam,624 George Street,New Haven,CT,6511,41.309242516504,-72.943109367012,,1987,,https://masjidal-islam.com/about,54,81,,,747.0,census_geocoder
717,Diyanet Mosque of New Haven,531 Middletown Ave,New Haven,CT,6513,41.330408407671,-72.875159163123,,,,,42,51,,,2759.0,census_geocoder
718,Abdul-Majid Karim Hasan Islamic Center,870 Dixwell Avenue,Hamden,CT,6514,41.336952289239,-72.935247167206,,1961,,"https://www.newhavenindependent.org/2019/11/05/muslim_peacemaker_dies_at_83/#:~:text=A%20former%20jazz%20musician%2C%20he,for%20Imam%20Hasan%20in%202010.",,74,,,577.0,census_geocoder
719,Islamic Center of Hamden,60 Connolly Pkwy Suite 17-212,Hamden,CT,6514,41.366697868083,-72.918374042535,,1998,,"https://www.islamiccenterofhamden.org/about/history#:~:text=1998:%20First%20Steps%20Towards%20the,$500.00/month%20including%20all%20utilities.",,73,,,55.0,census_geocoder
720,Mevlana Mosque & camii (CT Education Center),546 Ocean ave,West Haven,CT,6516,41.2400470444,-72.971775703232,,1993,,https://prayersconnect.com/mosques/84048947-mevlana-mosque-west-haven-connecticut-united-states,,22,,,2039.0,census_geocoder
721,West Haven Masjid/New Haven Islamic Center,2 Pruden Street,West Haven,CT,6516,41.289302308568,-72.961725091985,,1978,,https://www.mapquest.com/us/connecticut/new-haven-islamic-center-403406219,,71,,,748.0,census_geocoder
722,Islamic Center of Hamden,698 Newhall St,Hamden,CT,6517,41.342595099739,-72.926147056599,,2000,,http://www.islamiccenterofhamden.org/about/history,,54,,,2760.0,census_geocoder
723,Al-Aziz Islamic Center,679 Fairfield Ave,Bridgeport,CT,6604,41.175025132107,-73.198130915151,,-,Information Without Year,https://www.yelp.com/biz/al-aziz-islamic-center-bridgeport,57,88,,,876.0,census_geocoder
724,Islamic Community Center,703 State St,Bridgeport,CT,6604,41.173853319018,-73.197979185352,,2002,,https://www.mybicc.org/about/history/,56,88,,,269.0,census_geocoder
725,University of Bridgeport Masjid,170 Lafayette st,Bridgeport,CT,6604,41.165695348987,-73.187235601334,,2002,,,41,63,,,2222.0,census_geocoder
726,Bridgeport Islamic Community Center,525 Clinton ave,Bridgeport,CT,6605,41.174299643872,-73.209639171763,,2005,,https://www.mybicc.org/about/history/,45,78,,,20.0,census_geocoder
727,Masjid An-Noor,1300 Fairfield ave,Bridgeport,CT,6605,41.173905921621,-73.20845539859,,1991,,http://anif.us/about-us/,45,83,,,154.0,census_geocoder
728,Masjid Esa Bin Mariam,390 E Main st,Stratford,CT,6614,41.205223124821,-73.118457233116,,2003,,http://www.stratfordmasjid.com/,,74,,,1864.0,census_geocoder
729,United Muslim Masjid CT,3125 North Main Street,Waterbury,CT,6704,41.59985046391,-73.02343741307,,1998,,https://www.ummct.com,26,7,,,2763.0,census_geocoder
730,Al-Mustafa Mosque (Masjid Al-Mustafa & Academy),95 Schraffts Dr,Waterbury,CT,6705,41.540716183211,-72.989425963767,,2017,,https://iasconnect.org/,31,56,,,2309.0,census_geocoder
731,Assalam Mosque,130 Scott Rd,Waterbury,CT,6705,41.5389016,-72.9925736,,2025,,https://waterburyicc.org/new-masjid-project/,30,63,,,2764.0,nominatim
732,Masjid al-Mustafa,120 Schraffts Dr.,Waterbury,CT,6705,41.540609225258,-72.990923403742,,2017,,https://iasconnect.org/,31,56,,,147.0,census_geocoder
733,Albanian American Muslim Community,38 Raymond Street,Waterbury,CT,6706,41.529634311759,-73.036027224464,,1969,,https://www.aac-ct.org/aboutus.html,32,58,,,744.0,census_geocoder
734,Albanian American Cultural and Islamic Center,106 Columbia Blvd,Waterbury,CT,6710,41.568389952258,-73.042792607883,,1988,,,36,47,,,5.0,census_geocoder
735,United Muslim Masjid,132 Prospect st,Waterbury,CT,6710,41.560190292609,-73.040179838258,,1991,,https://www.launchgood.com/v4/campaign/expansion_of_united_muslim_masjid_waterbury_ct_2,58,84,,,220.0,census_geocoder
736,American Turkish Islamic Cultural Center,94 North Main Street,Thomaston,CT,6787,41.676097721106,-73.070828757972,,-,No Basic Information,,,60,,,2770.0,census_geocoder
737,Al Hedaya Islamic Center,18 Great Plain rd,Danbury,CT,6810,41.371791257142,-73.503244574202,,2009,,,,55,,,133.0,census_geocoder
738,Baitul Mukarram Masjid,339 Main Street,Danbury,CT,6810,41.398104539231,-73.456203057536,,2011,,https://patch.com/connecticut/danbury/ramadan-begins-monday-with-prayers-at-new-main-street-mosque,,85,,,977.0,census_geocoder
739,Baitul Mukarram Masjid - Islamic Center & Mosque in Danbury Connecticut,330 Main St,Danbury,CT,6810,41.39798476868,-73.456263817005,,2019,,https://www.newstimes.com/local/article/Danbury-mosque-aims-to-buy-to-bigger-space-14571842.php,,90,,,2761.0,census_geocoder
740,Danbury Masjid - Islamic Society of Western Connecticut,388 Main St,Danbury,CT,6810,41.401813974079,-73.458989711291,,1995,,http://danburymasjid.com/about,,82,,,2315.0,census_geocoder
741,Al Madany Islamic Center of Norwalk,1 Union Park S,Norwalk,CT,6850,41.115636873298,-73.417751137065,,1999,,https://www.ctpost.com/local/article/proposed-mosque-in-norwalk-draws-controversy-3462899.php,54,90,,,2310.0,census_geocoder
742,Al-Madany Islamic Center of Norwalk,4 Elton Ct.,Norwalk,CT,6851,41.109037328876,-73.408094812588,,2016,,https://www.thehour.com/news/article/Power-struggle-at-Norwalk-mosque-13509663.php,56,60,,,2.0,census_geocoder
743,ICCNY Islamic Center Masjid,1558 Washington Boulevard,Stamford,CT,6902,41.06085124803,-73.543949997892,,2001,,https://www.iccnystamford.com/,64,89,,,647.0,census_geocoder
744,Islamic Society of Stamford,82 Harbor Dr.,Stamford,CT,6902,41.037640345795,-73.529658716569,,-,Information Without Year,(203) 323-4911,32,55,,,1488.0,census_geocoder
745,Stamford Islamic Center,10 Outlook St,Stamford,CT,6902,41.041251313361,-73.559529971682,,1998,,https://www.stamfordadvocate.com/news/article/Stamford-Islamic-Center-mourns-the-loss-of-one-of-17275373.php,47,75,,,214.0,census_geocoder
746,Stamford Islamic Center ,379 West Ave,Stamford,CT,6902,41.041610592509,-73.559031349183,,1998,,https://www.stamfordadvocate.com/news/article/Stamford-Muslims-mark-Ramadan-with-new-mosque-4653542.php,47,76,,,2755.0,census_geocoder
747,Alhedayah Masjid & Islamic Center,20 Cushing Street,Stamford,CT,6907,41.093059369002,-73.517670320638,,-,No Basic Information,,41,76,,,369.0,census_geocoder
748,Center DC,1426 9 Street Northwest,Washington,DC,20001,38.908887248588,-77.024042339183,,2015,,https://centerdc.org/who-we-are,85,95,,,,census_geocoder
749,Masjid Muhammad,1519 4 Street Northwest,Washington,DC,20001,38.910145137474,-77.016087578983,,1960,,https://thenationsmosque.org/about/,82,71,,,,census_geocoder
750,Ivy City Mosque,2001 Gallaudet Street Northeast,Washington,DC,20002,38.913635105418,-76.985084635115,,"
",Information Without Year,https://prayersconnect.com/mosques/84038553-ivy-city-masjid-washington-district-of-columbia-united-states,57,81,,,,census_geocoder
751,American Fazl Mosque,2141 Leroy Place Northwest,Washington,DC,20008,38.915549570452,-77.047642436724,,1950,,https://fazlmosque.us/,77,96,,,,census_geocoder
752,Islamic Center of Washington DC,2551 Massachesetts Avenue Northwest,Washington,DC,20008,38.916703209874,-77.056772030283,,1957,,https://www.archnet.org/sites/358,69,55,,,,census_geocoder
753,First Hijrah Muslim Community Center,4324 Georgia Avenue Northwest,Washington,DC,20011,38.943202213939,-77.025933636356,,2010,,https://www.archnet.org/sites/10422,72,95,,,,census_geocoder
754,Markaz Ahlul Qur'an Wal Hadeeth,3415 18 Street Northeast,Washington,DC,20018,38.932306039995,-76.979478445081,,2004,,https://www.18thstreetmasjid.com/,59,75,,,,census_geocoder
755,Al-Islam Mosque,4603 Benning Road Southeast,Washington,DC,20019,38.886364119432,-76.936157938369,,"
",No Basic Information,"
",65,64,,,,census_geocoder
756,Ar Rashidun Community Center,1605 Kenilworth Avenue Northeast,Washington,DC,20019,38.9113147,-76.9343543,,"
",Information Without Year,https://www.mapquest.com/us/district-of-columbia/ar-rashidun-community-center-380872647,64,47,,,,nominatim
757,Muhammad Mosque #4,3160 Pennsylvania Avenue Southeast,Washington,DC,20020,38.869777282454,-76.961413077961,,1960,,"https://www.washingtoninformer.com/masjid-muhammad-renovation-dc/#:~:text=The%20mosque%20was%20founded%20in%201937%20by,*%20Boy%20Scouts%20troop%20*%20Chess%20club",62,74,,,,census_geocoder
758,Georgetown University: Masjid Yarrow Mamout,1350 Tondorf Road,Washington,DC,20057,38.9083416,-77.0741068,,2023,,https://www.georgetown.edu/news/georgetown-opens-first-of-its-kind-mosque-on-a-u-s-college-campus/,67,83,,,,nominatim
759,Glasgow Mosque & Education Center,2555 Glasgow Ave,Newark,DE,19702,39.600163566242,-75.743271175105,,1980,,https://daglasgow.org/about-us/,,49,,,2325.0,census_geocoder
760,Masjid Isa ibn-e-Maryam Foundation,706 S Old Baltimore Pike,Newark,DE,19702,39.646018501344,-75.71579887104,,2011,,https://prayersconnect.com/mosques/84093249-masjid-isa-ibn-e-maryam-tarbiyah-school-newark-delaware-united-states,,36,,,1896.0,census_geocoder
761,Baitul Hidayah Mosque,3003 Philadelphia Pike,Claymont,DE,19703,39.796961476463,-75.464728468844,,2013,,https://masjidulhidayah.org/index.php/about-the-masjid-ul-hidayah/,,73,,,2328.0,census_geocoder
762,MUNA Center of Delaware (MCD) Masjid Ar-Rahman,301 Commonwealth Ave,Claymont,DE,19703,39.801186916758,-75.466069541335,,2021,,"https://www.causeiq.com/organizations/muna-center-of-delaware,873524885/",,60,,,2329.0,census_geocoder
763,Masjid Al-Noor-Middletown,486 Boyds Corner Rd,Middletown,DE,19709,39.511360961788,-75.703364852904,,2005,,https://masjidal-noor.org/About/About,,2,,,2731.0,census_geocoder
764,Islamic Society of Delaware,28 Salem Church Rd #2934,Newark,DE,19713,39.6741435398,-75.697284726028,,1977,,https://spotlightdelaware.org/2025/04/03/our-delaware-islamic-society-of-delaware/,,49,,,2316.0,census_geocoder
765,Rawdah Islamic Center of Delaware,18 Shea Way,Newark,DE,19713,39.652665550383,-75.727142586118,,2020,,https://www.rawdahislamiccenterofdelaware.com/about,,21,,,2323.0,census_geocoder
766,Diyanet Mosque of Delaware,249 Appleby Rd #5403,New Castle,DE,19720,39.651705765931,-75.632608150838,,2013,,https://directory.alfafaa.com/listing/diyanet-mosque-of-delaware/,,23,,,2318.0,census_geocoder
767,Masjid al-Ikhlaas,623-1/2 S Heald St,Wilmington,DE,19801,39.733483422884,-75.540855665882,,-,Information Without Year,,56,56,,,2322.0,census_geocoder
768,Ar-Razzaaq Mosque,2800 N Market St,Wilmington,DE,19802,39.75525748347,-75.533971155929,,2005,,https://www.dncr.nc.gov/blog/2026/01/14/ar-razzaq-islamic-center-g-148,45,76,,,2319.0,census_geocoder
769,Masjid Al Kauthar,2102 Northeast Blvd,Wilmington,DE,19802,39.746473043529,-75.530876719946,,1957,,https://en.wikipedia.org/wiki/Islam_in_Delaware,40,62,,,1606.0,census_geocoder
770,Muhammad Mosque 35,2800 Washington St,Wilmington,DE,19802,39.758083484386,-75.536072650432,,-,No Basic Information,https://www.facebook.com/Mosque35/,45,75,,,2326.0,census_geocoder
771,Tri-State Bab-ul-ilm Islamic Center of Delaware,1413 Lore Ave,Wilmington,DE,19809,39.75816741291,-75.494981904993,,1982,,https://banihashim.org/about/,,29,,,2327.0,census_geocoder
772,Baitul Aman by MSD,2219 Naamans Rd,Wilmington,DE,19810,39.8256543984,-75.505916938533,,2000,,https://prayersconnect.com/mosques/84036539-masjid-baitul-aman-wilmington-delaware-united-states,,44,,,2324.0,census_geocoder
773,Islamic Society of Central Delaware,777 S Little Creek Rd,Dover,DE,19901,39.157318447559,-75.506759603976,,2004,,"https://www.causeiq.com/organizations/islamic-society-of-centeral-delaware,582674082/",29,59,,,2317.0,census_geocoder
774,Islamic Center of Eastern Shore,25159 Lewes Georgetown Hwy,Georgetown,DE,19947,38.721386832398,-75.29850268114,,2021,,"https://www.causeiq.com/organizations/islamic-center-of-eastern-shore,861435795/",,75,,,2320.0,census_geocoder
775,Islamic Society of Smyrna,310 N Main St,Smyrna,DE,19977,39.303793203059,-75.610586164322,,2025,,https://www.smyrna.delaware.gov/DocumentCenter/View/3255/BOA-Agenda-11525?bidId=,,75,,,2321.0,census_geocoder
776,Islamic Center of Lake City,7876 West US Highway 90,Lake City,FL,32055,30.195692567854,-82.758243380932,,-,No Basic Information,,,2,,,1271.0,census_geocoder
777,Islamic Center of Orange Park,158 College Dr.,Orange Park,FL,32065,30.127935464031,-81.775405603011,,2013,,https://prayersconnect.com/mosques/84065068-islamic-center-of-orange-park-orange-park-florida-united-states,,48,,,1315.0,census_geocoder
778,Islamic Center of st Augustine,1760 Sr-207,st Augustine,FL,32084,29.844723450363,-81.362927049117,,1995,,https://www.islamiccenterstaugustine.org/,,17,,,1350.0,census_geocoder
779,Islamic Center of Palm Coast,4721 East Moody Boulevard,Bunnell,FL,32110,29.4748822,-81.2465848,,,,,,34,,,3065.0,nominatim
780,Islamic Center of Daytona Beach,347 South Keech Street,Daytona Beach,FL,32114,29.200533785651,-81.034695849081,,1986,,https://www.islamiccenterofdaytonabeach.com/about,32,68,,,751.0,census_geocoder
781,Mosque 66,3316 North Pearl Street,Jacksonville,FL,32206,30.358650560935,-81.658116356635,,,,,40,57,,,3091.0,census_geocoder
782,Muhammed Mosque,320 Woodbine Street,Jacksonville,FL,32206,30.363073599884,-81.657861488528,,,,,41,59,,,3092.0,census_geocoder
783,Islamic Community of Bosniaks In Jacksonville,2131 Art Museum Dr.,Jacksonville,FL,32207,30.301661847173,-81.614516847868,,2015,,"https://www.causeiq.com/organizations/islamic-community-of-bosniaks-al-hajj-feriz-delkic,593697668/",35,45,,,1394.0,census_geocoder
784,Al Amir Islami Center,5045 Soutel Drive,Jacksonville,FL,32208,30.397291800724,-81.726093355094,,,,,36,45,,,3086.0,census_geocoder
785,Jacksonville Masjid of Al-Islam,2242 Commonwealth Ave,Jacksonville,FL,32209,30.336506944388,-81.700450801439,,1996,,https://prayersconnect.com/mosques/84090654-masjid-of-al-islam-jacksonville-florida-united-states,33,38,,,1496.0,census_geocoder
786,Al Zahra Islamic Center,707 Mill Creek Road,Jacksonville,FL,32211,30.326412706843,-81.560077411985,,,,,,32,,,3087.0,census_geocoder
787,Masjid Al Imman,1730 Rogero Road,Jacksonville,FL,32211,30.339294752576,-81.589233882297,,,,,26,64,,,3089.0,census_geocoder
788,Islamic Center of Orange Park,7821 Collins Road,Jacksonville,FL,32244,30.203931083194,-81.774018102167,,,,,0,6,,,3088.0,census_geocoder
789,Dar Al-Hijra,3507 Southside Boulevard,Jacksonville,FL,32246,30.281493412115,-81.559221037073,,,,,,54,,,3090.0,census_geocoder
790,Islamic Center of Northeast Florida,2333 St Johns Bluff Rd S,Jacksonville,FL,32246,30.307842718684,-81.52582854892,,1978,,https://findyourjax.com/discover-your-roots-the-middle-eastern-community-spotlight/,21,27,,,2331.0,census_geocoder
791,NAC - Nabi Akram Center,1840 Anniston Road,Jacksonville,FL,32246,30.317985653946,-81.541835218472,,,,,,39,,,3093.0,census_geocoder
792,Ahmadiyya Muslim Community Jacksonville,507 Cassat Avenue,Jacksonville,FL,32254,30.319786683273,-81.730716999134,,,,,34,62,,,3085.0,census_geocoder
793,Baymeadows Islamic Center,8225 Dix Ellis Trail,Jacksonville,FL,32256,30.219789867972,-81.572834912366,,1996,,https://bicjax.com/sample-page/,33,39,,,680.0,census_geocoder
794,Masjid Al-Ansar,9801 Old Baymeadows rd Bldg 2 Apt. 17,Jacksonville,FL,32256,30.219232189524,-81.555924253475,,-,No Basic Information,,33,78,,,1644.0,census_geocoder
795,Momin Community Center,6192 Race Track Road,St. Johns County,FL,32259,30.102715084125,-81.488234922708,,2025,,https://www.momincc.org/,,22,,,438.0,census_geocoder
796,Masjid Al-Furqan,3617 Old Bainbridge rd,Tallahassee,FL,32303,30.501436237129,-84.338637526957,,2008,,https://prayersconnect.com/mosques/84088925-masjid-al-furqan-islamic-center-of-tallahassee-tallahassee-florida-united-states,28,20,,,1665.0,census_geocoder
797,Al Ansar Mosque,1020 E Pensacola Ave,Tallahasse,FL,32304,,,,2008,,https://prayersconnect.com/mosques/84064187-masjid-al-ansar-islamic-center-of-tallahassee-tallahassee-florida-united-states,48,73,,,851.0,
798,Masjid Al Nahal,115 Bragg Dr.,Tallahasse,FL,32304,30.403976751182,-84.284491111238,,1989,,,,45,,,1610.0,census_geocoder
799,Masjid Al-Nahl,123 Bragg Drive,Tallahassee,FL,32305,30.404019403729,-84.284609631994,,,,,34,34,,,3048.0,census_geocoder
800,Masjid Al-Noor (Islamic Society of Tallahassee),7117 Beech Ridge Trail,Tallahassee,FL,32312,30.567267752667,-84.213694193595,,,,,,37,,,3047.0,census_geocoder
801,Bay County Islamic Society,3312 Token rd,Panama City,FL,32405,30.20800372879,-85.670606777014,,1984,,https://www.facebook.com/BayCountyIslamicSoc/,,7,,,981.0,census_geocoder
802,Al-Hidaya Mosque,16865-16995 Northwest Charlie Johns Street,Blountstown,FL,32424,30.44636815349,-85.049204803725,,-,No Basic Information,,,46,,,1684.0,census_geocoder
803,ICNA Masjid Dawah,800 County Road 10,Bonifay,FL,32425,,,,,,,,8,,,3066.0,
804,Al-Islam Dawah Center,1550 E Barrancas ave,Pensacola,FL,32504,30.408042757059,-87.234762615026,,1989,,https://www.bloomberg.com/profile/company/0015836D:US?embedded-checkout=true,,47,,,892.0,census_geocoder
805,Islamic Center of Northwest Florida,3445 E Johnson ave,Pensacola,FL,32514,30.517105489437,-87.194773520319,,2000,,"https://www.causeiq.com/organizations/islamic-center-of-northwest-florida,593629924/",,12,,,71.0,census_geocoder
806,Islamic Center of Gainesville,1010 E University Aveue,Gainesville,FL,32601,29.651998945184,-82.313104484221,,1984,,https://www.iqrasense.com/islam-in-america/muslims-in-gainesville-florida-usa-islamic-centers-and-mosques.html,,70,,,1245.0,census_geocoder
807,Hoda Center,5220 SW 13th St,Gainesville,FL,32610,29.60445204068,-82.342101082031,,-,,https://www.mapquest.com/us/florida/hoda-academy-276296047,,9,,,311.0,census_geocoder
808,Muslim Community Center of Apopka (MCCA),458 Oakland Avenue,Apopka,FL,32703,28.672231501879,-81.503184526376,,,,,37,68,,,3069.0,census_geocoder
809,Islamic Center of Deltona,410 Summerhaven Dr,DeBary,FL,32713,28.89877517827,-81.284678944334,,2010,,https://prayersconnect.com/mosques/84064611-islamic-center-of-deltona-debary-florida-united-states,,38,,,2729.0,census_geocoder
810,DeLand Islamic Center,1271 Keith Avenue,DeLand,FL,32720,29.006883651897,-81.320329900024,,,,,,21,,,3060.0,census_geocoder
811,Masjid Al-Hakim,1350 Gilpin Ct.,Deltona,FL,32725,28.9007276441,-81.269665211345,,-,No Basic Information,,,32,,,1674.0,census_geocoder
812,Tavares Islamic Center,2824 South Grove Street,Eustis,FL,32726,28.825625489051,-81.683951673346,,,,,,47,,,3058.0,census_geocoder
813,HMCC Heathrow Muslim Community Center,1325 South International Parkway,Lake Mary,FL,32746,28.754526970676,-81.366723999344,,,,,,41,,,3082.0,census_geocoder
814,American Muslim Community Center (AMCC),811 Wilma St,Longwood,FL,32750,28.695216858953,-81.34985202942,,2012,,https://amccenters.org/,,48,,,2337.0,census_geocoder
815,Oviedo Musalla (Masjid),100 Alexandria Boulevard,Oviedo,FL,32765,28.652650373287,-81.207425428545,,,,,,51,,,3014.0,census_geocoder
816,Husseini Islamic Center,1350 Tondorf Road,Sanford,FL,32773,,,,2017,,"https://www.orlandosentinel.com/2017/11/10/new-mosque-highlights-growth-of-muslim-community-in-central-florida/#:~:text=The%20mosque%20%E2%80%94%20one%20of%20the,low%20profile%2C%20would%20not%20comment.",28,72,,,38.0,
817,Masjid Al Hayy,786 Myrtle Street,Sanford,FL,32773,28.734760535338,-81.275661542812,,2017,,https://www.jafferreachoutfoundation.org/masjid-al-hayy,,0,,,750.0,census_geocoder
818,Masjid Al-Salam,2917 S Orlando Dr.,Sanford,FL,32773,28.772647068909,-81.278815055087,,1999,,https://iscf.org/masjid/masjid-al-alrahim/,23,50,,,1758.0,census_geocoder
819,Masjid Al-Mumin,1011 Washington Avenue,Titusville,FL,32780,28.604135524774,-80.807592441629,,1999,,https://iscf.org/masjid/masjid-al-mumin/,,54,,,354.0,census_geocoder
820,Masjid Al-Haq,545 E Central Blvd.,Orlando,FL,32801,28.542344252738,-81.370729650975,,-,No Basic Information,,62,95,,,1677.0,census_geocoder
821,Mosque American Islamic Society,545 West Central Boulevard,Orlando,FL,32801,28.542063151431,-81.38587091448,,,,,69,89,,,3018.0,census_geocoder
822,Masjid Al-Quddus,312 S Parramore Ave,Orlando,FL,32805,28.539060601061,-81.389069836541,,1994,,https://iscf.org/masjid/masijid-al-quddus/,64,86,,,821.0,census_geocoder
823,Masjid Qubaa,3043 Curry Ford Road,Orlando,FL,32806,28.5243611661,-81.344714488047,,,,,29,80,,,3012.0,census_geocoder
824,Islamic Society of Central Florida,1586 North Goldenrod Road,Orlando,FL,32807,,,,,,,,58,,,3010.0,
825,Masjid Al Rahman,1089 N Goldenrod Rd,Orlando,FL,32807,28.558637338299,-81.28591549968,,1985,,https://www.archnet.org/sites/10395,,55,,,2332.0,census_geocoder
826,AL-BUKHARI ISLAMIC CENTER,8009 S Orange Ave,Orlando,FL,32809,28.453018249916,-81.364092783308,,2017,,https://albukhari.org/,,42,,,2335.0,census_geocoder
827,Masjid Al-Rahim,4962 Old Winter Garden Rd,Orlando,FL,32811,28.542505562828,-81.446273731169,,1999,,https://iscf.org/masjid/masjid-al-alrahim/,,46,,,616.0,census_geocoder
828,Al-Malik Mosque,2042 Rouse Rd,Orlando,FL,32817,28.573283726924,-81.224222827519,,2007,,https://prfsc.org/wp-content/uploads/2016/11/History-of-Islamic-Society-of-Central-Florida.pdf,,39,,,2336.0,census_geocoder
829,Islamic Education Center of Florida,2221 Harrell rd,Azalea Park,FL,32817,28.574845473843,-81.269546334592,,2009,,"https://www.influencewatch.org/non-profit/islamic-education-center-iec-of-florida/#:~:text=As%20its%20membership%20size%20grew,build%20at%20a%20gradual%20pace.",,18,,,650.0,census_geocoder
830,Masjid Al-Malik,2018 Rouse rd,Orlando,FL,32817,28.57290485238,-81.224215709946,,2007,,https://prfsc.org/wp-content/uploads/2016/11/History-of-Islamic-Society-of-Central-Florida.pdf,,40,,,176.0,census_geocoder
831,Majid al-Ihsaan,6309 Pershing Avenue,Orlando,FL,32822,28.499064960595,-81.29657285413,,1996,,https://www.facebook.com/Masjid.Al.Ihsaan.FL/,26,27,,,255.0,census_geocoder
832,Islamic Center of Orlando - Jama Masjid,11543 Ruby Lake Road,Orlando,FL,32826,28.398169531554,-81.50308122664,,1990,,https://icorlando.org/about/,,41,,,790.0,census_geocoder
833,Aisha Cultural Center,1311 Hancock Lone Palm Road,Orlando,FL,32828,28.556493866018,-81.178076788781,,,,,,13,,,3015.0,census_geocoder
834,Islamic center of Orlando,11551 Ruby Lake Road,Orlando,FL,32836,28.397996079401,-81.50307896236,,,,,,41,,,3011.0,census_geocoder
835,Al-Aziz Mosque,9501 Satellite Blvd,Orlando,FL,32837,28.421343390685,-81.401264241153,,1973,,https://iscf.org/aboutiscf/,,45,,,2339.0,census_geocoder
836,Baitul-Aafiyat Mosque (Masjid),9501 Satellite Boulevard,Orlando,FL,32837,28.421343390685,-81.401264241153,,,,,,48,,,3009.0,census_geocoder
837,Al - Eman Center,1905 Doctor Martin Luther King Junior Boulevard,Melbourne,FL,32901,,,,,,,,72,,,3053.0,
838,Islamic Society of Brevard County,550 East Florida ave,Melbourne,FL,32901,28.056781089315,-80.611119832551,,1994,,https://www.isbcmelbourne.org/about/,,24,,,1451.0,census_geocoder
839,Palm Bay Islamic Center,3590 Bayside Lakes Boulevard Southeast,Palm Bay,FL,32909,27.948617615548,-80.66051481075,,,,,,33,,,3013.0,census_geocoder
840,Masjid Al-Furqan,190 Grant rd,Merritt Island,FL,32953,28.412745966295,-80.709998579882,,2007,,https://search.sunbiz.org/Inquiry/CorporationSearch/SearchResults?InquiryType=EntityName&InquiryDirectionType=ForwardRecord&SearchTerm=MASJID%20AL%20ANSAR&SearchNameOrder=MASJIDEAYESHA%20N130000054330&ListNameOrder=MASJIDALRAHMA%20N190000123920&Detail=FL.DOS.Corporations.Shared.Contracts.FilingRecord,,18,,,1666.0,census_geocoder
841,Indian River Islamic Center,2015 E 9th st Sw,Vero Beach,FL,32962,27.587008889187,-80.406338217333,,2011,,https://www.charitynavigator.org/ein/270358711,,31,,,1154.0,census_geocoder
842,Bait-un-Naseer Mosque,208 Northwest 7th Court,Hallandale Beach,FL,33009,25.993342253774,-80.150798686476,,,,,41,80,,,3072.0,census_geocoder
843,Miami Mosque,102 West 5th Street,Hialeah,FL,33010,25.826171455958,-80.283562599104,,,,,46,85,,,3084.0,census_geocoder
844,Islamic Jaffaria Association,10554 Nw 132Nd st,Hialeah Gardens,FL,33018,25.893248633077,-80.369181176236,,1998,,https://search.sunbiz.org/Inquiry/corporationsearch/SearchResultDetail?inquirytype=EntityName&directionType=PreviousList&searchNameOrder=ISLAMICJAFFARIAASSOCIATION%20N274090&aggregateId=domnp-n27409-37cba7b6-3603-4222-9f38-e1a7ed5f24ef&searchTerm=ISLAMIC%20SOCIETY%20OF%20BREVARD%20COUNTY%2C%20INC.&listNameOrder=ISLAMICHEALTH%20G731650,0,41,,,1437.0,census_geocoder
845,AL-Hikmat Office ( Next To Darul Uloom Institute),120 Southwest 70th Avenue,Pembroke Pines,FL,33023,26.009321856481,-80.227761796846,,,,,,35,,,3017.0,census_geocoder
846,Darul Uloom Institute,7050 Pines Blvd,Pembroke Pines,FL,33023,26.0075618,-80.374654,,1994,,https://www.alhikmat.com/darululoomflorida.html,30,46,,,2334.0,nominatim
847,Masjid Al-Hijrah,6128 Sw 27th st,Miramar,FL,33023,25.985650490171,-80.209309658731,,-,No Basic Information,,39,78,,,1685.0,census_geocoder
848,Islamic Movement of Florida,3201 Nw 74th ave,Hollywood,FL,33024,26.037857881945,-80.236685258981,,1990,,https://www.imof.org/,35,54,,,1442.0,census_geocoder
849,Masjid Al-Muttaqeen,1010 Sw 196 ave,Hollywood,FL,33029,25.998281396748,-80.408673924198,,1995,,https://img1.wsimg.com/blobby/go/82366c29-c4c8-4c40-81a9-666f14e83867/BochureUpdate11.06.10.pdf,24,13,,,1728.0,census_geocoder
850,Islamic Center of South Florida,1641 NW 15th St,Pompano Beach,FL,33030,26.245593868761,-80.146358207614,,2007,,https://www.cair.com/cair_in_the_news/cair-fl-man-sues-to-halt-mosque-construction/,33,35,,,1346.0,census_geocoder
851,Masjid Ul Mumineen,12850 Sw 268 st,Homestead,FL,33032,25.518163104544,-80.399713017076,,1999,,"https://www.causeiq.com/organizations/masjid-ul-mumineen,650933139/",,17,,,1979.0,census_geocoder
852,Islamic Center of Florida City,1213 Northwest 9th Avenue,Florida City,FL,33034,25.458953662148,-80.49152019821,,,,,,33,,,3057.0,census_geocoder
853,Masjid Al-Malik,800 Emma st,Key West,FL,33040,24.550745617859,-81.804007751306,,2007,,,28,89,,,146.0,census_geocoder
854,Islamic Center of Greater Miami,4305 NW 183rd St,Miami Gardens,FL,33055,25.939976787689,-80.271899558313,,1971,,https://icgm-fl.org/about/,45,61,,,2330.0,census_geocoder
855,Masjid Umme Hani (RA),18215 Northwest 18th Avenue,Miami Gardens,FL,33056,25.940674498438,-80.231165511641,,,,,46,54,,,3028.0,census_geocoder
856,American Islamic center of florida,507 Northeast 6th Street,Pompano Beach,FL,33060,26.237098149164,-80.118624143335,,,,,35,60,,,3021.0,census_geocoder
857,Masjid Jamaat Al-Mumineen,3222 Holiday Springs Blvd,Margate,FL,33063,26.269093145067,-80.232628194759,,1995,,https://margatemasjid.org/about-us/,34,68,,,1899.0,census_geocoder
858,Mosjid,3222 Holiday Springs Boulevard,Margate,FL,33063,26.269093145067,-80.232628194759,,,,,34,68,,,3074.0,census_geocoder
859,The Islamic Center of Margate,8034 West Sample Road,Margate,FL,33063,26.272075812426,-80.233202579498,,,,,34,68,,,3073.0,census_geocoder
860,Muhammad Mosque 82,9902 NW 20th Street,Coral Springs,FL,33071,26.257500238883,-80.258464641942,,2006,,https://search.sunbiz.org/Inquiry/CorporationSearch/SearchResults?InquiryType=EntityName&InquiryDirectionType=PreviousRecord&SearchTerm=MUHAL%20LLC&SearchNameOrder=MUHAMMADMOSQUE95%20N160000048880&ListNameOrder=MUHAMMADHASNAINN%20L240003184570&Detail=FL.DOS.Corporations.Shared.Contracts.FilingRecord,34,55,,,725.0,census_geocoder
861,Islamic Learning Center of North Broward (ILCNB),4405 West Hillsboro Boulevard,Coconut Creek,FL,33073,26.317683490264,-80.184692101641,,,,,31,60,,,3064.0,census_geocoder
862,ICCS,11050 Wiles Road,Coral Springs,FL,33076,26.287183063417,-80.273794038576,,,,,21,66,,,3063.0,census_geocoder
863,Masjid Miami,7350 Nw 3Rd St,Miami,FL,33126,25.773611493453,-80.314638524468,,1974,,https://pluralismarchive.hsites.harvard.edu/masjid-miami-flagler-st,,,,,1911.0,census_geocoder
864,Masjid Al-Ansar,5245 Nw 7th Ave,Miami,FL,33127,25.823516847581,-80.20803071037,,1966,,https://www.instagram.com/p/CmC-4f5u_2K/,49,80,,,1645.0,census_geocoder
865,Musalla Al Faiza,28 North Miami Avenue,Miami,FL,33128,25.774420141485,-80.19369729961,,,,,100,98,,,3029.0,census_geocoder
866,Masjid Al-Fayza,36 Ne 3Rd ave,Miami,FL,33132,25.774636565875,-80.188666295452,,1999,,https://pluralismarchive.hsites.harvard.edu/masjid-al-fayza-miami,100,98,,,1663.0,census_geocoder
867,Ummah of Miami,7904 West Dr. Unit 6,Miami Beach,FL,33141,25.849437381073,-80.15973888689,,2010,,https://search.sunbiz.org/Inquiry/CorporationSearch/SearchResultDetail?inquirytype=EntityName&directionType=CurrentList&searchNameOrder=UMMAHMIAMI%20N100000021010&aggregateId=domnp-n10000002101-83965f94-18f4-41e2-b98c-fe50391e2ea5&searchTerm=UMMAH%20OF%20MIAMI%20INC&listNameOrder=UMMAHMIAMI%20N100000021010,,50,,,2214.0,census_geocoder
868,Ershad Center,6669 Southwest 59th Place,South Miami,FL,33143,25.70911708931,-80.290608001622,,2006,,https://www.mapquest.com/us/florida/ershad-center-439080608,,91,,,1092.0,census_geocoder
869,Nigerian Islamic Society,2410 Nw 93Rd st,Miami,FL,33147,25.858566890925,-80.238361095256,,1987,,https://pluralismarchive.hsites.harvard.edu/masjid-al-muhmin,43,67,,,2118.0,census_geocoder
870,Masjid Ibrahim,6301 Nw 6th ave,Miami,FL,33150,25.833429542481,-80.206950397069,,2000,,"https://www.causeiq.com/organizations/masjid-ibrahim,650748608/",50,79,,,1888.0,census_geocoder
871,Masjid Al-Ihsaan,10180 Sw 168th st,Miami,FL,33157,25.613524436041,-80.356135053986,,2001,,https://ky.halalguide.me/deyd/mechet/masjid-al-ihsaan/posts,,53,,,142.0,census_geocoder
872,Islamic center of North Miami,560 Northeast 129th Street,North Miami,FL,33161,25.89382406644,-80.187395479018,,,,,47,88,,,3024.0,census_geocoder
873,Musallah billal (Masjid Bilal),1025 Northeast 126th Street,North Miami,FL,33161,25.891547996547,-80.17788577139,,,,,45,80,,,3023.0,census_geocoder
874,American Muslim Assoc of North America,183 Ne 166th st,Miami,FL,33162,25.92736923328,-80.19663895416,,1992,,https://pluralismarchive.hsites.harvard.edu/american-muslim-association-north-america-amana,46,85,,,937.0,census_geocoder
875,Shamsuddin Masjid And Library,365 Ne 167th st,Miami,FL,33162,25.928450912725,-80.193032180301,,2000,,https://pluralismarchive.hsites.harvard.edu/north-miami-islamic-centeras-sunnah-nabawiyyah-formerly-masjid-shamsuddin,47,86,,,2162.0,census_geocoder
876,Masjid As-Sunnah An-Nabawiyyah,560 Northwest 165th Street,Miami,FL,33169,25.923147052824,-80.20978063577,,,,,50,43,,,3030.0,census_geocoder
877,Faizan E Madinah Miami Islamic Center ( Masjid),14219 Southwest 42nd Street,Miami,FL,33175,25.728964904824,-80.424045772736,,,,,,81,,,3035.0,census_geocoder
878,Islamic School of Miami,11699 Southwest 147th Avenue,Miami,FL,33196,25.657950718707,-80.432012184804,,,,,22,65,,,3031.0,census_geocoder
879,Masjid An-Nour,11699 Sw 147th ave,Miami,FL,33196,25.657950718707,-80.432012184804,,2012,,https://www.myisom.org/history.html,22,65,,,1790.0,census_geocoder
880,The Islamic Center of Fort Lauderdale,2542 Franklin Dr,Fort Lauderdale,FL,33311,,,,1996,,https://masjidaliman.com/about-us,,53,,,2333.0,
881,Anjuman E-Jamali,2830 Florida 84,Fort Lauderdale,FL,33312,26.086075698323,-80.177353383856,,,,,26,27,,,3056.0,census_geocoder
882,Musallah Assultan Salahuddin,2820 Griffin rd,Fort Lauderdale,FL,33312,26.06230646562,-80.179075586789,,1995,,https://directory.alfafaa.com/listing/masjid-as-sultan-salahud-deen/,33,65,,,2068.0,census_geocoder
883,Masjid-e-Khaleel,5870 Southwest 64th Avenue,Davie,FL,33314,26.047128665965,-80.231470488145,,,,,31,56,,,3061.0,census_geocoder
884,Dar-E-Panjetan Center,5541 N State rd 7,Fort Lauderdale,FL,33319,,,,-,Information Without Year,,41,65,,,1063.0,
885,Madinatul Uloom Institute,7515 West Oakland Park Boulevard,Lauderhill,FL,33319,26.166533382401,-80.249801162144,,,,,38,45,,,3077.0,census_geocoder
886,Musala Asalam,1834-A N University Dr.,Plantation,FL,33322,26.149148492293,-80.256920507403,,2000,,"https://islammessage.org/ha/center/4926/Musalla-As-Salaam--1834-North-University-Drive,-Plantation,-FL-33322-",43,51,,,2065.0,census_geocoder
887,Islamic Center of Weston,1960 North Commerce Parkway,Weston,FL,33326,26.093535672464,-80.365517710564,,,,,,40,,,3037.0,census_geocoder
888,Masjid Nur Ul Islam,10600 Southwest 59th Street,Davie,FL,33328,26.045694393221,-80.287921736316,,,,,24,32,,,3070.0,census_geocoder
889,Nur Ul Islam Masjid,10600 Sw 59th st,Cooper City,FL,33328,26.045694393221,-80.287921736316,,1983,,https://nurulislam.org/about/,24,32,,,2123.0,census_geocoder
890,Islamic Center of Broward,9000 Nw 44th st,Fort Lauderdale,FL,33351,26.179043335944,-80.271848793747,,2009,,http://www.icbfl.com/1/about-us,26,61,,,1214.0,census_geocoder
891,Islamic Center of Broward (ICB),9000 Northwest 44th Street,Sunrise,FL,33351,26.179043335944,-80.271848793747,,,,,26,61,,,3049.0,census_geocoder
892,Islamic Foundation of South Florida,5455 NW108th Ave,Sunrise,FL,33351,26.191579623246,-80.292613594645,,1989,,"https://www.causeiq.com/organizations/islamic-foundation-of-south-florida,350522362/",26,35,,,1429.0,census_geocoder
893,Isalmic Center of Palm Beach,101 Castlewood Dr.,North Palm Beach,FL,33408,26.803972646072,-80.054192636452,,1996,,https://mcpbc.org/our-history/,,82,,,1167.0,census_geocoder
894,Islamic Institute of Palm beach County Masjid Al-Firdaus,1876 Donnell Road,West Palm Beach,FL,33409,26.705268456924,-80.105903514283,,,,,,69,,,3038.0,census_geocoder
895,New Africa Muslim Community Center,3100 El Camino Real,West Palm Beach,FL,33409,26.744839056797,-80.102258546263,,1985,,https://mcpbc.org/our-history/,26,2,,,2114.0,census_geocoder
896,Muslim Community of Palm Beach,4883 Purdy Lane,West Palm Beach,FL,33415,26.644492061564,-80.117988112075,,996,,https://mcpbc.org/our-history/,,40,,,1371.0,census_geocoder
897,Al-Iman Mosque,500 Se 9th st,Belle Glade,FL,33430,26.681563574418,-80.658786886288,,2003,,https://pbcpao.gov/Property/Details?parcelId=04374341090050071,,51,,,891.0,census_geocoder
898,Islamic Center of Boca Raton,3489 Nw 5th ave,Boca Raton,FL,33431,26.382011892207,-80.07857233471,,1998,,https://www.investigativeproject.org/activities/535/islamic-center-of-boca-raton-icbr,29,15,,,1207.0,census_geocoder
899,Minaret Islamic Center of Boca Raton,3480 Northwest 5th Avenue,Boca Raton,FL,33431,26.381659266026,-80.093270383856,,,,,29,22,,,3068.0,census_geocoder
900,American Islamic Center of Florida,807 N Federal Hwy,Boca Raton,FL,33432,26.357847412613,-80.085469564186,,2003,,https://www.mapquest.com/us/florida/american-islamic-center-of-florida-414306131,39,86,,,935.0,census_geocoder
901,Assalam Center,1499 Northwest 4th Avenue,Boca Raton,FL,33432,26.364028461121,-80.093967664839,,2008,,"https://ummah.events/acbr#:~:text=The%20number%20of%20the%20students,the%20end%20of%20March%202008.",33,72,,,580.0,census_geocoder
902,zahed Quran Academy,123 Northwest 13th Street,Boca Raton,FL,33432,26.362024458376,-80.08825418674,,,,,35,84,,,3067.0,census_geocoder
903,Al-Amin Center of Florida,8101 South Military Trail,Boynton Beach,FL,33436,26.555205619011,-80.118049333492,,2009,,https://search.sunbiz.org/Inquiry/CorporationSearch/SearchResults?InquiryType=EntityName&InquiryDirectionType=PreviousRecord&SearchTerm=ALAMIN%20AUTO%20SUPPLY%20LLC&SearchNameOrder=ALAMINCENTERIFLORIDA%20N180000078570&ListNameOrder=ALAMINAUTOSUPPLY%20L190001096400&Detail=FL.DOS.Corporations.Shared.Contracts.FilingRecord,,45,,,870.0,census_geocoder
904,MAQ Stadium Musalla,15621 U.S. 441,Delray Beach,FL,33446,,,,,,,,4,,,3059.0,
905,Baitul Mukarram Masjid,4665 Kirk Road,Lake Worth Beach,FL,33461,26.607815473212,-80.105834494335,,,,,,32,,,3079.0,census_geocoder
906,Al Ikhlas Mosque / Masjid Tawad,6240 South Congress Avenue,Palm Beach County,FL,33462,26.584008680668,-80.092509671241,,,,,,52,,,3016.0,census_geocoder
907,Islamic Center of Brandon,613 E Morgan st,Brandon,FL,33510,27.939950215292,-82.27728502881,,1993,,,,66,,,44.0,census_geocoder
908,Isra Mosque,8527 Richmond Street,Gibsonton,FL,33534,27.844137191216,-82.359223833699,,,,,,22,,,3054.0,census_geocoder
909,Noor Center & MasjidAnNoor (wesley chapel masjid),2250 Ashley Oaks Circle,Wesley Chapel,FL,33544,28.189125565132,-82.361853849243,,,,,,44,,,3039.0,census_geocoder
910,Islamic Community of Wesley Chapel,19130 Livingston Avenue,Lutz,FL,33559,28.153923534583,-82.430442254208,,,,,,12,,,3075.0,census_geocoder
911,Masjid Al Khaliq,1415 North Kingsway Road,Seffner,FL,33584,28.014466690795,-82.277728455665,,,,,,7,,,3034.0,census_geocoder
912,Al-Rahma Mosque,9844 Skewlee Road,Thonotosassa,FL,33592,28.050812169648,-82.316147044011,,,,,,14,,,3042.0,census_geocoder
913,Islamic Society of New Tampa/Dar-Us Salaam,15830 Morris Bridge Rd,Thonotosassa,FL,33592,28.147348265004,-82.279908722223,,2013,,https://www.newtampamasjid.org/,,30,,,2338.0,census_geocoder
914,Islamic Society of Tampa Bay ISTABA,7326 E Sligh Ave,East Lake,FL,33592,28.0111656,-82.3736474,,2017,,https://tampahistorical.org/items/show/197,22,23,,,504.0,nominatim
915,The Deen Center,2802 Florida 60,Valrico,FL,33594,,,,,,,,32,,,3040.0,
916,Alhamdulillah Dawah and Community Education Center,722 West Doctor Martin Luther King Junior Boulevard,Tampa,FL,33603,27.981506024501,-82.468823187763,,,,,38,56,,,3046.0,census_geocoder
917,Masjid An Nasr,905 East Skagway Avenue,Tampa,FL,33604,28.032120511738,-82.45115429177,,,,,46,66,,,3045.0,census_geocoder
918,Islamic Education Center of Tampa,120 S Edison St,Tampa,FL,33606,27.944330063508,-82.469497996152,,1993,,"https://www.causeiq.com/organizations/islamic-education-center-tampa,593205048/",41,84,,,1422.0,census_geocoder
919,Masjid Omar Al Mokhtar,1307 E North st B,Tampa,FL,33606,28.005103058899,-82.44490413534,,-,Information Without Year,https://www.masjidomaralmokhtar.org/about,37,48,,,1941.0,census_geocoder
920,Omar Almoktar Mosque,1307 West North B Street,Tampa,FL,33606,27.946852121495,-82.473673952659,,,,,42,79,,,3044.0,census_geocoder
921,Madinatul Ilm Islamic Center,5013 Garden Lane,Tampa,FL,33610,27.994226406671,-82.35236698248,,2009,,https://search.sunbiz.org/Inquiry/corporationsearch/SearchResultDetail?inquirytype=EntityName&directionType=PreviousList&searchNameOrder=MADINATULILM%20N090000005280&aggregateId=domnp-n09000000528-8094e4e7-ddfa-4e1d-9366-4a2c80edb69d&listNameOrder=MADINAT%20L130000592500,0,10,,,1536.0,census_geocoder
922,Masjid Abu Bakr Al-Siddiq,11010 North 30th Street,Tampa,FL,33612,28.048282092564,-82.426245204392,,2013,,"https://www.causeiq.com/organizations/abu-bakr-islamic-center,264821416/",34,72,,,1576.0,census_geocoder
923,IEC Masjid of Tampa,4450 West Ohio Avenue,Tampa,FL,33614,27.977625890765,-82.518283938662,,1987,,https://www.iecmasjid.org/,27,32,,,642.0,census_geocoder
924,Masjid Al-Ansar,4334 E Waters ave,Tampa,FL,33614,28.025379515026,-82.515959172387,,1992,,https://www.investigativeproject.org/mosques/386/islamic-community-of-tampa-inc-al-qassam-mosque,37,51,,,1643.0,census_geocoder
925,Masjid Al-Qassam,5910 E 130th ave,Tampa,FL,33617,28.064635093777,-82.392109932143,,1987,,https://www.investigativeproject.org/documents/case_docs/267.pdf,,61,,,1737.0,census_geocoder
926,The Muslim Connection -TMC,8080 North 56th Street,Tampa,FL,33617,28.022620663157,-82.393508335664,,,,,34,63,,,3052.0,census_geocoder
927,Umar Mosque,4801 East Busch Boulevard,Tampa,FL,33617,28.032579510525,-82.408211198916,,,,,31,78,,,3043.0,census_geocoder
928,Islamic Center of Gunn Hwy,4119 Gunn Highway,Tampa,FL,33618,28.040561739425,-82.509086382732,,2026,,https://www.instagram.com/reel/DVuDhLYkXdM/,30,58,,,1254.0,census_geocoder
929,Ismaili Jamatkhana,14362 Carlson Circle,Tampa,FL,33626,28.064740791185,-82.648335374641,,-,No Basic Information,,,16,,,405.0,census_geocoder
930,Islamic Society Of Saint Petersburg,2401 5th Street South,St. Petersburg,FL,33705,27.746613335031,-82.639609008002,,,,,38,56,,,3050.0,census_geocoder
931,Masjid Al Sunnah,2401 6th st S,st Petersburg,FL,33705,27.746627892878,-82.640612160749,,1992,,"https://ispc-fl.org/index.php/about-us/#:~:text=The%20ISPC%20was%20founded%20in%201992%20by,which%20means%20%22the%20servants%20of%20the%20Most-Merciful%22",38,56,,,1629.0,census_geocoder
932,St. Petersburg Islamic Center,3762 18th Avenue South,St. Petersburg,FL,33711,27.751910199211,-82.684865678897,,1990,,https://www.tampabay.com/archive/2010/09/08/islam-gains-ground-in-bay-area/,44,55,,,1724.0,census_geocoder
933,Albanian Islamic Cultural Center of Clearwater,223 North Fort Harrison Avenue,Clearwater,FL,33755,27.968387449527,-82.799905164215,,2003,,https://prayersconnect.com/mosques/84079187-albanian-islamic-cultural-center-of-clearwater-clearwater-florida-united-states,51,72,,,923.0,census_geocoder
934,Masjid Al-Hamza,560 Clearwater Largo rd N,Largo,FL,33770,27.921872867367,-82.796326747614,,-,No Basic Information,,36,71,,,1676.0,census_geocoder
935,Islamic Society of Pinellas County,7100 142nd Avenue North,Largo,FL,33771,27.901085700552,-82.73444769731,,,,,,44,,,3078.0,census_geocoder
936,Bosnian Mesdzid,10999 60th Street,Pinellas County,FL,33782,27.871423690435,-82.716526395219,,2006,,https://search.sunbiz.org/Inquiry/CorporationSearch/SearchResultDetail?inquirytype=EntityName&directionType=PreviousList&searchNameOrder=BOSANSKIMESDZID%20N060000096990&aggregateId=domnp-n06000009699-dd165c3f-66d1-4788-99b7-1d68c252ac85&searchTerm=BOSAR%2C%20LLLP&listNameOrder=BOSANET%20L200000694640,28,21,,,834.0,census_geocoder
937,Masjid Ebad Ar-Rahman,9400 67th st N,Pinellas Park,FL,33782,27.8574641524,-82.729982828682,,1992,,"https://ispc-fl.org/index.php/about-us/#:~:text=The%20ISPC%20was%20founded%20in%201992%20by,which%20means%20%22the%20servants%20of%20the%20Most-Merciful%22",,25,,,1859.0,census_geocoder
938,Masjid Aysha,1161 Blossom Cir S,Lakeland,FL,33805,28.065951801458,-81.973096298844,,2009,,"https://www.causeiq.com/organizations/islamic-center-of-lakeland,201171908/",,34,,,1833.0,census_geocoder
939,Masjid Al-Nur,325 Lyle Pkwy,Bartow,FL,33830,27.912758553286,-81.845899234949,,2021,,https://alnurbartow.com/about-us/,,45,,,2727.0,census_geocoder
940,Davenport Muslim Prayer,1624 Florida Development Road,Davenport,FL,33837,28.186738044685,-81.629259015834,,,,,,1,,,3062.0,census_geocoder
941,Islamic Center of Lake Wales,218 East Orange Avenue,Lake Wales,FL,33853,27.90331138699,-81.587957973608,,,,,,60,,,3080.0,census_geocoder
942,Masjid Al-Jabbar,5186 Shumacher rd,Sebring,FL,33872,27.514711180099,-81.51669423141,,-,Information Without Year,https://prayersconnect.com/mosques/84029138-masjid-al-jabbar-sebring-florida-united-states,,10,,,1702.0,census_geocoder
943,ISCF Masjid Al Mutakaber,1011 State Highway 540,Winter Haven,FL,33880,28.003452430884,-81.760323929907,,,,,,56,,,3036.0,census_geocoder
944,Islamic Center of Polk County,1763 Unity Way Ne,Winter Haven,FL,33881,,,,1993,,https://prayersconnect.com/mosques/84068465-islamic-center-of-polk-county-winter-haven-florida-united-states,,52,,,1325.0,
945,Center for Islamic Culture Awareness,2371 Crawford st,Fort Myers,FL,33901,26.635396704993,-81.865282874166,,1999,,"https://search.sunbiz.org/Inquiry/CorporationSearch/SearchResults?InquiryType=EntityName&InquiryDirectionType=PreviousRecord&SearchTerm=CENTER%20FOR%20IMMIGRATION%20RIGHTS%2C%20LLC&SearchNameOrder=CENTERFORISLAMICCULTURALAWAREN%20N512080&ListNameOrder=CENTERFORINTERNATIONALPROJECTS%20S694661&Detail=FL.DOS.Corporations.Shared.Contracts.FilingRecord#:~:text=THE%20CENTER%20FOR%20ISLAM%20AND,Changed:%2004/22/2012",,70,,,1022.0,census_geocoder
946,Islamic Center of Southwest Florida,3337 Broadway,Fort Myers,FL,33901,26.616441170132,-81.867735255511,,2000,,https://swfl.onemuslimvoice.com/en/Mosque/masjid%20ibrahim6ce2,,60,,,1887.0,census_geocoder
947,"Masjid Jesus Son of Mary, Islamic Center of Lehigh Acres",5441 Lee Street,Lehigh Acres,FL,33971,26.616647348328,-81.741751418423,,,,,,22,,,3076.0,census_geocoder
948,Islamic Community of SWF,25148 Harbor View Road,Port Charlotte,FL,33980,26.971750580444,-82.037477350235,,1995,,https://www.heraldtribune.com/story/news/2007/07/28/worshippers-hope-their-new-mosque-opens/28569206007/,,5,,,1399.0,census_geocoder
949,Islamic Center of Cape Coral - Masjid Quba,1404 Del Prado Blvd S,Cape Coral,FL,33990,26.62639795641,-81.940929148696,,2023,,"https://www.causeiq.com/organizations/islamic-center-of-cape-coral-masjid-quba,934233942/",,75,,,406.0,census_geocoder
950,U.A.M.A. Naples Mosque,6741 Golden Gate Parkway,Naples,FL,34105,26.174160568676,-81.744032948839,,,,,,9,,,3026.0,census_geocoder
951,Islamic Center of Naples,2801 County Barn Rd,Naples,FL,34112,26.127875331436,-81.730133056487,,2000,,https://www.naplesnews.com/story/news/local/2017/08/06/muslim-congregation-thrives-after-year-first-imam/541587001/?gnt-cfr=1&gca-cat=p&gca-uir=false&gca-epti=z112780e112780v000056&gca-ft=155&gca-ds=sophi,,10,,,1299.0,census_geocoder
952,Bonita Springs Islamic Center,25221 Bernwood Dr. Unit 8,Bonita Springs,FL,34135,26.368870761861,-81.799165011688,,2005,,https://www.wgcu.org/culture-and-connections/2025-03-28/bonita-springs-mosque-celebrates-20-years-of-ramadan-together,,48,,,997.0,census_geocoder
953,Islamic Society of Sarasota and Bradenton,4350 N Lockwood Ridge rd,Sarasota,FL,34234,27.371833207747,-82.505587084013,,1999,,https://www.heraldtribune.com/story/news/2007/07/28/worshippers-hope-their-new-mosque-opens/28569206007/?gnt-cfr=1&gca-cat=p&gca-uir=true&gca-epti=z119039e002300v119039d--xx--b--xx--&gca-ft=184&gca-ds=sophi,26,19,,,110.0,census_geocoder
954,North western algeirs,Barbarossa Avenue,Sarasota,FL,34235,27.3798695,-82.4914835,,,,,,5,,,3032.0,nominatim
955,Islamic Center of Ocala,1410 Northeast 14th Street,Ocala,FL,34470,29.200501432414,-82.119679730973,,,,,,37,,,3022.0,census_geocoder
956,Ocala Jamatkhana,3951 Northwest Blitchton Road,Ocala,FL,34475,29.2088695,-82.1898439,,,,,11,24,,,3020.0,nominatim
957,Masjid Darul-Islam of Ocala,6915 FL-40,Ocala,FL,34482,29.186536256738,-82.233380651251,,-,No Basic Information,No Website,,6,,,1853.0,census_geocoder
958,Islamic Center of Hernando County,6307 Barclay ave,Spring Hill,FL,34609,28.522962478313,-82.491825374912,,1984,,https://www.springhillmosque.com/,,1,,,56.0,census_geocoder
959,Hanafi Islamic Center,3655 Universal Plaza,New Port Richey,FL,34652,28.211549883097,-82.74132606973,,,,,,51,,,3025.0,census_geocoder
960,Islamic Center of New Port Richey,4715 Grand Blvd,New Port Richey,FL,34652,28.227479110845,-82.723345604898,,2003,,https://www.tampabay.com/archive/2003/10/29/first-mosque-in-the-county-close-to-reality/,,56,,,1301.0,census_geocoder
961,Masjid Al Rahman,2577 Keystone Road,Tarpon Springs,FL,34688,28.151838380277,-82.713001025636,,2014,,https://prayersconnect.com/mosques/84080767-masjid-al-rahman-tarpon-springs-florida-united-states,,15,,,764.0,census_geocoder
962,Masjid Al Salam,1218 New York ave,Dunedin,FL,34698,28.019887295683,-82.77986617508,,2011,,https://www.dunedinmasjid.org/about,,60,,,1626.0,census_geocoder
963,Islamic Center of Clermont,15128 Lost Lake rd,Clermont,FL,34711,28.528551372814,-81.706147565815,,2014,,,,12,,,49.0,census_geocoder
964,Florida Islamic Center,60 West Center Street,Minneola,FL,34715,28.57203695489,-81.749193192508,,,,,,55,,,3027.0,census_geocoder
965,Islamic Center of South Lake County,18296 US-27,Clermont,FL,34715,28.6118649,-81.757967,,2013,,https://www.orlandosentinel.com/2013/09/07/muslims-seek-more-space-to-worship/,,4,,,1348.0,nominatim
966,Masjid Taqwa,2417 N Central ave,Kissimmee,FL,34741,28.317959913594,-81.408847322723,,1998,,https://masjidtaqwa.org/about-masjid-taqwa.php/pdfs/authority-sunnah.pdf,,40,,,1971.0,census_geocoder
967,Islamic Center of Poinciana,2934 Pleasant Hill Road,Kissimmee,FL,34746,28.212671496365,-81.440363801128,,,,,,32,,,3083.0,census_geocoder
968,Jaffaria Islamic Center,1500 Old Vineland rd,Kissimmee,FL,34746,28.3119726,-81.459759,,-,No Basic Information,,34,43,,,1498.0,nominatim
969,Masjid al Agha,4900 W Irlo Bronson Memorial Hwy,Kissimmee,FL,34746,28.332729414119,-81.479424775761,,-,Information Without Year,https://www.halaltrip.com/mosque-details/6739/masjid-al-agha-osceola-county/,,45,,,327.0,census_geocoder
970,Masjid Al Noor,3496 Polynesian Isle Blvd,Kissimmee,FL,34746,28.34595250894,-81.487663480342,,-,Information Without Year,"https://islammessage.org/af/center/4961/Masjid-Al-Noor--3496-Polynesian-Isles-BlvdKissimmee,-FL-34746-",,62,,,1614.0,census_geocoder
971,Masjid Assunah,1535 Pleasant Hill rd,Kissimmee,FL,34746,,,,2000,,https://prayersconnect.com/mosques/84070855-masjid-as-sunnah-kissimmee-florida-united-states,,50,,,1823.0,
972,Masjid Darul Uloom,2350 Old Vineland Rd,Kissimmee,FL,34746,28.314380645909,-81.461514422553,,1995,,https://darululoomflorida.org/,,31,,,1852.0,census_geocoder
973,Masjid Tawheed Kissimmee,4636 West Irlo Bronson Memorial Highway,Kissimmee,FL,34746,28.313910521462,-81.46780311119,,,,,,56,,,3081.0,census_geocoder
974,Islamic Society Of Lake County,826 East Dixie Avenue,Leesburg,FL,34748,28.806601629385,-81.865842020633,,,,,,39,,,3071.0,census_geocoder
975,Leesburg Islamic Center,2201 Montclair st,Leesburg,FL,34748,28.815960059469,-81.897190883115,,2008,,https://search.sunbiz.org/Inquiry/corporationsearch/SearchResultDetail?inquirytype=EntityName&directionType=Initial&searchNameOrder=LEESBURGISLAMICCENTER%20N080000032560&aggregateId=domnp-n08000003256-8acc9ed4-a74c-4599-a761-04aaddcf7bb0&searchTerm=LEESBURG%20HOUSE%20OF%20MEAT%20LLC&listNameOrder=LEESBURGHOUSEMEAT%20L200003661020,,29,,,1527.0,census_geocoder
976,Masjid Al-Bir,4870 Old Tampa Hwy,Kissimmee,FL,34758,28.258161368644,-81.477900262938,,1999,,"https://www.causeiq.com/organizations/albir-islamic-association,593598351/",,17,,,1652.0,census_geocoder
977,Masjidu Tazkiah,120 Floral Street,Ocoee,FL,34761,28.568123713774,-81.54557223402,,2002,,https://www.foundationoflights.com/construction-plans,,54,,,2020.0,census_geocoder
978,Masjid Al Huda - Muslim Center of St Cloud,3720 5th Street,St. Cloud,FL,34769,28.253336494028,-81.310763922801,,,,,,68,,,3051.0,census_geocoder
979,Masjid Al Fattah,5800 Cyrils Drive,St. Cloud,FL,34771,28.333614162348,-81.208299950805,,,,,,0,,,3033.0,census_geocoder
980,Islamic Center of the Treasure Coast (ICTC),3550 NE Sugarhill Ave,Jensen Beach,FL,34957,27.24884096788,-80.238933107654,,-,Information Without Year,,,37,,,2750.0,census_geocoder
981,Masjid Okeechobee,111 Northeast 11th Street,Okeechobee,FL,34972,27.25491425277,-80.82977592407,,,,,,22,,,3019.0,census_geocoder
982,Islamic Center of Fort Pierce,1104 West Midway Road,Fort Pierce,FL,34982,27.374385968062,-80.338006919924,,2017,,https://www.icfp-fl.com/our-story.html,,36,,,1241.0,census_geocoder
983,Muslim Friends Of Florida Mosqu,4000 S US Hwy 1,Ft. Pierce,FL,34982,27.388213207775,-80.325693206808,,2009,,https://assets.pewresearch.org/wp-content/uploads/sites/11/2012/09/2012Mosque-Map.pdf,,26,,,1296.0,census_geocoder
984,Muslim Friends Of Florida Mosque,4000 South US Highway 1,Fort Pierce,FL,34982,27.388213207775,-80.325693206808,,,,,,26,,,3055.0,census_geocoder
985,Stuart Masjid,2981 Se Dominica Terrace,Stuart,FL,34997,27.151008374709,-80.213809843935,,-,No Basic Information,,,41,,,2177.0,census_geocoder
986,Ismaili Jamat Khana,685 Dekalb Industrial Way,Decatur,GA,3033,33.796226498542,-84.278182956301,,1989,,https://www.facebook.com/theismailiusa/posts/the-ismaili-jamatkhana-atlanta-with-the-increased-arrival-of-ismailis-into-atlan/753141531753255/,,73,,,4319.0,census_geocoder
987,Hamzah Islamic Center,665 Tidwell Road,Alpharetta,GA,30004,34.117745410926,-84.249756966665,,2009,,https://www.redfin.com/GA/Alpharetta/665-Tidwell-Rd-30004/home/24284293,13,6,,,1122.0,census_geocoder
988,AHISKA MASJID,70 Technology Drive,Alpharetta,GA,30005,34.113985246556,-84.219548131279,,,,No website,,28,,,3239.0,census_geocoder
989,Masjid of Alpharetta/Islamic Center of North Fulton,1265 Rucker rd,Alpharetta,GA,30009,34.074350288427,-84.324355999468,,1998,,https://www.icnf.org/old/,21,22,,,1935.0,census_geocoder
990,Southeast Islamic Center,591 N Main St #400,Milton,GA,30009,34.091125595558,-84.292043229483,,2000,,"https://www.causeiq.com/organizations/southeast-islamic-community-center,582488376/",,64,,,426.0,census_geocoder
991,Southeast Islamic Community Center,591 North Main Street #400,Milton,GA,30009,34.091125595558,-84.292043229483,,2000,,https://islamiccenterse.org/,,64,,,3195.0,census_geocoder
992,Masjid As-Siddiq of Conyers,1116 Old Covington Highway Southeast,Conyers,GA,30012,33.658111276959,-84.010397120237,,,,Website link invalid,,34,,,3255.0,census_geocoder
993,Masjid Zaid - Dacula Islamic Community Center,2300 Liam Avenue Northeast,Dacula,GA,30019,34.005083166272,-83.914029028071,,2026,,https://zaidcommunitycenter.org/,,49,,,3224.0,census_geocoder
994,Masjid Al-Momineen,837 North Indian Creek Dr.,Clarkston,GA,30021,33.800966174563,-84.238019545645,,1989,,https://www.masjidalmomineen.com/history.html,,39,,,1717.0,census_geocoder
995,Negashi Islamic Community Center of Atlanta,803 Jolly ave,Clarkson,GA,30021,33.800462885377,-84.241455075782,,1999,,https://negashicommunity.com/about/,,37,,,2113.0,census_geocoder
996,Ummati Masjid,706 Jolly Avenue Apartment 3,Clarkston,GA,30021,33.798989364127,-84.241606059482,,,,No website,,19,,,3204.0,census_geocoder
997,Masjid Jafar and Al-Rahmah Community Center.,11005 Jones Bridge Road,Johns Creek,GA,30022,34.049702448489,-84.220980590917,,2021,,https://www.masjidjafaratl.com/,,62,,,3250.0,census_geocoder
998,Gwinnett Islamic Circle,50 Old Peachtree Road Suite 211,Suwanee,GA,30024,,,,2015,,https://www.suwaneemasjid.org/our-history.php,,46,,,1119.0,
999,Johns Creek Islamic Center,7770 McGinnis Ferry Road,Suwanee,GA,30024,34.055566642408,-84.129654188355,,2009,,https://www.jcislamiccenter.com/,,43,,,3210.0,census_geocoder
1000,Suwanee Masjid / Gwinnett Islamic Circle (GIC),80 Celebration Drive,Suwanee,GA,30024,34.025346193109,-84.051385413756,,2004,,https://www.suwaneemasjid.org/our-history.php,,50,,,2342.0,census_geocoder
1001,Assalafi,3280 Glenwood Road,Decatur,GA,30032,33.738720069522,-84.283896024386,,,,https://assalfi.com/,,51,,,3259.0,census_geocoder
1002,Ismaili Jamat Khana,Carriage Place Court,Scottdale,GA,30033,33.7962463,-84.2778406,,1989,,https://www.facebook.com/theismailiusa/posts/the-ismaili-jamatkhana-atlanta-with-the-increased-arrival-of-ismailis-into-atlan/753141531753255/,,73,,,453.0,nominatim
1003,Nazam Center Decatur,701 Reverend D L Edwards Drive,Decatur,GA,30033,33.799245570486,-84.274961393212,,,,https://www.najamcenterdecatur.com/,,61,,,3260.0,census_geocoder
1004,Masjid Aboo Bakr As Siddeeq,2532 S Hairston Rd A,Decatur,GA,30035,33.718621192041,-84.212064970746,,-,Information Without Year,https://assalafi.wixsite.com/masjid/contact,,49,,,1573.0,census_geocoder
1005,Masjid Al Madinah,1972 Wesley Chapel rd,Decatur,GA,30035,33.732414150231,-84.213803440444,,-,Information Without Year,https://prayersconnect.com/mosques/84015339-masjid-al-madinah-decatur-georgia-united-states,,39,,,1607.0,census_geocoder
1006,Masjid Musab bin Umair/West Forsyth Islamic  Center,442 Canton Hwy,Cumming,GA,30040,34.216493393433,-84.149808607391,,2022,,https://projects.propublica.org/nonprofits/organizations/882505884,,35,,,399.0,census_geocoder
1007,Al-Rahman Mosque,1235 Peachtree Parkway,Cumming,GA,30041,34.131044603881,-84.171835057338,,2010,,https://alrahmanmasjid.com/,,20,,,3256.0,census_geocoder
1008,AYESHA COMMUNITY CENTER,3870 Lawrenceville Highway,Lawrenceville,GA,30044,33.907511202667,-84.109416539828,,,,https://www.facebook.com/profile.php?id=61584894941094&mibextid=wwXIfr&rdid=7u5b73FrgDbzbAQ3&share_url=https%3A%2F%2Fwww.facebook.com%2Fshare%2F18LydptY1V%2F%3Fmibextid%3DwwXIfr#,,64,,,3248.0,census_geocoder
1009,Darus Salam Masjid,3122 Cruse rd Nw,Lawrenceville,GA,30044,33.93280757046,-84.096625124408,,2001,,https://darussalammasjidatl.org/about/,,27,,,1077.0,census_geocoder
1010,Greenview Madani Center,3455 Greenview Dr. Nw,Lawrenceville,GA,30044,33.940312367314,-84.11754729698,,2005,,https://en.halalguide.me/atlanta/mechet/greenview-madani-center,,49,,,1116.0,census_geocoder
1011,Masjid Nasrullah,2399 Lawrenceville Highway,Lawrenceville,GA,30044,33.926105825491,-84.061425505206,,2020,,https://www.masjidnasrullah.org/,,38,,,3247.0,census_geocoder
1012,"Community of Bosniaks, Georgia",950 Grayson Hwy,Lawrenceville,GA,30045,33.925524171464,-83.974155422541,,2008,,https://prayersconnect.com/mosques/84095680-community-of-bosniaks-georgia-lawrenceville-georgia-united-states,0,28,,,595.0,census_geocoder
1013,Georgia Islamic Institute,177 Simonton rd Sw,Lawrenceville,GA,30045,33.934113155511,-83.973320479607,,2000,,,15,8,,,1114.0,census_geocoder
1014,Islamic Center Nur,1073 Lawrenceville Highway,Lawrenceville,GA,30045,33.939542645613,-84.016683062126,,-,Information Without Year,https://icnur.org/contact/,,42,,,760.0,census_geocoder
1015,Al-Qasim Institute (Masjid),912 Killian Hill Road Southwest Suite 204,Lilburn,GA,30047,33.869123090006,-84.097974476361,,,,https://alqasiminstitute.com/,,40,,,3246.0,census_geocoder
1016,Dar-E-Abbas,5064 Lawrenceville Hwy,Lilburn,GA,30047,33.889167245951,-84.147891339232,,2016,,https://www.ajc.com/news/local-govt--politics/lilburn-mosque-hopes-break-ground-next-year/YeCyyPWyPmPPp9vtFfOpfO/,,49,,,1061.0,census_geocoder
1017,Faizan-e-Madinah,4991 Burns Rd NW,Lilburn,GA,30047,33.904736727534,-84.153691466387,,2016,,https://www.faizanemadinahusa.org/lilburn-center/about-us,,62,,,431.0,census_geocoder
1018,Masjid Abdullah,805 Dickens rd Nw,Lilburn,GA,30047,33.903489134058,-84.159644532677,,-,No Basic Information,(470) 774-1377,,35,,,1569.0,census_geocoder
1019,Masjid Ar-Rasool,476 Hillcrest Rd NW,Lilburn,GA,30047,33.895347166583,-84.145889036014,,2000,,"https://halalguide.me/atlanta/mechet/al-rasol-islamic-center/posts#:~:text=The%20Al-Rasol%20Islamic%20Center%20is%20a%20non-profit,American%20Muslims%20community%20of%20the%20Atlanta,%20GA",,46,,,1805.0,census_geocoder
1020,Masjid E Imadi,695 Beaver Ruin Road,Lilburn,GA,30047,33.909949504873,-84.129232761365,,,,https://usa.thedawoodibohras.com/community/atlanta/,,48,,,3245.0,census_geocoder
1021,Masjid Imam Ali (A.S.),675 Beaver Ruin Road,Lilburn,GA,30047,33.909557005111,-84.12862842674,,,,No website,,49,,,3244.0,census_geocoder
1022,Masjid Omar Bin Abdul Aziz Mosque,955 Harbins rd Nw,Lilburn,GA,30047,33.899427607652,-84.169787626283,,1980,,https://masjidomar.org/about-us/history/,,13,,,180.0,census_geocoder
1023,Masjid Omar Bin Abdul Aziz Mosque,955 Harbins Road Northwest,Lilburn,GA,30047,33.899427607652,-84.169787626283,,1980,,https://masjidomar.org/,,13,,,3243.0,census_geocoder
1024,Najam Center Lilburn Masjid,5365 Five Forks Trickum Road Southwest,Lilburn,GA,30047,33.842682709996,-84.129487446288,,2015,,https://www.najamcenterlilburn.com/,,47,,,3225.0,census_geocoder
1025,NASFAT Atlanta Masjid,432 Dogwood Drive Northwest,Lilburn,GA,30047,33.903247993677,-84.125999766685,,2003,,https://www.atlnasfat.org/,,49,,,3252.0,census_geocoder
1026,Loganville Islamic Center,883 Lee Byrd Road,Loganville,GA,30052,33.850224356324,-83.890257952995,,1996,,https://www.georgiaislamicinstitute.com/index.html,,6,,,3206.0,census_geocoder
1027,Masjid Ibraaheem,1920 Temple Johnson Road Southwest,Loganville,GA,30052,33.839855739102,-83.981946424203,,,,No website,,1,,,3201.0,census_geocoder
1028,Masjid An Nur,1996 South Stone Mountain Lithonia Road,Lithonia,GA,30058,33.744975304706,-84.132467334393,,,,https://masjidannurlithonia.org/,,39,,,3229.0,census_geocoder
1029,Masjid An-Nur,1996 South Stone Mountain Road,Lithonia,GA,30058,33.744975304706,-84.132467334393,,1997,,"https://www.causeiq.com/organizations/masjid-an-nur,582170755/",,59,,,1795.0,census_geocoder
1030,East Cobb Islamic Center - ECIC,1111 Braswell Rd,Marietta,GA,30062,33.977583180281,-84.486536661522,,2008,,https://rocketreach.co/east-cobb-islamic-center-profile_b7cf2f7ac1127819,,27,,,2346.0,census_geocoder
1031,Alhedaya Mosque,968 Powder Spring Street,Marietta,GA,30064,33.930540067422,-84.565307369073,,-,Information Without Year,,,32,,,1259.0,census_geocoder
1032,Islamic Circle of North America ICNA Guest House,1018 Powder Springs st,Marietta,GA,30064,33.928082124053,-84.569267295469,,2012,,https://projects.propublica.org/nonprofits/organizations/271586134,25,50,,,1282.0,census_geocoder
1033,Masjid Al-Furqan WCIC,3861 Ernest West Barrett Parkway Southwest,Marietta,GA,30064,33.934427761206,-84.629801494261,,,,https://www.wc-ic.org/,,12,,,3198.0,census_geocoder
1034,Ibad-Ur-Rahman Dawah Center Inc.DBA: Masjid Ibad-ur-Rahman,2440 Sandy Plains Road Building 15 and 16,Marietta,GA,30066,34.018063127089,-84.491398820262,,2022,,https://www.ibad-ur-rahman.org/masjid-ibad-ur-rahman-new-location/,,53,,,3196.0,census_geocoder
1035,Masjid Al Athar East Cobb Islamic Center Inc.,1180 Franklin Gateway Southeast,Marietta,GA,30067,33.9236858,-84.4925459,,2024,,https://www.masjidalathar.org/,29,45,,,3199.0,nominatim
1036,Al Madina Masjid,6014 Goshen Springs Road North West,Norcross,GA,30071,33.91667125287,-84.203658327214,,1993,,https://prayersconnect.com/mosques/84088363-al-madinah-masjid-ne-atlanta-islamic-center-norcross-georgia-united-states,,52,,,860.0,census_geocoder
1037,Al-Ikhlas Masjid ,815 South Peachtree Street,Norcross,GA,30071,33.933309682746,-84.223107015356,,,,https://ikmia.org/,,62,,,3194.0,census_geocoder
1038,Al-Madinah Mosque of North Atlanta,6014 Goshen Springs Road,Norcross,GA,30071,33.91667125287,-84.203658327214,,1993,,https://www.almadinahatl.org/,,52,,,3191.0,census_geocoder
1039,Roswell Community Masjid (RCM),345 Market Place,Roswell,GA,30075,34.030374787151,-84.340764798749,,2008,,https://patch.com/georgia/roswell/new-mosque-opens-in-roswell,31,66,,,2341.0,census_geocoder
1040,Saheb Azzaman Islamic Center,4853 Old Mountain Park rd Ne,Roswell,GA,30075,34.068640318441,-84.421682645719,,1994,,http://sicoa.org/history.aspx,,42,,,2155.0,census_geocoder
1041,Saheb Azzaman Islamic Center,4853 Old Mountain Park Road,Roswell,GA,30075,34.068640318441,-84.421682645719,,,,http://www.sicoa.org/,,42,,,3220.0,census_geocoder
1042,Bosnian Community Center/Darulhuda Masjid,2755 Centerville Hwy Sw,Snellville,GA,30078,33.835408136823,-84.033208372023,,2005,,https://darulhudamasjid.com/about-darul-huda-masjid-snellville/,,4,,,999.0,census_geocoder
1043,Darul Huda,2752 Main st,Snellville,GA,30078,33.855151886598,-84.027596911309,,2025,,https://www.facebook.com/watch/?v=490781717392363,,37,,,1069.0,census_geocoder
1044,Jaffari Center of Atlanta,295 Patterson ave,Scottsdale,GA,30079,33.784442469017,-84.265717553428,,-,Information Without Year,https://www.jaffari.com/,,48,,,1497.0,census_geocoder
1045,Jaffari Center of Atlanta,295 Patterson Avenue,Scottdale,GA,30079,33.784442469017,-84.265717553428,,,,https://www.jaffari.com/,,48,,,3186.0,census_geocoder
1046,Al Iman Mosque,1820 Spring Road Southeast,Smyrna,GA,30080,33.883611709407,-84.500123316297,,,,http://www.alimanmasjid.com/,22,61,,,3219.0,census_geocoder
1047,Masjid Assunnah & Dawah Center,4565 Elam rd,Stone Mountain,GA,30083,33.780421738567,-84.202082832315,,1994,,https://prayersconnect.com/mosques/84058831-masjid-assunnah-dawah-center-stone-mountain-georgia-united-states,,28,,,1825.0,census_geocoder
1048,Masjid Attawheed,5848 Memorial Dr.,Stone Mountain,GA,30083,33.800305792526,-84.199154090988,,-,Information Without Year,https://www.mapquest.com/us/georgia/mosque-tawheed-451253383,,55,,,1832.0,census_geocoder
1049,Masjid Rahman Islamic center,775 Rays Road,Stone Mountain,GA,30083,33.800891462657,-84.220442109999,,,,https://masjid-rahman.web.app/#/home,,67,,,3214.0,census_geocoder
1050,Muad Bin Jabal Islamic Center - Masjid,6204 Memorial Drive Suite B,Stone Mountain,GA,30083,33.806297344481,-84.186996512229,,2019,,https://masjidmuad.com/,,69,,,3213.0,census_geocoder
1051,Masjid Salman Al Farsi,2187 Fellowship Road,Tucker,GA,30084,33.847959664539,-84.217471662915,,,,https://masjidsalmanalfarsi.org/,39,65,,,3209.0,census_geocoder
1052,Masjid Fatimah,1836 Rockbridge Road,Stone Mountain,GA,30087,33.824971195383,-84.122169403882,,2022,,http://www.fatimahmasjid.org/,,56,,,3215.0,census_geocoder
1053,Fatemeh Zahra IEC,6991 Peachtree Industrial Boulevard,Norcross,GA,30092,33.933949692019,-84.25832196689,,,,No website,,39,,,3189.0,census_geocoder
1054,Masjid Soumaya,6375 Spalding Drive,Norcross,GA,30092,33.968430099749,-84.257396594802,,2023,,https://www.masjidsoumaya.org/,,60,,,3203.0,census_geocoder
1055,Muslim Community Center,6991 Peachtree Industrial Boulevard,Norcross,GA,30092,33.933949692019,-84.25832196689,,,,https://www.mccatlanta.org/,,39,,,3223.0,census_geocoder
1056,Ahmadiyya Muslim Community,1800 Willow Trail Parkway,Norcross,GA,30093,33.930794541655,-84.169503202768,,,,https://trueislam.com/about-us/,,13,,,3192.0,census_geocoder
1057,Bait-ul-Ata Mosque,1800 Willow Trail Parkway,Norcross,GA,30093,33.930794541655,-84.169503202768,,2014,,https://ahmadiyyamosque.blogspot.com/2016/01/baitul-ata-mosque-norcross-georgia-usa.html,,13,,,3190.0,census_geocoder
1058,Islamic Center of Duluth/Masjid Maryam,3371 N Berkeley Lake rd,Duluth,GA,30096,33.984552859228,-84.170356207944,,-,Information Without Year,https://icdga.org,,53,,,1231.0,census_geocoder
1059,Islamic Circle of North America GA,3650 Savannah Place Drive,Duluth,GA,30096,34.003099486807,-84.166852515254,,,,https://icnaga.org/,,51,,,3253.0,census_geocoder
1060,Madina Institute USA of Duluth,3580 Sweetwater Rd,Duluth,GA,30096,33.943418418508,-84.12541486236,,1989,,https://madinainstitute.com/about,,67,,,2350.0,census_geocoder
1061,Masjid Maryam Duluth,3650 Savannah PI Dr,Duluth,GA,30096,34.003099486807,-84.166852515254,,-,Information Without Year,,,51,,,2708.0,census_geocoder
1062,Islamic Center of Cartersville/Masjid Quba,5698 GA-20,Cartersville,GA,30121,34.2143728,-84.7530739,,2009,,https://prayersconnect.com/mosques/84077877-masjid-quba-islamic-center-of-cartersville-cartersville-georgia-united-states,,13,,,1219.0,nominatim
1063,Masjid Quba Mableton,6165 Mableton Pkwy SW Bldg 200,Mableton,GA,30126,33.803497926986,-84.56805026685,,2010,,https://www.atlantamuslim.com/directory/masjid-qubaa-islamic-center/,32,42,,,1279.0,census_geocoder
1064,Masjid,3926 Bagley Forest Drive,Powder Springs,GA,30127,33.878192204562,-84.668403405376,,,,No website,,18,,,3222.0,census_geocoder
1065,Islamic Center of Paulding County,481 Butler Industrial Drive,Dallas,GA,30132,33.902954949325,-84.801979319967,,2016,,https://www.facebook.com/icpcusa/,,33,,,3257.0,census_geocoder
1066,Soubalo,,Douglasville,GA,30134,33.7514966,-84.7477136,,,,No website,,71,,,3261.0,nominatim
1067,Islamic Center of West Georgia/Masjid As-Siddiq,4055 Anneewakee Rd,Douglasville,GA,30135,33.693991452594,-84.697045200417,,2002,,"https://www.causeiq.com/organizations/islamic-center-of-west-georgia,300032099/",,19,,,2340.0,census_geocoder
1068,Masjid Suffah,6045 Pine Mountain Rd,Kennesaw,GA,30152,34.018309377899,-84.624867605231,,2015,,https://masjidsuffah.com/about/,,50,,,831.0,census_geocoder
1069,Islamic Center of Rome,713 Shorter Avenue Northwest,Rome,GA,30165,34.26611233213,-85.20277104335,,,,https://www.romeislam.us/main/,,70,,,3221.0,census_geocoder
1070,Allatoona Masjid & Community Center [AMCC],103 Victoria North Court,Woodstock,GA,30189,34.132370510291,-84.586351528783,,1990,,http://myamcc.org/,,31,,,3207.0,census_geocoder
1071,ICCA-Islamic Community Center-Atlanta,288 E Lanier Ave,Fayetteville,GA,30214,33.448747819859,-84.450473122083,,2001,,https://www.iccatlanta.org/about/,,48,,,2347.0,census_geocoder
1072,Griffin Islamic Center,315 North Third Street,Griffin,GA,30223,33.25271394523,-84.257165053126,,1976,,No website,,66,,,3188.0,census_geocoder
1073,Masjid Fataran Nas,701 Randall st,Griffin,GA,30223,33.253413743663,-84.273462425406,,-,Information Without Year,https://prayersconnect.com/mosques/84089165-masjid-fataran-nas-griffin-georgia-united-states,,65,,,1865.0,census_geocoder
1074,Griffin Muslim Center,315 N 3Rd St,Griffin,GA,30224,33.25271394523,-84.257165053126,,1976,,https://www.mapquest.com/us/georgia/islamic-community-ctr-griffin-379280032,,66,,,1117.0,census_geocoder
1075,Masjid BILAL IBN RABAAH,696 Mount Zion Road,Jonesboro,GA,30236,33.572957823385,-84.366928297501,,,,https://www.masjidbilalibnrabaah.org/,,45,,,3249.0,census_geocoder
1076,Bilal Ibn Rabah Islamic Center,120 Hamilton st,La Grange,GA,30240,32.973513498053,-85.128390114921,,,,,,0,,,989.0,census_geocoder
1077,Darul Quran Academy and Masjid,1609 Georgia 155 North,McDonough,GA,30252,33.493930540751,-84.144827127881,,,,https://darulquranacademy.org/our-story/,,10,,,3202.0,census_geocoder
1078,"Newnan Masjid, ICCC Worship Center",80d Newnan Station Drive,Newnan,GA,30265,33.397956819171,-84.735304321309,,2001,,https://www.islamiccentercowetacounty.org/,,62,,,3193.0,census_geocoder
1079,Henry County Islamic Center - Stockbridge Masjid,620 East Atlanta Road,Stockbridge,GA,30281,33.570125434981,-84.23237065023,,,,No website,,15,,,3217.0,census_geocoder
1080,Islamic Society of South Atlanta - Stockbridge Masjid,4340 North Henry Boulevard,Stockbridge,GA,30281,33.543690474765,-84.221613150322,,2010,,https://issamasjid.com/,,35,,,3216.0,census_geocoder
1081,Masjid Al Ihsaan,1585 E Fayetteville Rd,Riverdale,GA,30296,33.590183451321,-84.44050942345,,2000,,https://prayersconnect.com/mosques/84041018-masjid-al-ihsaan-riverdale-georgia-united-states,,11,,,2349.0,census_geocoder
1082,5 Points Islamic Center (Masjid Jami Islamic Center),105 Broad Street Southwest,Atlanta,GA,30303,33.7518896956,-84.393343819708,,2016,,https://prayersconnect.com/mosques/84034713-five-points-islamic-center-atlanta-georgia-united-states,84,96,,,297.0,census_geocoder
1083,Five Points Islamic Center,105 Broad St SW,Atlanta,GA,30303,33.7518896956,-84.393343819708,,2016,,https://prayersconnect.com/mosques/84034713-five-points-islamic-center-atlanta-georgia-united-states,84,96,,,2344.0,census_geocoder
1084,Al-Etihad Mosque,568 Poole Place Southwest,Atlanta,GA,30310,33.7390542,-84.4133987,,,,http://www.masjidaletihad.com/,67,87,,,3237.0,nominatim
1085,West End Community Masjid,547 West End Pl,Atlanta,GA,30310,33.739993477227,-84.424864845123,,1976,,https://prayersconnect.com/mosques/84097959-community-masjid-of-atlanta-atlanta-georgia-united-states,59,79,,,2231.0,census_geocoder
1086,West End Islamic Center,1193 Lucile Avenue Southwest,Atlanta,GA,30310,33.742382152483,-84.42694826417,,1976,,https://communitymasjid.com/,48,68,,,3227.0,census_geocoder
1087,Ar-Rahman Islamic Center,1631 Westhaven Drive Southwest,Atlanta,GA,30311,33.732625726522,-84.441341043262,,,,No website,38,59,,,3235.0,census_geocoder
1088,Khayra,1631 Westhaven Drive Southwest,Atlanta,GA,30311,33.732625726522,-84.441341043262,,,,No website,38,59,,,3234.0,census_geocoder
1089,MUHAMMAD'S TEMPLE,3040 Campbellton Road Southwest,Atlanta,GA,30311,33.695022979595,-84.487409317972,,,,No website,44,55,,,3233.0,census_geocoder
1090,Vine City Mosque,146 Graves Street Northwest,Atlanta,GA,30314,33.758628246005,-84.407318826846,,,,No website,61,56,,,3228.0,census_geocoder
1091,Al-Mu'minun Mosque,1127 Hank Aaron Dr SW,Atlanta,GA,30315,33.724154126304,-84.388137186842,,-,Information Without Year,https://www.masjidalmuminunatlanta.org/about-us-2,42,69,,,2343.0,census_geocoder
1092,Masjid Al-Quran,500 McDonough Boulevard Southeast,Atlanta,GA,30315,33.713897868217,-84.36998592431,,2006,,https://web.archive.org/web/20250712081507/http://masjidalquranatl.com/new-about/,39,41,,,538.0,census_geocoder
1093,Muhammad Mosque #15,2175 Metropolitan Parkway Southwest,Atlanta,GA,30315,33.694644453419,-84.408202296622,,,,https://noiatlanta.org/,41,58,,,3231.0,census_geocoder
1094,Atlanta Masjid of Al Islam,560 Fayetteville Rd Se,Atlanta,GA,30316,33.7226117,-84.3282271,,1990,,"https://pluralismarchive.hsites.harvard.edu/atlanta-masjid-al-islam#:~:text=Five%20daily%20prayers;%20weekly%20Friday,themselves%2C%20creating%20the%20current%20Masjid.",,60,,,963.0,nominatim
1095,Al-Farooq Masjid of Atlanta,442 14th Street Northwest,Atlanta,GA,30318,33.786147320896,-84.401607755709,,1980,,https://alfarooqmasjid.org/about-us/history/,52,88,,,537.0,census_geocoder
1096,Al-Farooq Mosque,442 14th Street Northwest,Atlanta,GA,30318,33.786147320896,-84.401607755709,,1980,,https://alfarooqmasjid.org/,52,88,,,3236.0,census_geocoder
1097,Masjid Abu Bakr,1775 Briarwood Rd NE,Atlanta,GA,30329,33.84293993339,-84.32285155166,,2006,,https://abubakrmasjid.org/about-us/,41,61,,,1575.0,census_geocoder
1098,Masjid As-Salam,2860 Cambellton rd Se,Atlanta,GA,30331,,,,2000,,"https://www.assalammasjid.org/about/#:~:text=The%20mosque%20was%20founded%20in%202000%20and,community%20*%20Participate%20in%20community%20service%20activities",41,54,,,1814.0,
1099,Masjid Al-Bayyinah,3270 East Main Street,College Park,GA,30337,33.666210335786,-84.444605467561,,2004,,https://www.masjidalbayyinah.com/,,71,,,3242.0,census_geocoder
1100,Masjid Uthman (Dunwoody Community Center),11 Dunwoody Park,Dunwoody,GA,30338,33.924840024949,-84.310953873632,,2014,,https://masjiduthmanatlanta.org/,26,67,,,3254.0,census_geocoder
1101,NW Ismaili Center & Jamatkhana - Atlanta NW,120 Interstate North Parkway East Southeast #168,Atlanta,GA,30339,33.903262181402,-84.465724809096,,,,https://the.ismaili/,29,36,,,3230.0,census_geocoder
1102,Mosque/Masjid Ussakki,3274 Buckeye Road,Chamblee,GA,30341,33.884650902579,-84.25772906538,,,,https://www.ussakiorder.com/,,64,,,3240.0,census_geocoder
1103,Masjid Sidq wa Ikhlas,1677 Dorsey Avenue,East Point,GA,30344,33.677365564661,-84.443947558085,,,,No website,63,71,,,3251.0,census_geocoder
1104,Masjid Badrudeen Inc,1350 Crystal Lake Road,Atlanta,GA,30349,33.608085071192,-84.434337828991,,2014,,https://badrudeen.net/,,61,,,3232.0,census_geocoder
1105,Masjid Ibn Abbas (Upon the Salaf),2051 Godby Road #20,College Park,GA,30349,33.615911727902,-84.4566348129,,,,https://masjidibnabbas.org/,,50,,,3241.0,census_geocoder
1106,Zainabia Islamic Education Center,1100 Hope rd,Atlanta,GA,30350,33.989769856552,-84.349207189619,,1997,,https://www.facebook.com/zainabiacenter/,33,67,,,2246.0,census_geocoder
1107,Masjid Ash-Shura,3095 Jonesboro rd Se,Atlanta,GA,30354,33.671856060966,-84.372432806353,,-,Information Without Year,https://www.masjidash-shura.org/,38,8,,,1818.0,census_geocoder
1108,At-Taqwa Mosque,2674 Woodwin Rd,Doraville,GA,30360,33.918819866979,-84.278378168529,,2005,,https://masjidattaqwaatlanta.org/our-masjid/,,37,,,2345.0,census_geocoder
1109,Bulloch County Islamic Center,1500 Morgan Way,Statesboro,GA,30461,32.466163337365,-81.76250467636,,,,No website,,8,,,3218.0,census_geocoder
1110,Gainesville Community Mosque, 694 East East Butler Pkwy,Gainesville,GA,30501,,,,1994,,https://pluralism.org/news/gainesville-islamic-center-expands-meet-needs,,79,,,1109.0,
1111,Gainesville Islamic Cultural Center,694 East Butler Parkway,Gainesville,GA,30501,,,,2007,,https://www.facebook.com/GainesvilleIslamicCulturalCenter/,,79,,,3185.0,
1112,Gainsvile Islamic Culture Center,694 EE Butler Pkwy,Gainsville,GA,30501,,,,2007,,https://pluralism.org/news/gainesville-islamic-center-expands-meet-needs,,79,,,1110.0,
1113,Al-Quba Mosque,1400 Buford Highway Northeast,Sugar Hill,GA,30518,34.094367379638,-84.014937157024,,,,https://www.masjidalquba.net/,,50,,,3212.0,census_geocoder
1114,Sugar Hill Masjid / Darun Naeim Institute,826 Buford Highway Northeast,Sugar Hill,GA,30518,34.128296637207,-83.981509529454,,,,https://www.darunnaeiminstitute.org/,,17,,,3211.0,census_geocoder
1115,Masjid Alzubair,78 Dawson Village Way North,Dawsonville,GA,30534,34.389805066594,-83.988339561811,,,,https://masjidalzubair.org/,,40,,,3262.0,census_geocoder
1116,Al Huda Islamic Center. Inc.,2022 S Milledge Ave,Athens,GA,30605,33.9245314,-83.3791477,,1987,,https://www.alhudaislamiccenterofathens.org/about.html,,56,,,855.0,nominatim
1117,Athens Islamic Community Center,445 Tallassee Road,Athens,GA,30606,33.96946759608,-83.440412697053,,,,https://athensislamiccommunity.org/contact/,,13,,,3238.0,census_geocoder
1118,Dalton Islamic Center,2054 Dug Gap rd,Dalton,GA,30720,34.731826824164,-84.998060472316,,2007,,https://www.daltonislamic.com/about-us,,4,,,1043.0,census_geocoder
1119,Masjid Al-Huda,1839 Ellis Street,Augusta,GA,30904,33.483958834201,-81.99514084422,,2016,,"https://www.causeiq.com/organizations/masjid-al-huda-of-augusta-georgia,861090396/",,71,,,1689.0,census_geocoder
1120,Muslim Community Center,1821 Slayton Street,Augusta,GA,30904,33.4649568,-82.000858,,2012,,"https://isaugusta.com/isa_history/#:~:text=ISA%20was%20established%20in%201976%20to%20serve,the%20%E2%80%9CFirst%20Islamic%20Center%E2%80%9D%20Facebook%20page%20at",,40,,,2085.0,nominatim
1121,Masjid Ibrahim(Friday Prayer service),26503 Barnes Avenue,Augusta,GA,30905,33.4227977,-82.1502545,,,,No website,,32,,,3226.0,nominatim
1122,Islamic Center of Augusta,3416 Middleton st,Augusta,GA,30907,33.512948836671,-82.073275546408,,2012,,https://isaugusta.com/isa_history/,,37,,,1203.0,census_geocoder
1123,Islamic Society of Augusta,1 Islamic Center Drive,Martinez,GA,30907,,,,1976,,https://isaugusta.com/,,34,,,3197.0,
1124,Islamic Center of Middle Georgia,2501 Elberta rd,Centerville,GA,31028,32.6328427,-83.6679528,,2010,,https://www.macon.com/news/local/article254381288.html,,12,,,64.0,nominatim
1125,Muhammad Mosque #93,1695 Third Street,Macon,GA,31201,32.821055065538,-83.639689044212,,,,No website,,34,,,3200.0,census_geocoder
1126,Islamic center of Macon,1655 Eisenhower Pkwy,Macon,GA,31206,32.814795021297,-83.673622713808,,2007,,https://islamiccenterofmacon.com/,,47,,,2348.0,census_geocoder
1127,Islamic center of pooler,200 Governor Treutlen Drive Suite Number 9,Pooler,GA,31322,32.113208123432,-81.24069737711,,,,No website,,41,,,3205.0,census_geocoder
1128,Masjid Jihad,117 East 34th Street,Savannah,GA,31401,32.059214424972,-81.097826272325,,1983,,"https://www.masjidjihad.com/about-us#:~:text=By%20spring%201972%2C%20Reginal%20X,Street%2C%20establishing%20what%20would%20later",,93,,,174.0,census_geocoder
1129,Islamic Center of Savannah,1030 Dutchtown rd,Savanna,GA,31419,31.9893402,-81.1617441,,2002,,https://www.atlantamuslim.com/directory/islamic-center-savannah/,,35,,,76.0,nominatim
1130,Islamic Center of Savannah,1030 Dutchtown Road,Savannah,GA,31419,31.9893402,-81.1617441,,2002,,https://islamiccenterofsavannah.com/,,35,,,3187.0,nominatim
1131,Muslim Cultural Center,420 West Street,Valdosta,GA,31601,30.831766857504,-83.290844820649,,1986,,https://www.facebook.com/MuslimCulturalCenterValdosta/,,45,,,2098.0,census_geocoder
1132,Valdosta Islamic Center and Mosque,4004 Coleman Road North,Valdosta,GA,31602,30.89802935677,-83.350311873359,,,,,,20,,,3041.0,census_geocoder
1133,Valdosta Islamic Center and Mosque,4004 Coleman Road North,Valdosta,GA,31602,30.89802935677,-83.350311873359,,,,https://www.valdostaislamiccenter.org/,,20,,,3208.0,census_geocoder
1134,Albany Masjid of Al-Islam,831 West Highland Avenue,Albany,GA,31705,31.573846815549,-84.168658833885,,1999,,https://qpublic.schneidercorp.com/Application.aspx?AppID=762&LayerID=11798&PageTypeID=4&PageID=5588&Q=459712831&KeyValue=000DD%2f00007%2f001,,47,,,925.0,census_geocoder
1135,Islamic Center of Albany,712 W Oglethorpe Blvd,Albany,GA,31707,31.575230738032,-84.166038715303,,-,No Basic Information,,,46,,,1196.0,census_geocoder
1136,Ibrahim's Masjed,1649 Elvan Avenue,Columbus,GA,31903,32.421511939849,-84.947243692778,,,,No website,,64,,,3258.0,census_geocoder
1137,Masjid Abdullah Bin Masud,1640 5th Ave,Columbus,GA,31903,32.477418156312,-84.986039961234,,2007,,https://www.facebook.com/AbdullahBinMasudColumbus/,,40,,,1570.0,census_geocoder
1138,Marsid An Nur,753 Church ave,Columbus,GA,31906,32.460304702425,-84.953434849103,,-,No Basic Information,,,46,,,1551.0,census_geocoder
1139,Masjid Al Jannah,6550 Forrest Rd,Columbus,GA,31907,32.488328504033,-84.878411453897,,1988,,https://www.atlantamuslim.com/directory/masjid-al-jannah/,,8,,,1605.0,census_geocoder
1140,Islamic Center of Hawaii,688 Kinoole St #101,Hilo,HI,96720,19.719113778117,-155.085271285864,,2015,,https://www.facebook.com/IslamicCenterHawaii/,,84,,,2351.0,census_geocoder
1141,Islamic Center of Maui (Maui Mosque/Masjid),270 Lalo St #105,Kahului,HI,96732,20.884697861629,-156.457277016608,,-,Information Without Year,,,60,,,2733.0,census_geocoder
1142,Maui Islamic Center,170 Kaahumanu ave,Kahului,HI,96732,20.890297104678,-156.470199938282,,-,No Basic Information,,,66,,,2030.0,census_geocoder
1143,Islamic Center of Hawaii-2 ,79-7430 Mamalahoa Hwy unit C4,Kealakekua,HI,96750,19.530563263748,-155.925315580616,,-,Information Without Year,,,55,,,2734.0,census_geocoder
1144,The Honolulu Mosque - Ahmadiyya Muslim Community of Hawai’i,650 Kohou St #1b,Honolulu,HI,96817,21.322966620314,-157.872369494426,,2023,,https://ahmadiyyafactcheckblog.com/2024/04/21/the-history-of-ahmadiyya-in-hawaii/,69,86,,,2732.0,census_geocoder
1145,Muslim Association of Hawaii,1935 Aleo Place,Honolulu,HI,96822,21.30888419767,-157.821222053469,,1979,,https://www.hawaiimasjid.com/about-mah,36,32,,,470.0,census_geocoder
1146,Darul Arqum Islamic Centre,1212 Iowa Avenue,Ames,IA,50014,42.033672443167,-93.659211039207,,2002,,https://www.arqum.org/about-us,,13,,,677.0,census_geocoder
1147,"Islamic and Cultural Center ""Bosniak"" - Es Selam Mosque",17630 Bosniak lane,Granger,IA,50109,41.780842906568,-93.867367469947,,2025,,https://comparisonproject.wp.drake.edu/islamic-and-cultural-center-bosniak-2/,,0,,,1171.0,census_geocoder
1148,"Islamic and Cultural Center ""Bosniak"" - Es Selam Mosque",17630 Bosniak lane,Granger,IA,50109,41.780842906568,-93.867367469947,,2004,,https://iccbosniak.com/about/,,0,,,2380.0,census_geocoder
1149,Masjid Rahmat-e-Alam,5006 EP True Pkwy,West Des Moines,IA,50265,41.571703338329,-93.77246752878,,2018,,https://www.rahmatealam-ia.org/,,56,,,2381.0,census_geocoder
1150,Muslim Community Organization (masjid annour),1117 42nd St,Des Moines,IA,50311,41.598857754246,-93.674323436521,,1983,,https://www.dmmco.org/about-us/,36,78,,,2379.0,census_geocoder
1151,Tawba Islamic Center,1411 21st St,Des Moines,IA,50311,41.604299155896,-93.645233153429,,2018,,"https://www.causeiq.com/organizations/tawba-islamic-center,465180333/",41,80,,,2378.0,census_geocoder
1152,Bosnian Islamic Center ZemZem,3500 2nd Ave,Des Moines,IA,50313,41.626828002965,-93.620022172865,,2005,,https://comparisonproject.wp.drake.edu/islamic-and-cultural-center-bosniak-2/,36,79,,,2384.0,census_geocoder
1153,"Islamic and Education Center ""Ezan""",6206 Douglas Avenue,Des Moines,IA,50322,41.629336251845,-93.702679922936,,2009,,https://www.facebook.com/ICEzanDSM/,38,84,,,459.0,census_geocoder
1154,Islamic Center of Des Moines,6201 Franklin ave,Des Moines,IA,50322,41.611324846122,-93.702646677386,,1975,,,25,58,,,1229.0,census_geocoder
1155,Sahabah Mosque,1350 NW 138th St,Clive,IA,50325,41.602443509658,-93.806389939311,,2013,,https://www.masjidsahabah.com/about/,,24,,,2382.0,census_geocoder
1156,Shafia Islamic and Cultural Center,1425 University Avenue,Des Moines,IA,50325,41.600481013416,-93.636456032756,,2014,,"https://comparisonproject.wp.drake.edu/9-14-meet-my-religious-neighbor-shafia-islamic-and-cultural-center/#:~:text=The%20visit%20will%20be%20held,the%20congregation%20who%20worships%20there.",46,65,,,761.0,census_geocoder
1157,BIAW,3411 Marigold Dr,Waterloo,IA,50701,42.434007025116,-92.290905752957,,-,No Basic Information,,18,8,,,2385.0,census_geocoder
1158,Islamic Foundation of Iowa,330 South st,Waterloo,IA,50701,42.493861642248,-92.346373240283,,2006,,"https://www.causeiq.com/organizations/islamic-foundation-of-iowa,202941534/",33,78,,,1428.0,census_geocoder
1159,Masjid Al Noor,2110 Sager ave,Waterloo,IA,50701,42.498121622327,-92.394203925834,,1984,,https://masjidalnooriowa.org/history/,26,39,,,1612.0,census_geocoder
1160,Mosque of Sioux City,1219 Jones st,Sioux City,IA,51105,42.503549781582,-96.400990008259,,2000,,"https://www.causeiq.com/organizations/mosque-of-sioux-city,421500653/",35,73,,,2060.0,census_geocoder
1161,Tri-State Islamic Center (TIC Mosque in Dubuque),4980 Radford Ct,Dubuque,IA,52002,42.504774188966,-90.749432585331,,2016,,https://tristateislamic.center/about/,19,33,,,2383.0,census_geocoder
1162,Iowa City Mosque (Masjid Al-Iman),1812 West Benton Street,Iowa City,IA,52246,41.649695133757,-91.565120834193,,1999,,https://www.iowacitymosque.org/about-us.html,33,40,,,763.0,census_geocoder
1163,Muslim American Society of Iowa,2121 North Towne Lane Ne,Cedar Rapids,IA,52402,42.032909403973,-91.671021705155,,1993,,https://masiowa.org/about-us,22,63,,,2075.0,census_geocoder
1164,Islamic Center of Cedar Rapids,2999 1st Avenue West,Cedar Rapids,IA,52405,41.968797820219,-91.710697622467,,1972,,https://www.crmosque.org/history,26,46,,,702.0,census_geocoder
1165,Mother Mosque of America,1335 Ninth St Nw,Cedar Rapids,IA,52405,41.985854883112,-91.684471718338,,1934,,https://mothermosque.org/,18,29,,,192.0,census_geocoder
1166,Muslim Community of Quad Cities,2115 Kimberly Rd,Bettendorf,IA,52722,41.54146831285,-90.522437407003,,1999,,"https://www.causeiq.com/organizations/the-muslim-community-of-the-quad-cities,421482262/",,50,,,2095.0,census_geocoder
1167,Islamic Society of Clinton County,1500 2nd ave S,Clinton,IA,52732,41.844642811167,-90.221593478288,,2000,,https://www.causeiq.com/directory/islamic-organizations-list/iowa-state/#search_section,23,18,,,1457.0,census_geocoder
1168,Pocatello Mosque,343 S 4th st No.3,Pocatello,ID,83201,42.864034617813,-112.442473231807,,2014,,https://www.idahostatejournal.com/members/southeast-idaho-muslims-fill-new-mosque/article_238249f4-4b86-11e4-83ae-539af4b376d1.html,,90,,,2136.0,census_geocoder
1169,Pocatello Mosque (Islamic Society of SE Idaho INC.),1513 S 5th Ave,Pocatello,ID,83201,42.855842131834,-112.431227179429,,1983,,"https://www.causeiq.com/organizations/islamic-society-of-north-america-islamic-society-o,820464954/",,45,,,2353.0,census_geocoder
1170,Islamic Center of Twin Falls,455 Addison ave,Twin Falls,ID,83301,42.563175283372,-114.471925516255,,2015,,https://www.gofundme.com/f/8bsfn68f,,65,,,1363.0,census_geocoder
1171,Idaho Falls Muslims,2060 S Woodruff Ave,Idaho Falls,ID,83404,43.478697728447,-112.000907720271,,2001,,https://realmo.com/property/2060-woodruff-ave-idaho-falls-id-83404-6396/us27-0311096,,57,,,2354.0,census_geocoder
1172,Islamic Center of Boise,1605 Kenilworth Avenue Northeast,Boise,ID,83704,,,,1996,,"https://pluralismarchive.hsites.harvard.edu/islamic-center-boise#:~:text=Today%2C%20the%20Boise%20Mosque%20and,all%20different%20types%20of%20cultures.",47,89,,,42.0,
1173,Imam Hussain Islamic Center,348 N Orchard St,Boise,ID,83706,43.6075126,-116.243385854097,,2015,,"https://www.causeiq.com/organizations/imam-hussain-islamic-center,471055568/",28,80,,,2355.0,census_geocoder
1174,Islamic Community of Bosniaks in Boise,6250 S Cloverdale Rd,Boise,ID,83709,43.546180768659,-116.334257957301,,2010,,http://30masjids.ca/30mosques-com-day-20-idaho-the-islamic-community-of-bosniaks-in-boise/,,35,,,2356.0,census_geocoder
1175,Islamic Society of Idaho - Abu Bakr Mosque,5813 W Franklin St,Boise,ID,83709,43.603244940972,-116.253876010654,,1991,,https://boisemuslims.org/about-us/,25,52,,,2352.0,census_geocoder
1176,Imam Al-Mahdi Islamic Center,4243 N Colverdale rd,Boise,ID,83713,43.643411452673,-116.334384841984,,2000,,https://www.imams.us/structure/general-members/,17,18,,,1140.0,census_geocoder
1177,Masjid Omar/Islamic Center of Moscow,316 S Lilly St,Moscow,ID,83843,46.732160378228,-117.00658048475,,2016,,"https://www.causeiq.com/organizations/islamic-association-of-moscow-idaho,462477440/",,88,,,1939.0,census_geocoder
1178,Al-Aqsa Islamic Community Center,17940 Bronk rd,Plainfield,IL,50586,41.557088888809,-88.190469057181,,2010,,https://plainfieldmasjid.com/,,21,,,874.0,census_geocoder
1179,Islamic Society of Northwest Suburbs,1200 Hicks Rd,Rolling Meadows,IL,60008,42.132946421324,-88.033980866043,,2016,,https://isns.org/masjid-info/history/,,27,,,1479.0,census_geocoder
1180,Al-Azhar Islamic Foundation,160 Hawthorne rd,Barrington,IL,60010,42.118725600941,-88.170658037285,,1995,,https://prayersconnect.com/mosques/84073461-al-azhar-islamic-foundation-barrington-illinois-united-states,,0,,,875.0,census_geocoder
1181,Islamic Center of McHenry County (ICMC),5800 East Crystal Lake Avenue,Crystal Lake,IL,60014,42.2412607,-88.3087142,,2016,,https://icmc-us.org/,,27,,,4221.0,nominatim
1182,Islamic Center of McLean County,5800 E Crystal Lake ave,Crystal Lake,IL,60014,42.2412003,-88.3142522,,2016,,,,27,,,63.0,nominatim
1183,DDM Masjid & DDM Academy,733 Lee Street,Des Plaines,IL,60016,42.039562451533,-87.88922668938,,,,https://www.ddmasjid.org/,50,89,,,4272.0,census_geocoder
1184,Islamic Community Center of Des Plains,480 Potter Road,Des Plains,IL,60016,42.045739310231,-87.860078320012,,1989,,https://iccdmasjid.org/about/,39,74,,,1389.0,census_geocoder
1185,Islamic Information Center of America,PO Box 4052,Des Plaines,IL,60016,42.0244342,-87.8994116,,1982,,https://www.iica.org/about,50,91,,,1433.0,nominatim
1186,Ismaili Jamatkhana Center,100 Shermer Road,Glenview,IL,60025,42.05698345353,-87.813452416513,,2008,,https://ismailimail.blog/2008/07/26/ismaili-house-of-worship-glenview-illinois/,30,27,,,722.0,census_geocoder
1187,Islamic Foundation North,1751 N O Plaine rd,Libertyville,IL,60048,42.328212149894,-87.914540121757,,2004,,https://ifnonline.com/Welcome,,84,,,96.0,census_geocoder
1188,Libertyville Mosque,1751 O'Plaine Road,Libertyville,IL,60048,42.328212149894,-87.914540121757,,2004,,https://ifnonline.com/,0,8,,,4226.0,census_geocoder
1189,Becker,5005 West Orchard Drive,McCullom Lake,IL,60050,42.366303915024,-88.295514933127,,,,No website,,23,,,4228.0,census_geocoder
1190,Islamic Education Center,8601 Menard Avenue,Morton Grove,IL,60053,42.037356349236,-87.771515629412,,1969,,https://mccchicago.org/mcc-past-and-present/,40,79,,,199.0,census_geocoder
1191,Muslim Education Center / Masjid / MCC Academy,8601 Menard Avenue,Morton Groven,IL,60053,42.037356349236,-87.771515629412,,1969,,https://mccchicago.org/,40,79,,,4233.0,census_geocoder
1192,Unity Islamic Center,8944 Austin Avenue,Morton Grove,IL,60053,42.04354237773,-87.77636958159,,2017,,https://uicmg.org/,40,76,,,4230.0,census_geocoder
1193,Islamic Society of Midwest,501 Midway Dr,Mt Prospect,IL,60056,42.0253455,-87.9435,,2006,,"https://www.causeiq.com/organizations/islamic-society-of-midwest,205837494/",40,65,,,2365.0,nominatim
1194,Islamic Society of Midwest,501 Midway Drive,Mount Prospect,IL,60056,42.0253455,-87.9435,,2006,,https://islamicsom.org/,40,65,,,4225.0,nominatim
1195,MOUNT PROSPECT CULTURAL CENTER - MPCC,960 East Northwest Highway,Mount Prospect,IL,60056,42.057721558282,-87.923640872613,,,,No website,34,60,,,4231.0,census_geocoder
1196,AMPO,25667 Hillview Court,Mundelein,IL,60060,42.236542080075,-88.053077869037,,2013,,https://ampoonline.com/,,26,,,4232.0,census_geocoder
1197,Islamic Cultural Center of Greater Chicago,1810 N Pfingsten Rd,Northbrook,IL,60062,42.1197712818,-87.848890363578,,1976,,https://www.archnet.org/sites/10399,32,53,,,92.0,census_geocoder
1198,Islamic Cultural Center of Greater Chicago,1800 Pfingsten Road,Northbrook,IL,60062,42.119845950783,-87.848888398597,,1976,,https://www.iccgreaterchicago.com/,0,33,,,4224.0,census_geocoder
1199,Kaleemullah Masjid,4255 Main Street,Stokie,IL,60076,42.033453829966,-87.734425006153,,,,https://www.facebook.com/p/Kaleemullah-Masjid-100071577763655/,45,75,,,4249.0,census_geocoder
1200,Masjid Inaam,7401 Lincoln Avenue,Skokie,IL,60076,42.015457120925,-87.744019406501,,,,Website link invalid,,50,,,4250.0,census_geocoder
1201,Masjid-E-Suffah,masji,Skokie,IL,60076,,,,-,Information Without Year,https://suffaheducational.org/contact-us/,47,63,,,483.0,
1202,Masjid As-Sunnah,5144 Main Street,Skokie,IL,60077,42.033648285589,-87.756260556678,,2020,,https://masjidsunnahchi.org/,52,74,,,791.0,census_geocoder
1203,Waukegan Islamic Center & Ummah Relief USA,3210 West Duggald Avenue,Waukegan,IL,60085,42.373192958663,-87.878650566277,,2019,,https://www.waukeganislamiccenter.com/,27,58,,,4253.0,census_geocoder
1204,Ahmadiyya Movement In Islam/Fath-e-Azeem Mosque,2700 Lewis Ave,Zion,IL,60099,42.4458642,-87.8552266,,2022,,https://www.alislam.org/articles/opening-of-mosque-of-grand-victory-in-zion-symbol-of-true-religious-freedom/ https://www.alislam.org/video/fath-e-azeem-mosque-inaugural-session-zion-illinois/ AND https://muslimsunrise.com/2023/01/15/inauguration-of-the-fath-e-azeem-mosque/,,16,,,232.0,nominatim
1205,Al-Jameel Masjid,4 N 251 North Swift rd,Addison,IL,60101,41.931930525439,-88.042057105918,,2000,,https://prayersconnect.com/mosques/84071186-masjid-al-jameel-addison-illinois-united-states,,46,,,894.0,census_geocoder
1206,Islamic Society Of Addison,1000 North Rohlwing Road,Addison,IL,60101,41.9327510342,-88.03226330407,,2024,,https://www.isamasjid.org/,,55,,,4283.0,census_geocoder
1207,American Muslim Community Organization,1548 E Algonquin rd No.511,Algonquin,IL,60102,42.159668384387,-88.27304002555,,2011,,https://www.causeiq.com/directory/islamic-organizations-list/illinois-state/,,64,,,940.0,census_geocoder
1208,Masjid Bait-ul-Ilm,485 South Bartlett Road,Streamwood,IL,60107,42.023867023383,-88.18165152686,,2005,,https://www.baitulilm.org/about-us,,57,,,14.0,census_geocoder
1209,Islamic Center of DeKalb,801 Normal Rd,DeKalb,IL,60115,41.942505652329,-88.765842805138,,2015,,https://islamiccenterofdekalb.org/,44,40,,,2362.0,census_geocoder
1210,"Academy Of Islamic Education, AIE",37W437 Huntley Road,Dundee Township,IL,60118,,,,2016,,https://www.aiehuntley.org/,,2,,,4271.0,
1211,Insitutue of Islamic Education,1048 Bluff City Blvd,Elgin,IL,60120,42.019508008418,-88.251297947279,,1989,,https://islamicedu.org/introduction/,24,17,,,1158.0,census_geocoder
1212,Masjid Al-Wājidi,210 Academy Place,Elgin,IL,60120,42.041014104996,-88.278259497929,,,,Dedicated place for prayer for academy,47,87,,,4244.0,census_geocoder
1213,Masjid-ul-Islam,"1290 Bluff City Blvd,",Elgin,IL,60120,42.018880221807,-88.242759212582,,1989,,"https://islamicedu.org/#:~:text=%E2%80%8BIn%201989%2C%20Shaykh%20al,respected%20Islamic%20institutes%20in%20America.",23,10,,,828.0,census_geocoder
1214,Al-Bukhari Islamic Center of Chicago,1121 Van Street,Elgin,IL,60123,42.033180019227,-88.306227116671,,,,https://albukhari.inclusivetec.com/updates,34,63,,,4245.0,census_geocoder
1215,Masjid Salam,339 West River Road,Elgin,IL,60123,42.065853855411,-88.282898218242,,,,No website,,6,,,4243.0,census_geocoder
1216,Muslim Community Center,345 Heine st,Elgin,IL,60123,42.042674289034,-88.313197575101,,2004,,https://prayersconnect.com/mosques/84039958-islamic-community-center-elgin-illinois-united-states,33,63,,,85.0,census_geocoder
1217,Uzbek American Association of Chicago,1111 Van Street,Elgin,IL,60123,42.033181654365,-88.30600800648,,2009,,https://www.linkedin.com/company/uzbek-american-association-of-chicago/,34,63,,,230.0,census_geocoder
1218,SABAH Islamic Cultural Center,9920 West Grand Avenue,Franklin Park,IL,60131,41.930029527093,-87.873658924902,,2019,,https://sabahchicago.com/language/en/history/,35,80,,,809.0,census_geocoder
1219,Sulaymani Jamaat Khana,10200 Pacific Avenue,Franklin Park,IL,60131,41.941280792945,-87.880350606843,,,,No website,35,42,,,4240.0,census_geocoder
1220,Sabur,7458 Jensen Boulevard,Hanover Park,IL,60133,42.007643461675,-88.148616076487,,2006,,https://bcc-sabur.com/,,72,,,4237.0,census_geocoder
1221,Baitul Jaamay Mosque,2S510 IL 53,Glen Ellyn,IL,60137,41.83466916643,-88.054209133157,,2003,,https://grokipedia.com/page/baitul_jaamay_mosque,,27,,,785.0,census_geocoder
1222,Bait-ul-Jaamay Mosque,2S510 Illinois 53 ,Glen Ellyn,IL,60137,41.83466916643,-88.054209133157,,2003,,https://www.ahmadiyya.us/members/,,27,,,4238.0,census_geocoder
1223,Islamic Education Center,1269 Goodrich ave,Glendale Heights,IL,60139,41.906246741576,-88.05755513594,,1993,,https://www.iechusaini.org/about-us/,,44,,,93.0,census_geocoder
1224,Muslim Society,1785 Bloomingdale Rd,Glendale Hights,IL,60139,41.924300352998,-88.081288865952,,1990,,https://projects.propublica.org/nonprofits/organizations/363605387,,37,,,2104.0,census_geocoder
1225,Masjid Ummah,207 East Center Street,Itasca ,IL,60143,41.97314460155,-88.011678584553,,2024,,https://masjidofummah.com/,,52,,,4236.0,census_geocoder
1226,Al-Masjidul-Huq,1620 S Highland ave,Lombard,IL,60148,41.852258762045,-88.012010296109,,2011,,https://legallysociable.com/2011/06/29/small-islamic-mosque-in-unincorporated-lombard-approved-by-dupage-county-board/,,48,,,904.0,census_geocoder
1227,Masjid Darussalam,21 W 525 North Ave,Lombard,IL,60148,41.903736933276,-88.046811778251,,2013,,https://masjidds.org/masjid/about-us/,0,33,,,27.0,census_geocoder
1228,Masjid Uthman,1208 Lawler Ave,Lombard,IL,60148,41.859009878825,-88.036965310063,,2017,,"https://masjiduthman.org/wp-content/uploads/2025/03/AnnualReport2023.pdf#:~:text=Masjid%20Uthman%20obtained%20a%20new,maktab%20and%20hifz%20program%20by",,52,,,808.0,census_geocoder
1229,The American Muslim Community Organization,108 North Lakewood Rd,Lake in the Hills,IL,60156,42.17378352671,-88.38391066787,,2011,,https://prayersconnect.com/mosques/84021642-american-muslim-community-organization-lake-in-the-hills-illinois-united-states,,41,,,316.0,census_geocoder
1230,Albanian-American Islamic Center,5825 St Charles Rd,Berkeley,IL,60163,41.889644504887,-87.913829605666,,1962,,https://www.archnet.org/sites/10603,,50,,,2360.0,census_geocoder
1231,LIMRA ISLAMIC CENTER,1595 Della Drive,Hoffman Estates,IL,60169,42.056946303753,-88.119993592618,,,,http://limraislamiccenter.com/,,57,,,4235.0,census_geocoder
1232,Ali Yun Wali Allah Shia Islamic Center,951 North Plum Grove Road Suite F and G,Schaumburg,IL,60173,42.046558635965,-88.059966771945,,,,https://www.facebook.com/AliYunWaliAllahCenter/,,44,,,4262.0,census_geocoder
1233,Place of 5 times prayer,Belinder Lane,Schaumburg,IL,60173,42.076776,-88.0600147,,,,No website,,31,,,4261.0,nominatim
1234,Islamic Center of Kane County (ICKC),2315 Dean Street #600 Suite,Saint Charles,IL,60175,41.919129924453,-88.341693503365,,,,https://www.ickc.info/,,0,,,4259.0,census_geocoder
1235,ICNA Center & Mosque,1S270 Summit Ave,Oakbrook Terrace,IL,60181,41.855377247873,-87.972842827826,,1968,,https://www.linkedin.com/company/icna-chicago-illinois-organization/about/,,66,,,2366.0,census_geocoder
1236,Islamic Foundation North,300 E Highridge,Villa Park,IL,60181,41.866995467395,-87.992992390461,,1981,,https://www.islamicfoundation.org/about,31,47,,,95.0,census_geocoder
1237,Summit Mosque,1S270 Summit Avenue,Oakbrook Terrace,IL,60181,41.855377247873,-87.972842827826,,2017,,https://prayersconnect.com/mosques/84043258-islamic-center-of-oakbrook-terrace-oakbrook-terrace-illinois-united-states,,67,,,4248.0,census_geocoder
1238,Islamic Center of Western Suburbs,28W774 Army Trail rd,West Chicago,IL,60185,,,,1993,,https://www.icwsmasjid.org/about-icws/,,3,,,1372.0,
1239,Wheaton Islamic Center,900 E Geneva Road,Wheaton,IL,60187,41.888255349824,-88.094957628132,,2013,,https://icwonline.org/,17,61,,,560.0,census_geocoder
1240,Al Hira Community Center,140 Commercial st,Wood Dale,IL,60191,41.964498899923,-87.977022418004,,2008,,https://alhiracommunitycenter.org/about.html,,58,,,853.0,census_geocoder
1241,Ribat Institute,342 Illinois 19,Wood Dale,IL,60191,,,,,,https://ribat.org/,,66,,,4256.0,
1242,Masjid Al Huda Midwest Islamic Center,1081 Irving Park Road,Schaumburg ,IL,60193,41.9975304117,-88.119555909005,,1992,,https://masjidalhuda.org/,,56,,,4266.0,census_geocoder
1243,Masjid Al-Huda,1081 East Irving Park Road,Schaumburg,IL,60193,41.9975304117,-88.119555909005,,2000,,https://www.chicagotribune.com/2000/04/14/muslims-build-place-of-faith/,,41,,,139.0,census_geocoder
1244,Dar-Ul-Ilm Foundation,2360 Lakewood Boulevard,Hoffman Estates,IL,60195,42.074366259931,-88.139076882508,,2025,,https://www.darulilmfoundation.org/contact-1,,35,,,511.0,census_geocoder
1245,Dar-us-Sunnah Mosque,2045 Brown Ave,Evanston,IL,60201,42.054878147859,-87.700328426171,,2010,,https://www.chicagoreligions.com/profiles/dar-us-sunnah-masjid-evanston,48,75,,,2364.0,census_geocoder
1246,Baitul Huda (House of Guidance),1138 Wesley Avenue,Evanston,IL,60202,42.038928403642,-87.692205901238,,,,No website,53,77,,,4241.0,census_geocoder
1247,Oak Park Muslim Community,405 South Euclid Avenue,Oak Park,IL,60302,41.88137332265,-87.792741333203,,,,https://www.oakparkmuslims.org/,65,84,,,4260.0,census_geocoder
1248,Ojala Islamic Center,1900 South Oak Park Avenue,Berwyn,IL,60402,41.853992160697,-87.793511770414,,2018,,https://ojalafoundation.org/,48,80,,,4285.0,census_geocoder
1249,American Islamic Association,8860 E st Francis rd,Frankfort,IL,60423,41.521416304269,-87.833283647961,,2005,,https://www.aiamasjid.org/about-us/,,3,,,933.0,census_geocoder
1250,Light of Islam Mosque (New),301 South Cottage Grove Avenue,Glenwood,IL,60425,41.542575906677,-87.59724174159,,2026,,https://masjidlightofislam.com/about-1/,,36,,,820.0,census_geocoder
1251,Center For Islamic Teachings and Community Development,15240 Main S,Harvey,IL,60426,41.612432739417,-87.643038406722,,2012,,https://www.facebook.com/CITCD/posts/center-for-islamic-teachings-and-community-development-15214-main-street-harveyi/1184964667129382/,56,59,,,2691.0,census_geocoder
1252,Ghousia Islamic Center,188 East 147th Street,Harvey,IL,60426,41.622558895548,-87.646188124516,,2005,,https://gicharvey.com/index.php/about-us/#,49,52,,,802.0,census_geocoder
1253,Harvey Islamic Center,163 East 154th Street,Harvey,IL,60426,41.609983489126,-87.646366587538,,-,Information Without Year,,56,51,,,1126.0,census_geocoder
1254,"Light of Islam Masjid (Old, existing)",46 East 147th Street,Harvey,IL,60426,41.622558895951,-87.65348712237,,2005,,https://masjidlightofislam.com/about-1/,41,41,,,810.0,census_geocoder
1255,South Suburban Islamic Center Of Harvey (Harvey Masjid),15200 Broadway Avenue,Harvey,IL,60426,41.613504897027,-87.644662907263,,1995,,https://harveymasjid.com/#/about,56,58,,,770.0,census_geocoder
1256,Joliet Islamic Center,2313A Oak Leaf Street,Joliet,IL,60436,41.513186027494,-88.138534400529,,,,https://jolietislamiccenter.com/,27,27,,,4246.0,census_geocoder
1257,Masjid Al-Islam,560 East North Frontage Road,Bolingbrook,IL,60440,41.697435632437,-88.044988842971,,1993,,https://bolingbrookmasjid.com/about/,,27,,,145.0,census_geocoder
1258,Masjid Furqaan - Bolingbrook,401 West Boughton Road,Bolingbrook,IL,60440,41.708177285079,-88.082636090573,,,,https://bolingbrook.masjidfurqaan.org/,,63,,,4287.0,census_geocoder
1259,Masjid Sahl - Lockport IL,700 East Ninth Street,Lockport,IL,60441,41.587532180958,-88.048431510105,,2026,,https://masjidsahl.org/,,76,,,4227.0,census_geocoder
1260,Furqaan Dawah Center,642 Forestwood Drive,Romeoville,IL,60446,41.653110823333,-88.071642655267,,2003,,https://furqaan.org/,,36,,,4269.0,census_geocoder
1261,Morris Islamic Community Center,1802 North Division Street,Morris,IL,60450,41.377101063871,-88.422202681788,,,,https://miccmasjid.org/,,50,,,4229.0,census_geocoder
1262,MAS Chicago,9210 South Oketo Avenue,Bridgeview,IL,60455,41.724056990619,-87.803689964875,,1993,,https://www.maschicago.org/,,64,,,4288.0,census_geocoder
1263,Mosque Foundation Community Center,7260 West 93rd Street,Bridgeview ,IL,60455,41.722591271817,-87.800291574046,,1981,,https://mosquefoundation.org/main-photo-gallery/educational-center/,,66,,,4291.0,census_geocoder
1264,Mosque Foundation Education Center,7360 West 93rd Street,Bridgeview,IL,60455,41.7228509,-87.802954,,1981,,https://mosquefoundation.org/main-photo-gallery/educational-center/,,63,,,4281.0,nominatim
1265,Mosque Foundation of Chicago,7360 E 93Rd st,Bridgeview,IL,60455,,,,1981,,https://mosquefoundation.org/history-timeline/,,80,,,2054.0,
1266,Mosque Harlem Center,Frontage Road,Bridgeview,IL,60455,41.7168777,-87.7984052,,,,No website,,38,,,4280.0,nominatim
1267,Hometown Mercy Mosque,8925 South Kostner Avenue,Hometown,IL,60456,41.730227793632,-87.733820490117,,1992,,https://www.instagram.com/p/DOzorLPjWT2/,,58,,,509.0,census_geocoder
1268,Masjid Al-Istiqamah,7950 South Central Avenue,Burbank,IL,60459,41.747620978579,-87.760837951897,,2021,,https://www.youtube.com/watch?v=37J5W6F-hAc,,75,,,799.0,census_geocoder
1269,Palos Islamic Center,12300 South 80th Avenue,Palos Park,IL,60464,41.666709856268,-87.81596449092,,2021,,"https://southwestregionalpublishing.com/2025/10/01/community-gets-warm-welcome-at-palos-islamic-center-open-house/#:~:text=Maureen%20Dring%20said%20she%20appreciated,open%20house%20in%20Palos%20Park.",,29,,,814.0,census_geocoder
1270,Orland Park Prayer Center,th,Orland Park,IL,60467,41.630663,-87.8536288,,2004,,https://orlandparkprayercenter.org/the-honorable-journey-twenty-years-of-service/,,78,,,2363.0,nominatim
1271,Orland Park Prayer Center,16530 104th Avenue,Orland Park,IL,60467,41.589436180514,-87.871890428368,,,,https://orlandparkprayercenter.org/,,20,,,4263.0,census_geocoder
1272,Ansar-Ud-Deen Society Of Usa,15435 South Park Avenue,South Holland,IL,60473,41.614702576703,-87.607322031565,,2005,,https://www.ansaruddeen-northamerica.org/adsna-chicago/,35,48,,,4251.0,census_geocoder
1273,Al-Nahda Mosque,1250 10555 Southwest Highway,Worth,IL,60482,41.699816954115,-87.794610880712,,1990,,https://nahda.us/,,78,,,4257.0,census_geocoder
1274,Worth Masjid & Islamic Center,11512 S Normandy Ave,Worth,IL,60482,41.682482360488,-87.786140223762,,2023,,https://www.facebook.com/100090851354079/&ved=2ahUKEwiH3KaMtpmTAxUMHDQIHU_UOzMQFnoECDkQAQ&usg=AOvVaw1IYvrd-KLC5E_8lEJ4c8Ag,,46,,,2358.0,census_geocoder
1275,Masjid Al-Jumu'ah,351 Veterans Pkwy,Bolingbrook,IL,60490,41.688797936297,-88.116829836425,,2014,,https://bolingbrookmasjid.com/about/,,47,,,625.0,census_geocoder
1276,Masjid Al-Abraar,431 South Farnsworth Avenue,Aurora,IL,60505,41.747078895547,-88.281504770474,,,,https://masjidalabraar.com/,,44,,,4284.0,census_geocoder
1277,Fox Vally Muslim Community Center,1187 Timberlake Dr.,Aurora,IL,60506,41.780739675927,-88.353497712929,,1995,,https://prayersconnect.com/mosques/84062980-fox-valley-muslim-community-center-aurora-illinois-united-states,20,38,,,1106.0,census_geocoder
1278,Masjid Hidayath (Islamic Center of Aurora),543 S Lake St,Aurora,IL,60506,41.751453868677,-88.32970202409,,2022,,https://www.masjidhidayath.org/,24,64,,,2359.0,census_geocoder
1279,Batavia Islamic Center,222 South Batavia Avenue,Batavia,IL,60510,41.846595512963,-88.311735384352,,1983,,http://www.bataviaislamiccenter.com/aboutus.html,,83,,,16.0,census_geocoder
1280,Anjuman-e-Saifee Chicago,10S252 Kingery Highway,Willowbrook,IL,60527,41.725203994277,-87.94398450727,,1950,,https://www.chicagojamaat.org,,41,,,634.0,census_geocoder
1281,Mecca Center,16W560 91st Street,Willowbrook,IL,60527,41.723237920469,-87.947982980142,,2006,,https://meccacenter.org/about/history-of-mecca/,,52,,,771.0,census_geocoder
1282,Islamic Center of Naperville (ICN) Al Hilal- Ogden,2844 West Ogden Avenue,Naperville,IL,60540,41.7408882,-88.2455179,,1991,,https://icnmasjid.org/,29,60,,,4247.0,nominatim
1283,Islamic Center of Naperville-Al-Hidayah,450 S Olson Dr,Naperville,IL,60540,,,,1991,,https://icnmasjid.org/olesen,0,41,,,1297.0,
1284,Islamic Center of Naperville-Al-Hilal,2844 East Ogden Avenue,Naperville,IL,60540,41.794339,-88.1258219,,2007,,https://icnmasjid.org/ogden,27,64,,,1298.0,nominatim
1285,MADINA Community - Oswego,3525 Walter Payton Memorial Highway,Oswego ,IL,60543,,,,2024,,https://www.madinacommunity.org/,,45,,,4264.0,
1286,Oswego Masjid Abu Bakr,197 East Washington Street,Oswego,IL,60543,41.679244024453,-88.349241849019,,,,https://oswegomasjid.org/,,79,,,4265.0,census_geocoder
1287,Islamic Center of Romeville IL,14455 S Budler Rd,Plainfield,IL,60544,41.6334905,-88.1545764,,2014,,https://thfoundation.com/about.php,,13,,,2694.0,nominatim
1288,Islamic Foundation of Southwest Suburbs,23616 W Main St,Plainfield,IL,60544,41.617840933087,-88.193415870597,,2007,,https://prayersconnect.com/mosques/84036870-masjid-meraj-islamic-foundation-of-southwest-suburbs-plainfield-illinois-united-states,,21,,,1430.0,census_geocoder
1289,Madani Masjid,40 North Lincoln Street,Westmont,IL,60559,41.796588862189,-87.976853135896,,2016,,https://www.madanimasjid.org/,37,79,,,4254.0,census_geocoder
1290,Masjid al-Mustafa,300 East 55th Street,Westmont,IL,60559,41.7883949,-87.9653767,,2005,,https://masjidalmustafa.weebly.com/,30,45,,,4255.0,nominatim
1291,Masjid Furqaan Darien,8141 South Cass Avenue,Darien,IL,60561,41.742931714846,-87.97348737682,,2003,,https://darien.masjidfurqaan.org/,,52,,,4301.0,census_geocoder
1292,A Noor Islamic Center of Naperville (ICN)- 248th,3540 248th Ave,Naperville,IL,60564,41.7085031,-88.225129,,2024,,https://icnmasjid.org/248,13,21,,,2697.0,nominatim
1293,Islamic Center of Naperville,25W530 75th Street,Naperville,IL,60565,41.74868614764,-88.11988249774,,2018,,https://icnmasjid.org/75th,,56,,,543.0,census_geocoder
1294,Downtown Islamic Center,231 S State st 4Th Fl.,Chicago,IL,60604,41.879045714045,-87.627622751317,,1976,,"https://sites.northwestern.edu/reportingislam/student-reporting/rishika-dugyala-downtown-islamic-center-hopes-expand-past-pray-station-role-draw-young-muslims/#:~:text=The%20mosque%2C%20or%20masjid%2C%20was,carry%20on%20with%20their%20day.",100,100,,,28.0,census_geocoder
1295,Downtown Islamic Center,231 South State Street #4,Chicago,IL,60604,41.879045714045,-87.627622751317,,1976,,https://dicchicago.org/,71,94,,,4274.0,census_geocoder
1296,Sacred Roots Muslim Community,1758 West 21st Place ,Chicago,IL,60608,41.853232965836,-87.669958030606,,,,https://www.sacredrootscommunity.org/,66,90,,,4296.0,census_geocoder
1297,Taleef Collective Chicago,1945 South Halsted Street,Chicago,IL,60608,41.855784598707,-87.646510457211,,2005,,https://www.taleefcollective.org/,66,93,,,4292.0,census_geocoder
1298,Haske Rasuloolah Center,4819 South Ashland Avenue,Chicago,IL,60609,41.806414203911,-87.664835864808,,1976,,https://www.haskerasuloolah.org/,59,86,,,4273.0,census_geocoder
1299,Masjid Ummiyyina,,Chicago,IL,60609,41.8755616,-87.6244212,,,,No website,100,100,,,4318.0,nominatim
1300,mosque of bulsho,211 West Walton Street,Chicago,IL,60610,41.899695847272,-87.634959473766,,,,No website,88,97,,,4304.0,census_geocoder
1301,New Zaiqa Musalla,1312 North Clybourn Avenue,Chicago,IL,60610,41.905751804089,-87.642441858762,,,,Website link invalid,83,94,,,4294.0,census_geocoder
1302,Masjid Muminun,3003 E Harrison,Chicago,IL,60612,41.873685855412,-87.701135594026,,-,Information Without Year,https://masjidalmumineenchi.com/,100,99,,,1919.0,census_geocoder
1303,Masjid Al-Hafeez,461 E 83Rd st,Chicago,IL,60613,41.743797872778,-87.612226478035,,-,No Basic Information,,63,72,,,1673.0,census_geocoder
1304,The Nigerian Islamic Center of Chicago,932 West Sheridan Road,Chicago,IL,60613,41.952748430619,-87.653461675574,,1994,,https://nigeriaislamicassociation.org/about,81,94,,,329.0,census_geocoder
1305,Masjid Al Faatir,1200 E 47th St,Chicago,IL,60615,41.809702451987,-87.596755397263,,1983,,https://masjidal-faatir.com/legacy/,63,79,,,1588.0,census_geocoder
1306,Masjid Al-Ihsan,227 E 51St st,Chicago,IL,60615,41.801987506825,-87.61996923719,,-,,https://www.masjidihsan.org/,75,81,,,1691.0,census_geocoder
1307,Masjid Al-Taqwa,8211 S Exchange Ave,Chicago,IL,60617,41.746252471035,-87.552713598254,,2014,,https://prayersconnect.com/mosques/84099271-masjid-al-taqwa-chicago-illinois-united-states,64,64,,,1767.0,census_geocoder
1308,Masjid Furqaan - Chicago AKA Furqaan Dawah Center,7920 South Kingston Avenue ,Chicago,IL,60617,41.750950781375,-87.562657724643,,2010,,https://chicago.masjidfurqaan.org/,63,72,,,4316.0,census_geocoder
1309,Taqwa Islamic Center/Masjid Al-Taqwa,9333 S Escanaba Ave,Chicago,IL,60617,41.725435168576,-87.553829649553,,2014,,https://www.guidestar.org/profile/45-4740075,62,75,,,2186.0,census_geocoder
1310,Chicago Central Mosque & Islamic Center,3617 West Belle Plaine Avenue,Chicago,IL,60618,41.955540842378,-87.718557761546,,2011,,https://salaamalykum.com/?/article/1686,71,91,,,477.0,census_geocoder
1311,Chicago Merkez Camii,3617 West Belle Plaine Avenue,Chicago,IL,60618,41.955540842378,-87.718557761546,,,,No website,70,90,,,4276.0,census_geocoder
1312,Islamic Oasis Center and Mosque,4201 North Monticello Avenue,Chicago,IL,60618,41.957484008366,-87.719071846206,,,,https://islamicoasis.org/,69,72,,,4307.0,census_geocoder
1313,Masjid At-Tawheed Chicago,8726 S Halsted st,Chicago,IL,60620,41.735172119069,-87.643667701967,,1997,,https://www.masjidattawheedchicag.org/about-us,56,63,,,1830.0,census_geocoder
1314,Masjed NationWide,4420 West 5th Avenue,Chicago,IL,60624,41.870130208967,-87.735946414118,,,,No website,70,57,,,4311.0,census_geocoder
1315,Masjid Al Mina,3840 West Roosevelt Road,Chicago,IL,60624,41.86627644922,-87.721630535942,,,,https://www.masjidalmina.com/,68,74,,,4314.0,census_geocoder
1316,Masjid Dawah,210 N Homan ave,Chicago,IL,60624,41.885032252845,-87.711205525308,,2005,,"https://www.causeiq.com/organizations/masjid-dawah,364298712/",74,74,,,1854.0,census_geocoder
1317,Madinah Masjid (sunni sufi qadri),4850 North Saint Louis Avenue,Chicago,IL,60625,41.969523708776,-87.715916625797,,2018,,https://prayersconnect.com/mosques/84020434-madinah-masjid-chicago-illinois-united-states,66,88,,,478.0,census_geocoder
1318,Makki Masjid,3418 E Ainslie st,Chicago,IL,60625,41.970271431035,-87.714560653091,,1997,,https://www.makkimasjid.com/about-us/history,66,92,,,125.0,census_geocoder
1319,Makki Masjid,3418 West Ainslie Street,Chicago,IL,60625,41.970271431035,-87.714560653091,,1997,,https://www.makkimasjid.com/,66,92,,,4310.0,census_geocoder
1320,Masjid E Faizan E Madeena,6305 N Ridge Blvd,Chicago,IL,60626,41.995725284319,-87.675708024563,,1981,,https://www.dawateislamiusa.org/,66,81,,,1857.0,census_geocoder
1321,Al-Ansar Mosque,2506 West 63rd Street,Chicago,IL,60629,41.779272657169,-87.686398585388,,-,,No website,60,77,,,4279.0,census_geocoder
1322,Chicago Islamic Center/Masjid Al-Qassam,3357 West 63rd Street,Chicago,IL,60629,41.778854342889,-87.706934356179,,1987,,https://www.facebook.com/icconline/,58,78,,,2367.0,census_geocoder
1323,IMAN Prayer Space (Musalla),6313 South California Avenue,Chicago,IL,60629,41.778735307685,-87.693306922451,,1996,,https://imancentral.org/,61,78,,,4290.0,census_geocoder
1324,Masjid Al-Ansar,2506 E 63Rd st,Chicago,IL,60629,41.779272657169,-87.686398585388,,-,Information Without Year,https://prayersconnect.com/mosques/84030129-al-ansar-mosque-chicago-illinois-united-states,71,64,,,1641.0,census_geocoder
1325,The Ephraim Bahar Cultural Center,2525 E 71St st,Chicago,IL,60629,41.766228385385,-87.562314978134,,1994,,https://ebaharcenter.com/,62,79,,,2195.0,census_geocoder
1326,The Ephraim Bahar Cultural Center,2525 West 71st Street,Chicago,IL,60629,41.764585936857,-87.686717126465,,1994,,https://ebaharcenter.com/,57,73,,,4223.0,census_geocoder
1327,Dar Al-Hadith,4809 North Elston Avenue,Chicago,IL,60630,41.968374604997,-87.740466497861,,2014,,https://nadignewspapers.com/residents-unhappy-with-mosques-alley-location/,67,88,,,474.0,census_geocoder
1328,MASJID AL RAHMAN,4846 North Elston Avenue,Chicago,IL,60630,41.969232963505,-87.742108946479,,,,https://icislam.org/,67,84,,,4308.0,census_geocoder
1329,MASOM,4353 West Lawrence Avenue,Chicago,IL,60630,41.968085221361,-87.737045724216,,1975,,"https://www.causeiq.com/organizations/midwest-association-of-shia-organized-muslims,361210130/",66,88,,,473.0,census_geocoder
1330,Rumija Islamic Center,6023 North Northwest Highway,Chicago,IL,60631,41.990693686893,-87.79605291568,,2016,,https://www.rumijaic.com/about-us,52,82,,,476.0,census_geocoder
1331,Islamic Community Center of Illinois (ICCI),6435 E Belmont ave,Chicago,IL,60634,41.938239796113,-87.787344886405,,2001,,https://iccicenter.org/about-us/,21,59,,,86.0,census_geocoder
1332,Muslim Community Center,6111 E Addison St,Chicago,IL,60634,41.945685847455,-87.779247950499,,1969,,https://mccchicago.org/mcc-past-and-present/,58,79,,,189.0,census_geocoder
1333,Turkish American Cultural Alliance,3845 North Harlem Ave,Chicago,IL,60634,41.94972997115,-87.807083383977,,1964,,https://www.ataa.org/about/history-of-ataa/,54,73,,,2208.0,census_geocoder
1334,Western Bosnian Islamic Community Center,2944 N Narragansett ave,Chicago,IL,60634,41.933656958855,-87.785852315614,,1906,,https://becca-chicago.com/en/about-us/,56,81,,,2233.0,census_geocoder
1335,Barakah Chicago,5235 North Kenmore Avenue,Chicago,IL,60640,41.977025720923,-87.656355696088,,2005,,https://www.barakahchicago.org/,78,90,,,4277.0,census_geocoder
1336,MCC,4025 West Montrose Avenue,Chicago,IL,60641,41.960877842047,-87.728942881697,,1969,,https://mccchicago.org/,65,85,,,4312.0,census_geocoder
1337,Muslim Community Center (MCC Chicago),4380 North Elston Ave,Chicago,IL,60641,41.960096029521,-87.72860664226,,1969,,https://mccchicago.org/about-us/,68,85,,,2361.0,census_geocoder
1338,Bosnian Educational & Cultural Center of America,7022 North Western Avenue,Chicago,IL,60645,42.009311622026,-87.690255488724,,2002,,"https://becca-chicago.com/en/about-us/#:~:text=History%20of%20the%20Bosniak%20Chicago,was%20succeeded%20by%20Kemal%20ef.",54,87,,,492.0,census_geocoder
1339,Bosnian Islamic Cultural Center,7022 N Western ave,Chicago,IL,60645,42.009311622026,-87.690255488724,,1925,,,54,87,,,1005.0,census_geocoder
1340,Faizan-e-madina - West Ridge,6821 North Western Avenue,Chicago,IL,60645,42.005251583365,-87.690000226206,,1981,,https://www.dawateislamiusa.org/,51,86,,,4286.0,census_geocoder
1341,Faizan-e-Madinah Mosque,6821 North Western Avenue,Chicago,IL,60645,42.005251583365,-87.690000226206,,2013,,https://www.faizanemadinahusa.org/chicago-center/about-us,51,86,,,491.0,census_geocoder
1342,Madina Islamic Academy,6409 North Claremont Avenue,Chicago,IL,60645,41.998122951156,-87.688596145766,,2017,,https://madinaislamicacademy.com/about-us/,53,92,,,897.0,census_geocoder
1343,Masjid-E-Rahmat,6412 N Talman ave,Chicago,IL,60645,41.998029833864,-87.696075815204,,1970,,"https://www.chicagohistory.org/ramadan/#:~:text=Today%2C%20there%20are%20about%20100,mosque%20in%20the%20western%20suburbs.",56,92,,,2011.0,census_geocoder
1344,Mehdavia Islamic Center of Chicago,7419 North Western Avenue,Chicago,IL,60645,42.01628147066,-87.69013140841,,1990,,https://www.miccusa.org/about-us,62,90,,,494.0,census_geocoder
1345,Rahmat E Alam Foundation,7045 North Western Avenue,Chicago,IL,60645,42.010183596213,-87.690122178694,,1998,,https://rahmatealam.org/about-us/,55,88,,,493.0,census_geocoder
1346,Sri Lanka Jummah Masjid,6412 N Hamilton ave,Chicago,IL,60645,41.998476085703,-87.683887514134,,2014,,https://www.facebook.com/groups/slmcchicago/,54,87,,,2174.0,census_geocoder
1347,Tahoora Masjid,6534 North Seeley Avenue,Chicago,IL,60645,42.000439658607,-87.681520662285,,,,No website,54,67,,,4298.0,census_geocoder
1348,Chicago Mosque,6201 West Peterson Avenue,Chicago,IL,60646,41.989901,-87.7831292,,2015,,"https://nadignewspapers.com/islamic-foundation-acquires-faith-lutheran-church-building-at-peterson-and-melvina-avenues/#:~:text=Peterson%20Ave.%2C%20was%20sold%20last,property%20was%20listed%20as%20$990%2C000.&text=landscaped%20grounds.%22%20The%20site%20includes,Child%20Care%20and%20Pre%2Dschool.",48,83,,,475.0,nominatim
1349,Al-Farooq Mosque,8950 S Stony Island,Chicago,IL,60649,41.732343950165,-87.585628456422,,2002,,https://southsideweekly.com/to-purchase-the-heart/,59,79,,,878.0,census_geocoder
1350,Mosque Maryam,7351 South Stony Island Avenue,Chicago,IL,60649,41.761043128149,-87.585713970203,,1988,,"https://en.wikipedia.org/wiki/Mosque_Maryam#:~:text=Farrakhan%20named%20the%20building%20Mosque,was%20opened%20the%20same%20year.",65,82,,,484.0,census_geocoder
1351,Nation of Islam,7351 South Stony Island Avenue,Chicago,IL,60649,41.761043128149,-87.585713970203,,,,https://noi.org/,65,82,,,4293.0,census_geocoder
1352,Masjid Al Muhajireen,3777 E Columbus ave,Chicago,IL,60652,41.739951105634,-87.715825177235,,1985,,https://muhajireen.org/en,56,75,,,148.0,census_geocoder
1353,Masjid An-Nasr,3936 West 82nd Place,Chicago,IL,60652,41.74318347025,-87.719965908175,,,,No website,56,75,,,4315.0,census_geocoder
1354,Al Sadiq Mosque,4448 South Wabash Avenue,Chicago,IL,60653,41.813907332735,-87.624665543452,,1922,,https://en.wikipedia.org/wiki/Al-Sadiq_Mosque,76,69,,,605.0,census_geocoder
1355,Masjid,323 East Pershing Road,Chicago,IL,60653,41.823753859378,-87.618430886986,,,,No website,68,66,,,4313.0,census_geocoder
1356,Masjid Al-Faatir,1200 East 47th Street,Chicago,IL,60653,41.809702451987,-87.596755397263,,1987,,https://www.archnet.org/sites/10390,63,79,,,472.0,census_geocoder
1357,Masjid-Al-Ihsan,3911 South Calumet Avenue,Chicago,IL,60653,41.823272390072,-87.618458544419,,-,,https://www.masjidihsan.org/,69,81,,,4306.0,census_geocoder
1358,Masjid-e-Abubakr (Roscoe Masjid),1017 West Roscoe Street,Chicago,IL,60657,41.943500957562,-87.655102275518,,1982,,"https://www.wbez.org/reset-with-sasha-ann-simons/2022/04/14/whats-that-building-abu-bakr-masjid#:~:text=Since%201872%2C%20this%20building%20has,the%20chapel%2C%E2%80%9D%20Foster%20said.",85,96,,,497.0,census_geocoder
1359,Baitullah Masjid,2540 West Peterson Avenue,Chicago,IL,60659,41.9905304264,-87.693550473059,,,,No website,54,85,,,4278.0,census_geocoder
1360,Dar ul Eimaan Islamic Community Center,2315 West Devon Avenue,Chicago,IL,60659,41.997701343133,-87.688052547614,,-,No Basic Information,https://rakwa.com/listting/dar-ul-eimaan-islamic-community-center,53,93,,,489.0,census_geocoder
1361,Dar-Ut-Tawheed,6351 North Western Avenue,Chicago,IL,60659,41.99661664303,-87.689768582306,,,,https://www.daruttawheed.com/,53,95,,,4275.0,census_geocoder
1362,Icna-Chicago,6224 N California ave,Chicago,IL,60659,41.994442794896,-87.699607455902,,2015,,"https://www.causeiq.com/organizations/icna-chicago-illinois-organization,473342673/",56,93,,,1136.0,census_geocoder
1363,Islamic Center of Chicago (AlTakaful),5933 N Lincoln ave,Chicago,IL,60659,41.989095858951,-87.705084605171,,1987,,https://www.icconline.org/about/,56,88,,,47.0,census_geocoder
1364,Jamia Masjid of Chicago,6340 North Campbell Avenue,Chicago,IL,60659,41.9970338,-87.6929139,,1996,,https://jamiamasjidchicago.com/about-us/,54,94,,,490.0,nominatim
1365,Lakeshore Muslim Community Center,2150 W Devon Ave #1w,Chicago,IL,60659,41.997881615539,-87.684184897841,,1993,,https://www.islamicfinder.org/world/view-place/59470/,54,84,,,1523.0,census_geocoder
1366,"Mahdavia Association, Dairah of North America",2600 West Peterson Avenue,Chicago,IL,60659,41.99053042646,-87.694613307286,,,,https://mahdavia.com/?fbclid=IwY2xjawRqOrdleHRuA2FlbQIxMABicmlkETFpNVBIWG1nVkFYVDRLcmxUc3J0YwZhcHBfaWQQMjIyMDM5MTc4ODIwMDg5MgABHpmcYEApMDipS0XGv2CSJgKGwOFjJYMxxwcKeN0sChNykwi_5KImZbDt6OHV_aem_USJ8VeyBgAHzfqgs13PEvg,54,85,,,4309.0,census_geocoder
1367,Masjid Darul-Qur'an,2514 West Thorndale Avenue,Chicago,IL,60659,41.988667426673,-87.692727805773,,1997,,https://www.chicagoquran.com/about,53,83,,,488.0,census_geocoder
1368,Masjid Rahmat-e-Alam,6201 North California Avenue,Chicago,IL,60659,41.994032480636,-87.699442071847,,1998,,https://rahmatealam.org/,58,91,,,4317.0,census_geocoder
1369,Masjid-E-Ayesha,2409-B E Devon Ave,Chicago,IL,60659,41.997661348907,-87.690310528319,,2017,,"https://www.causeiq.com/organizations/turabi-muslim-community-center,814054280/",39,49,,,2008.0,census_geocoder
1370,NURRANI MUSALLA ISLAMIC COMMUNITY CENTER,6344 North Claremont Avenue,Chicago,IL,60659,41.996550772714,-87.688703865935,,,,No website,53,91,,,4299.0,census_geocoder
1371,Rafat masjid,2737 West Devon Avenue,Chicago,IL,60659,41.997519589537,-87.698595401163,,,,No website,58,94,,,4305.0,census_geocoder
1372,Sabeelur Rashaad Educational Foundation,3114 West Devon Avenue,Chicago,IL,60659,41.997479266062,-87.707519505474,,,,https://sabeelurrashaad.org/,57,87,,,4295.0,census_geocoder
1373,Sunni Centre Chicago,2835 West Devon Avenue,Chicago,IL,60659,41.99749028634,-87.7005784547,,,,No website,58,92,,,4297.0,census_geocoder
1374,Ismaili Center,6259 North Broadway,Chicago,IL,60660,41.99579987049,-87.660364762494,,-,No Basic Information,(773) 262-1616,73,95,,,498.0,census_geocoder
1375,Masjid E Faizan E Madeena,6305 North Ridge Boulevard,Chicago,IL,60660,41.995725284319,-87.675708024563,,1981,,https://www.dawateislamiusa.org/,66,81,,,4222.0,census_geocoder
1376,Masjid e Noor,6151 North Greenview Avenue,Chicago,IL,60660,41.994240747516,-87.667637180347,,-,No Basic Information,(872) 760-3296,73,90,,,496.0,census_geocoder
1377,Masjid Hameedia,1460 E Elmdale ave,Chicago,IL,60660,41.990896267633,-87.666639138184,,-,Information Without Year,https://www.chamberofcommerce.com/business-directory/illinois/chicago/mosque/2030328499-masjid-hameedia,72,88,,,1871.0,census_geocoder
1378,Masjid Noor,6151 N Greenview,Chicago,IL,60660,41.994240747516,-87.667637180347,,-,Information Without Year,https://prayersconnect.com/mosques/84085240-masjid-e-noor-chicago-illinois-united-states,73,90,,,1928.0,census_geocoder
1379,Midwest Masoom Assocation,4353 E Laurence ave,Chicago,IL,60660,,,,1975,,"https://islamichorizons.net/fifty-years-of-preservation-protection-and-leadership/#:~:text=Part%20of%20this%20vision%20is%20to%20also,a%20young%2C%20knowledgeable%20Imam%20and%20youth%20director.",100,100,,,2044.0,
1380,Sacred Learning Center,3900 West Devon Avenue,Lincolnwood,IL,60712,41.997307427087,-87.726522805411,,2019,,https://www.sacredlearning.org/center/,44,82,,,719.0,census_geocoder
1381,Kankakee islamic center,920 Kennedy Drive,Kankakee,IL,60901,41.130841683537,-87.878099829975,,1976,,https://www.kankakeeislamiccenter.com/,,77,,,4234.0,census_geocoder
1382,Sauk Valley Islamic Center,202 East Fellows Street,Dixon,IL,61021,41.849646541638,-89.483777135882,,,,No website,,74,,,4282.0,census_geocoder
1383,ICNA Rockford,1110 Arthur Avenue,Rockford,IL,61101,42.286426335633,-89.106278697009,,,,https://www.icnarockford.org/,,67,,,4268.0,census_geocoder
1384,Muslim Community Center of Rockford,5921 Darlene Dr.,Rockford,IL,61109,42.236429597477,-89.002064559637,,2011,,https://www.rrstar.com/story/news/2010/08/18/rockford-s-first-mosque-expected/44627968007/,,37,,,2092.0,census_geocoder
1385,Islamic Center of the Quad Cities,6005 34th ave,Moline,IL,61244,41.478299087632,-90.456759835299,,2004,,http://icqconline.org/about-icqc/,36,23,,,661.0,census_geocoder
1386,Islamic Center of Macomb,601 Wigwam Hollow Rd,Macomb,IL,61455,40.466227391137,-90.694839086337,,2002,,https://www.gofundme.com/f/save-the-islamic-center-of-macomb-keep-our-masjid-alive,,26,,,652.0,census_geocoder
1387,Muhammad ✨🌙 Ma Maryam,601 South Henry Street,Eureka,IL,61530,40.716620295974,-89.265926301531,,,,No website,,31,,,4242.0,census_geocoder
1388,Islamic Center of Peoria,1716 N North st,Peoria,IL,61605,40.708243480958,-89.598690090615,,2015,,https://icpeoria.org/about/phase-4/,38,61,,,1318.0,census_geocoder
1389,MSA Masjid,1315 West Main Street,Peoria,IL,61606,40.699857908969,-89.61347893572,,,,No website,35,78,,,4267.0,census_geocoder
1390,Muslim Student Association House,1315 East Main Street,Peoria,IL,61606,40.699857908969,-89.61347893572,,1963,,"https://www.msanational.org/about#:~:text=The%20Muslim%20Students%20Association%20of%20the%20U.S.,at%20the%20University%20of%20Illinois%20at%20Urbana-Champaign.",,14,,,2106.0,census_geocoder
1391,Masjid As-Salaam,823 E Salaam Dr.,Peoria,IL,61615,40.786033187283,-89.60696144457,,2000,,https://www.facebook.com/IFPeoria/,26,49,,,1812.0,census_geocoder
1392,Islamic Center of Mclean County,421 Olympia Drive,Bloomington,IL,61704,40.471913870757,-88.908124469922,,2016,,https://icmclean.org/,0,23,,,4289.0,census_geocoder
1393,Masjid Ibrahim,2407 E Washington st,Bloomington,IL,61704,40.47986376111,-88.950200488385,,2007,,"https://www.causeiq.com/organizations/masjid-ibrahim,134319226/",30,63,,,1884.0,census_geocoder
1394,Central Illinois Mosque & Islamic Center,106 S Lincoln Ave,Urbana,IL,61801,40.112115347943,-88.219253145788,,1983,,https://www.cimic.org/about-us/,66,87,,,2357.0,census_geocoder
1395,DMCC - Danville Masjid and Community Center,14 Ridgeview Street,Danville,IL,61832,40.167034150768,-87.628945933571,,2014,,https://prayersconnect.com/mosques/84016092-danville-masjid-and-community-center-dmcc-danville-illinois-united-states,,62,,,4300.0,census_geocoder
1396,Masjid Al-Ghuraba,21-A Kettle River rd,Edwardsville,IL,62034,38.780330708525,-89.960816137309,,-,Information Without Year,https://www.facebook.com/people/Masjid-Al-Ghuraba/100081295695601/?mibextid=LQQJ4d,,40,,,1671.0,census_geocoder
1397,Masjid-Al-Ghurabaa,21A Kettle River Drive,Glen Carbon,IL,62034,38.780330708525,-89.960816137309,,,,https://islamville.org/?fbclid=IwY2xjawRqIdVleHRuA2FlbQIxMABicmlkETFNMVFWdG96dnNMYUtjQWpmc3J0YwZhcHBfaWQQMjIyMDM5MTc4ODIwMDg5MgABHovlJ2806JsYJOTZptHT0iiXjZPLcNY5gbNW9uHKMeQkSVjwo5wTO9sZxUDD_aem_4Mrj_8KCoW8tmPa6LAoMDA,,40,,,4239.0,census_geocoder
1398,Muhammad's Mosque 28 B,2216 State Street,East Saint Louis,IL,62205,38.617296826899,-90.130431694155,,,,No website,53,61,,,4258.0,census_geocoder
1399,Belleville Masjid & Islamic Education Center,4525 Old Collinsville Road,Belleville,IL,62226,38.564366314603,-89.964800171222,,2001,,https://stclairil.devnetwedge.com/parcel/view/08020100024/2024,,6,,,303.0,census_geocoder
1400,Islamic Center of Quincy,2433 North 12th Street,Quincy,IL,62305,39.961024562901,-91.396456466184,,,,https://www.facebook.com/profile.php?id=61580432772989&sk=about,,21,,,4270.0,census_geocoder
1401,decater islamic center,1635 Huston Drive,Decatur,IL,62526,39.879639570694,-88.935269018566,,,,https://masjidwh.org/,,38,,,4303.0,census_geocoder
1402,Masjid e Ummah,499-401 West Sawyer Street,Decatur,IL,62526,39.860790743384,-88.960860496501,,,,No website,,57,,,4302.0,census_geocoder
1403,Masjid Wali Hasan,1635 Huston Dr.,Decatur,IL,62526,39.879639570694,-88.935269018566,,-,Information Without Year,www.homes.com/property/1635-huston-dr-decatur-il/ly651dgsgtqkx/,,38,,,2000.0,census_geocoder
1404,Islamic Society of Springfield,3000 Stanton st,Springfield,IL,62703,39.762327105368,-89.624975125978,,1999,,https://www.sj-r.com/story/news/local/2016/09/09/islamic-society-looks-to-open/25479187007/,30,41,,,109.0,census_geocoder
1405,An-Noor Islamic Community Center,3255 Mathers Road,Springfield ,IL,62711,39.737553939526,-89.707644206389,,1981,,https://isogs.org/,21,15,,,4252.0,census_geocoder
1406,Islamic Center of Greater Centralia,224 S Broadway,Centralia,IL,62801,38.545290805389,-89.129581183547,,-,No Basic Information,,,44,,,1248.0,census_geocoder
1407,Islamic Center of Carbondale,511 S Popular,Carbondale,IL,62901,37.722830013876,-89.221533521253,,2000,,https://carbondalemuslimcenter.com/about-us/,,80,,,1218.0,census_geocoder
1408,Masjid An-Nur,504 S Wall,Carbondale,IL,62901,37.722159488483,-89.208775315325,,2000,,https://carbondalemuslimcenter.com/about-us/,,74,,,1792.0,census_geocoder
1409,Anderson Islamic Center,510 East 29th Street,Anderson,IN,46016,40.08735465664,-85.6727090611,,2025,,https://andersonislamiccenter.org/about-us/#,,63,,,2822.0,census_geocoder
1410,Inspyred,12400 North Meridian Street Suite 150,Carmel,IN,46032,39.956296625313,-86.158001218438,,-,Information Without Year,,,46,,,2837.0,census_geocoder
1411,Alhuda Foundation,12201 Lantern Rd,Fishers,IN,46038,39.9647269,-86.0128753,,2005,,https://alhudafoundation.org/about-us/,,70,,,2368.0,nominatim
1412,Alhuda Islamic Center of Indiana (AICI),12213 Lantern Road,Fishers,IN,46038,39.9655474,-86.0129375,,2005,,https://alhudafoundation.org/about-us/,,39,,,769.0,nominatim
1413,Geist Community Center,14500 East 96th Street,McCordsville ,IN,46055,39.928588848724,-85.903313570702,,2016,,https://geistcommunitycenter.org,,1,,,2833.0,census_geocoder
1414,Al Azhar Foundation,16616 Southpark Drive,Westfield,IN,46074,40.028432375637,-86.13833293444,,2025,,https://www.instagram.com/p/DMyp-FTpTEg/,,19,,,2823.0,census_geocoder
1415,Islamic Society of North America (ISNA),6555 S County Rd 750 E,Plainfield,IN,46168,39.667035559158,-86.389071840587,,1981,,https://www.archnet.org/sites/891,,0,,,2373.0,census_geocoder
1416,Masjid As-Salaf As-Salih,2020 E 46th St,Indianapolis,IN,46201,39.840277724638,-86.126846982204,,2014,,https://maps.indy.gov/AssessorPropertyCards.Reports.Service/ReportPage.aspx?ParcelNumber=8013799,32,70,,,1813.0,census_geocoder
1417,Al Mumineen Mosque,4088 Millersville Rd,Indianapolis,IN,46205,39.830163513685,-86.120711169883,,2001,,https://masjidmumineen.com/about,39,53,,,2371.0,census_geocoder
1418,Bait-ur-Raheem Ahmadiyya Muslim Community Mosque,3520 North Washington Boulevard,Indianapolis,IN,46205,39.819609028275,-86.152148936905,,-,No Basic Information,,49,51,,,2821.0,census_geocoder
1419,Nur-Allah Islamic Center,2040 E 46th st,Indianapolis,IN,46205,39.840277724611,-86.12629312911,,1992,,https://indyencyclopedia.org/nur-allah-islamic-center/,31,71,,,206.0,census_geocoder
1420,Muhammad Mosque #74,2248 East 38th Street,Indianapolis,IN,46218,39.825481884257,-86.123873338748,,1970,,https://maps.indy.gov/AssessorPropertyCards.Reports.Service/ReportPage.aspx?ParcelNumber=8022695,40,62,,,694.0,census_geocoder
1421,Dar Al-Zikr,2900 S Tibbs,Indianapolis,IN,46221,39.723781543036,-86.217611630612,,2002,,"https://www.causeiq.com/organizations/dar-uz-zikr,352146433/",19,27,,,1052.0,census_geocoder
1422,Al-Fajr Mosque/Indianapolis Muslim Community Association,2846 Cold Spring Rd,Indianapolis,IN,46222,39.807717347801,-86.203217152624,,1991,,https://www.facebook.com/masjidalfajr/about/,33,26,,,2369.0,census_geocoder
1423,Al-Rahmah Foundation,3639 Commercial Drive,Indianapolis,IN,46222,39.82165881507,-86.22841276528,,2014,,https://prayersconnect.com/mosques/84093523-al-rahmah-foundation-indianapolis-indiana-united-states,30,59,,,2828.0,census_geocoder
1424,Muslim Community Center - Masjid Al-Taqwa,4836 Mt Vernon Dr,Indianapolis,IN,46227,39.695178665754,-86.145806999368,,2002,,https://prayersconnect.com/mosques/84073412-masjid-al-taqwa-muslim-community-center-indianapolis-indiana-united-states,27,52,,,2370.0,census_geocoder
1425,Al Hikmah Islamic Center,1800 W 57th St,Indianapolis,IN,46228,39.85747566407,-86.193088853507,,2017,,"https://www.causeiq.com/organizations/al-hikmah-islamic-center,462313516/",25,42,,,2372.0,census_geocoder
1426,Nur-Allah Islamic Center,830 North Mitthoefer Road,Indianapolis,IN,46229,39.780643036381,-85.990445375081,,2020,,https://indyencyclopedia.org/nur-allah-islamic-center/,41,57,,,2819.0,census_geocoder
1427,Masjid Sabeel'ul Faoz,9033 Crawfordsville Road,Indianapolis,IN,46234,39.815687135229,-86.322165640183,,2016,,https://sabeelulfaoz.org/about-us/,,51,,,2820.0,census_geocoder
1428,Masjid As-Sahaba,711 S High School Rd,Indianapolis,IN,46241,39.754644813027,-86.269767266148,,2003,,https://masjidassahaba.org/,30,44,,,2374.0,census_geocoder
1429,Al-Haqq Foundation,5554 Georgetown rd,Indianapolis,IN,46254,39.851868800221,-86.240360093044,,2006,,https://www.linkedin.com/company/al-haqq-foundation/about/,25,69,,,882.0,census_geocoder
1430,Masjid An-Nur,5250 Lafayette rd,Indianapolis,IN,46254,39.846631701035,-86.257185569881,,-,Information Without Year,https://www.facebook.com/Masjidalnoorindy/directory_links,11,42,,,1794.0,census_geocoder
1431,Masjid E Noor,5355 Lafayette Road,Indianapolis,IN,46254,39.848677025712,-86.259014028659,,2015,,"https://www.causeiq.com/organizations/masjid-e-noor-corporation,272328473/",0,47,,,2824.0,census_geocoder
1432,Zainabia Center For Momin,4444 E 56th st,Indianapolis,IN,46254,39.855109720269,-86.093904159451,,1990,,https://halalguide.me/indianapolis/mechet/zainabia-community-center,10,45,,,2244.0,census_geocoder
1433,Al Salam Foundation,9551 Valparaiso Ct,Indianapolis,IN,46268,39.925616453678,-86.226363412109,,2012,,https://alsalamfoundation.org/,24,49,,,2375.0,census_geocoder
1434,Alhussnain Seminary/Masjid Alhidayah,6620 Network Way,Indianapolis,IN,46278,39.876546091205,-86.277202713261,,2013,,https://masjidulhidayah.org/index.php/about-the-masjid-ul-hidayah/,25,23,,,2829.0,census_geocoder
1435,Northwest Indiana Islamic Center,9803 Colarado St,Crown Point,IN,46307,41.440300493583,-87.296845324695,,1992,,https://nwiic.org/our-community/,,4,,,204.0,census_geocoder
1436,Northwest Indiana Islamic Center,9803 South Colorado Street,Crown Point,IN,46307,41.440300493583,-87.296845324695,,1991,,https://nwiic.org/our-community/,,4,,,2818.0,census_geocoder
1437,Al-Haq Masjid,1627 South Cline Avenue,Griffith,IN,46319,41.496081353927,-87.43217500814,,-,No Basic Information,,,21,,,2832.0,census_geocoder
1438,Illiana Islamic Association,9606 Spring st,Highland,IN,46322,41.539238946113,-87.468922467668,,1998,,https://prayersconnect.com/mosques/84030432-illiana-islamic-association-highland-indiana-united-states,,59,,,1139.0,census_geocoder
1439,Illiana Islamic Association,9608 Spring Street,Highland,IN,46322,41.539202768814,-87.468912538343,,1998,,https://www.zabihah.com/mosques/13487f85-776a-11ef-95ae-6045bdeb9f57/illiana-islamic-association-highland-in,,58,,,2825.0,census_geocoder
1440,Islamic Center of Michigan City,1606 N 500 E,Michigan City,IN,46360,41.666578349899,-86.971180552341,,1924,,https://www.islamiccenterofmichigancity.org/about,,4,,,1284.0,census_geocoder
1441,Islamic Center of Michigan City,1606 North 500 East,Michigan City,IN,46360,41.666578349899,-86.971180552341,,1969,,https://edward-curtis.com/2017/03/27/indianas-first-mosque-syrian-shia-muslims-in-michigan-city/,,4,,,2827.0,census_geocoder
1442,Shia Islamic Center of Michigan City,613 Greentree Dr.,Trail Creek,IN,46360,41.690747867005,-86.855792886731,,1970,,https://www.facebook.com/TheIslamicCenterOfMichiganCity/,,38,,,2165.0,census_geocoder
1443,Al-Amin Masjid,3702 W 11th Avenue,Gary,IN,46404,41.591587477838,-87.382977768103,,1952,,https://www.facebook.com/masjid.alamin.98/,,20,,,2834.0,census_geocoder
1444,Masjid Al- Amin,3702 E 11th Ave,Gary,IN,46404,41.591587477838,-87.382977768103,,1987,,https://www.chicagotribune.com/obituaries/herman-paris-brock-otway-barefield-gary-in/,,25,,,1634.0,census_geocoder
1445,Gary Muslim Center,1473 E 15th Ave,Gary,IN,46407,41.587755885593,-87.355357698792,,2009,,"https://indyencyclopedia.org/muslims/#:~:text=In%20the%201970s%2C%20Indianapolis%20became,In%201982%2C%20that%20group%20established/ https://www.charitynavigator.org/ein/351403119",,12,,,1113.0,census_geocoder
1446,Gary Muslim Center,1473 W 15th Avenue,Gary,IN,46407,41.587755885593,-87.355357698792,,-,Information Without Year,,,58,,,2835.0,census_geocoder
1447,Islamic Society of Michiana/Masjid Noor,3310 Hepler Street,South Bend,IN,46635,41.701886198354,-86.202979848056,,1994,,Personal communication,,30,,,628.0,census_geocoder
1448,Angola Islamic Center,406 S Darling st,Angola,IN,46703,41.631707297301,-85.004008186366,,1995,,https://prayersconnect.com/mosques/84030560-angola-islamic-center-angola-indiana-united-states,,62,,,946.0,census_geocoder
1449,Kendallville Masjid,802 N Sawyer rd,Kendallville,IN,46755,41.453885510368,-85.294451328401,,2008,,https://amsdearborn.org/branches/,,24,,,1518.0,census_geocoder
1450,Islamic Center of Fort Wayne,1109 Chute Street,Fort Wayne,IN,46803,41.077256870422,-85.12263649659,,1987,,https://www.gudsy.org/nonprofits/islamic-center-of-fort-wayne-incorporated-fort-wayne-in,45,41,,,2826.0,census_geocoder
1451,Masjid Al-Quds,1109 Chute st,Ft. Wayne,IN,46803,41.077256870422,-85.12263649659,,2015,,https://www.wane.com/news/fort-wayne-mosque-makes-history-around-the-world/,45,41,,,1740.0,census_geocoder
1452,Al-Hidayaa Center/Fort Wayne Islamic Center,836 Lagro Dr,Fort Wayne,IN,46804,41.077810785038,-85.20503603202,,1995,,https://www.acimap.us/website/prc/021205302002000074.pdf,27,46,,,884.0,census_geocoder
1453,Ahlus-Sunnah Mosque,1724 Lake Ave,Fort Wayne,IN,46805,41.08952711181,-85.116172908602,,2014,,https://www.wane.com/news/fort-wayne-mosque-makes-history-around-the-world/,37,63,,,2377.0,census_geocoder
1454,Bosnian Islamic Cultural Center,3828 Mobile Ave,Fort Wayne,IN,46805,41.112395532704,-85.143690653403,,2012,,"https://www.causeiq.com/organizations/bosnian-islamic-cultural-center,273714730/",40,50,,,776.0,census_geocoder
1455,Universal Education Foundation,2223 Goshen Road,Fort Wayne,IN,46808,41.107675181837,-85.169483689517,,2007,,"https://www.causeiq.com/organizations/universal-education-foundation,203707254/",27,25,,,742.0,census_geocoder
1456,Alansaar Mosque,6810 South Hanna Street,Fort Wayne,IN,46816,41.022766424895,-85.126786237741,,-,No Basic Information,,36,31,,,2831.0,census_geocoder
1457,Burmese Muslim Education & Community Center,2121 Seddlemeyer Avenue,Fort Wayne,IN,46816,41.020162667852,-85.108921045688,,2015,,https://www.bmeccfw.org/center/index.php/about-us,36,26,,,777.0,census_geocoder
1458,Islamic Association of Kokomo,1135 South Main St,Kokomo,IN,46902,40.474184245461,-86.131134212623,,2015,,http://www.masjidkokomo.org,,67,,,1179.0,census_geocoder
1459,Islamic Society of Columbus Indiana,2310 Chestnut St,Columbus,IN,47201,39.22135264292,-85.915557648565,,2007,,"https://www.causeiq.com/organizations/islamic-society-of-columbus-indiana,204259510/",,56,,,2376.0,census_geocoder
1460,Islamic Center of Muncie,5141 Hessler Rd,Muncie,IN,47304,40.219023285326,-85.445978221134,,1969,,https://icmuncie.org/services,,47,,,731.0,census_geocoder
1461,Islamic Center of Bloomington,1925 Atwater Ave,Bloomington,IN,47401,39.163153868839,-86.510602661234,,1993,,https://www.archnet.org/sites/10400,31,63,,,752.0,census_geocoder
1462,Islamic Center of Evansville,4200 Grimm rd,Newburgh,IN,47630,37.974863810651,-87.432024790496,,2010,,https://www.courierpress.com/story/news/local/2020/01/13/islamic-society-evansville-adding-new-facilities-meet-growth/4419982002/?gnt-cfr=1&gca-cat=p&gca-uir=true&gca-epti=z115242v115242d--52--b--52--&gca-ft=179&gca-ds=sophi,,10,,,52.0,census_geocoder
1463,As-Sunnah Mosque,728 Court Street,Evansville,IN,47708,37.975939190571,-87.569594483547,,2024,,https://www.youtube.com/watch?v=e8S73qMkvNY,,63,,,2836.0,census_geocoder
1464,Islamic Center of Terre Haute,1319 S 6th st,Terre Haute,IN,47802,39.453289077858,-87.409963909378,,1980,,https://www.islamiccenterofterrehaute.org/,25,75,,,1358.0,census_geocoder
1465,Islamic Educational Center of Lafayette,1744 Everett Street,Lafayette,IN,47905,40.413333018137,-86.875114456144,,-,No Basic Information,,35,72,,,2830.0,census_geocoder
1466,Islamic Society of Greater Lafayette,1022 1st st,West Lafayette,IN,47906,40.42525965873,-86.917988361221,,2003,,https://prayersconnect.com/mosques/84047394-islamic-society-of-greater-lafayette-west-lafayette-indiana-united-states,38,33,,,1464.0,census_geocoder
1467,Islamic Center of Lawrence,1917 Naismith Dr.,Lawrence,KS,66046,38.949333073676,-95.251321710476,,1998,,https://ummahplaces.com/listing/islamic-center-of-lawrence/,,63,,,57.0,census_geocoder
1468,Islamic Center of Leavenworth,545 Oregon Street,Leavenworth,KS,66048,39.283183488729,-94.910400956885,,2006,,https://leavenworthmuslims.weebly.com/masjid-information.html,,37,,,1277.0,census_geocoder
1469,Islamic Center of Kansas (ICK),14750 West 143rd Street,Olathe,KS,66062,38.869131117315,-94.75624335494,,2005,,https://ickansas.org/aboutick/,0,15,,,2386.0,census_geocoder
1470,Bait-ur-Raheem Mosque,1000 County Line Road,Kansas City,KS,66103,39.044120324969,-94.635304827508,,,,,15,50,,,2859.0,census_geocoder
1471,Kansas City Islamic Center (KCIC),923 South Bethany Street,Kansas City,KS,66105,39.081859351557,-94.638633677625,,2023,,https://kcic.org/nl/,16,50,,,2387.0,census_geocoder
1472,Az-Zahra Islamic Center,8350 Leavenworth road,Kansas City,KS,66109,39.143165316178,-94.772125838739,,2002,,"https://www.causeiq.com/organizations/az-zahra-center,481249208/#:~:text=501(c)(3),not%20available%20for%20this%20organization",17,15,,,966.0,census_geocoder
1473,Shawnee Mission Education Islamic Center (Masjid Maryam),4849 England St,Merriam,KS,66203,39.040842917746,-94.692912338371,,2011,,https://www.mapquest.com/us/kansas/masjid-maryam-shawnee-mission-islamic-education-center-smiec-427723647,,40,,,2391.0,census_geocoder
1474,Shawnee Mission Islamic Education Center,13420 Oak st,Shawnee Mission,KS,66215,38.960046961002,-94.739937807268,,2020,,https://johnsoncountypost.com/2020/11/05/new-mosque-in-former-merriam-church-has-signed-vandalized-in-first-month-105840/,,72,,,2163.0,census_geocoder
1475,Islamic Center of Johnson County,9005 West 151st Street,Overland Park,KS,66221,38.854547826626,-94.689883736424,,1991,,https://www.virtualtourist.com/travel/North_America/United_States_of_America/Kansas/Overland_Park-785475/Things_To_Do-Overland_Park-Islamic_Center_of_Johnson_County-BR-1.html,0,55,,,554.0,census_geocoder
1476,Islamic Center of Manhattan,1224 Hylton Hights Road,Manhattan,KS,66502,39.19201028833,-96.604456126797,,1982,,https://ummahplaces.com/listing/islamic-center-of-manhattan/,,76,,,61.0,census_geocoder
1477,Islamic Center of Topeka,1115 Southeast 27th Street,Topeka,KS,66605,39.018877797633,-95.66327495251,,1992,,http://topekamosque.org/hello-world/about/,25,43,,,78.0,census_geocoder
1478,Islamic Center of Emporia,1125 Mechanic Street,Emporia,KS,66801,38.411388663273,-96.17886568432,,1999,,https://islamiccenteremporia.org,,86,,,1234.0,census_geocoder
1479,Islamic Society of Wichita Falls,1701 Trigg Lane,Wichita Falls,KS,67206,,,,1996,,https://i-cwf.org/,,36,,,1491.0,
1480,Ahlul Bayt Islamic Center,1317 West McCormick Street,Wichita,KS,67213,37.673205307831,-97.356410752802,,2014,,https://www.guidestar.org/profile/46-4666693,27,58,,,2394.0,census_geocoder
1481,Islamic Assoc. of Mid Kansas,3406 West Taft Street,Wichita,KS,67213,37.67678526491,-97.382892613926,,1960,,https://www.facebook.com/islamicassociationmidkansas/,27,62,,,1174.0,census_geocoder
1482,Masjid Al-Noor,3104 East 17th Street North,Wichita,KS,67214,37.715551456506,-97.300094506932,,1983,,https://almawa.org/construction/project,28,66,,,1731.0,census_geocoder
1483,Masjid Daru Salam/Islamic Society of Wichita,6655 East 34th Street North,Wichita,KS,67226,37.746672472373,-97.259400620499,,1996,,"https://myisw.org/about/#:~:text=Here%20are%20some%20milestones%20in%20the%20history,Annoor%20Islamic%20School%20expansion%20project%20was%20completed",17,55,,,1849.0,census_geocoder
1484,Masjid Imam Hussain,527 West 16th Street,Hays,KS,67601,38.879140590172,-99.335111770476,,,,,,0,,,2858.0,census_geocoder
1485,Mosque of Hays,1409 Pine Street,Hays,KS,67601,38.873579538349,-99.325418296017,,-,No Basic Information,,,76,,,2393.0,census_geocoder
1486,Masjid Al-Taqwa,1216 East Wyatt Earp Boulevard,Dodge City,KS,67801,37.752433409133,-100.00088534086,,-,No Basic Information,No website,,31,,,1766.0,census_geocoder
1487,Somali Mosque In Garden City Ks,312 West Mary Street,Garden City,KS,67846,37.989458275703,-100.872129340278,,-,No Basic Information,,,42,,,1246.0,census_geocoder
1488,Al Nur Mosque,2815 South 4th Street,Louisville,KY,40205,38.208790379504,-85.764852137626,,2008,,https://www.alnurmasjid.org/about-1,44,75,,,863.0,census_geocoder
1489,Islamic Cultural Center of Louisville/River Road Mosque,4007 River Road,St Matthews,KY,40207,38.291144950643,-85.679915233604,,1980,,https://www.louisvilleislamiccenter.org/,0,3,,,2397.0,census_geocoder
1490,Islamic Center of Louisville,1715 South 4th Street,Louisville,KY,40208,38.2232157626,-85.762322254046,,,,,47,78,,,2866.0,census_geocoder
1491,Masjid,2825 South 4th Street,Louisville,KY,40208,38.20866877536,-85.764872855376,,,,,43,76,,,2867.0,census_geocoder
1492,Abdullah Muhammad Islamic Center,1917 E Magazine st,Louisville,KY,40210,38.250486007503,-85.78336471706,,-,No Basic Information,,48,64,,,839.0,census_geocoder
1493,Masjid Bilal,1701 Dumesnil Street,Louisville,KY,40210,38.236070309816,-85.783077531915,,2019,,"https://www.causeiq.com/organizations/masjid-bilal-islamic-center-incorporated,832357499/",39,59,,,2405.0,census_geocoder
1494,Abubakar Islamic Center of Louisville,1536 South 7th Street,Louisville,KY,40214,38.225122893698,-85.770170724529,,2008,,https://masjidabubakarlouisville.org/about/,42,63,,,842.0,census_geocoder
1495,Al-Hidaya Center,5309 Mitscher Avenue,Louisville,KY,40214,38.171572417958,-85.770591261962,,,,,32,68,,,2863.0,census_geocoder
1496,Southside Islamic Center,6200 South 3rd Street,Louisville,KY,40214,38.166423848073,-85.768961315253,,-,No Basic Information,,32,58,,,2403.0,census_geocoder
1497,Alzahrah Islamic Center,4010 Bishop Lane,Louisville,KY,40218,38.188684894493,-85.692927612676,,1996,,https://azky.org/,27,33,,,578.0,census_geocoder
1498,ATFA,4711 Progress Boulevard,Louisville,KY,40218,38.180944399895,-85.653635056081,,,,,33,10,,,2864.0,census_geocoder
1499,Bosniak American Islamic Center of Louisville,5927 Six Mile Ln,Louisville,KY,40218,38.196079949708,-85.650511460008,,2001,,https://pluralism.org/news/louisville-house-transformed-bosniak-american-islamic-center,32,56,,,2402.0,census_geocoder
1500,Diyanet Mosque of Kentucky Ahiska Turks,4604 Bardstown Road,Louisville,KY,40218,38.180856058265,-85.626337653892,,-,No Basic Information,,27,49,,,2401.0,census_geocoder
1501,Guiding Light Islamic Center/Bosnian-American Islamic Center,6500 6 Mile Lane,Louisville,KY,40218,38.2001291,-85.6167183,,2010,,https://www.guidinglightcenter.org/blank,31,30,,,2399.0,nominatim
1502,HIRA Institute,3819 Bardstown Road,Louisville,KY,40218,38.196714244013,-85.655583863756,,,,,35,62,,,2865.0,census_geocoder
1503,Islamic Cultural Association of Louisville,1911 Buechel Bank rd,Louisville,KY,40218,38.178728584519,-85.648671193152,,1974,,https://www.mapquest.com/us/kentucky/the-louisville-mosque-est1974-463383240,33,10,,,1403.0,census_geocoder
1504,Sengal Masjid,4000 Bardstown Road,Louisville,KY,40218,38.193052124287,-85.64897405377,,-,No Basic Information,,30,62,,,1521.0,census_geocoder
1505,The Muslim Community Center of Louisville,8215 Old Westport Road,Louisville,KY,40222,38.278266020596,-85.600168654631,,2015,,https://www.mcclou.org/our-history,22,30,,,2398.0,census_geocoder
1506,Masjid Muhammad Iqbal,956 South Main Street,Nicholasville,KY,40356,37.865966674859,-84.578683237285,,,,,,56,,,2869.0,census_geocoder
1507,Islamic Society of Danville,1414 Hustonville Road,Danville,KY,40422,37.623576071655,-84.774590368638,,-,Information Without Year,,,55,,,2707.0,census_geocoder
1508,Mosque of Richmond & Richmond Community Center,1048 Center Drive,Richmond,KY,40475,37.731168279991,-84.270212402124,,2006,,https://masjidofrichmond.org/about,,6,,,2406.0,census_geocoder
1509,Ahlulbayt Center of Lexington,1451 Bryan Avenue,Lexington,KY,40505,38.059300394455,-84.467517299798,,,,,30,70,,,2861.0,census_geocoder
1510,Masjid Bilal Ibn Rabah,1541 Russell Cave Road,Lexington,KY,40505,38.073545607554,-84.474669267637,,2004,,https://masjidbilalky.org/about,34,61,,,739.0,census_geocoder
1511,Islamic Center of Lexington,649 S Limestone St,Lexington,KY,40508,38.036193587408,-84.507934416028,,1982,,https://www.facebook.com/iclky/,77,77,,,58.0,census_geocoder
1512,South Side Mussalla,1031 Wellington Way,Lexington,KY,40513,38.005314343668,-84.569700268562,,,,,,49,,,2862.0,census_geocoder
1513,Lexington Islamic Center (Armstrong mill),1240 Armstrong Mill Road,Lexington,KY,40517,37.978340236859,-84.485218540541,,-,No Basic Information,,26,46,,,2400.0,census_geocoder
1514,Islamic Center of Frankfort,160 Flynn Avenue,Frankfort,KY,40601,38.187396516546,-84.84358587624,,2002,,https://islamiccenterfrankfortky.org,,3,,,1244.0,census_geocoder
1515,Islamic Educational Services of London,133 Park Wells Road,London,KY,40744,37.082775827416,-84.051706221894,,-,No Basic Information,https://www.facebook.com/p/Islamic-Education-Services-of-London-IESL-61576665324703/,,16,,,1424.0,census_geocoder
1516,Islamic Association of Northern Kentucky,1418 Garrard Street,Covington,KY,41011,39.075265781275,-84.502920289804,,2011,,https://linknky.com/uncategorized/2014/10/06/islamic-centers-status-be-considered-covington-board/,36,67,,,1183.0,census_geocoder
1517,Al Hilal Islamic Center,7009 Burlington Pike,Florence,KY,41042,39.006839523432,-84.630377871689,,2020,,https://alhilalmasjid.org/,30,64,,,2404.0,census_geocoder
1518,ICNK Community Center,8020 Action Blvd,Florence,KY,41042,39.001645512027,-84.650096866502,,2003,,https://en.halalguide.me/luisvill/mechet/islamic-center-of-northern-kentucky,28,52,,,517.0,census_geocoder
1519,Islamic Center of Elizabethtown,2710 Ring Road,Elizabethtown,KY,41042,37.724763886779,-85.838771119462,,1985,,https://www.archnet.org/sites/10402,,24,,,51.0,census_geocoder
1520,Islamic Center of Northern Kentucky,8020 Action Blvd,Florence,KY,41042,39.001645512027,-84.650096866502,,2012,,https://www.compass.com/homedetails/8020-Action-Blvd-Florence-KY-41042/25YFFM_pid/,28,52,,,1312.0,census_geocoder
1521,Masjid Al Farooq,8 Masjid avenue,Prestonsburg,KY,41653,37.673352450301,-82.803251848379,,1999,,https://icekmasjidalfarooq.org/about-us/,,0,,,1591.0,census_geocoder
1522,Islamic Center of Paducah,760 Berger Road,Paducah,KY,42003,37.056502996223,-88.627916618512,,,,,,16,,,2872.0,census_geocoder
1523,Islamic Center of Murray,814 Coldwater Road,Murray,KY,42071,36.618411824742,-88.32625851423,,,,,,22,,,2868.0,census_geocoder
1524,Al Dawah Islamic Center of Bowling Green KY,115 Dishman Lane,Bowling Green,KY,42101,36.960655917375,-86.490239093689,,1998,,https://www.archnet.org/sites/14813?media_content_id=99790,,43,,,1004.0,census_geocoder
1525,Bosnian Islamic Center of Bowling Green,396 Blue Level Road,Bowling Green,KY,42101,36.955757668651,-86.511918699747,,,,,,2,,,2860.0,census_geocoder
1526,Bowling Green Islamic Society,802 Lain ave,Bowling Green,KY,42101,36.985592315413,-86.431759016154,,2005,,https://www.archnet.org/sites/14813?media_content_id=99790,,67,,,1011.0,census_geocoder
1527,Islamic Center of Bowling Green,2140 Morgantown Road,Bowling Green,KY,42101,36.990980372128,-86.498462681951,,2005,,https://www.archnet.org/sites/14813,,20,,,1210.0,census_geocoder
1528,Burmese Muslim Islamic Center of Owensboro,1924 Triplett Street,Owensboro,KY,42303,37.757436986321,-87.102746614409,,,,,,70,,,2870.0,census_geocoder
1529,Islamic Center of Owensboro,3131 Alvey Park Dr W,Ownsboro,KY,42303,37.752557864934,-87.066274318633,,2004,,"https://www.causeiq.com/organizations/islamic-center-of-owensboro,412104984/",,49,,,1316.0,census_geocoder
1530,Islamic Center of Owensboro,3131 Alvery Park Drive West,Owensboro,KY,42303,37.752557864934,-87.066274318633,,,,,,49,,,2871.0,census_geocoder
1531,Islamic Center of Somerset,125 Office Park Dr.,Somerset,KY,42501,37.041273554608,-84.625753714841,,2001,,https://www.archnet.org/sites/14803,,49,,,1343.0,census_geocoder
1532,The Islamic Message Foundation Center,3929 W Metairie Ave,Metairie,LA,70001,29.982361692619,-90.17092062708,,1999,,"https://www.causeiq.com/organizations/islamic-message-foundation-of-new-orleans,721417833/",,46,,,2412.0,census_geocoder
1533,Abu Bakr Al Siddiq,4425 David Dr.,Metairie,LA,70003,30.017977492646,-90.225395675085,,1988,,https://www.archnet.org/sites/14715,,41,,,840.0,census_geocoder
1534,Masjid Yaseen,7527 E Judge Perez Dr.,Arabi,LA,70032,29.959155134625,-89.992924929255,,1985,,"https://en.wikipedia.org/wiki/Burhani_Mosque#:~:text=From%20the%2090s%20to%20the,the%20protection%20of%20the%20MUIS.",,13,,,2004.0,census_geocoder
1535,Omar Mosque,1528 Pietro Ct,Harvey,LA,70058,29.873402894751,-90.045761034079,,1992,,"https://www.causeiq.com/organizations/west-bank-muslim-association,721144213/",,60,,,2408.0,census_geocoder
1536,Ahmadiyya Muslim Community Center Kenner,2113 38th St,Kenner,LA,70065,30.025091320838,-90.238165498912,,2013,,https://themuslimtimes.info/2013/11/16/the-ahmadiyya-muslim-community-celebrates-its-new-cultural-outpost-in-kenner-louisiana/,,86,,,2744.0,census_geocoder
1537,Faizane madina New Orleans La,10932 River Rd,St Rose,LA,70087,29.957486862835,-90.306563012289,,-,No Basic Information,,,42,,,2414.0,census_geocoder
1538,New Orleans Masjid of Al Islam,2625-32 Magnolia st,New Orleans,LA,70113,29.940934964022,-90.091302726498,,1960,,https://pluralismarchive.hsites.harvard.edu/masjid-al-islam-3,47,80,,,2115.0,census_geocoder
1539,Bilal Ibn Rabah Islamic Center,717 Teche St,New Orleans,LA,70114,29.94832793126,-90.052446580918,,1987,,"https://pluralismarchive.hsites.harvard.edu/masjid-bilal-ibn-rabah-center#:~:text=Turn%20right%20on%20Teche%20St.%20and%20proceed,after%20you%20pass%20All%20Saints%20Catholic%20Church.",53,70,,,990.0,census_geocoder
1540,Islamic Center/Islamic Center of New Orleans,1911 St Claude Ave,New Orleans,LA,70116,29.968371723722,-90.06022711221,,1988,,https://pluralismarchive.hsites.harvard.edu/masjid-abu-bakr-al-siddiq-jefferson-muslim-association,60,94,,,2407.0,census_geocoder
1541,Ur-Rahim Mosque,1238 N Johnson St,New Orleans,LA,70116,29.970740651661,-90.073044637937,,1988,,https://en.halalguide.me/novyy-orlean/mechet/masjid-ur-rahim,58,80,,,2415.0,census_geocoder
1542,Masjid Al-Rahma,7103 Burthe St,New Orleans,LA,70118,29.939374962371,-90.124114501218,,1983,,"https://www.causeiq.com/organizations/masjid-ar-rahma-msa-of-tulane,721422304/",53,72,,,1744.0,census_geocoder
1543,Muhammad Mosque #46,4201 Downman Rd,New Orleans,LA,70126,30.013112158208,-90.021124088615,,-,No Basic Information,,43,43,,,2413.0,census_geocoder
1544,Islamic Center of Houma,2100 Industrial Blvd,Houma,LA,70363,29.572319124598,-90.69603822256,,-,No Basic Information,,,31,,,2741.0,census_geocoder
1545,Masjid AnNoor/North Shore Muslim Association,2235 9th St,Mandeville,LA,70471,30.39774131407,-90.089739608544,,2019,,https://masjidannoor2.wixsite.com/mandeville/about,,57,,,2740.0,census_geocoder
1546,Islamic Center of Lafayette,700 Tulane,Lafayette,LA,70503,30.211923749137,-92.014133565547,,1995,,https://thecurrentla.com/2018/community-service/,,80,,,1270.0,census_geocoder
1547,Umar Opelousas Mosque,1759 Montgomery Rd,Opelousas,LA,70570,30.461936806233,-92.101172294407,,-,No Basic Information,,,0,,,2745.0,census_geocoder
1548,Islamic Society of Lake Charles,612 College Manor Dr,Lake Charles,LA,70607,30.180286834553,-93.213753087282,,1984,,https://www.guidestar.org/profile/72-1161394,,56,,,2409.0,census_geocoder
1549,Masjid Rajilun,24125 Church st,Plauemine,LA,70764,30.285566022378,-91.229976405803,,-,Information Without Year,https://prayersconnect.com/mosques/84023887-masjid-rajilun-plaquemine-louisiana-united-states,,57,,,1950.0,census_geocoder
1550,Masjid Al Islahi,1779 Government St,Baton Rouge,LA,70802,30.44384114792,-91.170503675214,,2021,,https://www.masjidalislahi.org/about/,,79,,,2743.0,census_geocoder
1551,Masjid Al Noor,820 E Chimes,Baton Rouge,LA,70802,30.417900818725,-91.185994668302,,1978,,https://www.facebook.com/4icbr/,,65,,,1613.0,census_geocoder
1552,Masjid Sabiqun,740 E Washington,Baton Rouge,LA,70802,30.431064600964,-91.177387279352,,2002,,"https://www.causeiq.com/organizations/america-muslim-mission,300074046/",,82,,,1953.0,census_geocoder
1553,Masjid Abdur Raqeeb,5241 Prescott Rd,Baton Rouge,LA,70805,30.487705376051,-91.137722485107,,1994,,https://www.facebook.com/WorshipAtPrescott786/,,37,,,1572.0,census_geocoder
1554,Masjid Muhammad Mosque #65,2600 Plank Rd,Baton Rouge,LA,70805,30.471303265261,-91.163016350828,,1989,,https://sites.google.com/view/muhammad-mosque-no-65/home,,65,,,2742.0,census_geocoder
1555,Islamic Center of Baton Rouge/Masjid Al Rahman,285 East Airport Avenue,Baton Rouge,LA,70806,30.449092681187,-91.102514941322,,2006,,https://icbrsite.org/founding-story-brief-history/,,24,,,641.0,census_geocoder
1556,Masjid Baitul Furan,285 E Airport Ave,Baton Rouge,LA,70806,30.449092681187,-91.102514941322,,1978,,https://www.facebook.com/4icbr/,,24,,,1835.0,census_geocoder
1557,Al-Hablulmateen Islamic Center,11056 N Harrells Ferry Rd,Baton Rouge,LA,70816,30.432927600046,-91.06196734679,,2015,,"https://www.causeiq.com/organizations/al-hablulmateen-islamic-center,461356874/",,53,,,2411.0,census_geocoder
1558,Seera Association of Baton Rouge,2215 W Broadwalk Dr,Baton Rouge,LA,70816,30.432616923242,-91.060402721038,,2024,,https://www.bizapedia.com/pro-search-subscription.aspx?id=b&prlbdi=503069,,64,,,2747.0,census_geocoder
1559,Yaseen Mosque,3769 Youree Dr,Shreveport,LA,71105,32.469509437337,-93.722030059227,,1985,,https://masjidyaseen.org/,,60,,,2416.0,census_geocoder
1560,Masjid Ul Taqwa,5403 Virginia Ave+B2004:H2004,Shreveport,LA,71108,32.460025924517,-93.77745740781,,-,No Basic Information,,,69,,,1981.0,census_geocoder
1561,Islamic Association of Greater Shreveport/Alnoor Mosque,1000 Delhi Street,Bossier City,LA,71111,32.514848890283,-93.728989837122,,1983,,"https://www.causeiq.com/organizations/islamic-association-of-greater-shreveport,721213245/",,48,,,1733.0,census_geocoder
1562,MCS Islamic Center,9204 Youree Dr,Shreveport,LA,71115,32.407022616423,-93.697763304317,,-,Information Without Year,,,27,,,2410.0,census_geocoder
1563,Masjid Muhammad,2414 Oak st,Monroe,LA,71202,32.511718911975,-92.094041415414,,-,Information Without Year, (800) 355-3699,,29,,,177.0,census_geocoder
1564,Muhammad Mosque #99,418 Winnsboro Road,Monroe,LA,71202,32.482502572998,-92.100374846471,,1959,,https://new.finalcall.com/2022/10/25/the-best-of-ministers-mosque-no-99-honors-nation-of-islam-pioneer-minister-abdul-bey-muhammad/,,54,,,2746.0,census_geocoder
1565,Islamic Center of Northeastern Louisiana,7617 Hwy 165 N,Monroe,LA,71203,32.665464310842,-92.046479953765,,2002,,https://www.charitynavigator.org/ein/721455371,,35,,,1311.0,census_geocoder
1566,Islamic Center-Northeast LA,7617 US-165,Monroe,LA,71203,32.665464310842,-92.046479953765,,-,No Basic Information,,,13,,,2737.0,census_geocoder
1567,Islamic Center of Farmerville,409 Thomas St,Farmerville,LA,71241,32.771463376666,-92.402239104129,,2021,,https://www.facebook.com/groups/178002459295411/posts/1198047303957583/,,54,,,2739.0,census_geocoder
1568,Islamic Center of North Louisiana,203 S Homer St,Ruston,LA,71270,32.527737247626,-92.64401698858,,2018,,https://icnlruston.net/about.html,,79,,,69.0,census_geocoder
1569,Islamic Center of North Louisiana,100 W California Ave,Ruston,LA,71270,32.523741857018,-92.638501708549,,2018,,http://www.icnlruston.net/,,73,,,2738.0,census_geocoder
1570,Islamic Society of Central Louisiana,398 Windermere Blvd,Alexandria,LA,71303,31.287866098646,-92.490818598196,,2011,,https://www.islamincenla.com/,,20,,,104.0,census_geocoder
1571,Islamic Center of Natchitoches,125 Caspari st,Natchitoches,LA,71457,31.754361462039,-93.094210821914,,2001,,https://islamicvalley.com/mosque/GoW/islamic-center-of-natchitoches,,58,,,67.0,census_geocoder
1572,Hampshire Mosque,1 East Pleasant Street Suite 47,Amherst,MA,1002,42.379274643157,-72.519674745807,,-,,https://hampshiremosque.org,,91,,,1121.0,census_geocoder
1573,Hampshire Mosque,1 East Pleasant Street,Amherst,MA,1002,42.379274643157,-72.519674745807,,2004,,https://hampshiremosque.org/,,91,,,3504.0,census_geocoder
1574,Hampshire Mosque,451 Russell Street,Hadley,MA,1035,42.363040894082,-72.540157029784,,2004,,https://omidcenter.com/,,50,,,3494.0,census_geocoder
1575,Al-Falah Mosque,66 South Broad Street,Westfield,MA,1085,42.111429256619,-72.747773725702,,,,,,46,,,3492.0,census_geocoder
1576,Diyanet Mosque of Springfield Ahiskan Turks,407 Park Street,West Springfield,MA,1089,42.10114539233,-72.627182256192,,,,http://walthamislamicsociety.org/about.php,43,63,,,3491.0,census_geocoder
1577,Islamic Center of West Massachusetts,377 Amostown Road,West Springfield,MA,1105,42.115447944511,-72.642552069751,,1983,,https://www.archnet.org/sites/10601,33,15,,,1370.0,census_geocoder
1578,Masjid Alnur,43 Spring Street,Springfield,MA,1105,42.105582455814,-72.583146318954,,,,https://www.cpsusa.net/,77,83,,,3485.0,census_geocoder
1579,Baitus Salaam Mosque,148 Fort Pleasant Street,Springfield,MA,1108,42.086806363374,-72.575183710643,,1994,,https://masjidbaitussalaam.org/,59,72,,,852.0,census_geocoder
1580,At-Tawhid Masjid,111 Oak Street,Springfield,MA,1109,42.106133520616,-72.573443657523,,-,No Basic Information,,64,80,,,962.0,census_geocoder
1581,Muhammad Mosque #13,727 State Street,Springfield,MA,1109,42.110339888667,-72.567884587002,,,,,,,,,3487.0,census_geocoder
1582,Diyanet Imam Buhari Mosque Cami,50 Pinevale Street,Orchard,MA,1151,42.158596340206,-72.501325174726,,,,https://www.facebook.com/p/Masjid-Al-Nur-MA-61574555554551/,,,,,3486.0,census_geocoder
1583,Turkish American Society,50-52 Pinevale st,Indian Orchard,MA,1151,42.158539301177,-72.501334681233,,1999,,https://www.guidestar.org/profile/shared/e8a0f016-e9b5-48ee-b3fc-0fd0756e8559,35,62,,,2209.0,census_geocoder
1584,Al Khalil Islamic Center,40 Melville Street,Pittsfield,MA,1201,42.452570267438,-73.250755391576,,2019,,"https://www.causeiq.com/organizations/al-khalil-cultural-center,832236621/",36,94,,,500.0,census_geocoder
1585,Fitchburg Islamic Center (Al-Noor Masjid),283 Main Street,Fitchburg,MA,1420,42.582052860212,-71.796208310612,,-,Information Without Year,978-502-7846,43,84,,,445.0,census_geocoder
1586,Masjid Bait-ul-zikr,360 Main Street,Fitchburg,MA,1420,42.582464541785,-71.797659258549,,-,Information Without Year,(917) 385-6063,48,84,,,613.0,census_geocoder
1587,Boroughs Islamic Society,6 Bellows Road,Westborough,MA,1581,42.2843138,-71.6013167,,2021,,https://spectrumnews1.com/ma/worcester/news/2023/12/31/boroughs-islamic-center-opens-new-mosque-in-westborough-,,55,,,2440.0,nominatim
1588,Islamic Society of Greater Worcester,57 Laurel st,Worcester,MA,1605,42.268616702119,-71.791563251732,,2007,,https://isgw.us/isgw_history.html,55,83,,,1469.0,census_geocoder
1589,Worcester Islamic Center,248 Mountain St E,Worcester,MA,1606,42.316220212005,-71.774077041207,,2002,,https://www.wicmasjid.org/history,34,25,,,385.0,census_geocoder
1590,Islamic Society of Framingham (Masjid E Basheer ),234 Union Avenue,Framingham,MA,1702,42.284509229141,-71.42124272767,,1999,,https://pluralism.org/islamic-society-framingham-and-masjid-e-basheer,39,71,,,2439.0,census_geocoder
1591,ABRICC- Acton Boxborough Regional Islamic Community Center- Acton Masjid,30 Nagog Park,Acton,MA,1720,42.524266879945,-71.432807925761,,,,https://www.nimatullahi.org/visit-a-center,,41,,,3496.0,census_geocoder
1592,Islamic Masumeen Center of New England,115 Wood st,Hopkinton,MA,1748,42.229317979417,-71.547985832725,,1995,,https://islamicmasumeen.org/about-imcne/,,10,,,1439.0,census_geocoder
1593,Masjid Al-Ikhlaas - ISGM (Islamic Society of Greater Milford),2 West Elm Street,Hopkinton,MA,1748,42.21133840491,-71.550482792348,,,,https://isnslynn.org/,,44,,,3481.0,census_geocoder
1594,NEJAF Islamic Center,49 Cedar Street,Milford,MA,1757,42.151423186059,-71.510466683686,,,,https://www.readingmosque.org/,,57,,,3477.0,census_geocoder
1595,Islamic Center of Boston (Wayland),126 Boston Post Road,Wayland,MA,1778,42.360395957966,-71.342927192633,,1986,,https://icbwayland.org/about.html,,34,,,2432.0,census_geocoder
1596,Islamic Center of Burlington,130 Lexington Street,Burlington,MA,1803,42.48698319302,-71.212082209182,,2004,,https://www.icburlington.org/about/,,55,,,291.0,census_geocoder
1597,Andover Islamic Center,204 Andover Street,Andover,MA,1810,42.626732787648,-71.158888971914,,2019,,https://www.andoverislamiccenter.org/aic/data/AIC-ImamJobDescription.pdf,,32,,,423.0,census_geocoder
1598,Billerica Islamic Center,880 Boston Road,Billerica,MA,1821,42.527682237494,-71.226229660356,,,,https://islamiccenterofcapecod.org/,,46,,,3498.0,census_geocoder
1599,ISGL - Islamic Society of Greater Lowell,5 Courthouse Lane,Chelmsford,MA,1824,42.623953697964,-71.359839863168,,1993,,https://isgl.org/mission-statement/,,73,,,1466.0,census_geocoder
1600,Islamic Society of Greater Haverhill,36 Amesbury Road,Haverhill,MA,1830,42.794505173101,-71.066130246907,,,,No website,21,8,,,3475.0,census_geocoder
1601,Selimiye Masjid,105A Oakland ave,Methuen,MA,1844,42.720248928879,-71.190694504626,,1995,,https://www.facebook.com/p/Selimiye-Mosque-100066770243356/,,63,,,2160.0,census_geocoder
1602,Selimiye Mosque,105-A Oakland Avenue,Methuen,MA,1844,42.720248928879,-71.190694504626,,,,https://www.nejaf.org/,,63,,,3478.0,census_geocoder
1603,Dawoodi Bohra Anjuman-e-Ezzi (Boston),246 Rangeway Road,Billerica,MA,1862,42.563898179069,-71.31830084328,,,,https://bictr.org/,,5,,,3499.0,census_geocoder
1604,NAFIS Reading Mosque,25 Haven Street,Reading,MA,1867,42.522162352707,-71.106655776697,,,,https://haverhillmasjid.org/,,86,,,3476.0,census_geocoder
1605,North Shore Islamic Center,130;132 Essex Street,Lynn,MA,1901,42.47287375214,-70.931725016522,,2000,,https://prayersconnect.com/mosques/84027476-lynn-mosque-north-shore-islamic-center-lynn-massachusetts-united-states,40,82,,,499.0,census_geocoder
1606,Alsalam-Islamic Society of the North Shore,35 Lynnfield Street,Lynn,MA,1904,42.485785862241,-70.961932478581,,,,,27,66,,,3480.0,census_geocoder
1607,Northshore Islamic Center,430 Boston Street,Topsfield,MA,1983,42.660762413917,-70.930862714871,,,,,,25,,,3489.0,census_geocoder
1608,Islamic Center of New England Mosque (ICNE) at Sharon,74 Chase Drive,Sharon,MA,2067,42.093923586772,-71.194393297038,,1993,,https://icne.net/icne-masjids/,,7,,,2433.0,census_geocoder
1609,Dar al-Islam of Boston,138 Tremont Street,Boston,MA,2111,42.355851188416,-71.062590009679,,1999,,,100,99,,,3502.0,census_geocoder
1610,Nimatullahi Sufi Order,84 Pembroke Street,Boston,MA,2118,42.341890686771,-71.076325392361,,,,https://hampshiremosque.org/,94,98,,,3495.0,census_geocoder
1611,An Nur Mosque (Boston Markaz),28 Circuit Street,Boston,MA,2119,42.323473864974,-71.085741248043,,1992,,,82,51,,,1732.0,census_geocoder
1612,Boston Islamic Center,2870 Washington Street,Boston,MA,2119,42.320076428347,-71.093932122478,,1980,,https://isbcc.org/our-history/,76,75,,,1010.0,census_geocoder
1613,Mosque for Praising Allah,724 Shawmut Avenue,Boston,MA,2119,42.332775208897,-71.08335129673,,1970,,https://mosquepraiseallah.org/about-us/,91,90,,,2438.0,census_geocoder
1614,Islamic Society of Boston Cultural Center,100 Malcolm X Boulevard,Boston,MA,2120,42.3309021,-71.0933788,,2009,,https://www.archnet.org/sites/9144,94,85,,,99.0,nominatim
1615,Al-Quran Mosque,35 Intervale Street #37,Boston,MA,2121,42.311689058486,-71.080434458648,,1957,,https://usa.thedawoodibohras.com/community/boston/,73,84,,,3500.0,census_geocoder
1616,Alrowda Mosque,5 Creston Street,Boston,MA,2121,42.312501104852,-71.079858610144,,2016,,https://www.masjidalquran.org/,73,84,,,3501.0,census_geocoder
1617,Islamic Society of Boston,204 Prospect Street,Cambridge,MA,2121,42.370399080111,-71.100168059069,,1995,,"https://pluralism.org/islamic-society-boston#:~:text=History:%20The%20Islamic%20Society%20of,the%20ISB%20and%20the%20ISBCC.",71,97,,,102.0,census_geocoder
1618,Masjid Al-Quran,35 Interval Street,Dorchester,MA,2121,42.311689058486,-71.080434458648,,1957,,https://roxbury.fandom.com/wiki/Masjid_Al_Quran,73,86,,,1741.0,census_geocoder
1619,Masjid Al-Rahman,396 Harvard st,Boston,MA,2124,42.290645370114,-71.091632822737,,-,No Basic Information,,60,69,,,1748.0,census_geocoder
1620,Allston Brighton Islamic Center,95 Clevemont Avenue,Boston,MA,2134,42.354439111337,-71.138174087892,,1998,,http://halalguide.me/boston/mechet/allston-brighton-islamic-center/posts,65,97,,,927.0,census_geocoder
1621,Arabic Jumaa Mosque,41 Quint Avenue,Boston,MA,2134,42.35165185773,-71.134070164096,,2000,,https://prayersconnect.com/mosques/84073541-arabic-jummah-mosque-boston-islamic-seminary-boston-massachusetts-united-states,67,98,,,448.0,census_geocoder
1622,Yusuf Mosque,186 Chestnut Hill Avenue,Brighton,MA,2135,42.341124442993,-71.154702666527,,2009,,https://themimbarproject.wordpress.com/2015/01/09/yusuf-mosque-in-the-city-of-brighton-massachusetts/,74,83,,,225.0,census_geocoder
1623,Islamic Center of Rindge Ave,388 Rindge Avenue,Cambridge,MA,2140,42.393888525395,-71.139209664635,,2004,,"https://icra-ios.soft112.com/#:~:text=With%20the%20blessing%20of%20Allah,our%20congregants%20and%20surrounding%20community.",68,80,,,290.0,census_geocoder
1624,Islamic Center of Rindge Ave,388 Rindge Avenue,Cambridge,MA,2140,42.393888525395,-71.139209664635,,2004,,https://www.icracambridge.org/home/our-story,68,80,,,3505.0,census_geocoder
1625,At-Taqwa Society Mosque,88 Broadway,Malden,MA,2148,42.423511039261,-71.042806401195,,,,https://us.mohid.co/ma/lowell/selimiyemosque,44,74,,,3479.0,census_geocoder
1626,Malden Islamic Center,405 Pearl St # 1,Malden,MA,2148,42.416607827486,-71.077745595254,,2020,,https://maldenislamiccenter.org/about,,75,,,2434.0,census_geocoder
1627,American Muslim Center,82 Spring St,Everett,MA,2149,42.402630964277,-71.052022982041,,2011,,https://projects.propublica.org/nonprofits/organizations/274647824,57,88,,,939.0,census_geocoder
1628,Association of Islamic Charitable Projects - Revere,41 Marble Street,Revere,MA,2151,42.42872647068,-71.021301432971,,,,,47,76,,,3482.0,census_geocoder
1629,Bosniaks Society of Boston,101 Atlantic Avenue,Revere,MA,2151,42.400191515088,-70.989913107541,,,,https://aicpma.org/,57,82,,,3483.0,census_geocoder
1630,Revere Street Mosque,500 Revere Street,Revere,MA,2151,42.418721082735,-70.991669553459,,2001,,https://www.gudsy.org/nonprofits/boston-dialogue-foundation-inc-revere-ma,67,77,,,1009.0,census_geocoder
1631,Islamic Culture Center of Medford,43 High Street,Medford,MA,2155,42.41860211592,-71.110818763149,,2015,,"https://www.causeiq.com/organizations/bangladesh-islamic-center-of-massachusetts,473050302/",58,94,,,2437.0,census_geocoder
1632,Muslim House At Tufts University,176 Curtis Street,Medford,MA,2155,42.416292468963,-71.117644162531,,2002,,https://www.tuftsdaily.com/article/2002/10/islamic-center-looks-to-incorporate-muslim-house,64,79,,,2101.0,census_geocoder
1633,Iman Islamic Center,5 Altamont rd,Quincy,MA,2169,42.2403488659,-70.989573406597,,2008,,https://www.patriotledger.com/story/news/2016/11/25/at-quincy-mosque-muslims-find/24479096007/,41,70,,,1152.0,census_geocoder
1634,Islamic Center of New England,470 South St,Quincy,MA,2169,42.243020983199,-70.979345678753,,1964,,https://www.icne.net/about/masjids,38,76,,,1300.0,census_geocoder
1635,Islamic Center of Boston University,775 Commonwealth Avenue,Boston,MA,2215,42.350606048145,-71.110107527267,,2015,,http://diboston.org/,77,91,,,3503.0,census_geocoder
1636,Lexington Mosque,166 Spring Street,Lexington,MA,2421,42.421036614963,-71.251249103726,,2025,,https://lexobserver.org/2025/05/08/lexington-home-to-be-renovated-into-mosque/,23,17,,,2436.0,census_geocoder
1637,Center for Peace & Spirituality USA,391 Totten Pond Road,Waltham,MA,2451,42.397572621432,-71.253224727928,,,,https://www.bosniaksboston.org/,26,49,,,3484.0,census_geocoder
1638,Waltham Islamic Society,313 Moody Street,Waltham,MA,2453,42.370699154136,-71.237094949423,,2015,,http://walthamislamicsociety.org,43,97,,,3490.0,census_geocoder
1639,Omid Center,320 Boston Post Road,Weston,MA,2493,42.367846321602,-71.293937176165,,,,,,32,,,3493.0,census_geocoder
1640,Islamic Center of Cape Cod,762 Falmouth Road,Barnstable,MA,2601,41.660935855819,-70.315411622237,,2009,,https://churbuck.com/2009/12/01/a-mosque-for-the-mills-52-churches/,21,32,,,1216.0,census_geocoder
1641,Islamic Center of Cape Cod,3072 Falmouth Road,Barnstable,MA,2655,41.653587112975,-70.396368040853,,1997,,https://islamiccenterofcapecod.org/about-us/who-are-we/,0,35,,,3497.0,census_geocoder
1642,The Islamic Center Of Greater Attleboro (Masjid Yaseen),272 County St suite a & b,Attleboro,MA,2703,41.934715138309,-71.298952618437,,2020,,"https://www.causeiq.com/organizations/the-islamic-center-of-greater-attleboro-masjid-yas,842727676/",26,68,,,2604.0,census_geocoder
1643,Islamic Center of South Coast Massachusetts,239 Bedford Street,Fall River,MA,2720,41.701109798303,-71.151075713546,,2021,,https://www.heraldnews.com/story/news/2021/07/14/islamic-center-south-coast-massachusetts-opens-mosque-fall-river/7947132002/,46,89,,,2435.0,census_geocoder
1644,Islamic Society of South Dartmouth (Masjid Al Ehsan),2 Cove Road,South Dartmouth,MA,2748,,,,2001,,https://www.southcoasttoday.com/story/news/2001/11/27/new-home-ready-in-time/50334930007/,,78,,,1655.0,
1645,IQRA Islamic Center,309 Whittenton Street,Taunton,MA,2780,41.923308698756,-71.101032012541,,,,,,58,,,3488.0,census_geocoder
1646,Waldorf Mosque,3574 Old Washington Road,Waldorf,MD,20602,38.614406445779,-76.918659918084,,,,,,38,,,3318.0,census_geocoder
1647,Masjid Abdul-Moghni,111 Howard St,Laplata,MD,20646,38.528426005367,-76.979670496216,,1997,,"https://www.causeiq.com/organizations/masjid-abdul-moghni,522048341/",,69,,,1716.0,census_geocoder
1648,Islamic Center of Lexington Park,46118 Thompson Court,Lexington Park,MD,20653,38.286141971063,-76.480508217515,,2013,,https://www.iclpmd.org/about/,,46,,,711.0,census_geocoder
1649,Southern Maryland Islamic Center,1046 Solomons Island rd,Prince Frederick,MD,20678,38.559271516488,-76.598802369512,,1987,,https://www.archnet.org/sites/14716,,47,,,213.0,census_geocoder
1650,DCA Cafe,9610 Good Luck Road,Lanham,MD,20706,38.981676451366,-76.84543617925,,,,,35,31,,,3298.0,census_geocoder
1651,Diyanet Center of America,9610 Good Luck Road,Lanham,MD,20706,38.981676451366,-76.84543617925,,1993,,https://diyanetamerica.org/about-us/what-is-dca/,35,31,,,621.0,census_geocoder
1652,IMAAM Center,3160 Pennsylvania Avenue Southeast,Lanham,MD,20706,,,,2014,,"https://www.somdnews.com/archive/news/silver-spring-indonesian-muslim-community-celebrates-new-imaam-center/article_3dcaab87-2f2c-5ba1-b658-cb001202c1b1.html#:~:text=Silver%20Spring%20Indonesian%20Muslim%20community%20celebrates%20new,Sep%2030%2C%202014.%20*%20Sep%2030%2C%202014.",62,74,,,40.0,
1653,Masjid Ibn Taymiyyah,8000 Mlk Hwy,Lanham,MD,20706,,,,2015,,https://prayersconnect.com/mosques/84062568-masjid-ibn-taymiyyah-glenarden-maryland-united-states,,45,,,1882.0,
1654,Prince Georges Muslim Association,9150 Lanham-Severn rd,Lanham,MD,20706,38.966774177714,-76.856157240286,,1994,,https://pgmamd.org/,,45,,,207.0,census_geocoder
1655,Islamic Comm. Ctr. of Laural,7306 Contee rd,Laural,MD,20707,39.0807162409,-76.881419100051,,1990,,https://www.archnet.org/sites/10602,35,28,,,1387.0,census_geocoder
1656,Avondale Islamic Center,4637 Eastern ave,Mt. Rainier,MD,20712,38.944654286883,-76.975456125732,,-,Information Without Year,https://www.avondaleislamiccenter.org/donate,54,70,,,965.0,census_geocoder
1657,Brentwood Islamic Community Center,4411 41St st,Brentwood,MD,20722,38.941663720626,-76.950935156586,,2011,,https://givebutter.com/OLfILY,,64,,,1012.0,census_geocoder
1658,Masjidul Ghurabaa,8220 Washington Street South,Laurel,MD,20724,39.122778515254,-76.794550948852,,-,,https://www.archnet.org/sites/10602,,16,,,2021.0,census_geocoder
1659,Ansarudeen Society of Nigeria,6124 Baltimore Avenue,Riverdale Park,MD,20737,38.962444000994,-76.939503502832,,,,,,83,,,3325.0,census_geocoder
1660,Dar-Us-Salaam,5301 Edgewood Rd,College Park,MD,20740,39.015398371734,-76.911401252729,,1990,,https://darussalaam.org/about-us/,61,45,,,1065.0,census_geocoder
1661,UMD MSA,2126 Campus Drive,College Park,MD,20742,38.9877167,-76.9395891,,,,,42,73,,,3362.0,nominatim
1662,Grand Mosque America,10700 Indian Head Highway,Fort Washington,MD,20744,38.749952277577,-76.992426099576,,,,,21,30,,,3351.0,census_geocoder
1663,Masjid Al-Hikma,11064 Livingston rd Unit L (101),Fort Washington,MD,20744,38.738911764288,-76.99614986865,,2007,,https://masjidalhikma.org/about,20,37,,,1686.0,census_geocoder
1664,Masjid Hikmah - Islamic Center,11064 Livingston Road,Fort Washington,MD,20744,38.738911764288,-76.99614986865,,,,,20,37,,,3350.0,census_geocoder
1665,Masjid Khadija,3402 Captain Wendell Pruitt Way,Fort Washington,MD,20744,38.795175418319,-76.949419502375,,,,,23,4,,,3331.0,census_geocoder
1666,Sami,11064 Livingston Road,Fort Washington,MD,20744,38.738911764288,-76.99614986865,,,,,21,33,,,3340.0,census_geocoder
1667,Ali Khan Islamic Center,4831 Silver Hill Road,Suitland,MD,20746,38.849889628955,-76.923448236135,,1994,,https://prayersconnect.com/mosques/84096187-ali-khan-islamic-center-suitland-maryland-united-states,64,76,,,387.0,census_geocoder
1668,Masjid E Bilal Mosque,4814 Saint Barnabas Road,Temple Hills,MD,20748,38.823299017888,-76.949973606054,,,,,,59,,,3321.0,census_geocoder
1669,Mosque,5000 Saint Barnabas Road,Marlow Heights,MD,20748,38.8208763,-76.9558895,,,,,,46,,,3296.0,nominatim
1670,Jamil-ul-Jalil,10845 Lanham Severn Road,Glenn Dale,MD,20769,38.986651186811,-76.820647096345,,,,,,55,,,3306.0,census_geocoder
1671,First Hijrah Foundation,3215 Powder Mill Road,Adelphi,MD,20783,39.033486755931,-76.950341867145,,2006,,"https://www.causeiq.com/organizations/first-hijra-foundation-fhf,542022387/",,16,,,508.0,census_geocoder
1672,Lutifullahi International,3906 Thornwood Road,Hyattsville,MD,20784,38.939871063425,-76.892514956104,,,,,,33,,,3301.0,census_geocoder
1673,Sierra Leone Muslim Jamaat,3307 Hubbard Road,Hyattsville,MD,20785,38.93089646997,-76.875419222498,,,,,,47,,,3300.0,census_geocoder
1674,Islamic-American Zakat Foundation,4641 Montgomery Avenue,Bethesda,MD,20814,38.983845810991,-77.092932524077,,,,,66,98,,,3345.0,census_geocoder
1675,Maqaame Ibrahim,7805 Old Georgetown Road,Bethesda,MD,20814,38.987613884718,-77.098881367329,,,,,65,99,,,3330.0,census_geocoder
1676,Maqaame Ibrahim - Jummah Only,6601 Bradley Boulevard,Bethesda,MD,20817,39.00135584285,-77.132381104632,,,,,31,13,,,3346.0,census_geocoder
1677,Imam Mahdi Education Center,25450 Old Hundred Road,Dickerson,MD,20842,39.273489512009,-77.338452749658,,2004,,https://www.imammahdicenter.org,,0,,,2703.0,census_geocoder
1678,Indonesian Muslim Association In America,1611 Veirs Mill rd,Rockville,MD,20851,39.076870156249,-77.12357355045,,1993,,https://imaamcenter.org/about-us,45,75,,,1155.0,census_geocoder
1679,Alsabeel Community Center,6155 Executive Boulevard,Rockville,MD,20852,39.048689789635,-77.124728683193,,,,,57,77,,,3324.0,census_geocoder
1680,Islamic Community Center of Potomac,10601 River Road,Potomac,MD,20854,39.024083278149,-77.217704603306,,2013,,https://iccpmd.org/about-us/,,36,,,2430.0,census_geocoder
1681,Islamic Education Center,7917 Motrose Rd,Potomac,MD,20854,39.057110935697,-77.163527541559,,1980,,https://www.archnet.org/sites/14729,,40,,,1415.0,census_geocoder
1682,masjid,10601 Maryland 190,Potomac,MD,20854,38.999698,-77.175467,,,,,,36,,,3326.0,nominatim
1683,Anjuman-E-Ezzi,18728 New Hampshire Avenue,Ashton,MD,20861,39.163977084436,-77.015341950209,,-,Information Without Year,(301) 260-2999,,3,,,815.0,census_geocoder
1684,Idara Jaferia Islamic Center,3140 Spencerville Road,Burtonsville,MD,20866,39.109017501462,-76.946527740384,,1990,,https://montgomerycollege.galaxydigital.com/agency/detail/?agency_id=95454,,34,,,2429.0,census_geocoder
1685,Clarksburg Islamic Center (CIC),23320 Clarksburg Road,Clarksburg,MD,20871,39.238059700859,-77.282404111376,,,,,,61,,,3348.0,census_geocoder
1686,Islamic Society of Germantown,19900 Brandermill rd,Germantown,MD,20874,39.181775027154,-77.234196304668,,2014,,"https://us.mohid.co/md/germantown/isg#:~:text=History,please%20visit%20our%20construction%202014).",37,54,,,107.0,census_geocoder
1687,The Noor Center,20500 Boland Farm Road,Germantown,MD,20876,39.191734792753,-77.249852445142,,,,,45,47,,,3307.0,census_geocoder
1688,Muslim Dreamers,12 South Summit Avenue,Gaithersburg,MD,20877,39.140651339814,-77.193727434359,,,,,49,81,,,3309.0,census_geocoder
1689,Aminah Mosque,18243 Flower Hill Way,Gaithersburg,MD,20879,39.155402718456,-77.164454302261,,,,,,44,,,3314.0,census_geocoder
1690,Islamic Center of Maryland,19401 Woodfield Rd,Gaithersburg,MD,20879,39.173816190678,-77.151778860793,,1991,,,,43,,,62.0,census_geocoder
1691,Islamic Education Center of Md,11504 Veirs Mill rd,Silver Spring,MD,20902,39.044223375218,-77.063691836807,,2014,,"https://wwEcauseiq.com/organizations/islamic-education-society-of-maryland,270604985/",62,51,,,1419.0,census_geocoder
1692,Silver Spring Islamic Community Center,1523 Forest Glen Road,Silver Spring,MD,20902,39.016097872686,-77.034505705441,,,,,,48,,,3322.0,census_geocoder
1693,cmi,12531 Montclair Drive,Silver Spring,MD,20904,39.061150215342,-76.985527670941,,,,,,22,,,3328.0,census_geocoder
1694,Muslim Community Center,15200 New Hampshire Avenue,Silver Spring,MD,20904,39.104775054149,-77.00282691812,,1981,,https://www.mccmd.org/about-us,,36,,,195.0,census_geocoder
1695,Bait-ur-Rahman Mosque,15000 Good Hope Road,Silver Spring,MD,20905,39.102185059343,-76.981988822938,,1994,,https://en.wikipedia.org/wiki/Baitur_Rehman_Mosque,,9,,,774.0,census_geocoder
1696,Bait-ur-Rehman Mosque,15000 Good Hope Road,Silver Spring,MD,20905,39.102185059343,-76.981988822938,,,,,,9,,,3323.0,census_geocoder
1697,Islamic Society of the Washington Area (ISWA),2701 Briggs Chaney Road,Silver Spring,MD,20905,39.086070165624,-76.954223163724,,1984,,"https://www.causeiq.com/organizations/islamic-society-of-the-washington-area,521294196/",,18,,,2427.0,census_geocoder
1698,IMAAM Center,9100 Georgia Ave,Silver Spring,MD,20910,39.004152618291,-77.037127235341,,1993,,https://imaamcenter.org/about-us,68,85,,,2424.0,census_geocoder
1699,Harford County Education Society (Masjid Al Falaah),3014 Philadelphia Road,,MD,21009,39.452993904925,-76.287681784984,,2005,,https://prayersconnect.com/mosques/84091743-masjid-al-falaah-harford-county-education-society-abingdon-maryland-united-states,,7,,,691.0,census_geocoder
1700,Harford Islamic Center,2215 Creswell Road,Bel Air,MD,21015,39.503305025118,-76.266924018735,,,,,,9,,,3344.0,census_geocoder
1701,Nebraska-Islamic-Society-,6339 Ten Oaks Road,Columbia,MD,21029,39.206362121915,-76.944895229963,,,,,19,44,,,3358.0,census_geocoder
1702,Al-Salaam Academy,10035 Baltimore National Pike,Ellicott City,MD,21042,39.279098546638,-76.857353590904,,,,,0,49,,,3354.0,census_geocoder
1703,Dar Al-Taqwa Mosque,10740 MD-108,Columbia,MD,21042,39.2352552,-76.8858689,,1992,,https://www.google.com/url?sa=t&source=web&rct=j&opi=89978449&url=https://taqwa.net/about-us/&ved=2ahUKEwjtjcrupY6TAxUknWoFHUv4Ck4QFnoECDUQAQ&usg=AOvVaw0p_zp-6U44JDTqgSQFzEU6,11,11,,,2426.0,nominatim
1704,Dar Al-Taqwa Mosque,10740 Maryland 108,Ellicott City,MD,21042,39.2673646,-76.7951436,,,,,11,11,,,3356.0,nominatim
1705,INK Foundation,10194 Baltimore National Pike,Ellicott City,MD,21042,39.27991672027,-76.864157650941,,,,,0,65,,,3353.0,census_geocoder
1706,Masjid Al-Taqwa,10740 Clarksville Pike,Ellicott City,MD,21042,39.235387326222,-76.884817880711,,2005,,https://www.baltimoresun.com/2005/11/04/dar-al-taqwa-mosque-nears-completion/,16,15,,,468.0,census_geocoder
1707,Al Salaam Musalla,8381 Governors Run,Ellicott City,MD,21043,39.28234594422,-76.794488092612,,,,,19,5,,,3355.0,census_geocoder
1708,Muslim Family Center,5796 Waterloo Road,Columbia,MD,21045,39.210952565357,-76.800295855301,,,,,30,59,,,3359.0,census_geocoder
1709,Islamic Society of RS,7174 Columbia Gateway Drive,Columbia,MD,21046,39.178363815449,-76.80706919754,,,,,31,26,,,3361.0,census_geocoder
1710,MFC Gateway,7168 Columbia Gateway Drive,Columbia,MD,21046,39.178255819808,-76.807102578834,,,,,31,28,,,3360.0,census_geocoder
1711,Alrahman Mosque,405 Wilgis Road,Fallston,MD,21047,39.485131363626,-76.39765880913,,,,,,37,,,3352.0,census_geocoder
1712,Makkah Learning Center,814 Brandy Farms Lane,Gambrills,MD,21054,39.043251803392,-76.662300697941,,,,,,20,,,3308.0,census_geocoder
1713,Makkah Learning Center/Islamic Society of Anapolis,814 Brandy Farms Lane,Gambrills,MD,21054,39.043251803392,-76.662300697941,,-,Information Without Year,https://www.isamd.org/,,20,,,1543.0,census_geocoder
1714,Islamic Society of Northern Baltimore,495 West Padonia Road,Lutherville,MD,21093,39.453450498882,-76.657275600374,,2019,,https://isnb.org/isnb-%7C-about-us,,9,,,555.0,census_geocoder
1715,Lesbrak Islamic Center,3342 West Joppa Road,Timonium,MD,21093,,,,,,,,36,,,3319.0,
1716,Masjid Al-Kareem,495 West Padonia Road,LUTHVLE TIMON,MD,21093,39.453450498882,-76.657275600374,,,,,51,56,,,3299.0,census_geocoder
1717,Maryum Islamic Center,11424 Old Frederick Road,Howard County,MD,21104,39.319170481805,-76.907964015931,,,,,,14,,,3302.0,census_geocoder
1718,Islamic Center of Owings Mills (ICOM),11436 Cronhill Drive unit 2-3,Owings Mills,MD,21117,39.435934615976,-76.772879309576,,2017,,"https://www.causeiq.com/organizations/islamic-center-of-owings-mills-icom,814917626/",16,47,,,2431.0,census_geocoder
1719,Randallstown Islamic Center,9019 Marcella Dr.,Randallstown,MD,21133,39.366574715337,-76.79545541332,,2009,,https://www.ricbaltimore.org/about-us/,41,42,,,210.0,census_geocoder
1720,The Tazkia Center,9633 Liberty rd Unit E,Randallstown,MD,21133,39.378772877851,-76.818295173557,,2000,,https://www.ricbaltimore.org/about-us/,34,45,,,2202.0,census_geocoder
1721,ISLAMIC SOCIETY OF CARROLL COUNTY,3100-B Littlestown Pike,Westminster,MD,21158,39.659328866946,-77.012853540051,,,,,,8,,,3317.0,census_geocoder
1722,Us Salaam Mosque,240 North Howard Street,Baltimore,MD,21201,39.292516413462,-76.619786021828,,2000,,https://prayersconnect.com/mosques/84053631-masjid-us-salam-baltimore-maryland-united-states,100,99,,,183.0,census_geocoder
1723,Al-Madina Masjid,"1502 Woodlawn Dr suite # 102,",Woodlawn,MD,21207,39.306292392747,-76.734224819873,,2015,,,56,46,,,4.0,census_geocoder
1724,Faizan E Madinah Baltimore,1109 Ingleside Ave,Woodlawn,MD,21207,39.293019076715,-76.730969912946,,2007,,https://www.facebook.com/faizanemadinahbaltimore/,47,73,,,30.0,census_geocoder
1725,Gwynn Oak Islamic Community,2551 Massachesetts Avenue Northwest,Gwynn Oak,MD,21207,,,,2016,,https://www.baltimoresun.com/2016/03/05/gwynn-oak-islamic-community-celebrates-opening-of-new-mosque/,56,57,,,36.0,
1726,Masjid Al-Akram,1724 Woodlawn Drive,Gwynn Oak,MD,21207,39.31591023117,-76.736781505755,,-,Information Without Year,https://www.masjidalkaram.com/about,57,47,,,293.0,census_geocoder
1727,Mosque,1107 Ingleside Avenue,Woodlawn,MD,21207,39.292990834495,-76.731012276276,,,,,48,76,,,3315.0,census_geocoder
1728,NASFAT BALTIMORE BRANCH,6711 Windsor Mill Road,Lochearn,MD,21207,39.325535191193,-76.733066564729,,,,,41,44,,,3297.0,census_geocoder
1729,NASFAT BALTIMORE CITY BRANCH,5115 Liberty Heights Avenue,Baltimore,MD,21207,39.333263424051,-76.701775197885,,,,,52,64,,,3338.0,census_geocoder
1730,Umar Mosque,6709 Whitestone Road,Baltimore,MD,21207,39.318473073141,-76.743158481328,,,,,41,45,,,3341.0,census_geocoder
1731,Jamaat al-Muslimeen,4624 York Road,Baltimore,MD,21212,39.344988526171,-76.60972513737,,2003,,https://www.investigativeproject.org/2412/accused-bomb-plotter-mosque-tied-to-radical-group,57,75,,,572.0,census_geocoder
1732,Masjid Muminun,2642 Hartford Rd,Baltimore,MD,21213,39.319879596974,-76.592188338671,,-,Information Without Year,https://prayersconnect.com/mosques/84091957-jamaaatu-masjid-al-muminiin-baltimore-maryland-united-states,71,73,,,1920.0,census_geocoder
1733,Dahira Touba-Baltimore,3019-3199 Ailsa Avenue,Baltimore,MD,21214,39.345635638013,-76.563937416183,,,,,56,80,,,3334.0,census_geocoder
1734,Dahira Touba-Baltimore/Baltimore Masjid,3019 Ailsa Avenue,Baltimore,MD,21214,39.346560357595,-76.565868043718,,-,No Basic Information,,56,78,,,571.0,census_geocoder
1735,MASJID NNE HAKEEM '26,4604 Harford Road,Baltimore,MD,21214,39.342386078601,-76.569988453224,,,,,44,76,,,3337.0,census_geocoder
1736,Hasbuna Allahu Islamic Center,3306 Liberty Heights Avenue,Baltimore,MD,21215,39.324483739869,-76.672256456422,,2017,,https://haicbaltimore.org/history/,65,69,,,576.0,census_geocoder
1737,Masjid Khalifah,4432 A Parkheights,Baltimore,MD,21215,39.340460095831,-76.667156485432,,-,No Basic Information,,71,80,,,1906.0,census_geocoder
1738,Muhammad Mosque Number Six,3306 Garrison Boulevard,Baltimore,MD,21216,39.32649149443,-76.682689818446,,1957,,https://explore.baltimoreheritage.org/items/show/661,61,72,,,579.0,census_geocoder
1739,Muslim Community Cultural Center of Baltimore,3401 E North ave,Baltimore,MD,21216,39.308801361389,-76.674192904993,,1990,,"https://collectingthesetimes.org/s/contributions/item?sort_by=created&sort_order=desc&page=2#:~:text=The%20Muslim%20Community%20Cultural%20Center%20of%20Baltimore,Leakin%20Park%2C%20it%20is%20associated%20with%20the",64,69,,,2093.0,census_geocoder
1740,Masjid Ad Da'wah Ilat Tawheed,1125 Appleton Street,Baltimore,MD,21217,39.301033771433,-76.648461136119,,2017,,https://prayersconnect.com/mosques/84044815-masjid-ad-dawah-ilat-at-tawheed-baltimore-maryland-united-states,78,79,,,532.0,census_geocoder
1741,Masjid as-Saffat,1335 West North Avenue,Baltimore,MD,21217,39.310128918246,-76.639487439986,,1971,,https://cityseeker.com/baltimore/339433-mosque-masjid-saffat,83,91,,,574.0,census_geocoder
1742,"Masjid ul Haqq, Inc.",514 Islamic Way,Baltimore,MD,21217,39.30504797181,-76.632701970318,,2003,,https://explore.baltimoreheritage.org/items/show/661,86,92,,,2425.0,census_geocoder
1743,Jamaa'atu Mosque Al Muminiin,2642 Harford Road,Baltimore,MD,21218,39.319879596974,-76.592188338671,,,,,71,73,,,3336.0,census_geocoder
1744,Al-Ilm Institute of Higher Islamic Education,8A Dunmanway,Baltimore,MD,21222,39.256675696028,-76.521517583661,,,,,55,76,,,3332.0,census_geocoder
1745,Masjid Zamzam Dundalk Community Center,1510 Lynch Road,Dundalk,MD,21222,39.27224800975,-76.494270799988,,2009,,https://www.mapquest.com/us/maryland/mosque-zam-zam-267714246,29,73,,,558.0,census_geocoder
1746,Quba Mosque,8A Dunmanway,Baltimore,MD,21222,39.256675696028,-76.521517583661,,,,,55,80,,,3339.0,census_geocoder
1747,Bait-Allah,1409 West Pratt Street,Baltimore,MD,21223,39.285426230156,-76.640156372669,,,,,77,92,,,3333.0,census_geocoder
1748,Masjid Bait Allah,200 South Calhoun Street,Baltimore,MD,21223,39.285461945858,-76.639476452359,,2007,,https://www.mbabaltimore.org/about,77,91,,,575.0,census_geocoder
1749,Salaam Center of Baltimore,429 South Conkling Street,Baltimore,MD,21224,39.287327003631,-76.567135815331,,,,,71,97,,,3347.0,census_geocoder
1750,Chesapeake Arts Center,194 Hammonds Lane,Brooklyn Park,MD,21225,39.215627482173,-76.618492735523,,,,,,57,,,3349.0,census_geocoder
1751,E Bilal Mosque - Baltimore,3733 South Hanover Street,Baltimore,MD,21225,39.236874809777,-76.610310862477,,,,,57,88,,,3335.0,census_geocoder
1752,Masjid Bilal,3735 South Hanover Street,Baltimore,MD,21225,39.236868247671,-76.610314223557,,2015,,https://www.masjidbilalmd.org/about,57,88,,,573.0,census_geocoder
1753,BAB-E-KHADIJA ISLAMIC CENTER,3761 Commerce Drive,Baltimore County,MD,21227,39.249143284299,-76.672778291863,,,,,44,42,,,3342.0,census_geocoder
1754,Mustafa Mosque,3308 Hollins Ferry Road,Baltimore County,MD,21227,39.250153921848,-76.647308469131,,,,,,80,,,3343.0,census_geocoder
1755,Fatima Mosque,1928 Powers Ln,Catonsville,MD,21228,39.285751808422,-76.755455111443,,2014,,https://masjidalfatima.com/our-history/,48,81,,,2428.0,census_geocoder
1756,Imam Mahdi Islamic Education Center of Baltimore,2406 Putty Hill Avenue,Parkville,MD,21234,39.390338198119,-76.543581383921,,2003,,https://en.wikipedia.org/wiki/Imam_Mahdi_Islamic_Education_Center_of_Baltimore,34,73,,,556.0,census_geocoder
1757,An-Nur Foundation,8020 Corporate Dr,Nottingham,MD,21236,39.367323094313,-76.473435373363,,2008,,https://annurfoundation.org/about-us,,48,,,945.0,census_geocoder
1758,Omar AlFarouq Mosque,8701 Cottington Road,Perry Hall,MD,21236,39.3885305,-76.4713261,,,,,25,25,,,3327.0,nominatim
1759,Masjid Bait-us-Samad,7302 Philadelphia Road,Rosedale,MD,21237,39.311254176811,-76.528681393492,,2018,,"https://www.alislam.org/video/inauguration-of-baitus-samad-mosque-baltimore-usa/#:~:text=An%20address%20delivered%20on%20October,Ahmad%20Khalifatul%20Masih%20V(aba)",48,43,,,557.0,census_geocoder
1760,Al-Noor Mosque,3900 Milford Mill Road,Milford Mill,MD,21244,39.358072431532,-76.754798025395,,,,,51,27,,,3305.0,census_geocoder
1761,Al-Rahmah Mosque,6625 Johnnycake Road,Woodlawn,MD,21244,39.302342579133,-76.745172910416,,,,,,39,,,3316.0,census_geocoder
1762,Islamic Society of Baltimore (ISB),6631 Johnnycake Road,Woodlawn,MD,21244,39.302539876583,-76.745437772066,,,,,48,40,,,3312.0,census_geocoder
1763,Islamic Society of Baltimore/Masjid Al-Rahmah,6631 Johnnycake Road,Windsor Mill,MD,21244,39.302539876583,-76.745437772066,,1982,,https://isb.org/about/,38,38,,,530.0,census_geocoder
1764,Masjid Al-Inshirah,7832 Fairbrook rd,Windsor Mill,MD,21244,39.3244395,-76.7717896,,1992,,https://www.charitynavigator.org/ein/521767916,35,14,,,1697.0,nominatim
1765,Muslim Dreamers Learning Center,3900 Milford Mill Road,Milford Mill,MD,21244,39.358072431532,-76.754798025395,,,,,50,22,,,3311.0,census_geocoder
1766,Raza e Mustafa Islamic Center,3900 Milford Mill Road,Milford Mill,MD,21244,39.358072431532,-76.754798025395,,,,,50,22,,,3320.0,census_geocoder
1767,Masjid Al Ansar,15 Old Solomons Island Rd,Annapolis,MD,21401,38.981191123667,-76.534155639978,,-,Information Without Year,,38,80,,,2756.0,census_geocoder
1768,Islamic Society of Cumberland,1202 Vocke Rd,Cumberland,MD,21502,39.6331659806,-78.830877718158,,2012,,https://www.cumberlandmasjid.com/about-islamic-society-maryland/,,27,,,1458.0,census_geocoder
1769,Islamic Society of Easton,126 Port Street,Easton,MD,21601,38.772164815751,-76.07785289967,,,,,,69,,,3357.0,census_geocoder
1770,Islamic Society of Frederick,1250 Key Pkwy,Frederick,MD,21702,39.4212972,-77.4523117,,2005,,https://www.yahoo.com/news/muslims-gather-mark-eid-al-231900502.html,29,76,,,106.0,nominatim
1771,Frederick Learning Center,7215 Corporate Court,Frederick,MD,21703,39.378764947427,-77.415691013203,,,,,,57,,,3329.0,census_geocoder
1772,Islamic Center of Hagerstown,122 East Washington Street,Hagerstown,MD,21740,39.640712696187,-77.717471425947,,,,,28,90,,,3303.0,census_geocoder
1773,Islamic Society of Western MD,2036 Day Rd,Hagerstown,MD,21740,39.604988469728,-77.683671907086,,1991,,https://www.heraldmailmedia.com/story/news/local/2015/06/23/islamic-society-works-to-show-good-side-of-its-religio/117017972/,,18,,,2668.0,census_geocoder
1774,Quran Academy of Hagerstown,1337 Pennsylvania Avenue,Hagerstown,MD,21742,39.6673127,-77.7191365,,,,,18,48,,,3304.0,nominatim
1775,Turkish American Cultural Center,11833 Greenhill Drive,Hagerstown,MD,21742,39.638216083925,-77.661497850737,,,,,,10,,,3310.0,census_geocoder
1776,Islamic Society of Annapolis,11175 Baltimore National Pike,Myersville,MD,21773,39.535596667898,-77.603533697186,,2025,,https://www.instagram.com/islamicsocietyofannapolis/,,0,,,2757.0,census_geocoder
1777,Islamic Society of Delmarva,7843 Jersey Road,Salisbury,MD,21801,38.408527840091,-75.602478345562,,1995,,https://delmarvamuslimcommunity.org/about-us/#history,,5,,,389.0,census_geocoder
1778,Ocean City Mosque,12006 Ocean Gateway,Ocean City,MD,21842,38.337648222943,-75.138734356699,,,,,,19,,,3313.0,census_geocoder
1779,Islamic Society of Princess Anne,11732 Somerset Avenue,Princess Anne,MD,21853,38.203491717766,-75.69324299671,,2018,,"https://www.delmarvanow.com/story/news/local/maryland/2018/04/05/mosque-coming-princess-anne/465625002/#:~:text=What%20he%20found%20was%20the,a%20good%2C%20central%20location.%22",,57,,,737.0,census_geocoder
1780,Aisha Mosque,1 Brown Court,Elkton,MD,21921,39.618472031086,-75.832125279317,,,,,,63,,,3363.0,census_geocoder
1781,Bilal Mosque/Maine Muslim Community,118 Anderson St,Portland,ME,4101,43.666679503588,-70.255773607539,,1994,,https://bilalmasjid.net/history,43,95,,,2417.0,census_geocoder
1782,Masjid Al-Huda | Islamic Society of Portland Maine,73 Portland st,Portland,ME,4101,43.658040269639,-70.264594291389,,2000,,"https://www.causeiq.com/organizations/islamic-society-of-portland-maine,010524894/",53,97,,,1481.0,census_geocoder
1783,Masjid Al-Huda | Islamic Society of Portland Maine,73 Portland St,Portland,ME,4101,43.658040269639,-70.264594291389,,2000,,"https://www.causeiq.com/organizations/islamic-society-of-portland-maine,010524894/",53,97,,,2420.0,census_geocoder
1784,Masjid Bilal,118 Anderson Street,Portland,ME,4101,43.666679503588,-70.255773607539,,2005,,https://www.mainemuslims.org/about-us/,43,94,,,502.0,census_geocoder
1785,Cumberland culture Center/Al-Rahman Mosque,1844 Forest Ave,Portland,ME,4103,43.699903496936,-70.318031806511,,-,Information Without Year,,29,37,,,2421.0,census_geocoder
1786,Masjid Attawba,734 Riverside Street,Portland,ME,4103,43.699653593597,-70.322814722128,,2015,,"https://www.causeiq.com/organizations/riverside-muslims-center,462197628/",29,48,,,363.0,census_geocoder
1787,Portland Masjid and Islamic Center,978 Washington ave,Portland,ME,4103,43.689502518554,-70.27557817301,,1999,,https://rdc.reed.edu/c/pmhp/home/centers,33,50,,,2137.0,census_geocoder
1788,Islamic Center of Lewiston,21 Lisbon St,Lewiston,ME,4240,44.098191903149,-70.218011849494,,2007,,"https://www.causeiq.com/organizations/lewiston-aubur-islamic-center,320044687/",,88,,,353.0,census_geocoder
1789,Lewiston/Auburn Islamic Center,21 Lisbon St,Lewiston,ME,4240,44.098191903149,-70.218011849494,,2007,,"https://www.causeiq.com/organizations/lewiston-aubur-islamic-center,320044687/",,88,,,2419.0,census_geocoder
1790,Masjid u Salaam,256 Barlett St,Lewiston,ME,4240,44.092420686139,-70.208290054768,,1998,,,,68,,,186.0,census_geocoder
1791,Salaam Mosque,240 Bartlett St,Lewiston,ME,4240,44.092794866261,-70.208526780903,,2016,,https://www.sunjournal.com/2016/10/23/new-bartlett-street-mosque-community-effort/#:~:text=Lewiston%20Sun%20Journal%20*%20Lewiston%20Sun%20Journal.%20*%20ePapers.,,76,,,2423.0,census_geocoder
1792,Islamic Society of Greater Augusta,11 N Pearl St,Augusta,ME,4330,44.323442950876,-69.76170006173,,1976,,https://isaugusta.com/isa_history/,,59,,,2418.0,census_geocoder
1793,Islamic Center of Maine,151 Park st,Orono,ME,4473,44.895059794271,-68.65853961369,,2002,,https://digitalcommons.library.umaine.edu/honors/203/,,32,,,60.0,census_geocoder
1794,Franklin Muslim Community/ Huda School & Montessori,32220 Franklin Road,Franklin,MI,48025,42.529439684144,-83.308616670894,,2008,,"https://www.causeiq.com/organizations/franklin-muslim-community,300066645/",,49,,,1402.0,census_geocoder
1795,United Michigan Muslim Association,26899 Northwestern Highway,Southfield,MI,48033,42.484282055301,-83.270095798047,,2023,,https://www.miumma.org,,32,,,1170.0,census_geocoder
1796,Ismaili Community Center & Jamatkhana - Detroit,28336 Franklin Road,Southfield,MI,48034,42.495696335947,-83.30237950262,,,,,,62,,,2923.0,census_geocoder
1797,Bosnian American Cultural Center,37838 Hayes Road,Clinton Township,MI,48038,42.574331542852,-82.971085344416,,2020,,https://www.icghb.org,,28,,,1192.0,census_geocoder
1798,ISLAMIC CENTER GAZI - HUSREVBEG,37838 Hayes Road,Clinton Township,MI,48038,42.574331542852,-82.971085344416,,,,No website,,28,,,3461.0,census_geocoder
1799,Port Huron Islamic Society,2405 Gratiot Avenue,Port Huron,MI,48060,43.000510556452,-82.427258104768,,1982,,https://prayersconnect.com/mosques/84034483-port-huron-mosque-port-huron-michigan-united-states,,54,,,1134.0,census_geocoder
1800,American Islamic Community Center,27205 Dequindre Road,Madison Heights,MI,48071,42.492797400737,-83.085259128493,,2004,,https://www.facebook.com/aicc.madisonheightsmi/,,53,,,8.0,census_geocoder
1801,Southfield Masjid Imam House,21703 West 10 Mile Road,Southfield,MI,48075,42.472425957046,-83.258192475012,,,,https://www.masjidfurqaan.net/contact/,,45,,,3456.0,census_geocoder
1802,Tawheed Center of Southfield,21711 West 10 Mile Road,Southfield,MI,48075,42.472424442068,-83.258260194703,,,,http://www.adamcc.org/,,36,,,2901.0,census_geocoder
1803,Islamic Cultural Institute,30115 Greater Mack Avenue,St Clair Shores,MI,48082,42.515918631928,-82.888656346858,,1978,,https://icionline.org/about/,,34,,,1411.0,census_geocoder
1804,Jamiah Masjid of Troy - Adam CC,3635 Rochester Road,Troy,MI,48083,42.571505609296,-83.128306987953,,,,http://novitawheedcenter.org/,,58,,,2900.0,census_geocoder
1805,Adams Community Center,4700 Rochester Road,Troy,MI,48085,42.587583038909,-83.12878947211,,2022,,https://www.detroitnews.com/story/news/local/oakland-county/2022/09/17/mosque-opens-troy-legal-battle-continues/10412605002/,,54,,,344.0,census_geocoder
1806,Madrasah Al-Furqaan,27721 Schoenherr Road,Warren,MI,48088,42.498384496826,-82.987304800028,,,,https://islamicsocialaffairs.com/home,,45,,,3450.0,census_geocoder
1807,Masjid Al-Furqaan ,27643 Schoenherr Road,Warren,MI,48088,42.497431269418,-82.987299735878,,,,https://iusatawbah.com/.well-known/sgcaptcha/?r=%2F&y=ipr:162.120.185.242:1778109406.637,,45,,,3455.0,census_geocoder
1808,Al Ihsaan Islamic Center (Ideal Islamic Center),4345 East 10 Mile Road,Warren,MI,48091,42.476857325092,-83.06199474058,,,,,,57,,,2894.0,census_geocoder
1809,Islamic Center of Nine Mile Warren (Masjid Darul Quran),4439 East 9 Mile Road,Warren,MI,48091,42.462301098267,-83.060566798909,,,,,,73,,,2912.0,census_geocoder
1810,Islamic Center of Warren (Masjid Al-Fath & IQRA Academy of Michigan),24703 Ryan Road,Warren,MI,48091,42.473132090282,-83.06509087716,,2012,,"https://www.causeiq.com/organizations/islamic-center-of-warren,455387285/",,60,,,2448.0,census_geocoder
1811,Islamic Universal Services Association/Masjid Tawbah,6800 East 9 Mile Road,Warren,MI,48091,42.462770709912,-83.034158819183,,,,No website,,65,,,3454.0,census_geocoder
1812,Uthman Bin Affan Mosque,21380 Ryan Road,Warren,MI,48091,42.453061497294,-83.06408478494,,,,,,62,,,2911.0,census_geocoder
1813,CDR Mosque,5491 12 Mile Road,Warren,MI,48092,42.50610163539,-83.051600724836,,,,http://masjidabubakrsiddiq.org/,,55,,,2898.0,census_geocoder
1814,Darul Uloom Michigan,2446 12 Mile Road,Warren,MI,48092,42.505305500649,-83.07972974101,,2014,,https://www.linkedin.com/company/darul-uloom-michigan/,,68,,,794.0,census_geocoder
1815,Islamic Organization of North America (IONA),28630 Ryan Road,Warren,MI,48092,42.503292806745,-83.067327381632,,2005,,"https://www.causeiq.com/organizations/islamic-organization-of-north-america,010808707/",,58,,,1443.0,census_geocoder
1816,Madani Muslim Community Service (MMCS),2446 12 Mile Road,Warren,MI,48092,42.505305500649,-83.07972974101,,,,No website,,68,,,3453.0,census_geocoder
1817,Youth Of Ummah,28694 Ryan Road,Warren,MI,48092,42.504054357084,-83.067359301725,,,,No website,,58,,,3452.0,census_geocoder
1818,Al-Taqwa Mosque,27130 Campbell Road,Warren,MI,48093,42.493252645257,-83.014374554827,,,,,,36,,,2914.0,census_geocoder
1819,Masjid Farooq,2730 West Ellsworth Road,Ann Arbor,MI,48103,42.228186286098,-83.782370741384,,,,No website,,11,,,3464.0,census_geocoder
1820,Muslim Community Association of Ann Arbor - MCA,2301 Plymouth Road,Ann Arbor,MI,48105,42.300484585147,-83.71451019133,,1984,,https://aadl.org/taxonomy/term/185540,59,61,,,1199.0,census_geocoder
1821,Muslim Community Association of Ann Arbor - MCA,2301 Plymouth Road,Ann Arbor,MI,48105,42.300484585147,-83.71451019133,,,,https://muslimunitycenter.org/,59,61,,,3462.0,census_geocoder
1822,American Moslem Society (Masjid Dearborn),9945 Vernor Highway,Dearborn,MI,48120,42.303133,-83.1474476,,1938,,https://amsdearborn.org/history/,,70,,,2441.0,nominatim
1823,AlNoor Melvindale Mosque,2865 Oakwood,Melvindale,MI,48122,42.283187176731,-83.172025454427,,,,,,62,,,2909.0,census_geocoder
1824,Islamic Social Affairs,2920 Oakwood Boulevard,Melvindale,MI,48122,42.28312723104,-83.172800717012,,,,https://markaz-al-tabligh.edan.io/,,,,,3449.0,census_geocoder
1825,Melvindale Islamic Center,17575 Dix Road,Melvindale,MI,48122,42.2730592,-83.1783074,,2012,,No website,,58,,,3459.0,nominatim
1826,American Muslim Center,21110 Outer Drive West,Dearborn,MI,48124,42.291215851857,-83.247919516372,,2002,,http://ourstoryof.com/arabic/production_27.html,,67,,,796.0,census_geocoder
1827,Imam Mahdi Association of Marjaeya,22000 1/2 Garrison Street,Dearborn ,MI,48124,42.307328299372,-83.244589181424,,,,https://chinguetti-center.vercel.app/,,90,,,2918.0,census_geocoder
1828,Al-Huda Islamic Association,8835 Warren Avenue,Dearborn,MI,48126,42.344498201697,-83.154298533648,,2018,,https://www.alhudamosque.org/project,,60,,,2445.0,census_geocoder
1829,American Moslem Bekka Center,6110 Chase Road,Dearborn,MI,48126,42.333952327235,-83.186058299615,,1983,,https://americanmoslembekaa.org/?page_id=962,,67,,,936.0,census_geocoder
1830,Chinguetti Centre of Arabic and Islamic Studies,5232 Oakman Boulevard,Dearborn ,MI,48126,42.3369085,-83.1693546,,,,http://www.cairmichigan.org/,,77,,,2917.0,nominatim
1831,Islamic Council of America,6941 Schaefer Road,Dearborn,MI,48126,42.341644597524,-83.176839490346,,1989,,"https://www.causeiq.com/organizations/islamic-council-of-america,382905949/",,87,,,89.0,census_geocoder
1832,Islamic Institute of Knowledge,6345 Schaefer Road,Dearborn,MI,48126,42.336217749785,-83.176580848934,,1981,,https://iiofk.org/about-us/,,64,,,507.0,census_geocoder
1833,Karbalaa Islamic Education Center,15332 E Warren ave,Dearborn,MI,48126,42.343746777597,-83.194471980468,,1995,,https://www.facebook.com/100064300764785/about/?_rdr,41,69,,,1516.0,census_geocoder
1834,Masjid Al-Salaam,3900 Schaefer Road,Dearborn,MI,48126,42.315910890587,-83.175619713087,,2008,,https://prayersconnect.com/mosques/84092243-masjid-al-salaam-dearborn-michigan-united-states,,80,,,2443.0,census_geocoder
1835,Islamic House of Wisdom,22575 Ann Arbor Trail,Dearborn Heights,MI,48127,42.338694123641,-83.259308338913,,1996,,https://tr.halalguide.me/ueyn-kaunti/mechet/islamic-house-of-wisdom,,44,,,98.0,census_geocoder
1836,Islamic Institute of America,700 North Beech Daly Road,Dearborn Heights,MI,48127,42.315752271398,-83.291396922448,,2015,,https://www.iiofa.org/about-iioa/,,36,,,564.0,census_geocoder
1837,Islamic Center of America,"19500 Ford Rd,",Dearborn,MI,48128,42.328929405939,-83.227996999804,,2005,,https://www.detroithistorical.org/learn/online-research/encyclopedia-of-detroit/islamic-center-america,,22,,,505.0,census_geocoder
1838,Abu Bakr Siddiq Mosque,24449 Telegraph Road,Brownstown Township,MI,48134,42.126602211354,-83.273785819667,,,,https://islamiccenteroflincolnpark.godaddysites.com/,,43,,,2897.0,census_geocoder
1839,AICP Michigan - Association of Islamic Charitable Project,5715 Inkster Road #5711,Garden City,MI,48135,42.3194743,-83.3111896,,,,,,66,,,2883.0,nominatim
1840,Altaqwa Islamic Center,30069 Cherry Hill Road,Inkster,MI,48141,42.310999156205,-83.337151751998,,-,Information Without Year,,,62,,,931.0,census_geocoder
1841,Islamic Center of Lincoln Park,2075 Fort Street,Lincoln Park,MI,48146,42.2490979,-83.1770254,,,,https://masdetroit.org/,,78,,,2896.0,nominatim
1842,MAS Tarbiyah Center,36924 Ann Arbor Trail,Livonia ,MI,48150,42.361390584647,-83.409420532091,,,,https://www.tawheedcenterofsouthfield.org/,,55,,,2895.0,census_geocoder
1843,Rayyan Center,46441 Five Mile Road,Plymouth,MI,48170,42.394708007881,-83.500803974497,,,,,,33,,,2892.0,census_geocoder
1844,Albanian-American Bektashi Monestary,21749 Northline Road,Taylor,MI,48180,42.212575214732,-83.246305168643,,1954,,https://en.wikipedia.org/wiki/First_Albanian_Bektashi_Tekke_in_America,,33,,,2922.0,census_geocoder
1845,Tanwir Mosque,20701 Haig St,Tarylor,MI,48180,42.238271034043,-83.237906886959,,2012,,"https://www.causeiq.com/organizations/tanveer-foundation,463565339/",,18,,,724.0,census_geocoder
1846,Dar Al Salam Islamic Center (DAIC),27758 Warren Road,Westland,MI,48185,42.340522978611,-83.31655087829,,,,,,69,,,2882.0,census_geocoder
1847,Masjid Madinatul Ilm (MMI),37775 Palmer Road,Westland,MI,48186,42.294882314867,-83.411270355673,,2021,,https://masjidmadinatulilm.org/,,22,,,714.0,census_geocoder
1848,Masjid Bilal Canton,1525 Ridge Road North,Canton,MI,48187,42.315960126394,-83.530000313754,,2011,,https://www.masjidbilalcanton.org/support,,16,,,681.0,census_geocoder
1849,Muslim Education Community Center of America - MECCA,5842 North Canton Center Road #245,Canton Township,MI,48187,42.324584755364,-83.487993979885,,,,http://masjidsunnah.org/,,61,,,2889.0,census_geocoder
1850,CAIR Michigan,1905 Haggerty Road Suite #5,Canton Township,MI,48188,,,,,,https://mccdusa.org/contact-us/,,52,,,2916.0,
1851,Muslim Community of Western Suburbs (MCWS),40440 Palmer Road,Canton,MI,48188,42.294115799203,-83.438216741155,,1991,,"https://www.crescentacademy.org/about-us/history#:~:text=Energized%20by%20the%20vision%20of,suburban%20setting%20of%20Canton%2C%20Michigan.",,18,,,198.0,census_geocoder
1852,Masjid Umar bin Khattab / Islamic Association of Michigan,18105 Racho Road,Brownstown Township,MI,48193,42.175696812274,-83.247310521757,,-,No Basic Information,,,32,,,2442.0,census_geocoder
1853,At-Taqwa Mosque,2680 Golfside Road,Ann Arbor,MI,48197,42.248883676774,-83.661016950761,,2010,,https://masjidattaqwa.org/about-us-2/,,75,,,443.0,census_geocoder
1854,Masjid Bilal Ypsilanti,4891 West Michigan Avenue,Ypsilanti,MI,48197,42.216301810988,-83.666785463178,,1996,,https://projects.propublica.org/nonprofits/organizations/383224731,,7,,,417.0,census_geocoder
1855,Zawiyah Foundation,5718 Whittaker Road,Ypsilanti,MI,48197,42.20606023956,-83.613533750777,,,,,25,33,,,2919.0,census_geocoder
1856,Ibrahim Mosque,315 South Ford Boulevard,Ypsilanti,MI,48198,42.239788637369,-83.580083911961,,2000,,https://bsaonline.com/SiteSearch/PropertyDetails?SearchType=1&uid=182&SearchText=315+S.+Ford+Blvd&PageIndex=1&ReferenceKey=K+-11-11-327-001&ReferenceType=0&SearchCategory=Address&SortBy=Address&SearchOrigin=0&SearchFocus=All+Records&RecordKeyDisplayString=K+-11-11-327-001&RecordKey=K+-11-11-327-001&RecordKeyType=0,,49,,,171.0,census_geocoder
1857,Wayne State University Islamic Center of Detroit,4646 Cass Avenue,Detroit,MI,48201,42.353454863944,-83.06512776103,,1962,,https://www.detroithistorical.org/learn/online-research/encyclopedia-of-detroit/islamic-center-america,60,94,,,2447.0,census_geocoder
1858,Markaz al-Tablīgh,15900 Hamilton Avenue,Highland Park,MI,48203,42.408896790275,-83.110474788247,,,,No website,,37,,,3448.0,census_geocoder
1859,Masjid Al-Nūr,318 Pilgrim Street,Highland Park,MI,48203,42.409123207134,-83.11269487243,,-,Information Without Year,https://prayersconnect.com/mosques/84040170-masjid-al-nur-highland-park-michigan-united-states,,33,,,1616.0,census_geocoder
1860,Masjid Al-Haqq,4017 Clairmount Avenue,Detroit,MI,48204,42.368427370142,-83.119746197131,,,,,51,53,,,2885.0,census_geocoder
1861,Muhammad Temple Of Islam,12609 East McNichols Road,Detroit,MI,48205,42.423150809217,-82.995263362728,,,,No website,45,56,,,3465.0,census_geocoder
1862,Masjid Wali Muhammad,11529 Linwood Street,Detroit,MI,48206,42.381479743844,-83.114184229887,,1976,,https://www.hmdb.org/m.asp?m=175037,48,34,,,184.0,census_geocoder
1863,Moorish Science Temple-America#25,5601 Grand River Avenue,Detroit,MI,48208,42.351907708526,-83.097447156811,,,,"google.com/maps/place/Muhammad+Temple+Of+Islam/@42.4232767,-82.995197,17z/data=!3m1!4b1!4m6!3m5!1s0x8824d152fb2e09c5:0x4aca62962ef370d9!8m2!3d42.4232767!4d-82.995197!16s%2Fg%2F11gfgplfk0?entry=ttu&g_ep=EgoyMDI2MDUwMi4wIKXMDSoASAFQAw%3D%3D",55,57,,,3466.0,census_geocoder
1864,Al-Furqān Mosque,4981 Cabot Street,Detroit,MI,48210,42.329114768271,-83.149210351164,,-,Information Without Year,(313) 584-4464,39,59,,,708.0,census_geocoder
1865,Al-Huda Islamic Association,5838 Lawndale Street,Detroit,MI,48210,42.333629405299,-83.151324365762,,1998,,https://www.alhudamosque.org/about,38,15,,,887.0,census_geocoder
1866,Baitul Islam Mosque,7826 Klein Street,Detroit,MI,48211,42.3872569394,-83.039885526973,,2014,,https://prayersconnect.com/mosques/84076266-baitul-islam-mosque-detroit-michigan-united-states,40,38,,,758.0,census_geocoder
1867,Imam Islamic Complex (Masjid Mu'ath Bin Jabal),6096 Dorothy Street,Detroit,MI,48211,42.391264955613,-83.040138987797,,,,,39,47,,,2881.0,census_geocoder
1868,Abu-Bakr Al-Siddique Islamic Center,8904 Saint Aubin Street,Hamtramck,MI,48212,42.388531860532,-83.060573088136,,2018,,https://www.charitynavigator.org/ein/455544862,,72,,,2449.0,census_geocoder
1869,Al-Ghazzali Mosque,8554 Joseph Campau Avenue,Hamtramck,MI,48212,42.388447771925,-83.052232420611,,,,,,76,,,2905.0,census_geocoder
1870,Al-Islah Islamic Center,2733 Caniff Street,Hamtramck,MI,48212,42.399285022735,-83.061425213782,,2000,,https://alislahislamiccenter.com/who-we-are/ AND https://www.hamtramckstories.org/muslim-community.html,,93,,,649.0,census_geocoder
1871,Al-Islah Mosque & Islamic Center,2733 Caniff Avenue,Hamtramck,MI,48212,42.399285022735,-83.061425213782,,2000,,No website,,93,,,3444.0,census_geocoder
1872,Al-Sunnah Mosque,11306 Lumpkin Street,Hamtramck,MI,48212,42.397750374967,-83.065782985904,,,,,,85,,,2910.0,census_geocoder
1873,Baitul Ma'moor Sunni Islamic Center,11635 Conant,Hamtramck,MI,48212,42.405230747563,-83.054642318225,,,,,,87,,,2921.0,census_geocoder
1874,Baitul Mukarram Masjid,12203 Conant Street,Hamtramck,MI,48212,42.409011603173,-83.057179177482,,-,Information Without Year,,39,82,,,976.0,census_geocoder
1875,Bosnian American Islamic Center,3437 Caniff Avenue,Hamtramck,MI,48212,42.401611245018,-83.05508239377,,1995,,https://www.baicdetroit.com/about-us,,92,,,998.0,census_geocoder
1876,Ideal Islamic Center/Masjid alihsan, 2721 Holbrook,Hamtramck,MI,48212,42.393615636924,-83.056168410917,,2011,,https://www.slideshare.net/slideshow/ideal-islamic-center-funds/23621677,,90,,,296.0,census_geocoder
1877,Islamic Center of Hamtramck,11347 Joseph Campau Avenue,Hamtramck,MI,48212,42.400401867203,-83.060405847014,,2000,,https://en.wikipedia.org/wiki/Al-Islah_Mosque,,92,,,665.0,census_geocoder
1878,Lanour Islamic Education,6965 Whiteford Center Road,Lambertville,MI,48212,41.741815181373,-83.646930179554,,,,,,13,,,3439.0,census_geocoder
1879,Masjid Al Falah,12555 McDougall,Detroit,MI,48212,42.409359083775,-83.063677793874,,-,Information Without Year,https://masjidalfalah.org/,41,67,,,1589.0,census_geocoder
1880,"Masjid Fatimah, Hope Center Inc.",12818 Joseph Campau Avenue,Detroit,MI,48212,42.409148201114,-83.066058416493,,,,https://melvindaleislamiccenter.com/,41,64,,,3460.0,census_geocoder
1881,Masjidun Nur Inc,11311 Mound Road,Detroit,MI,48212,42.406315131866,-83.042972571189,,1992,,https://masjidal-noor.org/,33,51,,,1618.0,census_geocoder
1882,United Community Center- The Great Mosque ,10211 Conant ,Hamtramck,MI,48212,42.401171267321,-83.051912523587,,,,,,90,,,2903.0,census_geocoder
1883,Muhammad's Mosque #1,19160 Evergreen Road,Detroit,MI,48219,42.43012979243,-83.238811307224,,,,,35,70,,,2902.0,census_geocoder
1884,Darul Wahi,15133 Burgess ,Detroit,MI,48223,42.398907884581,-83.254419174591,,-,Information Without Year,,33,45,,,2920.0,census_geocoder
1885,Foundation Khadimu Rassul Islamic Center,21534 Schoolcraft,Detroit,MI,48223,42.385985940007,-83.25447404265,,,,No website,29,10,,,3468.0,census_geocoder
1886,Islamic Center Foundation CAB of North America,21500 Schoolcraft,Detroit,MI,48223,42.386035,-83.25335,,,,http://worldpeaceoutreach.com/,29,10,,,2907.0,nominatim
1887,Masjid As Salaam,21628 Fenkell Street,Detroit,MI,48223,42.400390631258,-83.254775399572,,2010,,,32,49,,,160.0,census_geocoder
1888,Masjid Nasru - Lah,15728 Harper Avenue,Detroit,MI,48224,42.408111768192,-82.951751790911,,,,No website,42,66,,,3469.0,census_geocoder
1889,Nigerian American Islamic Community of Michigan,15744 Harper Avenue,Detroit,MI,48224,42.408150189456,-82.951587860169,,2011,,"https://www.causeiq.com/organizations/nigerian-american-islamic-communityof-michigan,208988331/",42,66,,,2117.0,census_geocoder
1890,Albanian Islamic Center of Michigan,19775 Harper Ave,Harper Woods,MI,48225,42.434681108556,-82.922647110992,,1963,,https://www.aicod.org/,,47,,,766.0,census_geocoder
1891,Al-Ihsan Community Center,13735 Fenkell Ave,Detroit,MI,48227,42.401990283899,-83.18057700444,,,,No website,39,55,,,3473.0,census_geocoder
1892,Masjid A-Rahma,13515 Plymouth Road,Detroit,MI,48227,42.372993151001,-83.176999593854,,2014,,"https://www.causeiq.com/organizations/masjid-ar-rahma,453554185/",44,37,,,792.0,census_geocoder
1893,Al-Husseiniyah Al-Rasool Al-Adum,8138 Greenfield Road,Detroit,MI,48228,42.352616795012,-83.19662915102,,,,No website,48,61,,,3474.0,census_geocoder
1894,Al-Zahraa Islamic Center,15571 Joy Road,Detroit,MI,48228,42.358071368487,-83.197932830593,,1963,,https://www.detroithistorical.org/learn/online-research/encyclopedia-of-detroit/islamic-center-america,45,59,,,563.0,census_geocoder
1895,Ayham MishMishan,16636 Joy Road,Detroit,MI,48228,42.358018346358,-83.2082890255,,,,https://dawah.ac/,35,38,,,3472.0,census_geocoder
1896,Dar Al-Rahma,7810 Southfield Freeway,Detroit,MI,48228,42.349022009408,-83.215879428607,,,,No website,42,39,,,3470.0,census_geocoder
1897,DAWAH INSTITUTE (Masjid Al-Dawah),16630 Joy Road,Detroit,MI,48228,42.358019638353,-83.208190510494,,,,https://daralrahma.org/,42,50,,,3471.0,census_geocoder
1898,Husseiniya Imam Al-Sajjad Al-Salam,16021 West Warren Avenue,Detroit,MI,48228,42.343544210013,-83.201455781698,,,,No website,47,72,,,3467.0,census_geocoder
1899,Imam Ali Islamic Center,15840 West Warren Avenue,Detroit,MI,48228,42.343669966803,-83.200223684766,,-,Information Without Year,https://imam-us.org/location/imam-ali-mosque-detroit,47,72,,,310.0,census_geocoder
1900,Imam Jaafar AlSadeq Islamic Center,19111 West Warren Avenue,Detroit,MI,48228,42.343202431705,-83.227057383036,,,,,43,61,,,2891.0,census_geocoder
1901,Islamic Center Mawkib Aushhq Al Hussein,6832 Southfield Fairway,Detroit,MI,48228,42.341358374403,-83.215758518229,,,,,39,59,,,2893.0,census_geocoder
1902,Islamic Center of Detroit - ICD,14350 Tireman Avenue,Detroit,MI,48228,42.351198761116,-83.183858440897,,2000,,https://www.mightycause.com/organization/Islamic-Center-Of-Detroit,46,61,,,2446.0,census_geocoder
1903,Islamic Iraqi Center,17644 East Warren Avenue,Detroit,MI,48228,42.40847396548,-82.923032768158,,-,No Basic Information,,47,75,,,1435.0,census_geocoder
1904,Masjid Tawheed,18640 West Warren Avenue,Detroit,MI,48228,42.343371340866,-83.222478293381,,1995,,https://masjidtawheed.org/about-us/,42,64,,,153.0,census_geocoder
1905,MCCD,13750 West McNichols Road,Detroit,MI,48235,42.416626112436,-83.182033332044,,,,,41,82,,,2915.0,census_geocoder
1906,The Muslim Center,1605 West Davison Street,Detroit,MI,48238,42.3935617,-83.1205309,,1985,,https://www.themuslimcenter.com/history,49,50,,,194.0,nominatim
1907,World Peace Outreach/Masjed AINour,23800 West Chicago,Redford Township,MI,48239,42.364190808493,-83.272048547522,,,,,,61,,,2906.0,census_geocoder
1908,The Muslim Unity Center,1830 West Square Lake Road,Bloomfield Hills,MI,48302,42.603990682324,-83.316116453592,,1993,,https://pluralismarchive.hsites.harvard.edu/muslim-unity-center-cj,,8,,,200.0,census_geocoder
1909,IAGD,879 West Auburn Road,Rochester Hills,MI,48307,42.635589434424,-83.149536331145,,2001,,https://iagd.net/our-history/&ved=2ahUKEwiS-6bivJWTAxUPJ0QIHcfXGswQFnoECD4QAQ&usg=AOvVaw1oP9AuOz-7Y3ngIodCi7V1,,29,,,2444.0,census_geocoder
1910,Mahmood Mosque,1730 West Auburn Road,Rochester Hills,MI,48309,42.635249141035,-83.165465732065,,2010,,https://ahmadiyyafactcheckblog.com/2024/04/23/the-history-of-ahmadiyya-in-detroit/,,44,,,699.0,census_geocoder
1911,Muslim Community of Michigan (Masjid Baitul Mamur),38810 Ryan Road,Sterling Heights,MI,48310,42.577524957819,-83.070189271845,,1980,,https://mcm-mi.com,,51,,,2450.0,census_geocoder
1912,BAIC Detroit,11063 16 1/2 Mile Road,Sterling Heights,MI,48312,42.57338870488,-83.018673684416,,,,,,32,,,2904.0,census_geocoder
1913,Sterling Heights Islamic Center (SIC),13237 East 14 Mile Road,Sterling Heights,MI,48312,42.537807011621,-82.993035792977,,,,,,42,,,2913.0,census_geocoder
1914,American Muslim Diversity Association,44760 Ryan Road,Sterling Heights,MI,48314,42.622373813394,-83.071641309855,,2012,,https://wp.amda.us/construction/amdacons.shtml,,9,,,398.0,census_geocoder
1915,Islamic Center of Shelby,49147 Schoenherr Road,Shelby Township,MI,48315,42.656894473937,-82.994261981452,,,,,,46,,,2884.0,census_geocoder
1916,Al Falāh Institute,38325 West 14 Mile Road,Farmington Hills,MI,48331,42.526360594581,-83.427540971093,,2014,,https://alfalahinstitute.org/about-us/,,40,,,512.0,census_geocoder
1917,Muslim Community Mosque: Home of the Islamic Cultural Association,35700 West 12 Mile Road,Farmington Hills,MI,48331,42.498154387463,-83.399932263864,,1985,,https://mcm-mi.com/about-us/,,6,,,516.0,census_geocoder
1918,Dawoodi Bohra Al Masjid Al burhani Anjuman-e-Najmi,20959 Orchard Lake Road,Farmington Hills,MI,48336,42.443729403016,-83.355999063872,,1988,,https://www.mapquest.com/us/michigan/anjumane-najmi-6436277,,35,,,565.0,census_geocoder
1919,Tawheed Center of Farmington,29707 West 10 Mile Road,Farmington Hills,MI,48336,42.470542111481,-83.340351151053,,1993,,https://us.mohid.co/mi/detroit/tawheedcenter#contact,,30,,,539.0,census_geocoder
1920,Islamic Community of Oakland North (ICON Masjid),1400 Orion Road,Orion Township,MI,48362,42.772876021414,-83.217825768327,,,,https://mymecca.org/,,4,,,2890.0,census_geocoder
1921,Tawheed Center of Novi,24101 Novi Road,Novi,MI,48375,42.465839118607,-83.474769150403,,,,,,55,,,2899.0,census_geocoder
1922,Zainaba Center,2230 Crumb Road,Commerce Charter Township,MI,48390,42.546611774671,-83.4555509776,,1989,,https://zainabia.org/aboutus,,33,,,717.0,census_geocoder
1923,Grand Blanc Islamic Center,2141 Leroy Place Northwest,Grand Blanc,MI,48439,,,,2016,,,,26,,,33.0,
1924,Flint Islamic Center,9447 West Corunna Road,Flint,MI,48473,43.000632964387,-83.868286243959,,1994,,https://flintislamiccenter.com/history/,,3,,,338.0,census_geocoder
1925,Masjid Mu Min,64043-A Clio Rd,Flint,MI,48504,,,,2004,,"https://www.causeiq.com/organizations/islamic-center-mu-min,383436487/",33,64,,,1912.0,
1926,Mumin Islamic Center,4043 Clio Road,Flint,MI,48504,43.050878136311,-83.732735730763,,,,,,60,,,2926.0,census_geocoder
1927,Mustakeem Mosque,1202 North Ballenger Highway,Flint,MI,48504,43.026387210809,-83.730569837629,,2013,,"https://www.causeiq.com/organizations/masjidil-mustakeem,300655896/",30,82,,,1727.0,census_geocoder
1928,Noor Unity Center,2776 Flushing Road,Flint,MI,48504,43.023957068631,-83.729749502055,,,,https://kalamazooislamiccenter.com/islamicschool/,30,76,,,2925.0,census_geocoder
1929,Al-Ihsaan Mosque,3401 Saginaw Street,Flint,MI,48505,43.046230260933,-83.693885902895,,2007,,"https://www.causeiq.com/organizations/masjid-al-ihsaan,205068439/",30,43,,,1599.0,census_geocoder
1930,"The Muslim House, Inc.",804 Martin Luther King Ave,Flint,MI,48505,43.022971849869,-83.69662707201,,2021,,https://flintbeat.com/the-muslim-house-offers-glimpse-into-islams-history-in-flint/,47,70,,,2201.0,census_geocoder
1931,As-Siddiq Institute & Mosque,4417 Saginaw Street,Burton,MI,48529,42.984318,-83.6748529,,2001,,https://www.facebook.com/groups/MawlanaShaykhHisham/posts/193126725343082/,,42,,,955.0,nominatim
1932,Dyewood Islamic Center,5270 South Dyewood Drive,Flint,MI,48532,43.010006614864,-83.783977622656,,,,,,15,,,2887.0,census_geocoder
1933,Omar Mosque,4566 Beecher Road,Flint,MI,48532,43.030315185345,-83.765472259037,,,,,31,9,,,2908.0,census_geocoder
1934,Ahlulbayt Islamic Center - Saginaw,845 Bridgeview South,Saginaw,MI,48604,43.489827230539,-83.930995403156,,2004,,"https://www.causeiq.com/organizations/islamic-center-mu-min,383436487/",,1,,,2927.0,census_geocoder
1935,Islamic Center of Saginaw,4330 North Center Road,Saginaw,MI,48604,43.470728053833,-84.014943239095,,,,No website,,0,,,3457.0,census_geocoder
1936,Islamic Center of Saginaw,114 North 4th Avenue,Saginaw,MI,48607,43.432088551959,-83.928963741461,,1978,,https://www.icsaginaw.org/about-the-islamic-center/,,53,,,1337.0,census_geocoder
1937,Islamic Center of Midland,1801 North Stark Road,Midland,MI,48642,43.661686562728,-84.310034923045,,2012,,https://www.ourmidland.com/news/article/New-Islamic-Center-in-Midland-hosts-community-6973581.php,,1,,,729.0,census_geocoder
1938,Islamic Center of East Lansing,920 South Harrison Road,East Lansing,MI,48823,42.724371189573,-84.493968141486,,1979,,https://www.facebook.com/media/set/?set=a.10152609979701897.1073741844.161267091896&type=3,,56,,,669.0,census_geocoder
1939,Islamic Center of Mt. Pleasant,907 Mcvey St,Mt. Pleasant,MI,48858,43.584014879759,-84.765718556279,,1979,,https://icmp-mi.org,,85,,,1295.0,census_geocoder
1940,Zahraa institute,4133 Okemos Road,Okemos,MI,48864,42.700678670167,-84.432440872859,,,,No website,,20,,,3458.0,census_geocoder
1941,Islamic Center of Lansing,1120 North Pennsylvania Avenue,Lansing,MI,48906,42.746219797124,-84.537694664402,,1979,,https://www.facebook.com/media/set/?set=a.10152609979701897.1073741844.161267091896&type=3,38,80,,,418.0,census_geocoder
1942,Wali Mahmoud Islamic Center,235 Lahoma Street,Lansing,MI,48915,42.735247055707,-84.570463592017,,1975,,https://prayersconnect.com/mosques/84022989-wali-mahmoud-islamic-center-lansing-michigan-united-states,46,63,,,2229.0,census_geocoder
1943,Kalamazoo Islamic Center,1520 West Michigan Avenue,Kalamazoo,MI,49006,42.286112661164,-85.605734654042,,1975,,https://rocketreach.co/kalamazoo-islamic-center-profile_b7ddc974c0ca9c36,,53,,,540.0,census_geocoder
1944,West Michigan Islamic Center,611 Northampton Road,Kalamazoo,MI,49006,42.297086726447,-85.640452036512,,2010,,No website,,65,,,3443.0,census_geocoder
1945,Islamic Association of Southwest Michigan (IASWM),1381 East Napier Avenue,Benton Harbor,MI,49022,42.088853200065,-86.425494673798,,-,Information Without Year,(269) 849-9162,,47,,,1349.0,census_geocoder
1946,Coldwater Masjid,129 Perkins Street,Coldwater,MI,49036,41.935769115839,-84.996168545083,,1980,,https://www.google.com/search?q=Coldwater+Masjid+123+Perkins+St.+year+establisheed&client=safari&hs=udzU&sca_esv=aaf38c21e3d3a8e3&rls=en&ei=o_nTaZDTPI2ewN4PmsOygQk&biw=951&bih=781&ved=0ahUKEwjQsNrf69mTAxUND9AFHZqhLJAQ4dUDCBE&uact=5&oq=Coldwater+Masjid+123+Perkins+St.+year+establisheed&gs_lp=Egxnd3Mtd2l6LXNlcnAiMkNvbGR3YXRlciBNYXNqaWQgMTIzIFBlcmtpbnMgU3QuIHllYXIgZXN0YWJsaXNoZWVkMgcQIRigARgKMgcQIRigARgKMgcQIRigARgKMgcQIRigARgKSOsoUNgJWKcncAF4AZABAJgBoAGgAc0QqgEEMS4xN7gBA8gBAPgBAZgCE6ACthHCAgoQABiwAxjWBBhHwgIFECEYoAHCAgUQIRirApgDAIgGAZAGCJIHBDIuMTegB7tKsgcEMS4xN7gHsxHCBwYwLjE3LjLIByGACAA&sclient=gws-wiz-serp,,61,,,1034.0,census_geocoder
1947,Bilal Islamic Center,1715 East Main Street,Kalamazoo,MI,49048,42.298819041313,-85.558542583147,,2008,,https://www.mlive.com/living/kalamazoo/2010/01/muslim_group_is_positive_prese.html,,58,,,991.0,census_geocoder
1948,Islamic Center of Big Rapids,125 East Bellevue Street,Big Rapids,MI,49307,43.703950373949,-85.483530574989,,,,,,69,,,2886.0,census_geocoder
1949,Friday Prayer Hall,1 Campus Drive,Allendale,MI,49401,42.960341684296,-85.888069153637,,,,No website,,38,,,3463.0,census_geocoder
1950,Masjid Muskegon Suite 102H,3375 Merriam Street,Muskegon,MI,49444,43.192143585814,-86.238412275996,,,,No website,,18,,,3451.0,census_geocoder
1951,Islamic Center of Grand Rapids,1301 Burton Street Southeast,Grand Rapids,MI,49507,42.9270927,-85.6362715,,1986,,http://www.noigrandrapids.com/,36,71,,,3446.0,nominatim
1952,Masjid as-Sunnah Temporary Location,2164 Division Avenue South,Grand Rapids,MI,49507,42.92388520367,-85.666414395232,,,,,40,84,,,2888.0,census_geocoder
1953,Masjid Bilal,1260 Jefferson ave Se,Grand Rapids,MI,49507,42.939948122514,-85.663529475273,,-,No Basic Information,No Website,35,80,,,1840.0,census_geocoder
1954,Muhammad Mosque #61,1125 Burton Street Southeast,Grand Rapids,MI,49507,42.927283157824,-85.640037169748,,,,https://alislahislamiccenter.com/,36,75,,,3445.0,census_geocoder
1955,Bosniak Islamic Cultural Center,2839 Eastern Avenue Southeast,Grand Rapids,MI,49508,42.911261434123,-85.647079898019,,2017,,https://prayersconnect.com/mosques/84096173-bosnian-cultural-center-grand-rapids-michigan-united-states,35,62,,,1000.0,census_geocoder
1956,Masjid Al-Noor,3206 Eastern Avenue Southeast,Kentwood,MI,49508,42.905430004744,-85.646596943323,,2015,,No website,,40,,,3440.0,census_geocoder
1957,Al-Tawheed Islamic Center,3357 East Paris Ave Southeast,Kentwood,MI,49512,42.902749864153,-85.568171430603,,2010,,https://grmasjid.org/wp/history/,,32,,,584.0,census_geocoder
1958,ICC Behar,3425 East Paris Avenue Southeast,Grand Rapids,MI,49512,42.901680905786,-85.568108389585,,2000,,http://islamiccentergr.org/,,25,,,3447.0,census_geocoder
1959,Islamic Cultural Center Behar,3425 East Paris Avenue Southeast,Grand Rapids,MI,49512,42.901680905786,-85.568108389585,,2004,,https://prayersconnect.com/mosques/84031838-icc-behar-grand-rapids-michigan-united-states,,25,,,1407.0,census_geocoder
1960,Mosque MichiganTech,2001 Woodmar Drive,Houghton,MI,49931,47.112147402291,-88.537200801056,,,,No website,,16,,,3441.0,census_geocoder
1961,MSA Community Room,2001 Woodmar Drive,Houghton,MI,49931,47.112147402291,-88.537200801056,,,,No website,,16,,,3442.0,census_geocoder
1962,Iraqi American Islamic Center ,7103 Normile St,Dearborn,MI ,48126,42.343581685306,-83.158487009743,,-,No Basic Information,,,70,,,2753.0,census_geocoder
1963,Eastern Twin Cities Islamic Center,12585 Hudson Road South,Afton,MN,55001,44.945958997555,-92.852223980318,,2013,,https://www.republicaneagle.com/news/community/afton-islamic-center-approved/article_fc9c85c1-50e4-5798-82b5-1784dddd02fc.html,,1,,,2451.0,census_geocoder
1964,"Masjid Salahuddin, As-Suffah Islamic Center",3629 95th Avenue Northeast,Circle Pines,MN,55014,,,,,,https://www.as-suffahmn.org/,,6,,,3410.0,
1965,Abubakar As-Saddique Islamic Center,1201 Division Street West,Faribault,MN,55021,44.290527813624,-93.286534879104,,2006,,https://abuubakar.org/history/,,54,,,3422.0,census_geocoder
1966,Al Hudaa Mosque,7  3Rd ave Ne,Fairbault,MN,55021,44.293581296237,-93.2681567305,,-,No Basic Information,,,57,,,857.0,census_geocoder
1967,Masjid AbuBakr Al-Seddiq,1400 Cannon Circle Suite 1,Fairhault,MN,55021,44.304338310887,-93.288731335835,,2007,,https://religionsmn.carleton.edu/exhibits/show/abubakar-as-saddique-islamic-c/locationtime,,29,,,132.0,census_geocoder
1968,Al Hadi Association,17685 Juniper Path,Lakeville,MN,55044,44.691942123736,-93.286817121338,,,,https://www.alhadiassociation.com/,,65,,,3425.0,census_geocoder
1969,Lakeville Masjid,8670 210th Street West,Lakeville,MN,55044,44.645127757983,-93.24068933252,,,,https://masmn.org/,,54,,,3424.0,census_geocoder
1970,Lakeville Masjid,8670 210th Street West,Lakeville,MN,55044,44.645127757983,-93.24068933252,,,,http://www.masmn.org/,,54,,,3438.0,census_geocoder
1971,Masjid Al-Rahmah,509 12th st Ne,Owatonng,MN,55060,44.097000837737,-93.215982092401,,2014,,"https://www.causeiq.com/organizations/muslim-society-of-owatonna,208124949/",,26,,,1746.0,census_geocoder
1972,Al Madina Association,"2038 Bonaire Path W,",Rosemount,MN,55068,44.753633287905,-93.106276837986,,2010,,https://almadinaassociation.org/#about,,2,,,631.0,census_geocoder
1973,South Metro Islamic Center,15400 Robert Trail South,Rosemount,MN,55068,44.72804964583,-93.130953152741,,2015,,https://www.mapquest.com/us/minnesota/south-metro-islamic-center-377701869,,57,,,637.0,census_geocoder
1974,Iqra community center,1044 7th Street West,Saint Paul,MN,55102,44.925957291267,-93.129209354842,,,,No website,,83,,,3404.0,census_geocoder
1975,Towhid Islamic Community Center,430 Dale Street,Saint Paul,MN,55102,44.954228670884,-93.12626082114,,2010,,"https://www.myvillager.com/news/religion/city-council-gives-vacant-islamic-center-a-temporary-reprieve/article_d582e1e4-2b04-4200-bf24-702269c843fa.html#:~:text=Their%20church%20has%20also%20sustained,intention%20of%20restoring%20this%20building.%E2%80%9D",,89,,,467.0,census_geocoder
1976,Islamic Dawah Center (Minnesota Dawah Institute),478 University Ave W,St Paul,MN,55103,44.955684897066,-93.12033798616,,2007,,https://mndawah.net/about/,,87,,,2458.0,census_geocoder
1977,Al-Ihsan Mosque,955 W Minnehaha Ave,St Paul,MN,55104,44.963046518809,-93.140542329353,,2009,,"https://www.causeiq.com/organizations/al-lhsan-islamic-center,800205391/",,63,,,2461.0,census_geocoder
1978,Darul Uloom Islamic Center,977 5th St E,St Paul,MN,55106,44.959504290718,-93.059269663367,,2014,,"https://www.causeiq.com/organizations/darul-uloom-islamic-center,465467400/",,66,,,2455.0,census_geocoder
1979,MAS Masjid At Taqwa,1608 Como Ave,St Paul,MN,55108,44.977242964081,-93.168231498689,,1993,,https://masmn.org/about-us/,,73,,,2456.0,census_geocoder
1980,Assalam Mosque,1460 Skillman Avenue East,Maplewood,MN,55109,45.002773312302,-93.03853335834,,1997,,https://prayersconnect.com/mosques/84025274-assalam-mosque-maplewood-minnesota-united-states,39,50,,,487.0,census_geocoder
1981,Tawhid Islamic Center,1001 Westgate Drive,Saint Paul,MN,55114,44.971622425544,-93.205199496754,,,,https://tawhidic.org/,,71,,,3401.0,census_geocoder
1982,Darul Iman Masjid,291 McKnight Road South,Saint Paul,MN,55119,44.932396525002,-93.004903263316,,,,https://www.facebook.com/DarulimanCenter/,,43,,,3405.0,census_geocoder
1983,Masjid Assunnah,373 Pederson st No.102,Saint Paul,MN,55119,44.950713019839,-93.012636114536,,2001,,https://www.ianaonline.org/organization/YCl9Oyjx/masjid-assunah-stpaul,,72,,,1824.0,census_geocoder
1984,Ramadan Center,291 McKnight Road South,Saint Paul,MN,55119,44.932396525002,-93.004903263316,,,,https://ramadancenter.org/,,43,,,3402.0,census_geocoder
1985,Masjid As-Sahabah,3435 Washington Dr. Suite 200,Eagan,MN,55122,44.832927556874,-93.169314445494,,2007,,"https://www.causeiq.com/organizations/as-sahabah-cultural-association,260234610/",30,61,,,1809.0,census_geocoder
1986,Masjid Al Wahyain,670 Payne Avenue,Saint Paul,MN,55130,44.96141862775,-93.07596590306,,,,https://www.masjidalwahyain.com/,,79,,,3403.0,census_geocoder
1987,Quba Islamic Center Chaska,415 North Chestnut Street,Chaska,MN,55318,44.787471702694,-93.6012324854,,,,https://masmn.org/quba-islamic-center-of-chaska/,,79,,,3411.0,census_geocoder
1988,Al-Itqaan Center,1 2119 16th Avenue South,Burnsville,MN,55337,44.7842267,-93.2514171,,,,https://www.alitqaan.org/,26,63,,,3421.0,nominatim
1989,Dar-Us-Salam Burnsville,190 River Ridge Circle South,Burnsville,MN,55337,44.77733532412,-93.283716351206,,,,https://www.facebook.com/DCCMN/,44,48,,,3415.0,census_geocoder
1990,Dar-Us-Salam Cultural Center,900 E 128th st,Burnsville,MN,55337,44.771734241023,-93.29022698128,,2005,,https://darusalam.org/about-us/,41,43,,,1066.0,census_geocoder
1991,Madina Community Center,501 State Highway 13,Burnsville,MN,55337,44.776004307519,-93.282177171836,,,,,42,52,,,3414.0,census_geocoder
1992,Madina Community Center,501 State Hwy 13 ,Burnsville,MN,55337,44.776004307519,-93.282177171836,,,,https://www.halaltrip.com/mosque-details/8793/madina-community-center/,42,52,,,3423.0,census_geocoder
1993,Minnesota Islamic Center,12119 16th Avenue South,Burnsville,MN,55337,44.7845776097,-93.250861307495,,,,http://www.minnesotaislamiccenter.com/,28,58,,,3412.0,census_geocoder
1994,The Islamic Institute of Minnesota - Burnsville Mosque,1351 Riverwood Drive,Burnsville,MN,55337,44.785304889732,-93.256695126629,,2008,,https://www.islamicinstituteofmn.org/#about,25,63,,,485.0,census_geocoder
1995,Al-Amaan Community Center,5620 Smetana Drive,Minnetonka,MN,55343,44.901069738391,-93.404123722664,,2016,,https://www.startribune.com/minnetonka-approves-first-islamic-community-center/389676321,,32,,,2452.0,census_geocoder
1996,eden prairie islamic center,11543 K-Tel Drive,Minnetonka,MN,55343,44.913310976885,-93.425234583534,,,,https://www.epislamiccenter.com/,,,,,3377.0,census_geocoder
1997,Islamic Community Center of Minnesota,1429 Northeast 2nd Street,Eden Prairie,MN,55344,,,,1969,,http://www.islamiccentermn.org/icm/user/script_files/aboutus.asp,,30,,,3413.0,
1998,Islamic Institute of Minnesota - Eden Prairie Mosque,6871 Flying Cloud Drive,Eden Prairie,MN,55344,44.880541919795,-93.412560021648,,1993,,"https://www.feelingblessed.org/organization/detail/iim#:~:text=The%20Islamic%20Institute%20of%20Minnesota,Altawba%20Mosque%20in%20Eden%20Prairie.",,,,,486.0,census_geocoder
1999,Almarwa Islamic Center,6520 Eden Vale Blvd,Eden Prairie,MN,55346,44.886417303556,-93.455309517645,,2009,,"https://www.causeiq.com/organizations/irshad-islamic-center,264791012/",,17,,,1164.0,census_geocoder
2000,Maple Grove Masjid,10186 Lancaster Ln N,Maple Grove,MN,55369,45.140216486137,-93.402521629807,,-,No Basic Information,,,17,,,2457.0,census_geocoder
2001,Samaha Islamic Center,214 Holmes Street South,Shakopee,MN,55379,44.797328808292,-93.526504322125,,2019,,https://www.twincities.com/2019/11/11/shakopee-planning-commission-approves-permit-for-downtown-mosque/,,76,,,553.0,census_geocoder
2002,Samaha Islamic Center,214 Holmes Street South,Shakopee,MN,55379,44.797328808292,-93.526504322125,,,,https://www.samahaislamiccenter.org/contact,,76,,,3398.0,census_geocoder
2003,Muslim Student Association (Minneapolis College),1501 Hennepin Ave,Minneapolis,MN,55403,44.973147759286,-93.284207481936,,,,https://msamctc.wixsite.com/msamctc,78,92,,,3385.0,census_geocoder
2004,Nurul-Iman Institute,2219 Oakland Avenue,Minneapolis,MN,55404,44.960695618989,-93.266333698319,,-,Information Without Year,https://nuuruliimaan.net/,60,80,,,3384.0,census_geocoder
2005,Nurul-Iman Mosque and Institute,2222 Park Avenue,Minneapolis,MN,55404,44.960669284071,-93.265197342518,,,,https://nuuruliimaan.net/,61,80,,,3383.0,census_geocoder
2006,Tawfiq Islamic Center,2400 Minnehaha Avenue,Minneapolis,MN,55404,44.959073507324,-93.241974000408,,2006,,https://www.tawfiqic.org/,60,76,,,464.0,census_geocoder
2007,Tibyan Community Center,2500 Minnehaha Avenue,Minneapolis,MN,55404,44.957291512811,-93.240754521257,,,,https://tibyancenter.org/,60,73,,,3380.0,census_geocoder
2008,Masjid al Furqaan,1525 Glenwood Avenue,Minneapolis,MN,55405,44.980782250891,-93.299426346494,,2014,,"https://www.causeiq.com/organizations/al-furqaan-islaamic-center,271335906/",45,77,,,756.0,census_geocoder
2009,Al- Hikmah Islamic Center,2323 East Franklin Avenue,Minneapolis,MN,55406,44.962692711257,-93.238021588088,,,,http://hikmahcenter.org/,64,86,,,3437.0,census_geocoder
2010,Masjid Rawdah,2426 E 26th st,Minneapolis,MN,55406,44.955616303639,-93.237339088968,,2009,,"https://sahanjournal.com/religion/covid-19-restrictions-end-social-distancing-minnesota-mosques/#:~:text=A%20source%20of%20community,shoulder%2C%20in%20the%20traditional%20fashion.",56,80,,,1951.0,census_geocoder
2011,Abuubakar As-Saddique Islamic Center,2824 13th ave S,Minneapolis,MN,55407,44.95152902174,-93.256351132287,,2006,,https://abuubakar.org/history/,60,83,,,843.0,census_geocoder
2012,Mercy Center Masjid Alrahma,2647 Bloomington Avenue South,Minneapolis,MN,55407,44.95469154046,-93.252346398938,,1999,,https://mccminnesota.org/about-us/,60,82,,,457.0,census_geocoder
2013,Alhikma Islamic Center,116 East 32nd Street,Minneapolis,MN,55408,44.945023307899,-93.276398018141,,,,https://alhikmaa.org/,64,83,,,3429.0,census_geocoder
2014,Karmel Masjid,2910 S Pillsburg Ave Suite 200,Minneapolis,MN,55408,44.950256778123,-93.281422018596,,2012,,"https://www.causeiq.com/organizations/karmel-community-prayer-center,453736911/",64,88,,,1517.0,census_geocoder
2015,Khalid Binu Walid Center,124 West Lake Street,Minneapolis,MN,55408,44.948416307665,-93.280147103485,,,,https://prayersconnect.com/mosques/84070154-khalid-binu-walid-center-minneapolis-minnesota-united-states,65,,,,3389.0,census_geocoder
2016,Masjid Umatul Islam Center,3015 2Nd ave S,Minneapolis,MN,55408,44.948067695999,-93.274055041231,,1996,,https://religionsmn.carleton.edu/exhibits/show/masjid-an-nur/masjid-an-nur/history,63,89,,,1990.0,census_geocoder
2017,Tayseer Center,115 E Lake St,Minneapolis,MN,55408,44.948292716028,-93.276442924447,,2012,,https://www.facebook.com/TayseerCenter/,65,89,,,3381.0,census_geocoder
2018,Light Upon Light SUFI Center,3754 Pleasant Avenue,Minneapolis,MN,55409,44.934916821076,-93.283151257088,,,,http://lulsuficenter.org/,50,86,,,3388.0,census_geocoder
2019,Masjid An-Nur,1729 North Lyndale Avenue,Minneapolis,MN,55411,44.996628376855,-93.288070262314,,1996,,https://religionsmn.carleton.edu/exhibits/show/masjid-an-nur/masjid-an-nur/history,54,85,,,562.0,census_geocoder
2020,UthmanIslamic Center,2900 North Lyndale Avenue,Minneapolis,MN,55411,45.009571592074,-93.287913112425,,,,https://uthmanislamiccenter.com/,47,60,,,3379.0,census_geocoder
2021,Al-Ansar Islamic Movement,1600 Lowry Avenue North,Minneapolis,MN,55412,45.01323487965,-93.29946345228,,2013,,"https://www.causeiq.com/organizations/al-ansar-islamic-movement-of-minnesota,260588972/",51,71,,,873.0,census_geocoder
2022,Al-Wafaa Center,3315 North 2nd Street,Minneapolis,MN,55412,45.015188058941,-93.281034267204,,,,http://al-wafaa.org/,46,53,,,3430.0,census_geocoder
2023,Al-Iman Mosque,1429 Northeast 2nd Street,Minneapolis,MN,55413,45.002330433832,-93.266033713605,,,,http://iccmn.us/v2/,44,86,,,3431.0,census_geocoder
2024,Darul Mustafa Center,1723 Adams Street Northeast,Minneapolis,MN,55413,45.005952641156,-93.256232303233,,,,,48,68,,,3426.0,census_geocoder
2025,ICBMN-Islamic Community of Bosniaks in Minnesota,668 Broadway Street Northeast,Minneapolis,MN,55413,44.998656707129,-93.254019867558,,,,http://icbmn.org/,55,82,,,3407.0,census_geocoder
2026,Masjid Al-Iman/Islamic Community Center of Minnesota,1429 2Nd st N,Minneapolis,MN,55413,45.002330433832,-93.266033713605,,-,Information Without Year,https://www.mapquest.com/us/minnesota/al-ikhlas-mosque-474280967,,,,,1692.0,census_geocoder
2027,Dar Omar Al-Farooq,983 17th ave Se,Minneapolis,MN,55414,44.987301008661,-93.228679267565,,1997,,https://www.facebook.com/p/Dar-Omar-Al-Farooq-100070909086623/,58,75,,,24.0,census_geocoder
2028,Dar Omar Al-Farooq,983 17th Avenue Southeast,Minneapolis,MN,55414,44.987301008661,-93.228679267565,,,,http://daromaralfarooq.org/,58,75,,,3427.0,census_geocoder
2029,Abu Huraira Mosque,3055 Old Highway 8,Minneapolis,MN,55418,45.023956590594,-93.209897773499,,,,,,29,,,3434.0,census_geocoder
2030,Dar Al-Qalam Islamic Center,81 NE Lowry Ave,Minneapolis,MN,55418,45.013216297434,-93.268765195987,,2012,,http://daralqalam.org/about/history/,43,78,,,2459.0,census_geocoder
2031,El Trebol Express Inc,2223 Central Avenue Northeast,Minneapolis,MN,55418,45.010135167227,-93.247244018947,,,,,48,91,,,3432.0,census_geocoder
2032,Islamic Cultural Community Center / Masjid Al Huda,2534 Central Avenue North East,Minneapolis,MN,55418,45.013801029458,-93.247417295968,,2001,,https://www.ianaonline.org/organization/PjbzhHZm/al-huda-islamic-center,49,89,,,1688.0,census_geocoder
2033,Masjid Salaama Cultural Center,3141 Central Ave NE,minneapolis,MN,55418,45.024715787566,-93.247205685177,,2011,,https://www.salaammasjid.org/,43,55,,,3399.0,census_geocoder
2034,Salaam Cultural Center,3141 Central Avenue Northeast,Minneapolis,MN,55418,45.024715787566,-93.247205685177,,,,https://salaammasjid.org/,43,55,,,3390.0,census_geocoder
2035,Dar Al Farooq Islamic Center,8201 Park Avenue South,Bloomington,MN,55420,44.855475385665,-93.265602427775,,2011,,https://en.wikipedia.org/wiki/Dar_Al-Farooq_Islamic_Center,,46,,,460.0,census_geocoder
2036,Abu Khadra Masjid,4056 7th st Ne,Columbia Heights,MN,55421,45.041987121628,-93.257683175709,,1976,,https://www.facebook.com/abukhadramasjid/,41,65,,,841.0,census_geocoder
2037,Building Blocks of Islam,3900 Jackson Street Northeast,Minneapolis,MN,55421,45.038299292474,-93.249964327367,,,,https://www.thebuildingblocks.org/,45,71,,,3428.0,census_geocoder
2038,(Muslim Community Center) Al Rahman,8910 Old Cedar Avenue South #2049,Bloomington,MN,55425,44.842333801984,-93.247951421371,,1999,,https://thigmos.com/mcc-al-rahman/about,,55,,,2454.0,census_geocoder
2039,Zawadi Prayer area,1701 American Boulevard East,Bloomington,MN,55425,44.859789569159,-93.251589697773,,,,https://www.instagram.com/reel/Cx_KCccR7ru/,,46,,,3419.0,census_geocoder
2040,Masjid Ishaque,9220 Bass Lake Road,New Hope,MN,55428,45.058113540726,-93.394944775421,,,,No website,26,22,,,3376.0,census_geocoder
2041,Al Hussain mosque,3300 62nd Avenue North,Minneapolis,MN,55429,45.06748123504,-93.323003163675,,,,https://www.masjidabuhuraira.org/,52,61,,,3433.0,census_geocoder
2042,Imam Husain Islamic Center,6120 Brooklyn Blvd,Minneapolis,MN,55429,45.066100102547,-93.325908847364,,-,No Basic Information,,53,66,,,2462.0,census_geocoder
2043,Masjid-Al-Ansar Islamic Community Center,4900 France Avenue North,Minneapolis,MN,55429,45.044662700487,-93.329556204693,,2022,,http://masjidalansarmn.com/,49,16,,,3387.0,census_geocoder
2044,Al-Israa Mosque,6831 Hwy 65 NE,Fridley,MN,55432,45.0750081,-93.2457123,,2015,,"https://www.causeiq.com/organizations/masjid-al-israa,464946158/",35,35,,,2460.0,nominatim
2045,Bilal Oromo Dawa Center,7200 University Avenue NE,Minneapolis,MN,55432,45.093712183666,-93.263703040756,,,,https://bilalodc.wixsite.com/bilalodcenter,37,49,,,3378.0,census_geocoder
2046,Islamic Center of Minn,1401 Gardena ave Ne,Minneapolis,MN,55432,45.074893800532,-93.235032643411,,1987,,https://www.givemn.org/organization/Islamic-Center-Of-Minnesota,36,30,,,1287.0,census_geocoder
2047,Nusrat Mosque - Ahmadiyya Community Minnesota Chapter,11450 Robinson Drive,Coon Rapids,MN,55433,45.178723704895,-93.311746912361,,,,,26,48,,,3409.0,census_geocoder
2048,Baitul Maqdis Mosque,3680 Pheasant Ridge Drive Northeast,Blaine,MN,55434,45.161250888684,-93.171822275335,,,,,,15,,,3420.0,census_geocoder
2049,Al Muhaajereen Wal Ansarr Islamic Studies & Community Center,7710 Brooklyn Boulevard,Brooklyn Park,MN,55443,45.094550617339,-93.358290946379,,,,,41,67,,,3418.0,census_geocoder
2050,Masjid Ar-Rahim Islamic Community Center,5820 74th Avenue North,Brooklyn Park,MN,55443,45.089840233452,-93.353709756227,,,,https://masjiduarrahimmn.org/,41,67,,,3417.0,census_geocoder
2051,Masjid Ibadur Rahman,6001 78th Avenue North,Brooklyn Park,MN,55443,45.096274988377,-93.357428335371,,,,,35,61,,,3416.0,census_geocoder
2052,Somali community islamic center,6001 78th Avenue North,Minneapolis,MN,55443,45.096274988377,-93.357428335371,,,,https://prayersconnect.com/mosques/84020165-somali-community-islamic-center-minneapolis-minnesota-united-states,42,68,,,3382.0,census_geocoder
2053,Brooklyn Park Islamic Center,2100 93rd Way,Brooklyn Park,MN,55444,45.123907968125,-93.308626993216,,2018,,"https://www.causeiq.com/organizations/brooklyn-park-islamic-center,471224348/",11,2,,,375.0,census_geocoder
2054,Anjaman Asghari Ja Afari Islamic Center,10301 Jefferson Hwy.,Brooklyn Park,MN,55445,45.1506418,-93.3962071,,1995,,https://mnjamaat.com/history-of-azm/,0,16,,,947.0,nominatim
2055,Northwest Islamic Community Center - NWICC - Masjid Al-Kareem,3300 Plymouth Blvd,Plymouth,MN,55447,45.017854824028,-93.473128261597,,2014,,"https://www.causeiq.com/organizations/northwest-islamic-community-center,943486997/",20,55,,,2453.0,census_geocoder
2056,MAS,12175 Aberdeen S,Blaine,MN,55449,45.191168498475,-93.233161999383,,2011,,https://masmn.org/blaine-masjid/,,59,,,664.0,census_geocoder
2057,Muslim American Society,12175 Aberdeen Street Northeast,Minneapolis,MN,55449,45.191168498475,-93.233161999383,,,,No website,,57,,,3386.0,census_geocoder
2058,Dar Al-Hijrah Islamic Civic Center,504 Cedar ave S,Minneapolis,MN,55454,44.968885857548,-93.24731840346,,2006,,https://www.mnhs.org/mnopedia/search/index/place/dar-al-hijrah-mosque-minneapolis,76,88,,,1050.0,census_geocoder
2059,Darul-Quba,1501 S 6th St,Minneapolis,MN,55454,44.969142161118,-93.250972853006,,2023,,https://www.instagram.com/reel/CyPrldFs_L1/,76,83,,,1076.0,census_geocoder
2060,Al-Madinah Cultural Center,300 Washington ave Se Rm. 217,Minneapolis,MN,55455,44.973746844651,-93.235828699639,,1999,,https://cultural-centers-cmu.umn.edu/al-madinah-cultural-center,69,79,,,899.0,census_geocoder
2061,Islamic Center of The Twin Ports,145 E Winona st,Duluth,MN,55803,46.846945202783,-92.080473739294,,2001,,"https://www.duluthnewstribune.com/news/islamic-center-of-the-twin-ports-reaches-goal-to-pay-for-mosque-in-woodland#:~:text=successful%20fund%20drive.-,Area%20Muslims%20purchased%20the%20deed%20to%20the%20former%20Unitarian%20Universalist,at%20SMDC%20four%20years%20ago.",21,49,,,1361.0,census_geocoder
2062,Masjid E Abu Huraira,538 6th Avenue Northwest,Rochester,MN,55901,44.028909432484,-92.470867237384,,,,http://www.masjidabuhuraira.org/,,79,,,3391.0,census_geocoder
2063,Rochester Muslim Community Circle,331 16th Avenue Northwest,Rochester,MN,55901,44.027107499965,-92.48580171228,,,,https://rmccmn.org/,,67,,,3392.0,census_geocoder
2064,Rumsa Islamic Center/Masjid Abu-Huraira,530 6th Avenue North WEst,Rochester,MN,55901,44.028834016482,-92.470864952061,,2010,,https://www.postbulletin.com/newsmd/second-mosque-opens-in-rochester,,79,,,2154.0,census_geocoder
2065,Rochester Islamic Center,17 N Broadway,Rochester,MN,55904,44.023278831481,-92.463106859474,,1975,,"https://theicr.org/#:~:text=The%20Islamic%20Center%20of%20Rochester%20(ICR)%20was,classes%20*%20Programs%20for%20youth%20and%20adults",,94,,,2151.0,census_geocoder
2066,Warsan Community Center / Masjid Al-Khair,310 14th Street Southeast,Rochester,MN,55904,44.00338965754,-92.458468151964,,,,https://www.instagram.com/masjidalkhair_mn/,,68,,,3406.0,census_geocoder
2067,Islamic Center of Winona,"71 W 3rd St, Winona",Winona,MN,55987,44.052553446209,-91.6373727149,,2013,,https://www.islamiccenterofwinona.org/icw.html,,88,,,1378.0,census_geocoder
2068,Dar Abi Bakr,329 E Plum st,Mankato,MN,56001,44.167783437011,-93.997966738195,,1998,,https://www.mankatofreepress.com/islamic-center-fills-area-need/article_a5eeaa90-509a-5c66-893f-4e6728b4bedd.html,,83,,,1046.0,census_geocoder
2069,Dar Abi Bakr Islamic Center,329 East Plum Street,Mankato,MN,56001,44.167783437011,-93.997966738195,,,,,,83,,,3436.0,census_geocoder
2070,Mankato Islamic Center,329 N Broad st,Mankato,MN,56001,44.16829213026,-93.997973188925,,2014,,https://www.mankatofreepress.com/islamic-center-fills-area-need/article_a5eeaa90-509a-5c66-893f-4e6728b4bedd.html,,86,,,1547.0,census_geocoder
2071,Wisdom House of Mankato,222 East Walnut Street,Mankato,MN,56001,44.165754556485,-94.00199822756,,,,,,87,,,3435.0,census_geocoder
2072,Islamic Center of St Peter,1403 North 5th Street,Saint Peter,MN,56082,44.342433081939,-93.959838858429,,2017,,https://www.southernminn.com/st_peter_herald/news/islamic-center-finds-permanent-home-in-st-peter/article_ace639b5-a0a6-434d-a557-296aebd7362d.html,,36,,,3400.0,census_geocoder
2073,Islamic Society of Willmar,1112 Lake Avenue Northwest,Willmar,MN,56201,45.124227913982,-95.059232076895,,,,http://willmarmasjid.org/,,36,,,3393.0,census_geocoder
2074,Central Minnesota Islamic Center - Masjid Imaam Al-Shaafi'i,390 4th Avenue South,st Cloud,MN,56301,45.556213536962,-94.153163817797,,2013,,https://projects.propublica.org/nonprofits/organizations/451840178,,78,,,695.0,census_geocoder
2075,Islamic Center of St Cloud,375 5th Avenue South,St. Cloud,MN,56301,45.556362127867,-94.154727421181,,,,https://www.facebook.com/ICSCmn/,,79,,,3394.0,census_geocoder
2076,Islamic Center of St Cloud,712-722 17th Avenue South,St. Cloud,MN,56301,45.552842356032,-94.171027587427,,,,https://www.facebook.com/ICSCmn/,,76,,,3395.0,census_geocoder
2077,Iqra Education Center MOSQUE / MASJID (basement),3316 3rd Street North,St. Cloud,MN,56303,45.558564693829,-94.198458479965,,,,https://iqramn.org/,,71,,,3396.0,census_geocoder
2078,Hikmah Center,1338 15th Avenue Southeast,St. Cloud,MN,56304,45.551720198801,-94.131624115621,,,,http://hikmahmn.com/,,30,,,3397.0,census_geocoder
2079,Moorhead Fargo Islamic Center,2215 12th Ave S,Moorhead,MN,56560,46.86211570969,-96.745204301932,,2013,,https://theconcordian.org/islamic-society-of-fargo-moorhead-welcomes-all/,,24,,,2850.0,census_geocoder
2080,Al-Huda Islamic Center,1401 Central Ave NW,East Grand Forks,MN,56721,47.9473826,-97.0206069,,2018,,"https://www.grandforksherald.com/lifestyle/more-than-welcome-here-two-local-mosques-to-host-open-houses-for-neighbors#:~:text=Al%2DHuda%20first%20opened%20its,Lanes%20about%20five%20months%20ago.",,70,,,696.0,nominatim
2081,East Grand Forks Islamic Center,1500 5th Avenue Northeast,East Grand Forks,MN,56721,47.940060704224,-97.012348976387,,,,https://www.facebook.com/EGFislam/,,37,,,3408.0,census_geocoder
2082,Daar-Ul-Islam/Islamic Foundation of Greater Saint Louis,517 Weidman Road,Ballwin,MO,63011,38.603965066057,-90.494709842153,,1995,,https://en.wikipedia.org/wiki/List_of_mosques_in_the_United_States,,34,,,274.0,census_geocoder
2083,Dar Al-Zahra Shiia,721 Strecker rd,Wildwood,MO,63011,38.615931294283,-90.617249559429,,-,No Basic Information,,,5,,,1051.0,census_geocoder
2084,IFGSTL Funeral Home (adjacent to masjid)(waiting lobby),1301 Wickstead Road,Manchester,MO,63011,38.602615328717,-90.496395347713,,,,,,34,,,3288.0,census_geocoder
2085,AlManara Mosque,929 Big Bend Rd,Ballwin,MO,63021,38.567867181219,-90.509036948819,,2012,,https://www.masjidalmanara.com/history/,0,35,,,2480.0,census_geocoder
2086,Anjuman-e-AhleBayt - Zainabiya Imambargah,16801 Manchester Road,Wildwood,MO,63040,38.577886605653,-90.628870413305,,,,,,53,,,3273.0,census_geocoder
2087,Zainabiya STL,16801 Manchester Road,Wildwood,MO,63040,38.577886605653,-90.628870413305,,1999,,https://zainabiyastl.org/our-building/,,53,,,3272.0,census_geocoder
2088,Islamic Center of Hazelwood (Dar Aljalal Masjid),8945 Dunn Road,Hazelwood,MO,63042,38.777389,-90.346472,,2012,,https://patch.com/missouri/hazelwood/a-muslim-school-is-opening-in-hazelwood-at-dar-aljala03094b20ca,32,26,,,302.0,nominatim
2089,Al Qouba Masjid,1925 Allen ave,Saint Louis,MO,63104,38.61008317693,-90.21402893269,,2001,,http://masjidqooba.org/#about,41,83,,,864.0,census_geocoder
2090,Al Taqwa Mosque,1947 Gravois Ave,Saint Louis,MO,63104,38.607299878328,-90.216492919422,,2016,,https://www.stlaltaqwacenter.org/about-us,41,83,,,2481.0,census_geocoder
2091,Al-Mu'minun Masjid,1434 North Grand Boulevard,Saint Louis,MO,63106,38.647517383675,-90.226271934706,,1958,,https://muse.jhu.edu/pub/2/article/981490/pdf,46,77,,,593.0,census_geocoder
2092,Bilal Ibn Rabaah Mosque,3843 W Pine Mall Blvd,St. Louis,MO,63108,38.637281103219,-90.24005991694,,,,,53,74,,,3276.0,census_geocoder
2093,Masjid Bilal Ibn Rabah/Islamic Center of Greater st Louis,3843 West Pine Street,Saint Louis,MO,63108,,,,1974,,https://islamstl.org/about-us/,53,74,,,1847.0,
2094,Hazrat Abu Bakr Masjid,4700 South Grand Boulevard,Saint Louis,MO,63111,38.574498519746,-90.249263822182,,2007,,https://www.facebook.com/masjidabubakrsiddiqstl,40,75,,,301.0,census_geocoder
2095,Northwest Islamic Center of Saint Louis (NICSTL),10543 Lackland Rd,Saint Louis,MO,63114,38.696616591105,-90.393034363419,,2003,,https://nwicstl.com/about-us,,33,,,2478.0,census_geocoder
2096,Masjid Al-Tauheed,5010 San Francisco Avenue,Saint Louis,MO,63115,38.6783191,-90.2531827,,1998,,https://www.al-tauheed.net/about,41,73,,,1769.0,nominatim
2097,Islamic Community Center (Madina Mosque),4666 Lansdowne Ave,Saint Louis,MO,63116,38.587286842776,-90.273181318523,,2010,,https://en.wikipedia.org/wiki/St._Louis_Islamic_Center,40,80,,,2479.0,census_geocoder
2098,Grand Islamic Center of Saint Louis,1519 4 Street Northwest,Saint Louis,MO,63118,38.7135955,-90.2355782,,2023,,https://grandmasjid.com/about-us,54,70,,,34.0,nominatim
2099,Resalat Community Center,3418 Meramec st,Saint Louis,MO,63118,38.580700780687,-90.242847934579,,2012,,https://www.charitynavigator.org/ein/800308764,44,79,,,2146.0,census_geocoder
2100,Baitul Hafeez Mosque,4529 Emerson Avenue,Saint Louis,MO,63120,38.690192001082,-90.253845342582,,2014,,https://www.news-leader.com/story/news/2014/01/21/new-imam-building-bridges-in-community/4685083/,36,25,,,591.0,census_geocoder
2101,Saint Louis Islamic Center,9528 Reavis Barracks Rd,Saint Louis,MO,63123,38.536220878981,-90.321704893861,,2010,,"https://www.causeiq.com/organizations/st-louis-islamic-center,272020309/",0,39,,,2476.0,census_geocoder
2102,Ahiska Turkish Islamic Center,3400 Lemay Ferry Road,St. Louis,MO,63125,38.512231796992,-90.317800469107,,,,,31,56,,,3277.0,census_geocoder
2103,Bosnian Islamic Center Masjid,318 Lemay Ferry,Saint Louis,MO,63125,38.54219882519,-90.276581914622,,2010,,http://www.bicstl.com/language/en/about-us/,33,61,,,19.0,census_geocoder
2104,Resalat Community Center,2716 Telegraph Road,St. Louis,MO,63125,38.510117734013,-90.292601322599,,,,,19,63,,,3275.0,census_geocoder
2105,Islamic Center of South County,627 Forder Rd,Saint Louis,MO,63129,38.49024129953,-90.312991115784,,2017,,https://www.charitynavigator.org/ein/272004987,,15,,,1345.0,census_geocoder
2106,Muslim Jamat of Saint Louis,6809 E Florissant ave,Saint Louis,MO,63136,38.716507936867,-90.2596239535,,2004,,"https://www.causeiq.com/organizations/muslims-jamat,431895969/",,60,,,2102.0,census_geocoder
2107,West Florissant Islamic Center,5762 Jennings Station Road,St. Louis,MO,63136,38.716988121344,-90.261712579633,,,,,,54,,,3274.0,census_geocoder
2108,Muhammad Mosque #28,5967 West Florissant Avenue,Saint Louis,MO,63147,38.708571799033,-90.250936459134,,2010,,"https://www.stlamerican.com/news/community-news/minister-farrakhan-to-dedicate-mosque-28-in-north-st-louis-on-sunday/#:~:text=Stay%20Informed%2C%20Stay%20Empowered%20in,visit%20www.MuhammadMosque28.org.",38,67,,,592.0,census_geocoder
2109,Dar ul Iman Mosque,"5145 Westwood Dr,",Saint Charles,MO,63304,38.731443036503,-90.642665781243,,2013,,https://mccstc.org/about-us/,,35,,,804.0,census_geocoder
2110,Islamic Center of Cape Girardeau,298 N West End Blvd,Cape Girardeau,MO,63701,37.307836727943,-89.535710572408,,2022,,https://www.kfvs12.com/2023/10/12/cape-girardeau-islamic-center-transforms-new-mosque-into-forever-home/,,78,,,1217.0,census_geocoder
2111,Islamic Center Of Blue Springs,217 Southeast South Avenue,Blue Springs,MO,64014,39.01291821605,-94.26182944714,,,,,,,,,3287.0,census_geocoder
2112,Islamic Center of Warrensburg,143 E Culton Street,Warrensburg,MO,64093,38.764078058296,-93.739334164068,,1992,,https://www.gofundme.com/f/mfutyh,,89,,,707.0,census_geocoder
2113,Al Taqwa Islamic Center of Kansas City,1340 Admiral Blvd,Kansas City,MO,64106,39.105390965137,-94.565882538632,,2003,,https://www.altaqwacenter.org/our-history/,55,65,,,2389.0,census_geocoder
2114,Inshirah Islamic Center,3664 Troost,Kansas City,MO,64109,39.059381016232,-94.572005623802,,1992,,https://alinshirahkc.com/about-us,,,,,1157.0,census_geocoder
2115,Masjid Anas Bin Malik Kansas City MO/Masjid Al-Ghurabaa,2904 Park Ave,Kansas City,MO,64109,39.073468539302,-94.55618405041,,2013,,https://www.causeiq.com/directory/islamic-organizations-list/kansas-city-mo-ks-metro/,,30,,,2392.0,census_geocoder
2116,Islamic Center Bosnjak,3607 North Antioch Road,Kansas City,MO,64117,39.159525505042,-94.546661287556,,,,,22,38,,,3284.0,census_geocoder
2117,Islamic Center of North Kansas City - Masjid Al Salaam,4342 N Antioch Rd,Kansas City,MO,64117,39.173531640089,-94.549090969153,,2015,,https://masjidalsalaamkc.org/,22,41,,,2388.0,census_geocoder
2118,Masjid Al-Huda Center,141 Van Brunt Boulevard,Kansas City,MO,64123,39.111984404791,-94.525625963042,,2011,,https://alhudakc.org/history-of-al-huda-center/,36,58,,,639.0,census_geocoder
2119,Noor Ul Yaqeen Islamic Center,134 North Hardesty Avenue,Kansas City,MO,64123,39.11311379561,-94.518717594811,,,,,33,48,,,3281.0,census_geocoder
2120,Al-Kahf Center,4206 E 9th st,Kansas City,MO,64124,39.102002409878,-94.532909808328,,-,No Basic Information,,40,55,,,896.0,census_geocoder
2121,Burmese Muslim Association of Kansas City,2637 East 9th Street,Kansas City,MO,64124,39.102404751722,-94.55077590929,,,,,47,72,,,3285.0,census_geocoder
2122,Masjidu Nuur Islamic Center (Ahlu Sunnah),2639E E 11th St,Kansas City,MO,64127,39.100564438786,-94.550867246067,,2014,,"https://www.causeiq.com/organizations/masjidu-nuur-islamic-community-center,300681135/",47,67,,,2396.0,census_geocoder
2123,Masjid Omar,2700 E 49th st,Kansas City,MO,64130,39.03737638298,-94.553312215443,,1950,,https://theclio.com/entry/154490,41,28,,,1937.0,census_geocoder
2124,Al-Inshirah Islamic Center,3664 Troost Avenue,Kansas City,MO,64131,39.059381016232,-94.572005623802,,1992,,https://alinshirahkc.com/about-us,48,74,,,633.0,census_geocoder
2125,Al-Haqq Islamic Center,6941 Prospect,Kansas City,MO,64132,39.00053450128,-94.556703411231,,2006,,https://alhaqqic.com,40,50,,,883.0,census_geocoder
2126,Masjid Al-Khair,6920 Prospect Avenue,Kansas City,MO,64132,39.001047936306,-94.556824168812,,,,,41,42,,,3282.0,census_geocoder
2127,Islamic Society of Kansas City (ISGKC),8501 East 99 Street,Kansas City,MO,64134,38.944349078971,-94.491276595163,,,,,0,22,,,3283.0,census_geocoder
2128,Islamic Society of the Greater Kansas City (ISGKC),8501 E 99 St,Kansas City,MO,64134,38.944349078971,-94.491276595163,,1984,,https://pluralismarchive.hsites.harvard.edu/islamic-society-greater-kansas-city,0,21,,,2390.0,census_geocoder
2129,Muslim American Society,9520 James A Reed Road,Kansas City,MO,64134,38.951380240118,-94.494142832181,,,,,20,39,,,3280.0,census_geocoder
2130,Islamic Center of Northland (ICNKC),8801 North Central Street,Kansas City,MO,64155,39.253621997813,-94.583730686763,,2010,,https://icnkc.org/about/#:~:text=8801%20N%20Central%20St%2C%20Kansas,23,38,,,2395.0,census_geocoder
2131,Al Tawheed Islamic Center of Saint Joseph Missouri,310 North 13th Street,Saint Joseph,MO,64501,39.768385171004,-94.844220769388,,,,,,73,,,3271.0,census_geocoder
2132,Islamic Center of Greater Saint Joseph,2325 Messanie Street,Saint Joseph,MO,64501,39.762520355318,-94.832504112813,,2010,,https://icstj.org/masjid-history/,,50,,,666.0,census_geocoder
2133,Islamic Center of st Joseph,2325 Messanie st,st Joseph,MO,64501,39.762520355318,-94.832504112813,,2008,,https://icstj.org/masjid-history/,,50,,,1351.0,census_geocoder
2134,Islamic Society of Joplin,1805 W 32nd St,Joplin,MO,64804,37.055453664532,-94.536422553683,,2007,,https://www.causeiq.com/directory/islamic-organizations-list/joplin-mo-metro/,,36,,,1470.0,census_geocoder
2135,Islamic Society of Noel,116 Railroad Street,Noel,MO,64854,36.545325721836,-94.485618045773,,,,,,41,,,3279.0,census_geocoder
2136,West Chotokhata Jame Mosque,"West Chotokhata Jame Mosque, Jane, MO 64856, USA",Jane,MO,64856,,,,,,,,11,,,3286.0,
2137,Jefferson City Muslim Community (JCMC - Islamic Center-Central Missouri),5124 Moreau Ridge Rd,Jefferson City,MO,65109,38.510672284158,-92.251654973014,,1991,,https://jeffersonmosque.weebly.com/about.html,,0,,,2477.0,census_geocoder
2138,Islamic Center of Central Missouri (ICCM),201 S 5th St,Columbia,MO,65201,38.954219210468,-92.331845367587,,1983,,https://theiccm.org/,,95,,,2474.0,census_geocoder
2139,Islamic Center of Rolla,1306 N Elm st,Rolla,MO,65401,37.954290081163,-91.7704457692,,2010,,https://www.rollamasjid.org/icrm-history,,81,,,1335.0,census_geocoder
2140,Islamic Center of Springfield Missouri (ICSM),2151 E Division St,Springfield,MO,65803,37.225312412263,-93.252559148263,,2000,,"https://www.causeiq.com/organizations/islamic-center-of-springfield-missouri,431868499/",,20,,,2475.0,census_geocoder
2141,Abou Ben Adhem Shrine Mosque,601 East Saint Louis Street,Springfield,MO,65806,37.208918466888,-93.286523941699,,,,,,88,,,3278.0,census_geocoder
2142,ABRAHAM HOUSE OF GOD AND CEMETERY,4600 Church Rd,Horn Lake,MS,38637,34.933486737637,-90.070537010823,,2019,,https://www.abrahamhouseofgod.com/,,4,,,2469.0,census_geocoder
2143,DESOTO ISLAMIC CENTER. AND CEMETERY Ã™Â…Ã˜Â³Ã˜Â¬Ã˜Â¯ Ã˜Â³Ã™ÂŠÃ˜Â¯Ã™Â†Ã˜Â§ Ã˜Â¥Ã˜Â¨Ã˜Â±Ã˜Â§Ã™Â‡Ã™ÂŠÃ™Â…,4600 Church Road,Horn Lake,MS,38637,34.933486737637,-90.070537010823,,,,,,4,,,3292.0,census_geocoder
2144,Oxford Masjid,401 McElroy Drive,Oxford,MS,38655,34.38079022521,-89.5420169521,,1999,,https://www.arabnews.com/muslims-mississippi-playing-vital-role,,18,,,662.0,census_geocoder
2145,Oxford Mosque,403 McElroy Drive,Oxford,MS,38655,34.380780859064,-89.542068099994,,,,,,26,,,3291.0,census_geocoder
2146,MSA Mosala,133 Dormitory Row West,University,MS,38677,34.3668309,-89.5398502,,,,,,33,,,3290.0,nominatim
2147,Greenville Masjid,"Greenville, MS 38703, USA",Greenville,MS,38703,,,,,,,,62,,,3293.0,
2148,"The Islamic Society of Delta Mississippi (Cleveland, Mississippi)",672 MS-446,Boyle,MS,38730,33.703998120795,-90.735294131766,,-,No Basic Information,,,27,,,2468.0,census_geocoder
2149,Masjid Bilal,202 Green St W,Mound Bayou,MS,38762,33.878421481197,-90.726693072772,,-,No Basic Information,No Website,,16,,,1838.0,census_geocoder
2150,The New Nation of Islam,5306 Red Lick Rd,Lorman,MS,39096,,,,1999,,"https://www.causeiq.com/organizations/muhammads-university-of-the-new-islam,311630853/",,0,,,2470.0,
2151,Magnolia Islamic Center,1465 Hwy 51,Madison,MS,39110,32.49080876952,-90.096356429067,,2012,,https://www.arabnews.com/muslims-mississippi-playing-vital-role,,0,,,1539.0,census_geocoder
2152,Islamic Center of Vicksburg,6705 Paxton rd,Vicksburg,MS,39180,32.337661844026,-90.826353270499,,2003,,https://www.arabnews.com/muslims-mississippi-playing-vital-role,,20,,,1367.0,census_geocoder
2153,International Museum of Muslim Cultures,201 East Pascagoula Street,Jackson,MS,39201,32.297839027781,-90.186485231135,,,,,36,50,,,3295.0,census_geocoder
2154,Masjid Umar Bin Khattab,2533 Old Mcdowell rd,Jackson,MS,39204,32.270460980959,-90.253466682211,,2006,,https://www.arabnews.com/muslims-mississippi-playing-vital-role,18,15,,,1988.0,census_geocoder
2155,Masjid Muhammad Islamic Comple,6100 Floral Drive,Jackson,MS,39206,32.395908859293,-90.170535953645,,1998,,https://www.arabnews.com/muslims-mississippi-playing-vital-role,17,8,,,2463.0,census_geocoder
2156,Islamic Center of Mississipi and Alabama,4329 Hwy 45 N,Meridian,MS,39301,32.402665625527,-88.664646511806,,2015,,https://www.intellispect.co/organizations/471627345-islamic-center-of-mississippi-&-alabama-inc,,2,,,2471.0,census_geocoder
2157,Islamic Center of Hattiesburg/Masjid Al Huda,211 N 25th Ave,Hattiesburg,MS,39401,31.326809420088,-89.327711362697,,2008,,https://prayersconnect.com/mosques/84054314-islamic-center-of-hattiesburg-hattiesburg-mississippi-united-states,,80,,,2464.0,census_geocoder
2158,Oak Grove Musalla,4956 Old Hwy 11 No.1A,Hattiesburg,MS,39402,31.289634310133,-89.412645518528,,-,Information Without Year,https://ogchurch.life/our-history/,,28,,,2125.0,census_geocoder
2159,Masjid Al Halim,16 Al-Halim Rd,Sumrall,MS,39482,,,,1995,,https://www.7cups.com/local/us/ms/sumrall/faith/masjid-al-halim-new-66325702782,,0,,,1594.0,
2160,Biloxi Islamic Center,205 Keller Avenue,Biloxi,MS,39501,30.399767087018,-88.878370092473,,1996,,"https://www.causeiq.com/organizations/american-muslim-mission-center-of-biloxi,640749564/",,59,,,479.0,census_geocoder
2161,Gulfport Islamic Center,4226 Central St,Gulfport,MS,39501,30.360879779183,-89.112553217236,,2012,,https://prayersconnect.com/mosques/84051776-gulfport-islamic-center-gulfport-mississippi-united-states,,37,,,2465.0,census_geocoder
2162,Keesler Air Force Base Islamic Center,2003 Meadows Dr,Biloxi,MS,39534,30.408226816667,-88.913450800816,,-,Information Without Year,https://discover.biloxi.ms.us/keesler-air-force-base/,,33,,,2467.0,census_geocoder
2163,Hickory Hill Country Club and Resort,900 Hickory Hill Drive,Gautier,MS,39553,30.459164167579,-88.62509023373,,,,,,8,,,3294.0,census_geocoder
2164,Fallou,2 Fallout Lane,Woodville,MS,39669,,,,,,,,9,,,3289.0,
2165,Islamic Center of Mississippi,204 Herbert St,Starkville,MS,39759,33.464001560608,-88.802410739194,,1998,,https://www.arabnews.com/muslims-mississippi-playing-vital-role,,60,,,1288.0,census_geocoder
2166,Billings Islamic Center,630 Logan Ln,Billings,MT,59105,45.82102383175,-108.470375330903,,2011,,https://www.iqrasense.com/islam-in-america/muslims-in-billings-montana-usa-islamic-centers-and-mosques.html,,55,,,992.0,census_geocoder
2167,Islamic Center of Bozeman,301 N 15th Ave,Bozeman,MT,59715,45.682198334772,-111.05702070843,,2006,,https://prayersconnect.com/mosques/84042062-islamic-center-of-bozeman-bozeman-montana-united-states,,72,,,1212.0,census_geocoder
2168,Missoula Islamic Society,715 Kensington Ave #17,Missoula,MT,59801,46.85327346962,-114.008135483054,,2022,,"https://www.causeiq.com/organizations/montana-islamic-society,842786732/",41,60,,,2839.0,census_geocoder
2169,Annoor Islamic Center,1435 Lake Cottage rd,Clemmons,NC,27012,36.075235147975,-80.386845162571,,2004,,https://clemmonsislamiccenter.org/about-us/,,37,,,948.0,census_geocoder
2170,Masjid Ul Muminun,1500 Harriet Tubman Dr.,Winston-Salem,NC,27105,36.113668857161,-80.238124779571,,1980,,https://www.masjidalmuminun336.org/,,39,,,1980.0,census_geocoder
2171,Community Mosque of Winston-Salem,1419 Waughtown st,Winston-Salem,NC,27107,36.068684988382,-80.207999854348,,1992,,https://communitymosque.com/our-history,,40,,,1036.0,census_geocoder
2172,Islamic Center of Asheboro,203 Brittian st,Asheboro,NC,27203,35.734544768485,-79.807121228887,,-,Information Without Year,(336) 521-0690,,35,,,958.0,census_geocoder
2173,Islamic Center of Asheboro,203 Brittain Street,Asheboro,NC,27203,35.734544768485,-79.807121228887,,-,No Basic Information,,,35,,,2791.0,census_geocoder
2174,Burlington Mosque,1908 S Mebane St,Burlington,NC,27215,36.073375558636,-79.45696504495,,-,No Basic Information,,,27,,,2543.0,census_geocoder
2175,Islamic Center of Triad,1203 Francis Daily Court,Greensboro,NC,27235,36.1087019,-79.9861771,,2018,,http://www.islamiccenterofthetriad.com/,,11,,,391.0,nominatim
2176,Islamic Center of High Point,200 W Market Center Dr,High Point,NC,27260,35.938584039092,-79.999594022758,,1996,,https://icohp.org/About.html,,41,,,2548.0,census_geocoder
2177,TMC - Triad Muslim Community Masjid Al-Noor,645 Greensboro Road,High Point,NC,27260,35.98685268258,-79.969404939646,,2015,,https://www.triadmuslims.org,,26,,,2807.0,census_geocoder
2178,Community Mosque of High Point,222 Spring Hill Church rd,High Point,NC,27262,35.969880248142,-80.052866797657,,2010,,"https://www.causeiq.com/organizations/community-mosque-of-high-point,561706376/",,1,,,1035.0,census_geocoder
2179,Islamic Society of High Point,2759 Allen Jay Road,High Point,NC,27263,35.926403968654,-79.960287713286,,-,No Basic Information,,,23,,,2800.0,census_geocoder
2180,Muslim Community Center of Jamestown (MCCJ),5043 Harvey Road,Jamestown,NC,27282,35.972913602183,-79.928142710164,,-,No Basic Information,,,11,,,2811.0,census_geocoder
2181,Islamic Center of Reidsville,513 S Main Street,Reidsville,NC,27320,36.356079441596,-79.6660334611,,-,No Basic Information,,,62,,,2806.0,census_geocoder
2182,Al Awda to Allah Masjid,1360 Osgood Road,Sanford,NC,27330,35.552258032482,-79.13073744536,,-,Information Without Year,,,0,,,2813.0,census_geocoder
2183,Islamic Center of Sanford,403 W Makepeace Street,Sanford,NC,27330,35.468436035703,-79.17029053904,,-,No Basic Information,,,56,,,2799.0,census_geocoder
2184,Paif Center,1315 NC-61,Whitsett,NC,27377,36.057078316662,-79.568363957208,,-,No Basic Information,,,10,,,2814.0,census_geocoder
2185,Islamic Center of Greensboro,2023 16th Street,Greensboro,NC,27405,36.106878754145,-79.758474422161,,2000,,https://icgmasjid.org/history/,,34,,,1253.0,census_geocoder
2186,Masjid Ahl Al-Sunnah,2911 E Market Street,Greensboro,NC,27405,36.08204369951,-79.745765126799,,1996,,https://prayersconnect.com/mosques/84091913-masjid-ahlus-sunnah-greensboro-north-carolina-united-states,,47,,,1582.0,census_geocoder
2187,ICT - Islamic Center of the Triad,1203 Frances Daily Ct,Greensboro,NC,27409,,,,1994,,https://icgmasjid.org/history/,,11,,,2539.0,
2188,Masjid AlQuds,4930 Mary Street A,Greensboro,NC,27409,36.061779718875,-79.882207998488,,-,No Basic Information,,,31,,,2808.0,census_geocoder
2189,Masjid Elquds,4390 Mary st,Greensboro,NC,27409,36.0617056,-79.8816133,,1982,,https://prayersconnect.com/mosques/84081741-masjid-al-quds-islamic-center-of-the-triad-greensboro-north-carolina-united-states,,29,,,1863.0,nominatim
2190,Islamic Center of Apex,733 Center st,Apex,NC,27502,35.729402041053,-78.841447804267,,2009,,https://apexmosque.org/about-us/,,55,,,1200.0,census_geocoder
2191,Cary Masjid,1076 E Chatham st,Cary,NC,27511,35.789646758846,-78.749066941494,,2004,,https://www.carymasjid.org/about-us/,28,36,,,1021.0,census_geocoder
2192,Islamic Center of Cary,1155 W Chatham St,Cary,NC,27511,35.771798942958,-78.803508873227,,2004,,https://ummahplaces.com/listing/islamic-center-of-cary/,0,33,,,2538.0,census_geocoder
2193,Chapel Hill Islamic Society,103 Stateside Dr.,Chapel Hill,NC,27514,35.955239194387,-79.056589508219,,2017,,https://www.heraldsun.com/news/local/counties/orange-county/article158032369.html,35,36,,,1027.0,census_geocoder
2194,Islamic Center of Clayton,4775 Barber Mill Road,Clayton,NC,27520,35.630266279317,-78.47778473329,,-,Information Without Year,,,5,,,2793.0,census_geocoder
2195,Alnoor Islamic Center,6317 Sunset Lake Road,Fuquay-Varina,NC,27526,35.631848828269,-78.782158555038,,2020,,https://alnooric.org/history/,,18,,,723.0,census_geocoder
2196,Almustafa Center,1613 Miriam Ave,Garner,NC,27529,35.694430214243,-78.640015292565,,1997,,https://www.facebook.com/groups/585112428607242/,,12,,,2804.0,census_geocoder
2197,Islamic Center of Goldsboro,506 Fedelon Trail,Goldsboro,NC,27530,35.414834174024,-77.992275746055,,2012,,https://thigmos.com/islamic-center-of-goldsboro/about,,8,,,2788.0,census_geocoder
2198,Masjid Al-Saliheen,522 S Slocumb st,Goldsboro,NC,27531,35.375901430251,-77.989742135955,,2000,,"https://www.causeiq.com/organizations/wayne-county-islamic-society,562097882/",,39,,,1761.0,census_geocoder
2199,Selma Islamic Center,108 East Fayetteville Street,Micro,NC,27555,35.558684914919,-78.203743201659,,-,Information Without Year,,,26,,,2802.0,census_geocoder
2200,IAR Page Road,3104 Page Road,Morrisville,NC,27560,35.906622828962,-78.816904493084,,2001,,https://raleighmasjid.org/about-us/our-story/,,12,,,2812.0,census_geocoder
2201,Islamic Center of Morrisville,107 Quail Fields Ct,Morrisville,NC,27560,35.809813206811,-78.822791347149,,2009,,https://www.icmnc.org,,56,,,1293.0,census_geocoder
2202,Islamic Center of Smithfield,3020 South Brightleaf Boulevard,Smithfield,NC,27577,35.478753381549,-78.374324374734,,2014,,https://smithfieldmasjid.org,,24,,,2785.0,census_geocoder
2203,Al-Salam Islamic Center,110 Lord Anson Dr,Raleigh,NC,27601,35.777991440812,-78.607211353023,,2012,,"https://alsalamfoundation.org/#:~:text=Al%20Salam%20Foundation%20is%20a%20non%2Dprofit%20Islamic,peaceful%20relations%20with%20people%20of%20other%20faiths**",44,63,,,915.0,census_geocoder
2204,"The Mosque of the Late King Khalid bin Abdul-Aziz Al-Saud, Inc.",130 Martin Luther King Jr Blvd,Raleigh,NC,27601,35.769330165229,-78.638324202238,,1980,,https://ummahplaces.com/listing/the-mosque-of-the-late-king-khalid-bin-abdul-aziz-al-saud-inc/,69,78,,,2541.0,census_geocoder
2205,Masjid An-Noor al-Muhammadi,3620 Tryon Rd,Raleigh,NC,27606,35.747232884021,-78.697556482065,,2009,,(708) 212-9101,32,12,,,2550.0,census_geocoder
2206,Islamic Association of Raleigh,808 Atwater Street,Raleigh,NC,27607,35.789940966651,-78.690562906084,,1985,,https://raleighmasjid.org/about-us/our-story/,43,53,,,452.0,census_geocoder
2207,Madinah Quran and Youth Center,1329 Ridge Road,Raleigh,NC,27607,35.804427117226,-78.68726424971,,2020,,https://www.mqyc.org/about/,39,54,,,2796.0,census_geocoder
2208,As Salaam Islamic Center,1214 E Lenoir St,Raleigh,NC,27610,35.772211496306,-78.620288971947,,2003,,"https://www.causeiq.com/organizations/as-salaam-islamic-center,562195320/",52,63,,,451.0,census_geocoder
2209,Raleigh Islamic Institute,3209 Gresham Lake Rd Suite #131,Raleigh,NC,27615,35.88484329898,-78.582344319766,,2010,,https://prayersconnect.com/mosques/84039794-raleigh-islamic-institute-raleigh-north-carolina-united-states,,,,,2549.0,census_geocoder
2210,Muslim Youth and Community Center (aka North Raleigh Masjid),5017 Deah Way,Raleigh,NC,27616,35.852109315012,-78.55771605573,,2006,,https://en.halalguide.me/riserch-trayengl-park/mechet/north-raleigh-masjid,0,27,,,2542.0,census_geocoder
2211,Ar-Razzaq Islamic Center,1009 W Chapel Hill St,Durham,NC,27701,35.996778016814,-78.915147019851,,1971,,https://indyweek.com/news/durham/exhibit-museum-durham-history-chronicles-oldest-muslim-community-north-carolina/,70,82,,,10.0,census_geocoder
2212,IABAT Center,2200 S Miami Boulevard,Durham,NC,27703,35.9390331105,-78.840809145934,,1998,,https://www.iabat.org/about,26,28,,,2790.0,census_geocoder
2213,North Durham Islamic Association,2609  West Carver Street,Durham,NC,27705,36.037873408371,-78.92722730681,,2011,,https://ndmnc.org/our-history,33,58,,,2121.0,census_geocoder
2214,ED. Mohammed Islamic Center,1308 Fayetteville st,Durham,NC,27707,35.981106385031,-78.899409590077,,1958,,https://library.duke.edu/exhibits/2022/ArRazzaq,44,62,,,2228.0,census_geocoder
2215,Jama Ibad Ar Rahman,3034 Fayetteville St,Durham,NC,27707,35.963245510763,-78.907829149137,,1981,,https://ibadarrahman.org/history/,37,49,,,2545.0,census_geocoder
2216,Jamaat Ibad Ar-Rahman,3034 Fayetville St,Durham,NC,27707,35.963245510763,-78.907829149137,,1989,,https://ibadarrahman.org/history/,37,49,,,117.0,census_geocoder
2217,Muhammad Mosque #34,826 Fayetteville Street #106,Durham,NC,27707,35.98538640968,-78.898969667253,,-,No Basic Information,,44,70,,,2801.0,census_geocoder
2218,Jamaat Ibad Ar-Rahman,5122 Revere Road,Durham,NC,27713,35.893086539942,-78.909342780823,,2009,,https://ibadarrahman.org/history/,26,14,,,2794.0,census_geocoder
2219,Masjid Tawheed Wa Sunnah,3714 S Alston Ave,Durham,NC,27713,35.926827921512,-78.887234179615,,2017,,"https://www.causeiq.com/organizations/markaz-tawheed-wa-sunnah,474474608/",28,17,,,2540.0,census_geocoder
2220,Masjid Al Huda,1513 Memory Lane,Rocky Mount,NC,27804,35.96630332577,-77.81204883026,,-,No Basic Information,(252) 985-1195,18,29,,,1598.0,census_geocoder
2221,Masjid Al Rahman Islamic Center ,516 N Pine Street ,Rocky Mount,NC,27804,35.949670566723,-77.805940085941,,2023,,https://masjidalrahman.net/about/,23,41,,,2803.0,census_geocoder
2222,Al-Nur Cultural Center,1152 Briley Rd,Greenville,NC,27834,35.681036304047,-77.39287143541,,1991,,https://www.alnurculturecenter.com/about,,0,,,909.0,census_geocoder
2223,Islamic Center in Greenville,1303 South Evans Street,Greenville,NC,27834,35.602700510498,-77.375130789388,,1985,,"https://greenvillencmasjid.org/#:~:text=About%20Greenville%20Islamic%20Center,Islamic%20Center%20facility%20has%20doubled.",,80,,,775.0,census_geocoder
2224,Islamic Center of Greenville,1303 Evans St,Greenville,NC,27834,35.602700510498,-77.375130789388,,1989,,https://greenvillemasjid.com/history/,,79,,,2544.0,census_geocoder
2225,Islamic Community Development Center,302 Barnes Street S,Wilson,NC,27893,35.723197399152,-77.910691759552,,-,No Basic Information,,,81,,,2815.0,census_geocoder
2226,Islamic Center of Wilson,2630 Tilghman Roadd N,Wilson,NC,27896,35.770615944671,-77.918130979761,,2016,,https://www.wilsontimes.com/news/wilson-mosque-has-room-to-grow-muslim-congregation-expands-beyond-barnes-street-center-184290,,21,,,2786.0,census_geocoder
2227,Islamic Center of Ahoskie,420 Peacock Street,Ahoskie,NC,27910,36.27901181682,-76.981174947514,,-,No Basic Information,,,59,,,2816.0,census_geocoder
2228,Gastonia masjid islamic society of gastonia,4020 Titman rd,Gastonia,NC,28056,35.237935660189,-81.117151410238,,1981,,https://isgmc.com/about,,24,,,1698.0,census_geocoder
2229,Islamic Center of Harrisburg,9101 Rocky River Road,Harrisburg,NC,28075,35.290828169406,-80.654718786078,,2019,,https://www.ichnc.org/about-us/,,3,,,2781.0,census_geocoder
2230,As-Salam Mosque,3024 Gribble Road,Stallings,NC,28104,35.090322383044,-80.685801314058,,-,No Basic Information,,,33,,,2805.0,census_geocoder
2231,Islamic Center of Lake Norman,120 South Park Drive #405,Mooresville,NC,28117,35.580941371134,-80.873228351952,,2019,,http://iclnmooresville.org/about.html,,51,,,2782.0,census_geocoder
2232,Islamic Center of Salisbury,425 Lincolnton Road,Salisbury,NC,28144,35.663589765925,-80.483116885025,,2013,,https://www.facebook.com/masjidofsalisbury/?locale=en_GB,,55,,,2792.0,census_geocoder
2233,Rahma Center of Charlotte,7112 New Town Road,Waxhaw ,NC,28173,34.986137654079,-80.738498319745,,2022,,https://www.rccharlotte.org/about/,,0,,,2789.0,census_geocoder
2234,Al Zahra Islamic Center of Charlotte,5227 Monroe Road,Charlotte,NC,28205,35.190355783378,-80.774144909047,,2016,,"https://www.causeiq.com/organizations/al-zahra-islamic-of-charlotte,270905799/",39,44,,,728.0,census_geocoder
2235,Islamic Center of Charlotte (Masjid Al-Tawbah),1700 Progress Lane,Charlotte,NC,28205,35.210405431413,-80.767976528347,,1988,,https://iccharlotte.org/about/,44,47,,,444.0,census_geocoder
2236,Ar-Razzaq Islamic Center,2735 Rayston rd,Charlotte,NC,28208,35.235150918228,-80.885236377431,,2006,,https://www.facebook.com/MasjidArRazzaq2006/,40,46,,,155.0,census_geocoder
2237,Shahid Masjid,6200 Wilora Lake Road,Charlotte,NC,28212,35.207661995679,-80.746032390557,,-,Information Without Year,,44,36,,,2809.0,census_geocoder
2238,Masjid Ash-Shaheed,400 W Sugar Creek rd,Charlotte,NC,28213,35.263559973552,-80.79498474231,,2006,,https://masjidashshaheed.org/,40,21,,,161.0,census_geocoder
2239,Medina Mussala,914 Tom Hunter rd,Charlotte,NC,28213,35.278414831328,-80.780738524227,,1988,,https://iccharlotte.org/about/,36,8,,,2035.0,census_geocoder
2240,Al Nour Community Center,8310 Harrisburg Road,Charlotte,NC,28215,35.226422378463,-80.681569558601,,2014,,https://iccharlotte.org/al-nour-community-center/,14,5,,,2783.0,census_geocoder
2241,Islamic Community of Bosniaks In Nc,7021 Robinson Church rd,Charlotte,NC,28215,35.229079508786,-80.715467408607,,2002,,"https://izbsa.com/dzemati/islamic-community-of-bosniaks-in-north-carolina/#:~:text=O%20DŽEMATU,održava%20se%202%20puta%20sedmično.",26,7,,,1395.0,census_geocoder
2242,Islamic Society of Greater Charlotte/Masjid Al-Mustafa,7025 The Plaza,Charlotte,NC,28215,35.256185075317,-80.739685896469,,1988,,https://www.museumofthenewsouth.org/digital/islamic-center-of-charlotte/,34,22,,,567.0,census_geocoder
2243,Masjid An-Noor,4301 Shamrock Dr.,Charlotte,NC,28215,35.229519848352,-80.75137204202,,2006,,https://www.meccharlotte.org/about,36,7,,,1789.0,census_geocoder
2244,Masjid Qiblataini,5900 Hickory Grove Road,Charlotte,NC,28215,35.222666371943,-80.728849786157,,-,No Basic Information,,31,58,,,2817.0,census_geocoder
2245,"Ahmadiyya Community, Charlotte Center",5314 Mt Holly-Huntersville Road ,Charlotte,NC,28216,35.335594259263,-80.924503823475,,-,No Basic Information,,0,7,,,2810.0,census_geocoder
2246,Masjid Ali Shah,1230 Beatties Ford Rd,Charlotte,NC,28216,35.254318550703,-80.855879411004,,1960,,https://muslimamerican.com/ali-shah-pioneer-islam-charlotte/,46,45,,,1781.0,census_geocoder
2247,Musalla Al-Quran Wa Sunnah,1111 Beatties Ford rd,Charlotte,NC,28216,35.252960975609,-80.856172329026,,2007,,https://masjidashshaheed.org/,47,39,,,2066.0,census_geocoder
2248,University Muslim Community Center,11915 US-29,Charlotte,NC,28262,35.336934272652,-80.708576549448,,-,Information Without Year,,20,33,,,2784.0,census_geocoder
2249,Pillars Mosque (Former MCC),3116 Johnston Oehler Rd,Charlotte,NC,28269,35.362836767564,-80.761309298938,,2018,,https://charlottemcc.org/,21,2,,,2547.0,census_geocoder
2250,Islamic Center of Fayettville (ICF),2415 Rosehill Rd,Fayetteville,NC,28301,35.090497620718,-78.885576168418,,2018,,https://icf.saadfahim.com/,,12,,,2695.0,census_geocoder
2251,Masjid Ahlu-Sunnah,420 Preston ave,Fayetteville,NC,28301,35.089755624423,-78.915302998611,,2006,,https://www.city-data.com/business-entities/NC/MASJID-AHLU-SUNNAH-INC-0861093-NC.html,,6,,,1584.0,census_geocoder
2252,Masjid Al-Rahman,483 Worth Street,Fayetteville,NC,28301,35.04707536035,-78.882536153924,,2019,,"https://www.causeiq.com/organizations/al-rahman-islamic-center,834397252/",,55,,,2696.0,census_geocoder
2253,Omar Ibn Sayyiid Mosque,2700 Murchison Road,Fayetteville,NC,28301,35.091654217084,-78.910873291451,,2003,,https://www.7cups.com/local/us/nc/fayetteville/faith/masjid-omar-ibn-sayy-57025320783,,14,,,653.0,census_geocoder
2254,Masjid Rassulullah,5300 Silver Pine Drive,Fayetteville,NC,28303,35.084100278355,-78.97301899525,,2013,,https://masjidr.wordpress.com/wp-content/uploads/2018/05/mr-project-v1-5.pdf,,48,,,2693.0,census_geocoder
2255,Islamic Center of Harnett County,1004 W Broad Street,Dunn,NC,28334,35.313898442681,-78.620194759981,,-,Information Without Year,,,59,,,2795.0,census_geocoder
2256,Islamic Center of the Carolinas,819 Circlewood Dr.,Hamlet,NC,28345,34.896661390351,-79.702253446253,,2001,,https://islamicsocietyofthecarolinas.webador.com/,,46,,,1359.0,census_geocoder
2257,Masjid Al-Madina,196 Pittman Grove Church rd,Raeford,NC,28376,35.030331558061,-79.120340179528,,2001,,https://www.manta.com/c/mm29g9j/masjid-al-madina,,1,,,1712.0,census_geocoder
2258,Wilmington Islamic Learning Center,315 N 17th Street,,NC,28401,34.241118222655,-77.928169859351,,,,,30,59,,,2787.0,census_geocoder
2259,The Islamic Learning Center,2117 Wrightsville ave,Wilmington,NC,28403,34.230508023972,-77.920714592831,,2008,,https://www.starnewsonline.com/story/news/2014/07/11/proposed-islamic-learning-center-in-carolina-heights-draws-objections/30960709007/,29,65,,,2200.0,census_geocoder
2260,Islamic Center of Wilmington,6336 Myrtle Grove rd,Wilmington,NC,28409,34.117245518146,-77.881008712582,,2003,,https://www.icwh.org/,,6,,,1376.0,census_geocoder
2261,Islamic Center of Columbus County,410 South JK Powell Blvd,Whiteville,NC,28472,34.405235043822,-78.773551586277,,,,,,63,,,2797.0,census_geocoder
2262,Islamic Cultural Center,300 North st,Kinston,NC,28501,35.262399111178,-77.577697495849,,-,No Basic Information,,,73,,,1406.0,census_geocoder
2263,Masjid Al Huda,1206 Hargett St,Jacksonville,NC,28540,34.7505767064,-77.413663646246,,2000,,https://www.macombdaily.com/2009/11/27/ft-hood-probe-brings-unwelcome-attention-to-mosque/,,53,,,1397.0,census_geocoder
2264,Islamic Center of New Bern (ICNB),1308 Simmons Street,New Bern,NC,28560,35.116661201691,-77.072886668201,,-,No Basic Information,,,61,,,2798.0,census_geocoder
2265,Islamic Center of Morganton,203 Bethel st,Morganton,NC,28655,35.737115023062,-81.671606128964,,-,Information Without Year,(828) 439-9487,,18,,,1291.0,census_geocoder
2266,Masjid Al-Muminun,1720 Wilson West Lee Boulevard,Stateville,NC,28677,,,,2001,,https://prayersconnect.com/mosques/84069161-al-muminum-masjid-statesville-north-carolina-united-states,,12,,,1725.0,
2267,Islamic Center of Asheville,941 Old Fairview Rd,Asheville,NC,28803,35.565536517463,-82.506817249223,,2019,,"https://www.causeiq.com/organizations/islamic-center-of-asheville,452470589/",21,40,,,2546.0,census_geocoder
2268,Islamic Center of Fargo,601 28th St S,Fargo,ND,58103,46.868958986664,-96.825137657782,,2013,,"https://www.inforum.com/lifestyle/first-eid-ul-adha-prayer-at-new-fargo-islamic-center-draws-hundreds-of-muslims#:~:text=FARGO%20-%20Hundreds%20of%20Muslims%20offered,the%20facility's%20first%20large%20event.",25,43,,,466.0,census_geocoder
2269,Islamic Center of Grand Forks,2122 17th Ave S,Grand Forks,ND,58201,47.903998194198,-97.058060718308,,2012,,https://www.grandforksherald.com/newsmd/grand-forks-area-muslims-rejoice-in-new-worship-center,26,59,,,304.0,census_geocoder
2270,Bismarck Muslim Community Center,542 Cottonwood Loop,Bismarck,ND,58504,46.779634833052,-100.783961741208,,2013,,"https://www.causeiq.com/organizations/bismarck-muslim-community-center,461292365/",,5,,,1477.0,census_geocoder
2271,Dickinson Muslim Community,133 3rd Ave E,Dickinson,ND,58601,46.879793220726,-102.781108813013,,2018,,https://northdakota.ltddir.com/companies/dickinson-muslim-community-dmc/,,71,,,2851.0,census_geocoder
2272,Islamic Society of Minot,916 5th Ave SE,Minot,ND,58701,48.231593761637,-101.279295089752,,2008,,https://www.gofundme.com/f/3c9uxnk,,52,,,1474.0,census_geocoder
2273,Oldest Mosque in the U.S,87th Ave NW,Ross,ND,58776,,,,1929,,"https://en.wikipedia.org/wiki/Ross,_North_Dakota#:~:text=Ross%20was%20founded%20in%201902,remaining%20Muslims%20in%20the%20area.",,0,,,2551.0,
2274,Masjid Tawheed Center of Williston,212 2nd St W,Williaton,ND,58801,48.145256823155,-103.626012317107,,2021,,"https://www.causeiq.com/organizations/tawheed-center-of-williston,475011339/",,67,,,2849.0,census_geocoder
2275,Bellevue Islamic Center,800 Fort Crook Rd S,Bellevue,NE,68005,41.153633921067,-95.927437996924,,1993,,https://eastsidemosque.com/about-us.php,9,53,,,2492.0,census_geocoder
2276,(AIC) Al-Taqwa Islamic Center of Elkhorn,3427 N 190th Plz,Elkhorn,NE,68022,41.289119387675,-96.213884152781,,2023,,https://aicelkhorn.org/about/,,7,,,2491.0,census_geocoder
2277,Masjid Al-Huda,4735 NW Radial Hwy,Omaha,NE,68104,41.281344272768,-95.984720781993,,1998,,https://www.alhudamosque.org/about,34,52,,,2489.0,census_geocoder
2278,Islamic Center of Omaha,3511 N 73rd St,Omaha,NE,68114,41.290642317739,-96.026229487369,,1963,,"https://www.iqrasense.com/islam-in-america/muslims-in-omaha-nebraska-usa-islamic-centers-and-mosques.html#:~:text=One%20of%20the%20most%20prominent,from%20kindergarten%20to%2012th%20grade.",33,52,,,252.0,census_geocoder
2279,At-Taqwa Center (ATC),3510 N 167th Cir Suite 100,Omaha,NE,68116,41.28521554007,-96.176461841313,,-,Information Without Year,https://prayersconnect.com/mosques/84065615-at-taqwa-center-atc-omaha-nebraska-united-states,,59,,,2493.0,census_geocoder
2280,Shafie Islamic Center,209 S 25th St,Omaha,NE,68131,41.258564842698,-95.948154248957,,2010,,"https://www.causeiq.com/organizations/shafie-islamic-center,800261526/",,85,,,2486.0,census_geocoder
2281,Aboutaleb Mosque,9910 Maple St,Omaha,NE,68134,41.285233996275,-96.068412579164,,-,Information Without Year,https://prayersconnect.com/mosques/84070174-aboutaleb-mosque-omaha-nebraska-united-states,28,51,,,2488.0,census_geocoder
2282,Islamic Center of Omaha (ICO),3511 N 73rd St,Omaha,NE,68134,41.290642317739,-96.026229487369,,1986,,https://www.linkedin.com/company/islamic-center-of-omaha,33,52,,,2483.0,census_geocoder
2283,Masjid Abdu Ur-Rahman Ibn Awf/Millard Islamic Foundation,5135 Marshall Dr.,Omaha,NE,68137,41.206337272908,-96.131442275005,,-,Information Without Year,(402) 707-9950,11,76,,,1565.0,census_geocoder
2284,AMI American Muslim Institute,13140 Faith Plz,Omaha,NE,68144,41.241753073133,-96.118553905357,,2006,,https://www.amiomaha.org/history,20,45,,,2484.0,census_geocoder
2285,AlHadi Islamic Center in Omaha,275 N 115th St,Omaha,NE,68154,41.259922186983,-96.092444137552,,2013,,http://www.alhadicenteromaha.org/about.html,19,70,,,2495.0,census_geocoder
2286,Nebraska Islamic Foundation,7125 Douglas Street,Lincoln,NE,68507,40.859822627599,-96.62317148409,,1986,,https://ifol.org/about-us/,19,35,,,201.0,census_geocoder
2287,American Islamic Centre Lincoln Nebraska,5005 S 16th St,Lincoln,NE,68512,40.763725579186,-96.69925797719,,1986,,"https://ifol.org/#:~:text=The%20Islamic%20Foundation%20of%20Lincoln,in%20the%20state%20of%20Nebraska.",20,34,,,2490.0,census_geocoder
2288,Islamic Foundation of Lincoln (IFL),129 West Belmont Avene,Lincoln,NE,68521,40.839348829107,-96.72087520238,,1986,,https://ifol.org/about-us/,16,46,,,2482.0,census_geocoder
2289,Sabah Foundation - Masjid,1145 Furnas Avenue,Lincoln,NE,68521,40.841036422165,-96.705009119732,,2013,,https://www.dailynebraskan.com/culture/bosnian-mosque-offers-a-welcoming-space-for-immigrants-muslims/article_29241848-5009-11e3-9c59-0019bb30f31a.html,25,67,,,801.0,census_geocoder
2290,Masjid Al-Wadood,824 East Omaha Avenue,Norfolk,NE,68701,42.018260357175,-97.397347531586,,-,No Basic Information,No website,,27,,,1773.0,census_geocoder
2291,Islamic Center of Sioux Land,2701 Willow st,South Sioux City,NE,68776,42.464579540399,-96.420651079828,,2002,,https://www.icsiouxland.net/our-history,,60,,,1342.0,census_geocoder
2292,Grand Island Islamic Center,1600 S Eddy St,Grand Island,NE,68801,40.935796171206,-98.357075640441,,-,No Basic Information,,,70,,,2485.0,census_geocoder
2293,Alsaliheen Mosque,2400 Central Ave suite D,Kearney,NE,68847,40.699374286156,-99.081763018036,,2022,,"https://www.causeiq.com/organizations/alsaliheen-mosque,882161511/",,91,,,2494.0,census_geocoder
2294,Islamic Center of Lexington Nebraksa,121 E 4th St,Lexington,NE,68850,40.777023471004,-99.741472454078,,2009,,https://projects.propublica.org/nonprofits/organizations/263203547,,74,,,2487.0,census_geocoder
2295,Masjid Al-Rahma,112 East 5th Street,Lexington,NE,68850,40.777728302601,-99.74131250448,,-,,https://www.workingimmigrants.com/2019/01/a-mosque-in-nebraska/,,61,,,1745.0,census_geocoder
2296,Islamic Society of Greater Nashua - ISGN,5 Pine St Ext #1C,Nashua,NH,3060,42.76062325878,-71.473281153102,,2013,,https://www.isgn.org/wp/about/,,58,,,2506.0,census_geocoder
2297,Windham Muslim Community Center mosque,27 Roulston Rd,Windham,NH,3087,42.815343631256,-71.254849547707,,2021,,"https://www.causeiq.com/organizations/windham-muslim-community-center,832954400/",,24,,,2508.0,census_geocoder
2298,Islamic Society of New Hampshire,373 South Willow St Units D1-3,Manchester,NH,3103,42.969377752104,-71.453349100127,,1998,,https://wanderlog.com/place/details/13828557/islamic-society-of-new-hampshire,,81,,,2505.0,census_geocoder
2299,Masjid Alfath,571 Chestnut st,Manchester,NH,3104,42.997501794303,-71.461282316425,,1999,,https://gis.vgsi.com/manchesternh/Parcel.aspx?Pid=377,,88,,,1777.0,census_geocoder
2300,Islamic Society of Greater Concord,181 N Main St,Concord,NH,3301,43.212455677245,-71.539371765882,,2016,,"https://www.causeiq.com/organizations/iqra-islamic-society-of-greater-concord,464037960/",,80,,,2507.0,census_geocoder
2301,Upper Valley Muslim Society,2 W Park St 386 3rd FL,Lebanon,NH,3766,43.642511904316,-72.252464969,,2024,,https://getholdings.com/nonprofits/ein/920248382,,85,,,2857.0,census_geocoder
2302,"Portsmouth Mosque, Islamic Society of the Seacoast Area, ISSA",355 Spinney Rd,Portsmouth,NH,3801,43.062771670963,-70.77314726933,,1994,,https://www.issa-nh.org/about,,63,,,2422.0,census_geocoder
2303,Bayonne Mosque and Community Center,109 East 24th Street,Bayonne,NJ,7002,40.662644011756,-74.112555863967,,,,,62,68,,,3563.0,census_geocoder
2304,Islamic Society of Hudson County,690 Broadway,Bayonne,NJ,7002,40.670668177935,-74.112481028295,,,,,65,92,,,3564.0,census_geocoder
2305,Miraj Center,625 ave C,Bayonne,NJ,7002,40.669057987286,-74.117303533932,,2015,,"https://www.nj.com/hudson/2018/02/the_years-long_struggle_to_build_bayonnes_first_mo.html#:~:text=It%27s%20been%20a%20long%20road%20for%20the,and%20mosque%20was%20denied%20last%20year%20amid",60,85,,,2046.0,census_geocoder
2306,Birch Street Masjid/Jamia Masjid Bontoon,604 Birch St,Boonton,NJ,7005,40.906407295171,-74.410410724892,,1988,,https://www.mapquest.com/us/new-jersey/jmic-youth-group-779788825,,88,,,281.0,census_geocoder
2307,Islamic Community Services Group,455 Boonton Avenue,Boonton,NJ,7005,40.910202010968,-74.408503232218,,,,,,76,,,3569.0,census_geocoder
2308,Jam E-Masjid Islamic Center,110 Harrison,Boonton,NJ,7005,40.899447318163,-74.408593491687,,1988,,https://jmic.org/,,77,,,249.0,census_geocoder
2309,Masjid Al-Islam/Carteret Islamic Cente,525 Roosevelt Avenue,Carteret,NJ,7008,40.582773428783,-74.215039380369,,2009,,,33,55,,,783.0,census_geocoder
2310,Quba'a Mosque,70 Essex Street,Carteret,NJ,7008,40.570703303743,-74.225573726627,,,,,33,65,,,3562.0,census_geocoder
2311,Crescent Center,16 Crescent Avenue,Cliffside Park,NJ,7010,40.82244615792,-73.980856279938,,,,,51,74,,,3574.0,census_geocoder
2312,Diyanet Mosque of Bergen,240 Knox Avenue,Cliffside Park,NJ,7010,40.827377464007,-73.983463322333,,,,,51,90,,,3556.0,census_geocoder
2313,United American Muslim Association Clifton,492 Clifton Avenue,Clifton,NJ,7011,40.874069202937,-74.146875508455,,,,,47,86,,,3553.0,census_geocoder
2314,Islamic Center of Passaic County- Clifton,259 Pershing Rd,Clifton,NJ,7013,40.860481490338,-74.170691467843,,2016,,https://www.facebook.com/icpc.nj/,41,28,,,2711.0,census_geocoder
2315,Madrasatu Ahlis Sunnah,215 North Oraton Parkway,East Orange,NJ,7017,40.765271285322,-74.205349005135,,,,,62,79,,,3555.0,census_geocoder
2316,Masjid As Habul Yameen,224 North 18th Street,East Orange,NJ,7017,40.765594630657,-74.195266567636,,2003,,https://prayersconnect.com/mosques/84053244-masjid-as-haabul-yameen-east-orange-new-jersey-united-states,57,80,,,807.0,census_geocoder
2317,Masjidu Ahlis Sunnah/Islamic Center of America-NJ,215 N Oraton Pkwy,East Orange,NJ,7017,40.765271285322,-74.205349005135,,1981,,https://thesunnah.org/masjid/our-history/,62,79,,,2018.0,census_geocoder
2318,Masjidus- Sadaqa,18 N 19Th (Ground Floor),East Orange,NJ,7017,40.758869819741,-74.200319831396,,1995,,https://www.mapquest.com/us/new-jersey/mosque-ashadul-yameen-465214930,,88,,,2029.0,census_geocoder
2319,Albanian American Muslim Society,43 Monroe Street,Garfield,NJ,7026,40.869443736074,-74.109900132439,,1971,,"https://www.causeiq.com/organizations/albanian-american-islamic-center-new-york-and-new,237077524/",52,87,,,920.0,census_geocoder
2320,Islamic Center of Harrison,301 Jersey Street,Harrison,NJ,7029,40.745213497803,-74.15802126138,,1996,,https://www.ichnj.com/aboutus/,,92,,,1255.0,census_geocoder
2321,Ibn Khaldun Cultural Center masjid,390 Schuyler Avenue,Kearny,NJ,7032,40.761396713793,-74.14186655129,,,,,,73,,,3579.0,census_geocoder
2322,Masjid Al-Mustafa,700 West Saint Georges Avenue,Linden,NJ,7036,40.643815550164,-74.257482989603,,,,,37,81,,,3580.0,census_geocoder
2323,Dar-e-Zainab,290 West Hobart Gap Road,Livingston,NJ,7039,40.780236834265,-74.349646003418,,,,,,32,,,3582.0,census_geocoder
2324,Muslim Community Center of Livingston (MCCL),343 East Cedar Street,Livingston,NJ,7039,40.772064210176,-74.300979554494,,,,,,26,,,3587.0,census_geocoder
2325,Masjid Al-Wadud,222 Bloomfield Avenue,Montclair,NJ,7042,40.809470963501,-74.212480189998,,,,,,92,,,3586.0,census_geocoder
2326,Islamic Center of Verona,56 Grove Avenue,Verona,NJ,7044,40.835458206442,-74.246921173398,,2018,,https://prayersconnect.com/mosques/84078511-islamic-center-of-verona-verona-new-jersey-united-states,,81,,,778.0,census_geocoder
2327,Al-Ghadeer Benevolent Foundation,337 79th Street,North Bergen,NJ,7047,40.80000911961,-74.003665485592,,,,,,89,,,3517.0,census_geocoder
2328,Islamic Center of Lake Hiawatha,280 US-46 #292,Parsippany,NJ,7054,40.859579301232,-74.360329024215,,2008,,https://www.ict.org.il/UserFiles/IRI-in-NJ-Fleisher-Mar15.pdf,,63,,,1272.0,census_geocoder
2329,Islamic Center of Parsippany,39 Littleton Road,Parsippany-Troy Hills,NJ,7054,40.867706470553,-74.415400630625,,,,,,41,,,3507.0,census_geocoder
2330,Islamic Community Cultural Center (ICCC),879 South Beverwyck Road,Parsippany-Troy Hills,NJ,7054,40.842585028608,-74.392588604594,,,,,,2,,,3508.0,census_geocoder
2331,Masjid Al-Ansar,132 President st,Passaic,NJ,7055,40.872989040155,-74.123810043928,,1974,,https://icpcnj.org/our-history/,49,88,,,1642.0,census_geocoder
2332,Naksibendi Sufi Center,940 Main ave,Passaic,NJ,7055,40.869351469204,-74.133883837427,,2002,,https://sahibulsaif.wordpress.com/,54,87,,,2110.0,census_geocoder
2333,Masjidullah,321 Grant Avenue,Plainfield,NJ,7060,40.606977461352,-74.433322653387,,1981,,https://www.archnet.org/sites/891,43,52,,,2024.0,census_geocoder
2334,Plainfield Center for Islamic Enlightenment,147-151 North ave,Plainfield,NJ,7060,40.618524961593,-74.42105558929,,2001,,"https://www.causeiq.com/organizations/plainfield-center-for-islamic-enlightnment,204981698/",48,90,,,2134.0,census_geocoder
2335,Albaseerah Islamic Center,1345 South Avenue,Plainfield,NJ,7062,40.63273267487,-74.396610440916,,,,,41,69,,,3530.0,census_geocoder
2336,Daarul Rehmat,220 Saint Georges Avenue,Rahway,NJ,7065,40.5947007,-74.2907988,,,,,31,79,,,3550.0,nominatim
2337,Islamic Center of Union County,2372 Morris ave,Union,NJ,7083,40.700973520735,-74.286130974214,,2010,,https://www.icucnj.com/,,74,,,1364.0,census_geocoder
2338,North Hudson Islamic Educational Center,4613 Cottage Place,Union City,NJ,7087,40.780575085329,-74.023716693406,,1992,,https://ummahplaces.com/listing/north-hudson-islamic-educational-centernhiec/,84,97,,,203.0,census_geocoder
2339,Al-Amana Muslim Merchants,60 Branford Place,Newark,NJ,7102,40.735312915666,-74.174891494499,,,,,96,99,,,3518.0,census_geocoder
2340,Islamic Cultural Center,20-24 Bradford Place,Newark,NJ,7102,40.735049008234,-74.173909079458,,1983,,"https://www.causeiq.com/organizations/islamic-cultural-center,223143909/",97,99,,,1405.0,census_geocoder
2341,Islamic Public Library - Newark N.J.,495 Washington Street,Newark,NJ,7102,40.727884934636,-74.179932913507,,,,,81,90,,,3520.0,census_geocoder
2342,Islamic Society of Essex County,9 Hill Street,Newark,NJ,7102,40.731694782097,-74.174909746206,,,,,90,94,,,3521.0,census_geocoder
2343,Masjid Rahmah,483 Washington St,Newark,NJ,7102,40.729769190783,-74.178942533983,,-,No Basic Information,,81,90,,,1948.0,census_geocoder
2344,Futa Islamic center of New Jersey,475 Springfield Avenue,Newark,NJ,7103,40.731969221112,-74.201640177478,,,,,59,79,,,3519.0,census_geocoder
2345,Masjid Al-Haqq,689 Springfield ave,Newark,NJ,7103,40.729884814103,-74.212934355079,,1988,,1988,64,78,,,1679.0,census_geocoder
2346,Masjid Al-Quddus,582 S 11th st,Newark,NJ,7103,40.733003735443,-74.204361136017,,1976,,https://ncnmo.org/who-we-are/,60,82,,,1739.0,census_geocoder
2347,Masjid Imam Ali Muslim,257 Orange Avenue S,Newark,NJ,7103,40.739195397822,-74.194887533129,,1958,,https://en.wikipedia.org/wiki/Mosque_No._25,67,82,,,1891.0,census_geocoder
2348,Masjid Mubarak School,221 Bergen St,Newark,NJ,7103,40.737545740175,-74.193822535158,,1997,,https://prayersconnect.com/mosques/84051772-masjid-mubarak-school-newark-new-jersey-united-states,69,83,,,1721.0,census_geocoder
2349,Mosque Muhammad-Newark,255 South Orange Avenue,Newark,NJ,7103,40.739193944523,-74.194854107272,,,,,70,81,,,3524.0,census_geocoder
2350,Nigerian American Islamic Mission,221 Bergen Street,Newark,NJ,7103,40.737545740175,-74.193822535158,,,,,69,83,,,3526.0,census_geocoder
2351,Nigerian Muslim Council New Jersey Chapter,582-584 South 11th Street,Newark,NJ,7103,40.732886862094,-74.20440602601,,,,,60,82,,,3527.0,census_geocoder
2352,Muhammad Mosque No. 25,498 Ferry Street,Newark,NJ,7105,40.731566468962,-74.140796145226,,,,,48,78,,,3516.0,census_geocoder
2353,Al-Madina Masjid,55 Manor Dr. Basement,Newark,NJ,7106,40.736570163565,-74.247130677893,,-,No Basic Information,,54,69,,,898.0,census_geocoder
2354,Irvington Islamic Center/Bani Adam Mosque,660 Sanford ave,Newark,NJ,7106,40.739068475219,-74.235100394549,,2019,,https://www.charitynavigator.org/ein/822884409,57,70,,,1165.0,census_geocoder
2355,NIA Masjid & Community Center,231 Roseville Ave,Newark,NJ,7107,40.758706526099,-74.189574376998,,1985,,https://www.niamasjid.org/history,71,80,,,2512.0,census_geocoder
2356,Masjid Ahlu Atawheed,553 Clinton Avenue,Newark,NJ,7108,40.722155338564,-74.203223979917,,,,,60,81,,,3522.0,census_geocoder
2357,Masjid Al-Fallahee,675 Clinton ave,Newark,NJ,7108,40.723030094939,-74.208614685389,,2003,,https://jerseydigs.com/branford-masjid-mosque-legal-battle/,60,76,,,1659.0,census_geocoder
2358,Masjid Waarith Ud-Deen,62-70 Howard st,Irvington,NJ,7111,40.72335249599,-74.226849014123,,2003,,https://www.masjidwd.org/about,,85,,,1999.0,census_geocoder
2359,Masjid Bayt-Ul-Khaliq,214 Chancellor Ave,Newark,NJ,7112,40.70751552462,-74.217868562072,,1977,,https://prayersconnect.com/mosques/84049473-masjid-baytul-khaliq-newark-new-jersey-united-states,58,74,,,1837.0,census_geocoder
2360,Masjid Ibrahim,392 Chancellor ave,Newark,NJ,7112,40.710686220406,-74.223996806315,,2003,,https://www.instagram.com/masjidmuhammadnewark/,55,79,,,1885.0,census_geocoder
2361,Masjid nurun nabi,219 Clinton Place,Newark,NJ,7112,40.715722360789,-74.213170381007,,,,,58,79,,,3523.0,census_geocoder
2362,Masjid Al-Hadi,9 Broad st,Elizabeth,NJ,7201,40.662416700057,-74.214945343303,,2022,,https://www.guidestar.org/profile/56-2282299,61,96,,,1672.0,census_geocoder
2363,Masjid Ismail,121-125 Chestnut st,Roselle,NJ,7203,40.659764854189,-74.26342577649,,2008,,https://www.cair.com/cair_in_the_news/nj-mosque-brings-worship-closer-to-home/,,81,,,1898.0,census_geocoder
2364,Dar-Ul-Islam,606-612 Salem ave,Elizabeth,NJ,7208,40.677422673243,-74.21462069911,,-,No Basic Information,,52,75,,,1064.0,census_geocoder
2365,Muslim Community Center of Union County (MCCUC),60 Prince Street,Elizabeth,NJ,7208,40.671356776085,-74.217463088603,,1997,,https://mccuc.net/about/,62,89,,,196.0,census_geocoder
2366,Masjid Darul Khair,1 Chopin Court,Jersey City,NJ,7302,40.721421499836,-74.056418279671,,2001,,https://prayersconnect.com/mosques/84084858-masjid-darul-khair-jersey-city-new-jersey-united-states,64,83,,,1851.0,census_geocoder
2367,Muslim Federation of NJ,530 Montgomery Street,Jersey City,NJ,7302,40.722439023483,-74.059778864895,,2020,,https://jerseydigs.com/contemporary-mosque-breaks-ground-530-montgomery-street-jersey-city/,68,88,,,780.0,census_geocoder
2368,Sunni Rizvi Jamia Masjid,294-298 Grove st,Jersey City,NJ,7302,40.71856945215,-74.043427704306,,-,Information Without Year,https://msrjmasjid.com/,83,98,,,2181.0,census_geocoder
2369,Islamic Center of Jersey City,17 Park Street,Jersey City,NJ,7304,40.71663625224,-74.069252900877,,1980,,https://www.facebook.com/IslamicCenterJC/,73,90,,,1266.0,census_geocoder
2370,Islamic Center of Jersey City (ICJC) ,598 Communipaw,Jersey City,NJ,7304,40.717473074052,-74.072914402166,,1984,,https://www.iefschools.org/history,74,94,,,1695.0,census_geocoder
2371,Islamic Circle of North America (ICNA-NJ),180 Ege Avenue,Jersey City,NJ,7304,40.714551140275,-74.083538680181,,,,,76,78,,,3576.0,census_geocoder
2372,Bilal Mosque,219 Old Bergen Road,Jersey City,NJ,7305,40.697459665964,-74.092892624204,,,,,70,88,,,3581.0,census_geocoder
2373,Masjid Muhammad,297 Martin Luther King Drive,Jersey City,NJ,7305,40.708843366957,-74.081451832376,,-,Information Without Year,https://prayersconnect.com/mosques/84045869-masjid-muhammad-jersey-city-new-jersey-united-states,72,88,,,1915.0,census_geocoder
2374,Al-Tawheed Islamic Center,984 West Side Avenue,Jersey City,NJ,7306,40.733111926094,-74.072054273889,,1995,,https://aticjc.com/about/,78,95,,,602.0,census_geocoder
2375,Khatoon E Jannat Azadari Council,779 Bergen Avenue,Jersey City,NJ,7306,40.726086704153,-74.067772276479,,,,,74,94,,,3577.0,census_geocoder
2376,Masjid Al-Salaam,2824 Kennedy Blvd,Jersey City,NJ,7306,40.731714619362,-74.066455274216,,1997,,https://masjidasalamjc.com/about/,81,99,,,1756.0,census_geocoder
2377,Masjid Al-Salam Islamic Education and Information Center,2822 John F. Kennedy Boulevard,Jersey City,NJ,7306,40.731721655775,-74.066515963251,,1997,,https://masjidasalamjc.com/about/,79,98,,,298.0,census_geocoder
2378,Oulel Albab Masjed,15 Van Reipen Avenue,Jersey City,NJ,7306,40.733390652553,-74.060067623349,,,,,80,97,,,3578.0,census_geocoder
2379,Al-Huda Islamic Center,3424 John F. Kennedy Blvd,Jersey City,NJ,7307,40.748893,-74.055321,,1999,,https://www.facebook.com/AlhodaICJC/,61,90,,,888.0,nominatim
2380,Mosque Boshniak American Community Center,1 Locust Street,Elmwood Park,NJ,7407,40.900114100832,-74.126546836768,,,,,43,73,,,3560.0,census_geocoder
2381,Islamic Center of Passaic & Patterson,6 Plaza rd,Paterson,NJ,7424,,,,1990,,"https://www.youtube.com/icpcpaterson#:~:text=Established%20in%201990%2C%20The%20Islamic,base%20of%20over%2025%2C000%20people.",41,77,,,1317.0,
2382,Noble Muslim Community Center,38 Hines Avenue,Mahwah,NJ,7430,41.101505774634,-74.156113835376,,,,,,42,,,3583.0,census_geocoder
2383,El-Zahra Islamic Center - Midland Park,218 Irving Street,Midland Park,NJ,7432,41.000532902928,-74.144291205549,,2015,,https://us.mohid.co/nj/njrgn/hidayaschool#about,,26,,,570.0,census_geocoder
2384,Alla Akbar Mosque,Hiawatha Boulevard,Oakland,NJ,7436,41.0367764,-74.2301763,,,,,,18,,,3515.0,nominatim
2385,Al-Mustafa Islamic Center,21 Passaic Avenue,Pompton Lakes,NJ,7442,40.999770066246,-74.288969888205,,,,,,75,,,3545.0,census_geocoder
2386,Albanian American Cultural Center Struga,90 Riverdale Road,Riverdale,NJ,7457,40.987898502084,-74.294911088887,,1977,,https://aaccriverdale.org/?page_id=15,,17,,,371.0,census_geocoder
2387,Circassian Mosque,383 Oldham Road,Wayne,NJ,7470,40.937991371449,-74.20111737796,,,,,,14,,,3536.0,census_geocoder
2388,Dar Al-Hadith USA Islamic Educational Center,970 Black Oak Ridge Road,Wayne,NJ,7470,40.972982008333,-74.272427182893,,,,,,29,,,3537.0,census_geocoder
2389,Masjid Al-Nasr,383 Oldham rd,Wayne,NJ,7470,40.937991371449,-74.20111737796,,1952,,https://prayersconnect.com/mosques/84013593-masjid-al-nasr-wayne-new-jersey-united-states,,14,,,151.0,census_geocoder
2390,Musalla Masjid bait allah,201 Willowbrook Boulevard,Wayne,NJ,7470,40.885825892348,-74.260505717457,,,,,,49,,,3541.0,census_geocoder
2391,Masjid Salahuddin,247 Broadway,Paterson,NJ,7501,40.918780690295,-74.16425664456,,,,,62,94,,,3513.0,census_geocoder
2392,Mohammadia Islamic Center,140 Marshall st,Paterson,NJ,7501,40.90919459622,-74.172239950374,,1994,,"https://www.soundvision.com/article/muslim-communities-provide-a-wealth-of-resources-for-families#:~:text=Mosques%20and%20Islamic%20Centers:%20Serving,%2C%20counseling%2C%20and%20community%20gatherings.",59,83,,,2048.0,census_geocoder
2393,Talha Learning Center [TLC] Masjid Mosque,86 Murray Avenue,Paterson,NJ,7501,40.909476936648,-74.18679503601,,,,,42,61,,,3529.0,census_geocoder
2394,Turkish Muslim Mosque,32 Chestnut St,Paterson,NJ,7501,40.909721694329,-74.162805218566,,1981,,https://prayersconnect.com/mosques/84019867-muslim-mosque-paterson-new-jersey-united-states,60,83,,,2212.0,census_geocoder
2395,Islamic Congregation of North Jersey - Masjid Abu Bakr,300-306 Preakness Avenue,Paterson,NJ,7502,40.920589985915,-74.192705733582,,,,,,,,,3511.0,census_geocoder
2396,Masjid Adam,340 Totowa Avenue,Paterson,NJ,7502,40.917419225789,-74.185740898539,,,,,53,84,,,3512.0,census_geocoder
2397,Masjid Al-Ferdous,438 Union ave,Paterson,NJ,7502,40.92164842562,-74.18446455104,,1997,,https://www.bangladeshcircle.com/bangladesh-business-directory/4657/masjid-al-ferdous/,55,91,,,1664.0,census_geocoder
2398,MUNA Center Of Paterson,338 Totowa Avenue,Paterson,NJ,7502,40.917372563608,-74.185812164413,,,,,53,89,,,3510.0,census_geocoder
2399,Darul Hikma/Wisdom House,53-55 Bloomfield Avenue,Paterson,NJ,7503,40.895670578839,-74.163931514216,,,,,51,86,,,3509.0,census_geocoder
2400,Masjid Omar Bin Khattab,501 Getty Ave,Paterson,NJ,7503,40.890770527659,-74.152789004543,,1991,,https://prayersconnect.com/mosques/84036912-omar-mosque-paterson-new-jersey-united-states,48,92,,,2513.0,census_geocoder
2401,Mevlana Mosque,291 Sussex Street,Paterson,NJ,7503,40.895414906204,-74.163108883171,,,,,50,91,,,3525.0,census_geocoder
2402,Ulu Cami,408 Knickerbocker ave,Paterson,NJ,7503,40.892850009085,-74.142105640045,,1970,,https://www.ulucami.org/about-us/our-mosque,44,79,,,219.0,census_geocoder
2403,Islamic Center of Passaic County- Oaterson,152 Derrom Avenue,Paterson,NJ,7504,40.917008895888,-74.13969968574,,1990,,https://icpcnj.org/our-history/,44,71,,,250.0,census_geocoder
2404,Islamic Foundation of NJ - Masjid Jalalabad,61 Van Houten St,Paterson,NJ,7505,40.918073628437,-74.175710482511,,1989,,https://prayersconnect.com/mosques/84051716-masjid-jalalabad-islamic-foundation-of-new-jersey-paterson-new-jersey-united-states,63,98,,,2517.0,census_geocoder
2405,Ahmadiyya Muslim Community,131 Wagaraw Road,Hawthorne,NJ,7506,40.940745898648,-74.157489064989,,,,,38,48,,,3596.0,census_geocoder
2406,Islamic Center of Passaic County (Masjid Younis),190 Haledon Avenue,Prospect Park,NJ,7508,40.932272160235,-74.175337466828,,,,,,76,,,3547.0,census_geocoder
2407,Darul Uloom New Jersey,86 Marion Street,Paterson,NJ,7522,40.922450779058,-74.181302552043,,,,,60,91,,,3514.0,census_geocoder
2408,Albanian Associated Fund Cultural Center,456 River st,Paterson,NJ,7524,40.930191232329,-74.160393133174,,1978,,https://aaccriverdale.org/?page_id=15,35,84,,,921.0,census_geocoder
2409,Masjid Ansar As-Sunnah,"456 River St,",Paterson,NJ,7524,40.930191232329,-74.160393133174,,2000,,https://prayersconnect.com/mosques/84091535-masjid-ansar-as-sunnah-paterson-new-jersey-united-states,35,84,,,1799.0,census_geocoder
2410,Bergen County Islamic Center,78 Trinity Pl,Hackensack,NJ,7601,40.884350005799,-74.045859741692,,1997,,https://prayersconnect.com/mosques/84029694-islamic-center-of-bergen-county-hackensack-new-jersey-united-states,63,93,,,2509.0,census_geocoder
2411,Minhaj-Ul-Quran,36 Vreeland ave,Hackensack,NJ,7601,40.866241052833,-74.041229202969,,2008,,"https://www.causeiq.com/organizations/minhaj-ul-quran-educational-cultural-center,223651868/",50,69,,,2045.0,census_geocoder
2412,Al Aisha Mosque,52 East Johnson Avenue,Bergenfield,NJ,7621,40.931115459945,-73.993225214302,,,,,52,88,,,3567.0,census_geocoder
2413,Mehfile Shahe-Khorasan,36 Tenafly rd,Englewood,NJ,7631,40.8969128,-73.9794621,,1975,,https://prayersconnect.com/mosques/84030249-mehfile-shahe-khorasan-englewood-new-jersey-united-states,48,95,,,2036.0,nominatim
2414,Sakinah Institute,297 Kinderkamack Road,Oradell,NJ,7649,40.9507258,-74.032467,,,,,,78,,,3506.0,nominatim
2415,Muslim Community Center of Paramus,650 Pascack Road,Paramus,NJ,7652,40.9662466,-74.0600607,,2017,,"https://www.causeiq.com/organizations/the-fusion-community-center-of-north-jersey,823597847/",50,31,,,667.0,nominatim
2416,Dar-ul-Islah,320 Fabry Terrace,Teaneck,NJ,7666,40.872059662273,-74.002144394179,,1986,,https://www.nytimes.com/1991/06/30/nyregion/teaneck-journal-mosque-sees-growth-in-its-future.html,,32,,,2516.0,census_geocoder
2417,Nida-Ul-Islam Center,250 Hargreaves ave,Teaneck,NJ,7666,40.902585908494,-73.990188018537,,1998,,https://nidaulislam.org/about/,,62,,,2116.0,census_geocoder
2418,Islamic Center of Asbury Park/Masjidul Bayaan,612 Ridge Ave,Asbury Park,NJ,7712,40.221350470709,-74.024895259759,,2015,,https://oprs.co.monmouth.nj.us/Oprs/GoogleWithUC/PropertyDtls.aspx?&strMunic=Asbury%20Park&strAddr=612%20Ridge%20Ave,,73,,,251.0,census_geocoder
2419,"Ahle Baith Foundation, Inc.",14 Mount Vernon Road,Englishtown,NJ,7726,40.288381350585,-74.368101688016,,,,,,8,,,3573.0,census_geocoder
2420,Astana-E Zehra,14 Mt. Vernon rd,Englishtown,NJ,7726,40.288381350585,-74.368101688016,,1990,,https://www.astaana.com/about-us.php,,8,,,961.0,census_geocoder
2421,Dibra Community Center of New Jersey,,Freehold,NJ,7728,40.2601096,-74.2737573,,2015,,"https://www.guidestar.org/profile/47-2471119#:~:text=Mission,Freehold%2C%20NJ%2007728%20United%20States",,7,,,248.0,nominatim
2422,Imam-A-Zamana Foundation of North America,235 Georgia rd,Freehold,NJ,7728,40.192772000104,-74.292201483929,,1988,,https://prayersconnect.com/mosques/84021413-imam-a-zamana-foundation-of-north-america-freehold-new-jersey-united-states,,1,,,1149.0,census_geocoder
2423,Islamic Center of Old Bridge,205 State Rt. 35 North,Keyport,NJ,7735,,,,2001,,https://www.icobnj.org/about,,37,,,1314.0,
2424,Islamic Center of Old Bridge,205 New Jersey 35,Keyport,NJ,7735,40.4276671,-74.2073698,,,,,,37,,,3588.0,nominatim
2425,Masjid Al-Amaan,496 Red Hill rd,Middletown,NJ,7748,40.376817314528,-74.140560489583,,1986,,https://ismcnj.org/,,7,,,1638.0,census_geocoder
2426,Muslim Center of New Jersey,449 Tennent Road,Marlboro Township,NJ,7751,40.337274267623,-74.293659393341,,,,,,7,,,3585.0,census_geocoder
2427,Islamic Society of North Jersey Flanders,11 Deerfield Place,Mount Olive,NJ,7836,40.830163681409,-74.707248721321,,,,,,61,,,3551.0,census_geocoder
2428,Bosniak Community Center,63 U.S. 46,Hackettstown,NJ,7840,40.858040535061,-74.850117271423,,,,,,18,,,3594.0,census_geocoder
2429,Islamic Society of North Jersey,354 US Hwy 46 W,Hackettstown,NJ,7840,,,,1999,,https://isnj.net/about-us/,,28,,,292.0,
2430,Islamic Center of Morris County,1 Mannino Dr.,Rockaway,NJ,7866,40.894264797386,-74.519113202069,,-,Information Without Year,,,51,,,1292.0,census_geocoder
2431,Islamic Center of Warren County,38 Kinnaman Avenue,Washington,NJ,7882,40.765095789984,-74.993471653131,,,,,,20,,,3534.0,census_geocoder
2432,Islamic Society of Basking Ridge,124 Church St,Basking Ridge,NJ,7920,40.665765887343,-74.582261128072,,2021,,"https://www.causeiq.com/organizations/isbr-foundation,352666497/",,28,,,1450.0,census_geocoder
2433,GCLEA,5 Esterbrook Lane,Cherry Hill Township,NJ,8003,39.9140235,-74.9689217,,,,,,46,,,3566.0,nominatim
2434,Islamic Community Of South Jersey,402 Tansboro Road,Berlin,NJ,8009,39.7613639,-74.9164167,,,,,,20,,,3568.0,nominatim
2435,Al-Manar Masjid and Learning Center,1125 South Black Horse Pike,Gloucester Township,NJ,8012,39.787413772593,-75.057048344092,,,,,,35,,,3598.0,census_geocoder
2436,Islamic Academy Of Burlington County,613 Sunset Road,Burlington,NJ,8016,40.049847151054,-74.863297289698,,,,,,22,,,3572.0,census_geocoder
2437,Selimiye Camii,203 Fountain ave,Burlington,NJ,8016,40.061416116257,-74.848210908587,,1990,,"https://www.causeiq.com/organizations/nj-burlington-county-muslim-association,222976622/",,34,,,2159.0,census_geocoder
2438,MUNA Center of South Jersey (MCSJ) - Masjid As-Salaam,400 Erial Road,Pine Hill,NJ,8021,39.789786385456,-74.99033351478,,,,,,55,,,3531.0,census_geocoder
2439,Ad-Dawah Center of New Jersey,3191 U.S. 206,Mansfield,NJ,8022,40.090876550076,-74.714315692864,,,,,,11,,,3584.0,census_geocoder
2440,Masjid Shahada,2648 U.S 206,Columbus,NJ,8022,,,,1990,,https://masjidshuhada.org/about/,,21,,,1960.0,
2441,Glassboro Islamic Center,101 Liberty Street,Glassboro,NJ,8028,39.703538847661,-75.103778645598,,,,,,62,,,3593.0,census_geocoder
2442,Al Bayan Islamic Learning Center,20 Braisington Avenue,Bellmawr,NJ,8031,39.867481156735,-75.075290301969,,,,,,66,,,3565.0,census_geocoder
2443,Association of Bosniaks of Delaware Valley Philadelphia,2835 Creek Road,Hainesport,NJ,8036,39.978267973174,-74.851607083078,,,,,,38,,,3595.0,census_geocoder
2444,Voorhees Islamic Center,3 Lafayette ave,Voorhees,NJ,8043,39.816259307969,-74.945614420043,,2006,,https://www.inquirer.com/philly/news/local/20080219_A_bridge_between_faiths.html,,39,,,2227.0,census_geocoder
2445,Masjid Free Haven,280 Ashland ave,Lawnside,NJ,8045,39.861364568605,-75.024567719564,,1999,,https://www.mapquest.com/us/new-jersey/masjid-free-haven-950669,,30,,,1867.0,census_geocoder
2446,Al-Nasr Mosque,500 Bridge Street,Willingboro,NJ,8046,40.004927155404,-74.869494414554,,,,,,16,,,3539.0,census_geocoder
2447,Hamidiye Mosque,411 Beverly - Rancocas Road,Willingboro,NJ,8046,40.020878633671,-74.895311459838,,,,,,31,,,3540.0,census_geocoder
2448,Turkish American Community Center,101 North Lenola Road,Moorestown,NJ,8057,39.958882155237,-74.979803237394,,,,,,48,,,3552.0,census_geocoder
2449,Islamic Center of South Jersey,612 Garfield ave,Palmyra,NJ,8065,40.004128044584,-75.020550210023,,1980,,https://www.icsjmasjid.org/about,,72,,,1347.0,census_geocoder
2450,Bait Al Qayem Mosque,337 Conrow Road,Delran,NJ,8075,40.012176111213,-74.939751926055,,1971,,https://www.bqnj.org/who-we-are/,,41,,,782.0,census_geocoder
2451,Al Minhal Academy of Washington Township,438 Ganttown Road,Washington Township,NJ,8080,39.741650207516,-75.072160960158,,,,,,50,,,3535.0,census_geocoder
2452,Westville Islamic Comm Center Masjid (House of Peace),1420 Pilgrim ave,Westville,NJ,8096,39.858418901393,-75.142771951259,,2002,,https://prayersconnect.com/mosques/84067137-house-of-peace-westville-islamic-community-center-woodbury-new-jersey-united-states,,30,,,2234.0,census_geocoder
2453,Admiral Family Community Center,1268 Park Blvd.,Camden,NJ,8103,39.9342425,-75.1053918,,-,No Basic Information,,49,71,,,846.0,nominatim
2454,Masjid Muhammad Abdul Wahab,1032 Spruce st,Camden,NJ,8103,39.935899208324,-75.109703139279,,2002,,https://camdenmasjidmaw.wordpress.com/,58,65,,,178.0,census_geocoder
2455,Quba School And Islamic Center,1311 Haddon ave,Camden,NJ,8103,39.9266209,-75.0951217,,1985,,https://www.facebook.com/qubaislamiccenter/,43,78,,,2142.0,nominatim
2456,Masjidun Nur Inc,1231 Mechanic st,Camden,NJ,8104,39.930604797898,-75.10413085279,,-,Information Without Year,https://www.mapquest.com/us/new-jersey/masjidun-nur-inc-980009,44,76,,,2026.0,census_geocoder
2457,Imam Ali Masjid,5801 Magnolia Avenue,Pennsauken,NJ,8109,39.94285685405,-75.051878833381,,,,,,65,,,3542.0,census_geocoder
2458,Atlantic County Darus Salam Academy,242 West White Horse Pike,Galloway,NJ,8205,39.463717818266,-74.553366226088,,,,,,36,,,3592.0,census_geocoder
2459,Masjid Baitul Nasr,101 East West Jersey Avenue,Pleasantville,NJ,8232,39.389784195124,-74.520182016482,,,,,45,73,,,3543.0,census_geocoder
2460,Medina Mosque and Islamic center,1514 North Main Street,Pleasantville,NJ,8232,39.414146304045,-74.503328207564,,,,,35,26,,,3544.0,census_geocoder
2461,Masjid Al-Taqwe Inc.,3052 English Creek Avenue,Egg Harbor Township,NJ,8234,39.425998749944,-74.613740609813,,,,,,35,,,3559.0,census_geocoder
2462,Garden State Islamic Center,22 Coral ave,Bridgeton,NJ,8302,39.426880221135,-75.216503294056,,2011,,https://www.gsicnj.org,,35,,,1112.0,census_geocoder
2463,Garden State Islamic Center - New Jersey,24 Coral Avenue,Bridgeton,NJ,8302,39.426924908157,-75.21650908022,,,,,,35,,,3571.0,census_geocoder
2464,Murat Mosque,379 Monroeville Road,Upper Pittsgrove,NJ,8343,39.629746738646,-75.163722855064,,,,,,6,,,3532.0,census_geocoder
2465,Garden State Islamic Center,700 Bird Street,Vineland,NJ,8360,39.496690146745,-75.070823126422,,,,,,1,,,3533.0,census_geocoder
2466,Islamic Center of Atlantic City,16 N Florida Ave,Atlantic City,NJ,8401,39.356757023926,-74.442123653802,,-,Information Without Year,,56,92,,,2699.0,census_geocoder
2467,Masjid Al-Taqwa,3536 Atlantic ave,Atlantic City,NJ,8401,39.351494237325,-74.45246344774,,1994,,https://thigmos.com/masjid-altaqwa-atlantic-city-20/about,,83,,,1768.0,census_geocoder
2468,Masjid Furqaan,1208-B Atlantic ave,Atlantic City,NJ,8401,39.362959043125,-74.425840675506,,2013,,"https://www.causeiq.com/organizations/masjid-al-furqaan,275073583/",55,91,,,1868.0,census_geocoder
2469,Masjid Mohammed,300 N Albany Ave,Atlantic City,NJ,8401,39.354399066884,-74.457393436275,,2000,,"http://www.mmacinc.org/2018-fundraising-drive.html#:~:text=Our%20Journey%20to%20the%20way%20of%20Ahlus%20Sunnah%20wal%20Jama'ah&text=Masjid%20Muhammad%20was%20a%20small,the%20backbone%20of%20any%20community.",34,14,,,837.0,census_geocoder
2470,Masjid Muhammad Islamic Center,300 N Albany ave,Atlantic City,NJ,8401,39.354399066884,-74.457393436275,,2007,,"https://www.causeiq.com/organizations/masjid-muhammad-of-atlantic-city,743181629/",34,14,,,1917.0,census_geocoder
2471,Masjid Al-Hira,2426 Atlantic Avenue,Atlantic City,NJ,8402,39.356837713159,-74.44096308401,,2001,,https://www.bangladeshcircle.com/bangladesh-business-directory/35732/masjid-al-hera/,56,92,,,671.0,census_geocoder
2472,Alkhairia Islamic Center,200 South 2nd Street,Fieldsboro,NJ,8505,40.136965648573,-74.730917392833,,,,,,38,,,3575.0,census_geocoder
2473,Dar E Hussain,72Hogback Rd,Bordentown,NJ,8505,40.151811046921,-74.68242016456,,,,,,23,,,3570.0,census_geocoder
2474,Institute For Islamic Studies,379 Princeton Highstown rd Bldg 2 Suite 1,East Windsor,NJ,8512,,,,2018,,https://www.facebook.com/share/p/1Dkjch7Ljk/?mibextid=wwXIfr,,17,,,1159.0,
2475,Muslim Center of Greater Princeton,2030 Old Trenton Rd,West Windsor Township,NJ,8550,40.281284229857,-74.570417576983,,1995,,https://prayersconnect.com/mosques/84047332-muslim-center-of-greater-princeton-west-windsor-twp-new-jersey-united-states,,37,,,2510.0,census_geocoder
2476,Muslim Center of Greater Princeton,2030 Old Trenton Road,West Windsor Township,NJ,8550,40.281284229857,-74.570417576983,,,,,,37,,,3538.0,census_geocoder
2477,Masjidut Taqwa,1001 East State Street,Trenton,NJ,8609,40.224800322584,-74.743170956008,,2000,,,47,64,,,187.0,census_geocoder
2478,Islamic Center of Ewing,685 Parkway Avenue,Trenton,NJ,8618,40.248230674931,-74.786048439146,,2005,,https://www.icoewing.org/about,,58,,,1236.0,census_geocoder
2479,Istijabah Masjid,4 Montgomery Place,Trenton,NJ,8618,40.227871682251,-74.779201331665,,2001,,https://istijabah.org/about-ima/,42,64,,,367.0,census_geocoder
2480,Masjid As Saffat,25 Oxford st,Trenton,NJ,8618,40.228226683942,-74.759562387651,,1980,,,45,69,,,158.0,census_geocoder
2481,Masjid Al Uthaymeen,39 East Paul Avenue,Trenton,NJ,8638,40.23444868868,-74.756277321929,,-,Information Without Year,(609) 503-5148,38,72,,,368.0,census_geocoder
2482,Islamic Circle of Mercer County,336 Lawrence Station rd,Lawrenceville,NJ,8648,40.272071074528,-74.684983990227,,2000,,https://icmcmasjid.org/about-us/,,5,,,1386.0,census_geocoder
2483,Al-Mustafa Islamic Center/Islamic Center of Ocean County,2116 Whitesville rd,Toms River,NJ,8755,40.038827608381,-74.24358572567,,2008,,https://www.nj.com/news/2008/04/islamic_center_opens_in_ocean.html,,43,,,150.0,census_geocoder
2484,Masjid Bilal,1733 Route 9,Toms River,NJ,8755,40.013535,-74.2174658,,1998,,https://www.nj.com/opinion/2022/07/growing-mosque-as-busy-as-its-location-on-shore-highway-faith-matters.html,,39,,,1843.0,nominatim
2485,Jamia Masjid Assalam,1 South Main Street,Toms River,NJ,8757,39.950146383661,-74.19972991244,,,,,,70,,,3546.0,census_geocoder
2486,Al Falah Center,881 US-206,Bridgewater,NJ,8807,40.5848646,-74.622274,,2022,,https://alfalahcenter.org/our-story/,,21,,,2514.0,nominatim
2487,Al-Masjid al-Zainee,349 Dunhams Corner Rd,East Brunswick Township,NJ,8816,40.412886896496,-74.444353815651,,2004,,https://patch.com/new-jersey/eastbrunswick/directory/listing/162488/dawoodi-bohras-of-new-jersey,,8,,,481.0,census_geocoder
2488,Anjuman-e-Burhani New Jersey,341 Dunhams Corner Road,East Brunswick,NJ,8816,40.413680510104,-74.443119624558,,,,,,7,,,3554.0,census_geocoder
2489,Iqra Community Services,402 New Brunswick Ave,East Brunswick,NJ,8816,40.415248000304,-74.410682512238,,2021,,https://www.icebnj.net/construction-updates/,,56,,,1161.0,census_geocoder
2490,Edison Muslim Community Center (EMCC),91 Jefferson Boulevard,Edison,NJ,8817,40.505739615935,-74.404278441899,,,,,,64,,,3561.0,census_geocoder
2491,Jamia Musallah,157 Plainfield ave,Edison,NJ,8817,40.507564934887,-74.399747240781,,2008,,https://prayersconnect.com/mosques/84079864-jamia-musallah-edison-new-jersey-united-states,,77,,,1509.0,census_geocoder
2492,Tawheed Daawah Center Piscataway,6 Kilmer Road,Edison,NJ,8817,40.520569883602,-74.414989932527,,,,,,53,,,3558.0,census_geocoder
2493,Al-Wali Community Center,9 Olsen Avenue,Edison,NJ,8820,40.566536065016,-74.387562496857,,,,,,23,,,3557.0,census_geocoder
2494,Al-Wali Mosque,10 Olsen Ave,Edison,NJ,8820,40.566532957258,-74.387713288839,,2011,,https://masjidalwali.org/about-us/,,23,,,2511.0,census_geocoder
2495,Islamic Center of Hunterdon County,39 Mine Street,Flemington,NJ,8822,40.507777163506,-74.861954608312,,2018,,https://www.ichcnj.org/building-project.html,,79,,,1258.0,census_geocoder
2496,Monroe Islamic Center (MIC),200 Buckelew Avenue,Jamesburg,NJ,8831,40.346702526968,-74.43312655725,,,,,,71,,,3589.0,census_geocoder
2497,Muslim Center of Somerset,26 New Amwell Road,Hillsborough Township,NJ,8844,40.506364929563,-74.646919250023,,,,,,63,,,3597.0,census_geocoder
2498,Islamic Society of Central Jersey,4145 Us 1,Monmouth Junction,NJ,8852,40.3878197,-74.5711676,,1983,,https://next.archnet.org/sites/14725,,44,,,103.0,nominatim
2499,Iqra Academy,1032 Stelton Road,Piscataway Township,NJ,8854,40.551446751289,-74.43237764993,,-,Information Without Year,(848)-367-2700,,58,,,421.0,census_geocoder
2500,Muslim Center of Middlesex County,1000 Hoes Lane,Piscataway,NJ,8854,40.541681,-74.4725776,,1997,,https://www.mcmcnj.org,,18,,,2081.0,nominatim
2501,Bait-ul-Hadi Mosque,27 South Street,Old Bridge,NJ,8857,40.38546776695,-74.343682342009,,-,Information Without Year,(732) 360-2001,,12,,,668.0,census_geocoder
2502,Masjid Sadar & Community Center,216 Ernston Road,Parlin,NJ,8859,40.457623839371,-74.304092271534,,2021,,"https://www.nj.com/news/2023/04/mosque-fined-692k-for-zoning-violations-working-with-nj-town-to-reopen-officials-say.html#:~:text=The%20facility%20opened%20in%20September%20of%202021,on%20the%20property%2C%20according%20to%20the%20borough.",,65,,,762.0,census_geocoder
2503,Masjid Sadar Taraweeh,298 Ernston Road,Sayreville,NJ,8859,40.455546984048,-74.29945896068,,,,,,63,,,3548.0,census_geocoder
2504,Muslim Community of New Jersey (MCNJ),15 South 2nd Street,Fords,NJ,8863,40.530205486083,-74.315015121983,,1992,,https://mcnjonline.com/,,79,,,197.0,census_geocoder
2505,Masjid Jamaatul Haq,385 Lewis Street,Franklin Township,NJ,8873,40.491494442898,-74.47700939905,,,,,,74,,,3590.0,census_geocoder
2506,Masjid-e-Ali,47 Cedar Grove Lane,Somerset,NJ,8873,40.531068346335,-74.512149249477,,2010,,https://www.masjid-e-ali.org/the-masjid/,,33,,,185.0,census_geocoder
2507,Muhammad Mosque #85,610 Hamilton Street,Franklin Township,NJ,8873,40.492806192576,-74.469105827539,,,,,,78,,,3591.0,census_geocoder
2508,Muslim Center of Somerset County,63 Southside ave,Somerville,NJ,8876,40.561893762714,-74.610505666197,,2020,,https://www.mcscmasjid.org/new-masjid-update,,57,,,2083.0,census_geocoder
2509,Islamic Center of South River,8 Thomas Street,South River,NJ,8882,40.45140096962,-74.382214659968,,,,,,82,,,3549.0,census_geocoder
2510,MAS Youth Center of New Jersey,445 Georges Road,North Brunswick Township,NJ,8902,40.473143974735,-74.449135345255,,,,,,61,,,3528.0,census_geocoder
2511,New Brunswick Islamic Center,1330 Livingston Ave,North Brunswick Township,NJ,8902,40.46289125349,-74.477704068806,,1987,,https://us.mohid.co/nj/njrgn/nbic,,54,,,2515.0,census_geocoder
2512,Islamic Center of New Mexico (ICNM),1100 Yale Blvd SE,Albuquerque,NM,87106,35.068620612713,-106.621997438465,,1986,,https://www.archnet.org/sites/10606,30,49,,,2518.0,census_geocoder
2513,Mahdavi Center,524 Chama st Se,Albuquerque,NM,87108,35.070372022115,-106.566372435468,,2011,,"https://www.causeiq.com/organizations/new-mexico-mahdavi-islamic-association,421667284/",41,68,,,1540.0,census_geocoder
2514,Al Zahra Islamic Center,10810 Menaul Blvd NE,Albuquerque,NM,87112,35.108883048735,-106.520383786396,,2023,,https://imam-us.org/grand-opening-of-al-zahra-center-albuquerque-nm,28,85,,,2848.0,census_geocoder
2515,Albuquerque Islamic Center,8900 Menaul Blvd NE,Albuquerque,NM,87112,35.109130426328,-106.543241317359,,2014,,https://www.abqislamiccenter.org/about-us,32,65,,,2519.0,census_geocoder
2516,House of Belief Dar Al Iman Islamic center,10832 Prospect Ave NE,Albuquerque,NM,87112,35.107093573127,-106.520610815535,,2018,,"https://www.causeiq.com/organizations/house-of-belief-dar-al-iman,823432803/",28,85,,,2524.0,census_geocoder
2517,Gallup Islamic Center,3100 E Hwy 66,Gallup,NM,87301,,,,-,Information Without Year,https://gallup-islamic-center.edan.io/,,29,,,732.0,
2518,Al Rahma Mosque,418 W San Mateo Rd,Santa Fe,NM,87505,35.663281742316,-105.951944268328,,-,Information Without Year,https://prayersconnect.com/mosques/84027390-masjid-al-rahma-santa-fe-new-mexico-united-states,,48,,,2521.0,census_geocoder
2519,Muslim Society of Northern New Mexixo,839 Camino Sierra Vista Suite 1,Sante Fe,NM,87505,35.680005424884,-105.953651203129,,2005,,"https://www.causeiq.com/organizations/the-muslim-society-of-northern-new-mexico,141938894/",,90,,,2105.0,census_geocoder
2520,Dar al Islam,342 Co Rd 155,Abiquiu,NM,87510,36.223051489726,-106.303093028136,,1979,,,,0,,,2522.0,census_geocoder
2521,Dar-Al-Islam,1621 County rd 155,Abiquiu,NM,87510,36.211488398489,-106.331619058336,,1979,,https://www.archnet.org/sites/10605,,0,,,1060.0,census_geocoder
2522,Ibrahim Mosque,919 Central Avenue,Los Alamos,NM,87544,35.881185609284,-106.295233723531,,-,No Basic Information,,,62,,,2847.0,census_geocoder
2523,Khadeeja Mosque,500 Don Fernando Rd,Taos,NM,87571,,,,-,Information Without Year,https://prayersconnect.com/mosques/84080137-musalla-khadeeja-taos-new-mexico-united-states,,41,,,2526.0,
2524,Masjid Khadijah,507 Ranchitos rd,Taol,NM,87571,36.405548413969,-105.586138521033,,1920,,https://learnislam.sg/mosque/khadijah-mosque/,,41,,,1904.0,census_geocoder
2525,Islamic Center Of Socorro,1208 El Camino Real St #1204,Socorro,NM,87801,34.074495225986,-106.89934683131,,2022,,"https://www.causeiq.com/organizations/islamic-center-of-socorro-new-mexico,880966742/",,28,,,2523.0,census_geocoder
2526,Las Cruces Islamic Center,1025 S Solano Dr.,Las Cruces,NM,88001,32.302662538783,-106.763192508372,,2019,,"https://newmexicohumanities.org/a-muslim-fitting-into-new-mexico/#:~:text=Islam%20is%20not%20a%20new,Center%20(SNMIC)%20in%202019.",,74,,,217.0,census_geocoder
2527,Masjid Alhuda/Southern New Mexico Islamic Center (SNMIC),1065 E Boutz Rd,Las Cruces,NM,88001,32.295404366197,-106.762411354174,,2019,,"https://www.causeiq.com/organizations/southern-new-mexico-islamic-center,834714228/",,70,,,2520.0,census_geocoder
2528,The Golden Mosque,902 Mitchell St,Clovis,NM,88101,34.406890131839,-103.206719409381,,-,Information Without Year,https://prayersconnect.com/mosques/84092055-the-golden-mosque-clovis-new-mexico-united-states,,66,,,2525.0,census_geocoder
2529,Al-Rahman Mosque,927 E McGaffey St,Rosewell,NM,88203,33.379831108271,-104.50976362986,,2013,,https://al-rahman.org/about-us/,,10,,,2846.0,census_geocoder
2530,Amirana Community Center,6170 West Viking Road,Las Vegas,NV,89103,36.118182228361,-115.226291701502,,,,https://www.mapquest.com/us/nevada/amirana-community-center-781939261,43,59,,,3371.0,census_geocoder
2531,Tawheed Mosque,6180 W Viking Rd,Las Vegas,NV,89103,36.118184974371,-115.226482548398,,-,Information Without Year,https://www.instrumentl.com/990-report/masjid-tawheed,43,59,,,2497.0,census_geocoder
2532,As-Sabur Mosque,711 Morgan Ave,Las Vegas,NV,89106,36.180198421016,-115.150849964047,,1975,,https://en.wikipedia.org/wiki/Masjid_As-Sabur,49,54,,,2498.0,census_geocoder
2533,Muhammad Mosque 75,1402 D St,Las Vegas,NV,89106,36.18604858503,-115.147050018481,,1992,,https://mosques.cmac.ws/muhammad-mosque-75/1134/,40,45,,,2501.0,census_geocoder
2534,Baitul Tawheed Mosque Mezquita,6574 W Cheyenne Ave,Las Vegas,NV,89108,36.217865233966,-115.237418888297,,-,Information Without Year,https://prayersconnect.com/mosques/84046724-baitul-tawheed-mosque-mezquita-las-vegas-nevada-united-states,,71,,,2502.0,census_geocoder
2535,Las Vegas Ahmadi Muslim Jamaat,6574 West Cheyenne Avenue,Las Vegas,NV,89108,36.217865233966,-115.237418888297,,,,https://www.facebook.com/lasvegasAhmadiyya/,40,71,,,3373.0,census_geocoder
2536,MASJID IBRAHIM MOSQUE,3788 N Jones Blvd,Las Vegas,NV,89108,36.226903213554,-115.225567082957,,2016,,https://religionnews.com/2019/12/10/mission-accomplished-how-one-woman-built-the-mosque-of-her-dreams-in-vegas/,37,41,,,2496.0,census_geocoder
2537,Hussainya Center of Las Vegas,3090 South Durango Drive,Las Vegas,NV,89117,36.133226610985,-115.278865205176,,,,https://www.hussainya.org/,0,5,,,3372.0,census_geocoder
2538,Masjid Nejashi | Darul Iman Ethiopian Muslim Community,6036 Ponderosa Way,Las Vegas,NV,89118,36.080080865704,-115.223739521077,,2008,,"https://www.causeiq.com/organizations/darul-iman-ethiopian-muslim-community,421747732/",29,23,,,2504.0,census_geocoder
2539,Islamic Information Center - Al-Noor Mosque,1610 E Russell Rd,Las Vegas,NV,89119,36.089001439379,-115.132073643167,,2002,,https://iiclasvegas.org/about-iic/,42,42,,,2499.0,census_geocoder
2540,Islamic Society of Nevada/Jamia mosque,4730 E Desert Inn Rd,Las Vegas,NV,89121,36.129670013212,-115.071299513557,,1993,,https://lasvegasmasjid.com/our-community/,45,61,,,277.0,census_geocoder
2541,Omar Haikal Islamic Academy -OHIA,485 East Eldorado Lane,Las Vegas,NV,89123,36.053271435842,-115.152509217712,,2010,,https://omarhaikalmasjid.com/about-us/,42,34,,,3375.0,census_geocoder
2542,Omar Haikal Islamic Academy -OHIA/Islamic Foundation of Nevada,485 E Eldorado Ln,Las Vegas,NV,89123,36.053271435842,-115.152509217712,,2010,,https://omarhaikalmasjid.com/about-us/,42,34,,,2503.0,census_geocoder
2543,Irfaniye Academy,2810 South Rainbow Boulevard,Las Vegas,NV,89146,36.1576679,-115.2437623,,1980,,https://www.irfaniyeacademy.com/about,37,77,,,3374.0,nominatim
2544,Ahl Albayt Center of Nevada (ACON) in Las Vegas (Shia Islamic Center),4785 South Durango Drive,Las Vegas,NV,89147,36.102267288859,-115.279274069648,,2012,,https://www.aconlv.org/,38,46,,,3370.0,census_geocoder
2545,Northern Nevada Muslim Community Center/Islamic Center of Reno,1857 Oddie Blvd.,Sparks,NV,89431,39.545419214995,-119.768685923221,,1992,,https://nnmcc.org/founders/,,73,,,2500.0,census_geocoder
2546,Mosque of Carson City,2990 US-50,Carson City,NV,89701,39.176479429573,-119.733912263245,,-,No Basic Information,https://mosquesusa.com/mosques-in-nevada/,,65,,,2056.0,census_geocoder
2547,Assafa Islamic Center Inc,172 Eldridge St,New York,NY,10002,40.720263546337,-73.990802992865,,1996,,https://assafaislamiccenter.org/about-aic/,100,100,,,2527.0,census_geocoder
2548,Madina Masjid,401 E 11th St,New York,NY,10009,40.729405928437,-73.983905219574,,1976,,https://urbanarchive.org/city/ny/post/9258537b-dcd4-4d0e-ba9a-5d7f367a28a0,100,100,,,121.0,census_geocoder
2549,The Islamic Center of New York City,350 6th Avenue,New York,NY,10011,40.732169193304,-74.000529680304,,,,,100,100,,,3861.0,census_geocoder
2550,Islamic Center at NYU,238 Thompson Street,New York,NY,10012,40.729873,-73.9982295,,1978,,"https://iric.org/islamic-center-at-new-york-university-icnyu/#:~:text=Established%20in%201978%2C%20the%20Islamic,at%20intellectual%20and%20spiritual%20crossroads.",100,99,,,330.0,nominatim
2551,Nur Ashki Jerrahi Community,245 West Broadway,New York,NY,10013,40.71977096772,-74.005790602959,,,,,100,100,,,3862.0,census_geocoder
2552,Islamic Center of New York University,238 Thompson St,New York,NY,10014,40.729873,-73.9982295,,1978,,https://iric.org/islamic-center-at-new-york-university-icnyu/,100,99,,,1302.0,nominatim
2553,"Ismaili Jamatkhana, Manhattan",160 East 35th Street,New York,NY,10016,40.746738878032,-73.978613839172,,,,,100,100,,,3886.0,census_geocoder
2554,Masjid Ar-Rahman,15 West 29th Street,New York,NY,10016,40.745745327926,-73.9877461124,,2020,,https://masjidarrahmannyc.org/about-us/,100,100,,,308.0,census_geocoder
2555,Masjid Awliya of Allah,327 W 36th st,New York,NY,10018,40.754440710224,-73.994615453205,,2015,,https://en.halalguide.me/manhetten/mechet/masjid-awliya-of-allah,100,99,,,2532.0,census_geocoder
2556,Islamic Society of Mid Manhattan/Masjid Uthman Bin Affan,154 E 55th St,New York,NY,10022,40.759304973688,-73.96947964183,,1999,,https://www.masnewyork.org/massi,100,100,,,2528.0,census_geocoder
2557,Uthman Bin Affan Mosque,154 East 55th Street,New York,NY,10022,40.759304973688,-73.96947964183,,,,,100,100,,,3860.0,census_geocoder
2558,Islamic Cultural Center Riverside Drive,1 Riverside Dr,New York,NY,10023,40.78035295621,-73.985583202675,,1991,,https://en.wikipedia.org/wiki/Islamic_Cultural_Center_of_New_York,100,70,,,2530.0,census_geocoder
2559,Annur Islamic Center,213 E 111th st,New York,NY,10026,40.79467301252,-73.941985905871,,-,Information Without Year,,100,99,,,949.0,census_geocoder
2560,Masjid Al-Aqsa,2136 8th ave,New York,NY,10026,40.803955844201,-73.955618580275,,1996,,https://aqsasalam.org/home-8068,100,94,,,1647.0,census_geocoder
2561,Masjid Malcolm Shabazz,102 West 116th St,New York,NY,10026,40.802285819532,-73.950462922423,,1956,,https://www.themasjidmalcolmshabazz.com/about-us.php,100,97,,,175.0,census_geocoder
2562,Mosque of Islamic Brotherhood,130 E 113th st,New York,NY,10026,40.800659634331,-73.952611049637,,1967,,https://www.facebook.com/groups/mibvillage/posts/6951347048299032/,100,99,,,2059.0,census_geocoder
2563,Harlem Islamic Center,2001 Adam Clayton Powell Junior Boulevard,New York,NY,10027,40.805807226816,-73.950551225812,,,,,100,98,,,3916.0,census_geocoder
2564,Muhammad Mosque No. 7,106-08 West 127th Street,New York,NY,10027,40.809118246317,-73.944807135865,,,,,100,99,,,3864.0,census_geocoder
2565,Al Islah Islamic cultural center INC,1795 Lexington Avenue,New York,NY,10029,40.795672563756,-73.943688336643,,,,,100,99,,,3918.0,census_geocoder
2566,Islamic Cultural Center of New York,1711 3rd Avenue,New York,NY,10029,40.785214596645,-73.949228021004,,1991,,https://www.icc-ny.us/about-us/,100,99,,,536.0,census_geocoder
2567,Islamic Cultural Center of New York (ICCNY),1711 3rd Avenue,New York,NY,10029,40.785214596645,-73.949228021004,,,,,100,99,,,3917.0,census_geocoder
2568,Islamic Cultural Center School,222 East 97th Street,New York,NY,10029,40.785601187108,-73.948324024371,,,,,100,,,,3915.0,census_geocoder
2569,Masjid Aqsa-Salam,1629 Park Avenue,New York,NY,10029,40.798930591321,-73.943423763779,,,,,100,99,,,3868.0,census_geocoder
2570,MUNA Center of Manhattan Masjid,330 East 106th Street,New York,NY,10029,40.790121605826,-73.941402179309,,,,,100,96,,,3877.0,census_geocoder
2571,Naylul Maraam Islamic Center USA,2157 1st Avenue,New York,NY,10029,40.793227703364,-73.937523688484,,,,,100,96,,,3863.0,census_geocoder
2572,Al-Falah Mosque,2536 Frederick Douglass Boulevard,New York,NY,10030,40.816526315981,-73.946442744847,,,,,100,97,,,3929.0,census_geocoder
2573,Islamic Khadijah Cultural Center,271 West 144th Street,New York,NY,10030,40.8218608574,-73.941532336036,,,,,100,97,,,3888.0,census_geocoder
2574,Masjid alfirdous,207 West 135th Street,New York,NY,10030,40.815454507264,-73.943892795852,,,,,100,99,,,3866.0,census_geocoder
2575,Muhammad Ali Islamic Center,203 West 133rd Street,New York,NY,10030,40.814117272499,-73.944747988788,,,,,100,97,,,3865.0,census_geocoder
2576,Murid Islamic Community In America,46 Edgecombe ave,New York,NY,10030,40.818297609624,-73.946953593529,,1999,,https://www.intellispect.co/organizations/133744179-murid-islamic-community-of-america-inc,100,96,,,2064.0,census_geocoder
2577,"Masjid Quba, Inc",1877 Amsterdam Avenue,New York,NY,10031,40.830161012462,-73.94391860865,,,,,100,89,,,3867.0,census_geocoder
2578,Masjid Al-Rahman,575 E 175th st,New York,NY,10033,40.845187249967,-73.935839162604,,1992,,https://www.archnet.org/sites/14733,100,87,,,1751.0,census_geocoder
2579,Harlem Islamic Cultural Center,108 E 128th st,New York,NY,10035,40.806844308524,-73.937484340529,,2009,,http://hiccchildren.org/contact.php,100,91,,,1124.0,census_geocoder
2580,Masjidus Sabur,251 E 119th st,New York,NY,10035,40.79944920374,-73.937424217403,,1995,,,100,97,,,2028.0,census_geocoder
2581,Muslim Center of Manhattan,4 E 43Rd st Suite 316,New York,NY,10036,40.754029613285,-73.980259363403,,1999,,"https://en.wikipedia.org/wiki/Islamic_Cultural_Center_of_New_York#:~:text=The%20Islamic%20Cultural%20Center%20was,one%20of%20the%20city%27s%20largest.",100,99,,,2080.0,census_geocoder
2582,Masjid Assalam Walkhair,527 Malcolm X Blvd,New York,NY,10037,40.815231884114,-73.940121170613,,-,Information Without Year,https://prayersconnect.com/mosques/84028459-masjid-assalam-wal-khair-new-york-new-york-united-states,100,96,,,1822.0,census_geocoder
2583,Masjid Manhattan,30 Cliff Street,New York,NY,10038,40.708232985869,-74.005036580472,,1970,,https://www.masjidmanhattan.com/,100,100,,,299.0,census_geocoder
2584,Islamic Society of Roosevelt Island,564 Main Street,New York,NY,10044,40.762230412761,-73.949483900455,,,,,100,82,,,3910.0,census_geocoder
2585,96 mosqu√©,222 E 97th St,New York,NY,10128,40.785601187108,-73.948324024371,,1989,,https://www.nyc.com/arts__attractions/new_york_mosque_islamic_cultural_center.975452/,100,99,,,2533.0,census_geocoder
2586,Albanian Islamic Cultural Center,307 Victory Blvd,Staten Island,NY,10301,40.634664038913,-74.085201764874,,1990,,https://www.facebook.com/AlbanianIslamicCulturalCenter/about,72,82,,,270.0,census_geocoder
2587,Islamic Masjid of Staten Island,117 Van Duzer st,Staten Island,NY,10301,40.635353971694,-74.076597893285,,2019,,"https://www.causeiq.com/organizations/islamic-masjid-of-staten-island,833437706/",78,92,,,1438.0,census_geocoder
2588,Masjid Al-Ihsan,406 St Marks Pl,Staten Island,NY,10301,40.639883218015,-74.07756408748,,2007,,https://propertyinformationportal.nyc.gov/cyclomedia/577985.7523977445/4499180.955019835/,80,93,,,273.0,census_geocoder
2589,Al Noorani Islamic Center of Staten Island,625 South Avenue,Staten Island,NY,10303,40.62367983157,-74.167384375379,,,,,60,72,,,3622.0,census_geocoder
2590,Noor Al-Islam Society,3067 Richmond Ter #2,Staten Island,NY,10303,40.637908325965,-74.161743782746,,2009,,https://propertyinformationportal.nyc.gov/parcels/parcel/5012080005,54,57,,,272.0,census_geocoder
2591,MAS Staten Island Center (MASSI Center),180 Burgher Avenue,Staten Island,NY,10304,40.592459177077,-74.091808440326,,,,,69,78,,,3619.0,census_geocoder
2592,Masjid Rahmatillah,36 Hardy st,Staten Island,NY,10304,40.61752990045,-74.08335077639,,1993,,https://masjidrahmatillah.org/about/,67,76,,,1949.0,census_geocoder
2593,Masjid Un-Noor,24 Steuben Street,Staten Island,NY,10304,40.611624862446,-74.087974749978,,,,,,,,,3616.0,census_geocoder
2594,Muslim Majlis of Staten Island,104 Rhine Ave,Staten Island,NY,10304,40.611069351303,-74.087285132192,,1985,,https://www.silive.com/news/2007/12/staten_islands_first_mosque_op.html,66,78,,,271.0,census_geocoder
2595,Albanian Community Center ,489 Midland Ave,Staten Island,NY,10306,40.574132807793,-74.096322192378,,2025,,https://www.silive.com/news/2025/04/hundreds-celebrate-opening-of-albanian-community-center-on-staten-island-175-photos.html,66,75,,,2698.0,census_geocoder
2596,Islamic Center of Staten Island,365 Veterans Road West,Staten Island,NY,10309,40.551846882619,-74.218385743244,,,,,42,51,,,3621.0,census_geocoder
2597,Muslim Center of Staten Island,2574 Arthur Kill Road,Staten Island,NY,10309,40.552146793507,-74.219048894642,,,,,42,51,,,3670.0,census_geocoder
2598,Islamic Cultural Foundation of America,740 Delafield Avenue,Staten Island,NY,10310,40.629171710574,-74.123248681421,,,,,64,81,,,3620.0,census_geocoder
2599,MCC: Muslim Community Center (Staten Island),332 Broadway,Staten Island,NY,10310,40.633176689261,-74.117003719902,,,,,63,88,,,3618.0,census_geocoder
2600,Masjid Al-Wadood,624 Willowbrook Rd,Staten Island,NY,10314,40.609445322065,-74.147137288521,,2023,,https://propertyinformationportal.nyc.gov/parcels/parcel/5020990027,58,70,,,411.0,census_geocoder
2601,Abal-Khail Islamic Center,1000 Brook Avenue,The Bronx,NY,10451,40.827367017061,-73.911646646801,,,,,,,,,3739.0,census_geocoder
2602,Masjid Tajul Huda,314 E 170th st,Bronx,NY,10451,40.837195461583,-73.909969737038,,2007,,"https://www.causeiq.com/organizations/bronx-islamic-cultural-center-masjid-al-nasr,203703618/#:~:text=Here's%20some%20more%20information%20about%20the%20mosque:,in%202007.%20It's%20an%20Islamic%20nonprofit%20organization.",99,88,,,1967.0,census_geocoder
2603,All Muslims Center,104 West 168th Street,The Bronx,NY,10452,40.838183037178,-73.92403135738,,,,,100,91,,,3734.0,census_geocoder
2604,Al-Quba Muslim Center,1200-1262 Grandview Place,The Bronx,NY,10452,40.835264971437,-73.917847397391,,,,,,,,,3736.0,census_geocoder
2605,HighBridge Islamic Center,1529 Plimpton Avenue,The Bronx,NY,10452,40.845578016439,-73.921123093864,,,,,100,81,,,3743.0,census_geocoder
2606,Islamic Falah of America,115 E 168th st,Bronx,NY,10452,40.836342320626,-73.917944604568,,1997,,https://propertyinformationportal.nyc.gov/parcels/parcel/2024660048,100,94,,,1425.0,census_geocoder
2607,Masjid Deyaue of Islam,1475 Jesup ave,Bronx,NY,10452,40.842765451546,-73.919677528324,,1986,,https://propertyinformationportal.nyc.gov/parcels/parcel/2028720216,100,89,,,1856.0,census_geocoder
2608,Muslim Womans Institute,1363 Ogden Avenue,The Bronx,NY,10452,40.84162047013,-73.924842604338,,,,,100,85,,,3693.0,census_geocoder
2609,Baitul Islam Masjid & Community Center,2107 Davidson Avenue,The Bronx,NY,10453,40.855318681156,-73.907242706443,,,,,100,93,,,3742.0,census_geocoder
2610,Ebaide Elrahmain Mosque,65 E 183Rd st,Bronx,NY,10453,40.858305449152,-73.902350363306,,-,No Basic Information,,100,92,,,1090.0,census_geocoder
2611,Islamia Sunna Wal Jam'ah,24 Mt Hope Place,New York,NY,10453,40.849274922592,-73.910719177629,,1988,,https://www.atly.com/location/Islamia-Sunna-Wal-Jam'Ah/https://publishing.cdlib.org/ucpressebooks/view?docId=ft2s2004p0&chunk.id=d0e10192&toc.id=s1.11.65&brand=eschol,100,89,,,541.0,census_geocoder
2612,Masjid Annasr,50 E Tremont ave,Bronx,NY,10453,40.851069023821,-73.908123312534,,2010,,https://propertyinformationportal.nyc.gov/parcels/parcel/2028280016,100,92,,,1796.0,census_geocoder
2613,West Bronx Jame Masjid and Islamic Center,2123 Grand Avenue,The Bronx,NY,10453,40.855752950351,-73.907934457238,,,,,100,95,,,3681.0,census_geocoder
2614,Yankasa Masjid,1707 Townsend Avenue,The Bronx,NY,10453,40.846416152495,-73.912205146593,,,,,100,90,,,3680.0,census_geocoder
2615,South Bronx Islamic Cultural Center Inc,2580 3rd Avenue,The Bronx,NY,10454,40.811676475993,-73.925957736656,,,,,100,92,,,3686.0,census_geocoder
2616,"Darou Salam Islamic Community,Inc.",677 Elton Avenue,The Bronx,NY,10455,40.81881370231,-73.914783691376,,,,,100,96,,,3724.0,census_geocoder
2617,Al-Ridwane Muslim Center,277 East 165th Street,The Bronx,NY,10456,40.829212960267,-73.915992293005,,,,,100,90,,,3735.0,census_geocoder
2618,Fouta Islamic Center,3400 3Rd ave,Bronx,NY,10456,40.82808571986,-73.907027962856,,2008,,https://propertyinformationportal.nyc.gov/parcels/parcel/2026080012,97,88,,,1104.0,census_geocoder
2619,Islamic Cultural Center,371 E 166th st,Bronx,NY,10456,40.829560767149,-73.91250399704,,2000,,https://propertyinformationportal.nyc.gov/parcels/parcel/2024290040,100,89,,,1404.0,census_geocoder
2620,Loogman Islamic Cultural Center,365 East 169th Street,The Bronx,NY,10456,40.834607942867,-73.910680054918,,,,,99,88,,,3760.0,census_geocoder
2621,Markaz Al Qiraa’aat Mosque,3780 3rd Avenue,The Bronx,NY,10456,40.836675817434,-73.902254097467,,,,,96,85,,,3757.0,census_geocoder
2622,Masjid Al-Ridwan Islamic Center,279 E 165th st,Bronx,NY,10456,40.829200921505,-73.915957117257,,1997,,https://propertyinformationportal.nyc.gov/parcels/parcel/2024370001,100,91,,,1893.0,census_geocoder
2623,Masjid Al-Ridwan Islamic Center,435 East 166th Street,The Bronx,NY,10456,40.82844391051,-73.9091015126,,,,,100,87,,,3755.0,census_geocoder
2624,Nur Al Islam Mosque,215 McClellan Street,The Bronx,NY,10456,40.832400961299,-73.916790807974,,,,,,92,,,3692.0,census_geocoder
2625,Nurudeen Islamic Charity,3391 3Rd ave,Bronx,NY,10456,40.827980595361,-73.907228237476,,2001,,https://www.niconassalam.org/copy-of-services,,93,,,2124.0,census_geocoder
2626,AL-Masjidu Adam Community Life Center For Human Excellence,2263 Crotona ave,Bronx,NY,10457,40.851560568066,-73.885012476215,,2001,,https://propertyinformationportal.nyc.gov/parcels/parcel/2031010013,92,92,,,1581.0,census_geocoder
2627,MASJID AL- IMAM MALICK,452 East Tremont Avenue,The Bronx,NY,10457,40.847118240963,-73.898786469229,,,,,100,90,,,3759.0,census_geocoder
2628,Masjid-Ar -Rahmah,2252 Webster Avenue,The Bronx,NY,10457,40.855624620699,-73.895904136265,,,,,100,92,,,3748.0,census_geocoder
2629,Masjidfawzan,2042 Webster Avenue,The Bronx,NY,10457,40.851598627607,-73.898480908865,,,,,,93,,,3747.0,census_geocoder
2630,Muqbel Alwadaee,615E East 180th Street,The Bronx,NY,10457,40.849301489383,-73.891066270927,,,,,96,93,,,3717.0,census_geocoder
2631,Anjuman Hefazatul Islam/Msjid Hefaz,365 East 198th Street,New York,NY,10458,40.866958975742,-73.886618427367,,1994,,https://propertyinformationportal.nyc.gov/parcels/parcel/2032840020,100,81,,,542.0,census_geocoder
2632,Baitus Salaam Jame Masjid Inc,2703 Decatur Ave,Bronx,NY,10458,40.864863519993,-73.888872275618,,2014,,https://propertyinformationportal.nyc.gov/parcels/parcel/2032830054,100,94,,,978.0,census_geocoder
2633,Islamic Center,2481 Belmont Avenue,The Bronx,NY,10458,40.85677690786,-73.884670732948,,,,,94,95,,,3744.0,census_geocoder
2634,Masjidus Sabur,2975 Bainbridge Avenue,The Bronx,NY,10458,40.870969534249,-73.884495991895,,,,,100,70,,,3746.0,census_geocoder
2635,Musa Mosque,633 East 189th Street,The Bronx,NY,10458,40.856931630367,-73.884986092531,,,,,94,95,,,3706.0,census_geocoder
2636,Masjid Barakakat ul islamia,841 East 167th Street,The Bronx,NY,10459,40.826387491103,-73.898345844761,,,,,100,89,,,3754.0,census_geocoder
2637,Masjid Salam,911 Longwood Avenue,New York,NY,10459,40.818540101387,-73.899818980577,,-,No Basic Information,,100,92,,,323.0,census_geocoder
2638,Masjid Sidiki,1462 Boston Road,The Bronx,NY,10459,40.834065953629,-73.895083375712,,,,,100,79,,,3752.0,census_geocoder
2639,Togolese Islamic Center,1201 Southern Boulevard,The Bronx,NY,10459,40.8286035004,-73.891968151773,,,,,100,89,,,3682.0,census_geocoder
2640,Adam Mosque,1722 Adams Street,The Bronx,NY,10460,40.840897309484,-73.870857250435,,,,,96,80,,,3738.0,census_geocoder
2641,Masjid al-Ummah: Community Mosque,793 Elsmere Place,The Bronx,NY,10460,40.843086468658,-73.888020182497,,,,,,,,,3750.0,census_geocoder
2642,Baitul Maamur jame Masjid,1511 Saint Peters Avenue,The Bronx,NY,10461,40.839880068094,-73.846703203159,,,,,90,90,,,3730.0,census_geocoder
2643,Morris Park Masjid,1068 Pierce Avenue,The Bronx,NY,10461,40.845889821008,-73.851514635118,,,,,86,85,,,3745.0,census_geocoder
2644,Pelham Bay Al - Madina Jame Masjid,2812 Dudley Avenue,The Bronx,NY,10461,40.839373297763,-73.835716258322,,,,,86,90,,,3689.0,census_geocoder
2645,Al-Janed Islamic Center,984 Intervale ave,Bronx,NY,10462,40.822615278645,-73.896798473724,,-,No Basic Information,,,,,,895.0,census_geocoder
2646,Baitul Abrar Masjid,1860 Archer Street,The Bronx,NY,10462,40.837721590963,-73.864429914802,,,,,100,96,,,3731.0,census_geocoder
2647,Baitul Aman Islamic Center,2351 New Bold ave,Bronx,NY,10462,40.834046587063,-73.846766127296,,-,No Basic Information,,92,87,,,970.0,census_geocoder
2648,Bangla Bazar Masjid,1351 Odell Street,Bronx,NY,10462,40.834852371019,-73.854030076901,,2008,,"https://www.bangladeshcircle.com/bangladesh-business-directory/3439/bangla-bazaar-jame-masjid/#:~:text=Bangla%20Bazaar%20Jame%20Masjid%20(Bangla,mosque%20is%20a%20residential%20home.",93,98,,,351.0,census_geocoder
2649,Bronx Muslim Center,702 Rhinelander,Bronx,NY,10462,40.847468154984,-73.866765240044,,1998,,https://propertyinformationportal.nyc.gov/parcels/parcel/2040500039,96,87,,,1015.0,census_geocoder
2650,Darus Sunnah New York ( Madrasha+Masjid),1861 Wallace Avenue,The Bronx,NY,10462,40.847467314285,-73.864139880429,,,,,95,75,,,3721.0,census_geocoder
2651,Gulzar e Madinah Mosque,2162 Muliner Avenue,The Bronx,NY,10462,40.85588600203,-73.861871450298,,,,,91,84,,,3729.0,census_geocoder
2652,Islamic Cultural Center-North,2044 Benedict ave,Bronx,NY,10462,40.834408333417,-73.856504264017,,2011,,https://propertyinformationportal.nyc.gov/parcels/parcel/2039320064,93,98,,,1410.0,census_geocoder
2653,Madni Masjid,834 Brady ave,Bronx,NY,10462,40.852261960376,-73.862767879973,,2004,,https://propertyinformationportal.nyc.gov/parcels/parcel/2042940028,92,85,,,1537.0,census_geocoder
2654,Masjid Taqwa Islamic Center,1510 Parker Street,The Bronx,NY,10462,40.837549985835,-73.849081935505,,,,,91,,,,3751.0,census_geocoder
2655,PIC (Parkchester Islamic Center),1375 Virginia Avenue,The Bronx,NY,10462,40.835267131586,-73.862055063163,,,,,99,97,,,3690.0,census_geocoder
2656,Shahjalal Islamic Center,1924 McGraw Avenue,The Bronx,NY,10462,40.834574628038,-73.860743260088,,,,,93,97,,,3688.0,census_geocoder
2657,Riverdale Islamic Center,3058 Godwin Terrace Suite 3,Bronx,NY,10463,40.878643710182,-73.906255206654,,2026,,https://riverdalemuslimcenter.org/about,92,99,,,2150.0,census_geocoder
2658,The Abrar Mosque,3016 Bailey Avenue,The Bronx,NY,10463,40.876796174251,-73.903370085465,,,,,100,97,,,3684.0,census_geocoder
2659,Gawsiyah Mosque,3001 Barkley Avenue,The Bronx,NY,10465,40.832143943775,-73.824330163675,,,,,63,,,,3719.0,census_geocoder
2660,Masjid Ibrahimi,3162 Philip Avenue,The Bronx,NY,10465,40.830351162686,-73.818364360321,,,,,56,81,,,3753.0,census_geocoder
2661,Muna center of throggs neck,2878 Sampson Avenue,The Bronx,NY,10465,40.820155184458,-73.818826338103,,,,,49,79,,,3718.0,census_geocoder
2662,Al-Huda Islamic Center,3979 White Plains rd,Bronx,NY,10466,40.888015428145,-73.860422080948,,2012,,,89,93,,,140.0,census_geocoder
2663,"JAMHIYATU ANSARU-DEEN, INC.",725 East 221st Street,The Bronx,NY,10466,40.884803648843,-73.861263046379,,,,,91,92,,,3761.0,census_geocoder
2664,Masdjid Muslim community,3960 Bronxwood Avenue,The Bronx,NY,10466,40.885689152069,-73.854791093173,,,,,85,86,,,3763.0,census_geocoder
2665,MASJID ANSARUDEEN ISLAMIC CENTER,641 East 224th Street,The Bronx,NY,10466,40.887691662509,-73.862515206921,,,,,92,90,,,3758.0,census_geocoder
2666,Ahmadiyya Mosque,3421 White Plains Road,New York,NY,10467,40.875398805308,-73.867120867548,,2006,,https://propertyinformationportal.nyc.gov/parcels/parcel/2046280057,100,92,,,546.0,census_geocoder
2667,Allerton Islamic Center,759 Allerton Avenue,The Bronx,NY,10467,40.865536469329,-73.865064757855,,,,,90,95,,,3733.0,census_geocoder
2668,Alruqen Alyamani Mosque,3305 Wallace Avenue,The Bronx,NY,10467,40.872958246206,-73.864302287484,,,,,96,85,,,3732.0,census_geocoder
2669,DARUL AHNAF NEW YORK,3091 Decatur Avenue,The Bronx,NY,10467,40.871539987883,-73.878170005229,,,,,100,82,,,3725.0,census_geocoder
2670,Darul Aman Islamic center,3305 Cruger Avenue,The Bronx,NY,10467,40.873462677346,-73.866236781529,,,,,98,81,,,3723.0,census_geocoder
2671,Masjid e Hamza,3417 Knox Place,The Bronx,NY,10467,40.881631243364,-73.883951555298,,,,,97,90,,,3749.0,census_geocoder
2672,Masjid Quba,3573 Rochambeau ave,Bronx,NY,10467,40.883178458027,-73.878861880142,,2013,,https://propertyinformationportal.nyc.gov/parcels/parcel/2033280161,98,88,,,181.0,census_geocoder
2673,North Bronx Islamic Center,3156 Perry Avenue,Bronx,NY,10467,40.87376237129,-73.877809337129,,1996,,"https://www.norwoodnews.org/demand-already-high-for-norwoods-newly-opened-islamic-center/#:~:text=Twenty%2Dfive%20years%20ago%2C%20Mohammed,three%2Dstory%20home%20once%20stood.",100,92,,,202.0,census_geocoder
2674,Al Haram Masjid USA INC.,3134 East 205th Street,The Bronx,NY,10468,40.8739852,-73.8770893,,,,,100,90,,,3737.0,nominatim
2675,Bronx Muslim Center USA Inc,2531 Davidson Avenue,The Bronx,NY,10468,40.864846856621,-73.900763660256,,,,,100,88,,,3727.0,census_geocoder
2676,Gambien Islamic Society,2537 Grand Concourse,The Bronx,NY,10468,40.863431049639,-73.896695171345,,,,,100,98,,,3720.0,census_geocoder
2677,Omar Mosque,2535 Grand Concourse,The Bronx,NY,10468,40.863383816127,-73.896730714563,,,,,100,98,,,3691.0,census_geocoder
2678,ISLAMIC CENTER FAIZAN-E-MADINAH,926 Allerton Avenue,The Bronx,NY,10469,40.865466717694,-73.86041139928,,,,,86,93,,,3756.0,census_geocoder
2679,Masjid Noor-Ul-Huda,3033 Young ave,Bronx,NY,10469,40.870022518149,-73.848048620013,,2014,,"https://www.causeiq.com/organizations/masjid-noor-ul-huda-islamic-center,270654281/",80,89,,,1930.0,census_geocoder
2680,Sultan Jamia Mosque,2501 Laconia Avenue,The Bronx,NY,10469,40.863056425176,-73.855935424671,,,,,86,80,,,3685.0,census_geocoder
2681,"Bronx Islamic Cultural Center Masjid Bilal, Inc.",1227 Saint Lawrence Avenue,The Bronx,NY,10472,40.830621500952,-73.867102638613,,,,,91,94,,,3728.0,census_geocoder
2682,Darul Iman Mosque,1141 Ward Avenue,The Bronx,NY,10472,40.827284581562,-73.877036213884,,,,,95,,,,3722.0,census_geocoder
2683,Islamic Council Of New York Inc. Masjid Al Gafar,1138 Ward Avenue,The Bronx,NY,10472,40.827256468184,-73.876875881064,,,,,,,,,3762.0,census_geocoder
2684,Parkchester Jame Masjid,1203 Virginia Avenue,Bronx,NY,10472,40.830727704228,-73.860687359357,,1987,,https://www.facebook.com/BronxCB9/posts/catching-up-with-the-parkchester-jame-masjid-established-in-1987/2328477997409114/,92,94,,,324.0,census_geocoder
2685,The Bronx Islamic Society,1726 East 172nd Street,The Bronx,NY,10472,40.832405625197,-73.870015692428,,,,,99,94,,,3683.0,census_geocoder
2686,Unionport Jame Masjid,2126 Watson Ave,New York,NY,10472,40.829416419765,-73.852734360092,,2022,,https://propertyinformationportal.nyc.gov/parcels/parcel/2038080020,,89,,,331.0,census_geocoder
2687,Castlehill ideal Islamic center,2166 Turnbull Avenue,The Bronx,NY,10473,40.823823632708,-73.850204311183,,,,,79,85,,,3726.0,census_geocoder
2688,Soundview Mosque,1749 Seward Avenue,The Bronx,NY,10473,40.818899056694,-73.865462900646,,,,,62,83,,,3687.0,census_geocoder
2689,Jama Masjid Babu Zulfiqar,85 Mount Hope Road,Mahopac,NY,10541,41.372451196219,-73.730170953317,,,,,,60,,,3926.0,census_geocoder
2690,Hudson Valley Islamic Community Center,3680 Lexington ave,Mohegan Lake,NY,10547,41.3244600762,-73.860220568179,,2006,,https://www.hvicc.org,,32,,,1132.0,census_geocoder
2691,Masjid Yusuf Shah,10 S 2Nd ave,Mt. Vernon,NY,10552,40.91170768954,-73.835169672775,,1968,,https://prayersconnect.com/mosques/84045651-masjid-yusuf-shah-mt-vernon-new-york-united-states,59,93,,,2006.0,census_geocoder
2692,Westchester Muslim Center,22 Brookfield Rd,City of Mount Vernon,NY,10552,40.927482208143,-73.81722150022,,1978,,http://westchestermuslim.org/about-us,37,45,,,805.0,census_geocoder
2693,Masjid Jameul Uloom/Mid Westchester Muslim Community Center,73 Croton ave,Ossining,NY,10562,41.165026628317,-73.858383678445,,-,No Basic Information,,38,86,,,1901.0,census_geocoder
2694,Upper Westchester Muslim Society,130 Pinesbridge Road,Ossining,NY,10562,41.195826715293,-73.81455695688,,,,,,4,,,3869.0,census_geocoder
2695,Masjid Al-Tawheed,813 Main St,Peekskill,NY,10566,41.29126932988,-73.923413480054,,2004,,,43,92,,,2751.0,census_geocoder
2696,Masjid Tawheed,1000 Main st,Peekskill,NY,10566,41.291868923584,-73.919649287452,,2007,,https://www.facebook.com/groups/189121471152448/posts/24490106807293909/,39,93,,,1974.0,census_geocoder
2697,Upper Westchester Muslim Society,401 Claremont ave,Thornwood,NY,10594,41.12654959778,-73.783370927372,,1997,,https://www.uwms.org/about-us,,68,,,2223.0,census_geocoder
2698,White Plains Islamic Center (FRIDAYS ONLY),250 Bryant Avenue,White Plains,NY,10605,41.02146889885,-73.746205595488,,,,,40,26,,,3704.0,census_geocoder
2699,Andalusia Mosque,380 Walnut S,City of Yonkers,NY,10701,40.934833049439,-73.886386326801,,2004,,https://www.mapquest.com/us/new-york/andalusia-school-21364462,54,81,,,447.0,census_geocoder
2700,Islamic Center of Maple Hills,54 Maple st No.Gf3,Yonkers,NY,10701,40.932080140798,-73.891017165989,,-,No Basic Information,,61,91,,,1281.0,census_geocoder
2701,Islamic Center of Yonkers,100 Riverdale ave,Yonkers,NY,10701,40.93011996078,-73.900373834455,,1995,,https://www.mapquest.com/us/new-york/yonkers-islamic-center-278779995,63,92,,,1380.0,census_geocoder
2702,Kashmir Islamic Center,329 Central Park Avenue,Yonkers,NY,10704,40.916884253424,-73.872086722972,,,,,45,56,,,3699.0,census_geocoder
2703,SKY Islamic Academy Yonkers,30 Francis Terrace,Yonkers,NY,10704,40.912896127859,-73.854771768856,,,,,66,77,,,3698.0,census_geocoder
2704,Islamic Community Center of Mid Westchester,2 Grandview Boulevard,Yonkers,NY,10710,40.958800346073,-73.836575988043,,,,,,53,,,3700.0,census_geocoder
2705,Islamic Center of New Rochelle (ICON),470 North Avenue,New Rochelle,NY,10801,40.918332568724,-73.786353837147,,,,,56,90,,,3919.0,census_geocoder
2706,Masjid Darul Ehsan,6 Suffern Place,Suffern,NY,10901,41.115167000045,-74.150240734995,,1996,,https://www.gudsy.org/nonprofits/masjid-darul-ehsan-darul-uloom-khanqah-islamic-community-center-suffern-ny,,82,,,1850.0,census_geocoder
2707,Masjid Al-Furqan Institute,140 New York 32,Woodbury,NY,10917,,,,,,,,46,,,3701.0,
2708,Al Zahra Islamic Center,49 Broadway,Haverstraw,NY,10927,41.198338429377,-73.964790728784,,,,,,83,,,3893.0,census_geocoder
2709,Mid-Hudson Dawah Center,256 E Main st,Middletown,NY,10940,41.445693073731,-74.408089215858,,2012,,https://www.manta.com/c/mb4nt9c/masjid-al-tawheed-inc,,75,,,2042.0,census_geocoder
2710,Middletown Islamic Center,169 Ryerson rd,New Hampton,NY,10958,41.418336821898,-74.404366763002,,2009,,https://issuu.com/wcpress/docs/wcp_32124,,8,,,2043.0,census_geocoder
2711,Jerrahi Mosque,884 Chestnut Ridge rd,Spring Valley,NY,10977,41.079789717141,-74.061923899601,,-,Information Without Year,(845) 352-5518,,44,,,1515.0,census_geocoder
2712,masjid Al-kadir (mosque),45 W Church St,Spring Valley,NY,10977,41.113436779269,-74.047667955212,,2015,,https://masjidalqadir.org/about-us/,,80,,,337.0,census_geocoder
2713,Islamic Center of Rockland,481 Mountainview ave,Valley Cottage,NY,10989,41.1055844,-73.9399368,,2008,,https://icrmuslim.org/docs/ICRnewsletter.pdf,,7,,,1334.0,nominatim
2714,Islamic Center of Rockland- Youth Group,481 Mountain View Avenue,Valley Cottage,NY,10989,,,,,,,,7,,,3697.0,
2715,Elmont Islamic Center,14 Crest Avenue,Elmont,NY,11003,40.708691582265,-73.692669773674,,,,,42,84,,,3901.0,census_geocoder
2716,Jamia Zia Ul Quran,115 School Road,Elmont,NY,11003,40.707196456558,-73.708934429322,,,,,42,80,,,3900.0,census_geocoder
2717,Madrasa Zia-Ul-Quran,115 School rd,Elmont,NY,11003,40.707196456558,-73.708934429322,,1999,,https://www.mapquest.com/us/new-york/jamia-zia-ul-quran-43625505,42,80,,,1538.0,census_geocoder
2718,Muhammadi Masjid,681 Elmont Road,Elmont,NY,11003,40.693570234682,-73.717836108575,,2018,,"https://www.muhammadimasjid.org/About.php#:~:text=About%20Our%20Story,adjacent%20house%20for%20Muhammadi%20Masjid.",43,82,,,193.0,census_geocoder
2719,Ismaili Jamatkhana,280 Community Drive,Great Neck,NY,11020,40.780539,-73.7076173,,,,,,43,,,3894.0,nominatim
2720,Hillside Islamic Center,4603 Benning Road Southeast,New Hyde Park,NY,11040,,,,2005,,https://www.hicny.org/about-us,,83,,,37.0,
2721,ICNA Nassau Community Center,1529 Jericho Turnpike,New Hyde Park,NY,11040,40.733943042616,-73.67899936747,,,,,,71,,,3920.0,census_geocoder
2722,Port Washington Masjid,118 Harbor Road,Port Washington,NY,11050,40.842963650265,-73.692328940384,,1922,,"https://www.loopnet.com/Listing/118-Harbor-Rd-Port-Washington-NY/21036624/#:~:text=Table_title:%20Property%20Facts%20Table_content:%20header:%20%7C%20Property,Date%20on%20Market%20%7C%20Specialty:%209/23/2020%20%7C",,56,,,715.0,census_geocoder
2723,Al-Ikhlas Mosque,21-23 30th Drive,Queens,NY,11101,40.7681625,-73.9280542,,,,,83,97,,,3878.0,nominatim
2724,Masjid Al-Hikmah,48-01 31St st,Long Island City,NY,11101,40.741072592282,-73.935173473795,,1995,,https://prayersconnect.com/mosques/84022136-masjid-al-hikmah-astoria-new-york-united-states,100,77,,,1687.0,census_geocoder
2725,Astoria Islamic Center,18-22 Astoria Boulevard,Astoria,NY,11102,40.772211498266,-73.927043145442,,2000,,https://propertyinformationportal.nyc.gov/parcels/parcel/4005390030,83,97,,,343.0,census_geocoder
2726,Bosnjacki Islamski Kulturni Centar/ Bosnian Islamic Cultural Center,18-02 Astoria Boulevard,Queens,NY,11102,40.77219197944,-73.927319153978,,,,,81,96,,,3645.0,census_geocoder
2727,Islamic Center of Bosnia and Herzegovina,37-46 Crescent St,Astoria,NY,11102,40.756437470006,-73.935243835392,,1993,,https://prayersconnect.com/mosques/84081755-bosnian-herzegovinian-islamic-center-long-island-city-new-york-united-states,100,95,,,1208.0,census_geocoder
2728,Shahjalal Masjid,25-67 31st Street,Astoria,NY,11102,40.768888029307,-73.919337288662,,-,Information Without Year,https://smasjid365.wixsite.com/shahjalalmasjid/contact,83,99,,,350.0,census_geocoder
2729,Majid al-Hikmah,48-01 31st Avenue,New York,NY,11103,40.758337912412,-73.910581147565,,1995,,https://www.masjidalhikmahnewyork.org/new-page,90,79,,,341.0,census_geocoder
2730,Masjid Al-Iman,24-30 Steinway st,Astoria,NY,11103,40.768590632246,-73.911247101168,,2010,,https://propertyinformationportal.nyc.gov/parcels/parcel/4006540054,88,98,,,1694.0,census_geocoder
2731,Al-Rahman Jame Masjid,48-04 Skillman ave,Long Island City,NY,11104,40.746287451245,-73.916063686339,,2003,,https://prayersconnect.com/mosques/84035356-ar-rahman-jame-masjid-islamic-center-sunnyside-new-york-united-states,,,,,912.0,census_geocoder
2732,Mimar Sinan Mosque/Tiurkish Islamic Cultural Center,45-06 Skillman ave,Sunnyside,NY,11104,40.746601849477,-73.91883172126,,1999,,"https://en.wikipedia.org/wiki/Mimar_Sinan_Mosque,_Sunnyside",88,96,,,2211.0,census_geocoder
2733,Sunnyside Muslim Center,39-18 47th Avenue,Queens,NY,11104,40.741896025455,-73.925965450505,,,,,76,92,,,3625.0,census_geocoder
2734,Baitul Mukarram Jame Masjid,22-21 33Rd st,Astoria,NY,11105,40.774981338996,-73.909983741539,,1999,,https://propertyinformationportal.nyc.gov/parcels/parcel/4008320022,80,95,,,165.0,census_geocoder
2735,Dar Al Dawah Islamic Center,35-13 23Rd ave,Astoria,NY,11105,40.773038941454,-73.910894609472,,2001,,https://prayersconnect.com/mosques/84045052-masjid-dar-al-dawah-astoria-new-york-united-states,78,97,,,1047.0,census_geocoder
2736,MAS Queens Center,46-01 20th Avenue,Queens,NY,11105,40.77391891095,-73.897969167752,,,,,64,59,,,3661.0,census_geocoder
2737,Al-Amin Jame Masjid And Islamic Center,35-19 36th ave,Astoria,NY,11106,40.755047613219,-73.926325070876,,1996,,https://www.aajmic.com/about.php,99,91,,,871.0,census_geocoder
2738,Islamic Unity And Cultural Center,31-33 12th st,Astoria,NY,11106,40.767877474937,-73.934124984301,,1993,,https://propertyinformationportal.nyc.gov/parcels/parcel/4005180008,100,,,,1493.0,census_geocoder
2739,Masjid El-Ber,36-05 30th Street,Queens,NY,11106,40.756821343143,-73.930576158298,,,,,100,,,,3617.0,census_geocoder
2740,Masjid El-Bir of Astroria,"3605 30th St, Astoria",Astoria,NY,11106,40.756821343143,-73.930576158298,,1980,,https://prayersconnect.com/mosques/84026178-masjid-el-ber-astoria-new-york-united-states,100,,,,1861.0,census_geocoder
2741,Masjid Dawood,143 State Street,Brooklyn,NY,11201,40.690829992091,-73.993580155111,,1939,,"https://www.bklynlibrary.org/blog/2021/02/12/bedford-stuyvesants-dar#:~:text=The%20movement%27s%20founding%20members%20came%20from%20the,grade%208%20*%20Educational%20opportunities%20for%20children",100,99,,,1855.0,census_geocoder
2742,Masjid Ibadul-Rahman,360 Myrtle Ave,Brooklyn,NY,11201,40.693158124561,-73.971950499807,,-,No Basic Information,,100,97,,,1879.0,census_geocoder
2743,Baitus Salam Mosque,167 East 43rd Street,Brooklyn,NY,11203,40.651764168403,-73.937106585328,,,,,80,,,,3809.0,census_geocoder
2744,Flatbush Islamic Center,"3307 Church Ave, Brooklyn",Brooklyn,NY,11203,40.651012874427,-73.946555984336,,2023,,https://columbianewsservice.com/2023/12/21/new-mosque-in-east-flatbush-reflects-brooklyns-religious-diversity/,93,,,,1103.0,census_geocoder
2745,Masjid Marjaan,4703 Avenue D,Brooklyn,NY,11203,40.64201182543,-73.932177128939,,,,,75,84,,,3777.0,census_geocoder
2746,Alistiqamah Community Center,1835 Bay Ridge Parkway,Brooklyn,NY,11204,40.613003857404,-73.995218405381,,,,,75,93,,,3813.0,census_geocoder
2747,Almarwa Islamic Center,2015 64th st,Brooklyn,NY,11204,40.616978936201,-73.984866437134,,1997,,https://www.charitynavigator.org/ein/113313546,91,94,,,1213.0,census_geocoder
2748,Broklyn Muslim Center,6024 20th Avenue,Brooklyn,NY,11204,40.619248687072,-73.983114834751,,,,,92,92,,,3830.0,census_geocoder
2749,Iqra Masjid Community & Tradition,2483 65th Street,Brooklyn,NY,11204,40.609765704338,-73.97456792651,,,,,91,95,,,3845.0,census_geocoder
2750,Islam Ahmadiyya Movement,1477 West 8th Street,Brooklyn,NY,11204,40.610980349302,-73.982134919647,,,,,90,94,,,3844.0,census_geocoder
2751,Al-Abedin Masjid,251 Nostrand Avenue,Brooklyn,NY,11205,40.690135366863,-73.951442736801,,,,,91,,,,3816.0,census_geocoder
2752,Ibaadu'rrahman Central Mosque,380 Myrtle Avenue,New York,NY,11205,40.693113901507,-73.970938923252,,-,Information Without Year,https://ibaadurahman.org/about-us/,100,99,,,288.0,census_geocoder
2753,AL-IMAN Mosque,684 Wyona Street,Brooklyn,NY,11207,40.661760406569,-73.889854720634,,,,,94,98,,,3818.0,census_geocoder
2754,East New York Islamic center Inc,2135 Pitkin Avenue,Brooklyn,NY,11207,40.672303515499,-73.893504834874,,,,,100,91,,,3850.0,census_geocoder
2755,Muhammad Mosque,202 Pennsylvania Avenue,Brooklyn,NY,11207,40.672912414673,-73.89620601373,,,,,100,98,,,3772.0,census_geocoder
2756,New Lots Islamic Center,604 Jerome Street,Brooklyn,NY,11207,40.665959114363,-73.884941108322,,,,,100,86,,,3770.0,census_geocoder
2757,Islamic Research and Dawah Center/Masjid As-Siddqique,406 Autumn ave,Brooklyn,NY,11208,40.679849218934,-73.869341123189,,-,No Basic Information,(347) 350-5859,92,89,,,1445.0,census_geocoder
2758,Jamuiyyatul Istijaabatul Alamiyyah,1140 Stanley Avenue,Brooklyn,NY,11208,40.665406142138,-73.867573437955,,,,,72,80,,,3839.0,census_geocoder
2759,Masjid Al-Aman,203 Forbell Street,Brooklyn,NY,11208,40.677835771977,-73.863847561868,,1987,,https://masjidalaman.com/about-us/,88,87,,,513.0,census_geocoder
2760,Masjid An-Nur,1033 Glenmore ave,Brooklyn,NY,11208,40.676779055474,-73.871886725008,,2010,,"https://www.causeiq.com/organizations/baitul-mamur-masjid-and-community-center,113359563/",92,89,,,1791.0,census_geocoder
2761,Masjid Dar Al-Istiqamah (NYICCI),1239 Belmont Avenue,Brooklyn,NY,11208,40.675358373181,-73.861967615613,,,,,84,,,,3806.0,census_geocoder
2762,Musjid Abu Hanifah,2743 Pitkin ave,Brooklyn,NY,11208,40.675638717786,-73.870697033995,,-,Information Without Year,https://prayersconnect.com/mosques/84013840-musjid-abu-hanifah-brooklyn-new-york-united-states,94,90,,,2071.0,census_geocoder
2763,Muslim Ummah of North America,1033 Glenmore Avenue,Brooklyn,NY,11208,40.676779055474,-73.871886725008,,,,,92,91,,,3771.0,census_geocoder
2764,Bay Ridge Islamic Center,9126 5th Avenue,New York,NY,11209,40.618416068569,-74.028943455225,,1999,,"https://www.heyridge.com/2018/01/the-roles-an-islamic-center-plays-in-bay-ridge/#:~:text=Beit%20El%2DMaqdis%20was%20founded,who%20regularly%20attend%20some%20activities.",81,98,,,364.0,census_geocoder
2765,Islamic Society of Bayridge,6807 5th Ave a1,New York,NY,11209,,,,1985,,https://www.brooklynpaper.com/beep-adams-makes-pilgrimage-to-ridge-mosque/,95,95,,,245.0,
2766,Maryam Mosque - Community Center of Bay Ridge,7307 5th Avenue,Brooklyn,NY,11209,40.630881079241,-74.021987906068,,,,,94,93,,,3836.0,census_geocoder
2767,Masjid Al-Qaraouyine - South Brooklyn Islamic Center,7610 3rd Avenue,Brooklyn,NY,11209,40.630651729784,-74.028201232472,,,,,89,96,,,3832.0,census_geocoder
2768,Masjid Al-Rahman,333 86th st,Brooklyn,NY,11209,40.623293674691,-74.030127301404,,2017,,"https://www.causeiq.com/organizations/86th-street-islamic-center,472313917/",89,98,,,1749.0,census_geocoder
2769,South Brooklyn Islamic Center,234 Bay Ridge Avenue,New York,NY,11209,40.631821148015,-74.029545122539,,2004,,https://propertyinformationportal.nyc.gov/parcels/parcel/3058710026,90,82,,,415.0,census_geocoder
2770,Masjid Imam Bukhari,1863 Flatbush Avenue,Brooklyn,NY,11210,40.624440570336,-73.938704462,,,,,89,90,,,3779.0,census_geocoder
2771,Broadway Masjid And Islamic Center,345 Broadway,Brooklyn,NY,11211,40.70780694978,-73.955972784014,,2013,,"https://www.causeiq.com/organizations/brooklyn-broadway-masjid-and-islamic-center,522448244/",100,98,,,1014.0,census_geocoder
2772,Moslem Mosque inc,106 Powers St,Brooklyn,NY,11211,40.712075559591,-73.946606197473,,1907,,https://www.moslemmosqueinc.org/in-the-press,100,98,,,2690.0,census_geocoder
2773,Mosque of American Mohammedan Society,104 Powers st,Brooklyn,NY,11211,40.712068196905,-73.946681051459,,1931,,https://greenpointers.com/2019/01/18/north-brooklyn-is-home-to-one-of-americas-oldest-mosque/,100,98,,,2052.0,census_geocoder
2774,Al-Huda Mosque,64 East 98th Street,Brooklyn,NY,11212,40.664962455374,-73.922986134721,,,,,97,95,,,3814.0,census_geocoder
2775,Bait Ul Karam Mosque,2650 Bath Avenue,Brooklyn,NY,11214,40.592044244371,-73.98726315939,,,,,94,85,,,3811.0,census_geocoder
2776,Bukhari Community Center (BCC),1769 86th Street,Brooklyn,NY,11214,40.607576574841,-74.003056136926,,,,,78,98,,,3842.0,census_geocoder
2777,Bukhari Masjid,8514 18th Avenue,Brooklyn,NY,11214,40.607748735466,-74.002140548656,,,,,78,98,,,3831.0,census_geocoder
2778,Gulab Banu Islamic Center,2106 81st Street,Brooklyn,NY,11214,40.605960965161,-73.992961509574,,,,,81,93,,,3846.0,census_geocoder
2779,Mas Youth Center,1933 Bath ave,Brooklyn,NY,11214,40.602173967691,-74.002772283705,,2001,,"https://www.masyc.org/mas-youth-center#:~:text=Our%20Services,connections%20to%20last%20a%20lifetime.",80,96,,,1557.0,census_geocoder
2780,Masjid A-Ansar,2230 Bath ave,Brooklyn,NY,11214,40.5978455962,-73.996429819619,,-,Information Without Year,https://ansarcenter.com/,81,94,,,1564.0,census_geocoder
2781,Masjid Al Badr,2431 Bath ave,Brooklyn,NY,11214,40.595122413092,-73.992119230643,,2008,,https://propertyinformationportal.nyc.gov/parcels/parcel/3068770107,86,89,,,1587.0,census_geocoder
2782,Masjid As-Salam Community Center,2118 Bath Avenue,Brooklyn,NY,11214,40.599621039574,-73.99900531298,,,,,81,94,,,3807.0,census_geocoder
2783,Noor Ul Quran Mosque,2030 Bath Avenue,Brooklyn,NY,11214,40.600803305262,-74.000729905683,,,,,81,96,,,3769.0,census_geocoder
2784,Zia-Ul-Karam Islamic Center Inc.,1808 Bath Avenue,Brooklyn,NY,11214,40.603665765099,-74.005888723085,,,,,72,95,,,3765.0,census_geocoder
2785,Masjid Al Imam Al Albani,463 3rd Ave,New York,NY,11215,40.744192168435,-73.979154261323,,-,No Basic Information,,100,99,,,332.0,census_geocoder
2786,African Islamic Mission,1390 Bedford ave,Brooklyn,NY,11216,40.675704496198,-73.953332482326,,1978,,https://propertyinformationportal.nyc.gov/parcels/parcel/3012170051,100,96,,,848.0,census_geocoder
2787,Baitul Hamd Mosque,50 New York Avenue,Brooklyn,NY,11216,40.678573441948,-73.946970712772,,,,,100,99,,,3810.0,census_geocoder
2788,Masjid At-Taqwa Inc,1188 Fulton St,Brooklyn,NY,11216,40.680576810442,-73.953304775058,,1981,,https://www.influencewatch.org/non-profit/masjid-at-taqwa/,100,98,,,2529.0,census_geocoder
2789,Masjid Khalifa,1174 Bedford Avenue,Brooklyn,NY,11216,40.683972709078,-73.954108459416,,,,,100,96,,,3854.0,census_geocoder
2790,Masjid Ul Kawthar,695 Nostrand Avenue,Brooklyn,NY,11216,40.673534482008,-73.950081508701,,2012,,"https://nycreligion.info/mosque-oasis-crown-heights-brooklyn/#:~:text=So%20when%20Rasheed%20and%20his,space%20with%20250%20regular%20attenders.",100,98,,,346.0,census_geocoder
2791,Masjid Zawiyat Sof'watful Islam,435 Franklin Avenue,New York,NY,11216,40.6839636,-73.956033,,2000,,https://www.mapquest.com/us/new-york/sawiatu-sofuwuatu-l-islam-1443115,100,95,,,514.0,nominatim
2792,Al-Farooq Mosque,554 Atlantic Avenue,Brooklyn,NY,11217,40.68481860921,-73.979587797352,,,,,100,99,,,3815.0,census_geocoder
2793,Al-Farouq Masjid,552-4 Atlantic ave,Brooklyn,NY,11217,40.684845104293,-73.979655321214,,1976,,https://commons.wikimedia.org/wiki/File:Al-Farooq_Mosque_552-554_Atlantic_Avenue_Brooklyn.jpg,100,90,,,879.0,census_geocoder
2794,Islamic Guidance Center,543 Atlantic ave,Brooklyn,NY,11217,40.685052857594,-73.979855969138,,1996,,https://www.archnet.org/sites/14731,100,99,,,1431.0,census_geocoder
2795,Baitul Jannah,569 McDonald Ave,New York,NY,11218,40.640285561041,-73.978841387877,,1996,,https://www.bangladeshcircle.com/bangladesh-business-directory/22098/baitul-jannah-jame-masjid/,97,93,,,336.0,census_geocoder
2796,Bangladesh Muslim Center Jame Masjid,105 Cortelyou Road,Brooklyn,NY,11218,40.637996829288,-73.978375350933,,,,,96,93,,,3808.0,census_geocoder
2797,Brooklyn Islamic Center,722 Church Avenue,New York,NY,11218,40.645507233427,-73.972800318187,,2014,,https://www.bicny.org/about-us,98,95,,,515.0,census_geocoder
2798,Brooklyn Islamic Center/Al-Ihsan,1013 Church Ave,Brooklyn,NY,11218,40.64671975428,-73.970181919987,,1996,,"https://www.maibk.org/about#:~:text=Our%20History,creed%20and%20Jurist%20prudence%20classes.",100,94,,,1017.0,census_geocoder
2799,Darul Jannah,6 Avenue C,New York,NY,11218,40.721114611017,-73.980933752153,,1999,,https://prayersconnect.com/mosques/84070130-darul-jannah-masjid-brooklyn-new-york-united-states,97,92,,,528.0,census_geocoder
2800,Faizan-E-Madinah Islamic Center,715 Coney Island ave,Brooklyn,NY,11218,40.639984672372,-73.968906839266,,2007,,https://www.facebook.com/faizanemadinahnewyork/videos/,98,94,,,1096.0,census_geocoder
2801,Islamic Dawah Center Inc,630 Coney Island Avenue,Brooklyn,NY,11218,40.641986554873,-73.969650411204,,,,,98,94,,,3843.0,census_geocoder
2802,"JAMIAH DARUS SUNNAH AMERICA, ( Islamic School & Masjid)",913 Cortelyou Road,Brooklyn,NY,11218,40.63897485843,-73.969635255843,,,,,96,,,,3841.0,census_geocoder
2803,Masjid Al- Rahman,333 86th st,Brooklyn,NY,11218,40.623293674691,-74.030127301404,,2017,,"https://www.causeiq.com/organizations/86th-street-islamic-center,472313917/",89,98,,,1635.0,census_geocoder
2804,Masjid Imam Abu Hanifa,423 Ocean Parkway,Brooklyn,NY,11218,40.638448920887,-73.972823069288,,,,,98,86,,,3793.0,census_geocoder
2805,Masjid Mia Ubaidallah,490 Coney Island Avenue,Brooklyn,NY,11218,40.645766460287,-73.97075227571,,,,,96,,,,3776.0,census_geocoder
2806,Masjid Nur Al Islam,21 Church ave,Brooklyn,NY,11218,40.641662089087,-73.982300280466,,1995,,"https://www.brooklynpaper.com/kensington-mosque-open-street-prayers/#:~:text=Masjid%20Nur%20Al%2DIslam%20has%20been%20a%20place,home%20to%20more%20than%20100%2C000%20Bangladeshi%20immigrants.",97,94,,,179.0,census_geocoder
2807,Masjid Umm-Ul-Qura,632 Coney Island ave,Brooklyn,NY,11218,40.641943913203,-73.969637445835,,-,No Basic Information,,98,94,,,1991.0,census_geocoder
2808,Quran Academy For Young Scholars,715 Church Avenue,Brooklyn,NY,11218,40.645667234005,-73.972727366995,,,,,98,96,,,3766.0,census_geocoder
2809,American Association of Crimean Turks,4509 New Utredcht ave,Brooklyn,NY,11219,40.639708386379,-73.994281791018,,2014,,https://www.kirimny.org,77,94,,,1040.0,census_geocoder
2810,Jamia Muhammadia Rizwia,942 40th Street,Brooklyn,NY,11219,40.644970429436,-73.995114135321,,,,,80,89,,,3840.0,census_geocoder
2811,Masjid Mustafa (Masjid Katimi Nabiy),1322 62nd Street,Brooklyn,NY,11219,40.627340256007,-73.999252434244,,,,,85,84,,,3775.0,census_geocoder
2812,Mosque of the Crimean,4509 New Utrecht Avenue,Brooklyn,NY,11219,40.639708386379,-73.994281791018,,,,,77,94,,,3773.0,census_geocoder
2813,Bait El Maqdis Islamic Center,6202 6th Avenue,Brooklyn,NY,11220,40.636997823145,-74.015264345634,,,,,96,93,,,3812.0,census_geocoder
2814,Beit Almaqdis Islamic Center,6206 6th ave,Brooklyn,NY,11220,40.636978341503,-74.015284754973,,1999,,https://www.heyridge.com/2018/01/the-roles-an-islamic-center-plays-in-bay-ridge/,96,93,,,983.0,census_geocoder
2815,Beit El-Maqdis Islamic Center,6224 6th Avenue,New York,NY,11220,40.636890674113,-74.015376596997,,1999,,https://www.heyridge.com/2018/01/the-roles-an-islamic-center-plays-in-bay-ridge/,96,93,,,527.0,census_geocoder
2816,Daoud Mosque & the Islamic Mission,143 Court Street,Brooklyn,NY,11220,40.689408542031,-73.992421854054,,1931,,https://islamission.org/about,100,97,,,1045.0,census_geocoder
2817,Fatih Camii Mosque,805 60th St,Brooklyn,NY,11220,40.635453447811,-74.009367784503,,1980,,https://islamicvalley.com/mosque/O24/masjid-fatih-united-american-muslim-association-ny-inc.,93,96,,,1098.0,census_geocoder
2818,Fatih Mosque,5911 8th Avenue,New York,NY,11220,40.635941577747,-74.008992148611,,1979,,https://publishing.cdlib.org/ucpressebooks/view?docId=ft2s2004p0&chunk.id=d0e10161&toc.depth=1&toc.id=s1.11.65&brand=eschol,93,96,,,425.0,census_geocoder
2819,Masjid Iman,5524 6th Avenue,Brooklyn,NY,11220,40.640852660921,-74.011255854143,,,,,84,96,,,3778.0,census_geocoder
2820,Masjid Musab Bin Omari,68-07 5th ave,Brooklyn,NY,11220,40.681966571669,-73.976612819185,,1980,,https://prayersconnect.com/mosques/84028457-islamic-society-of-bay-ridge-brooklyn-new-york-united-states,100,100,,,1924.0,census_geocoder
2821,MASJID SHEIKH ABDULLAH KAMEL,5316 3rd Avenue,Brooklyn,NY,11220,40.645985025674,-74.01666361739,,,,,92,87,,,3838.0,census_geocoder
2822,MCC Muslim Community Center,5306 3rd Ave,Brooklyn,NY,11220,40.646029469036,-74.016612660779,,1969,,"https://www.instagram.com/popular/mcc-muslim-community-center,-community-center,-brooklyn/",92,87,,,394.0,census_geocoder
2823,United American Muslim Association,5911 8th Avenue,New York,NY,11220,40.635941577747,-74.008992148611,,1980,,https://uama.us/who-we-are/,93,96,,,287.0,census_geocoder
2824,Bairtur Rahman Masjid,13 & 15 West 29th,Brooklyn,NY,11221,40.5741702,-73.9951356,,2020,,https://masjidarrahmannyc.org/about-us/,100,100,,,968.0,nominatim
2825,Brooklyn Broadway Jame Masjid And Islamic Center,986 Gates ave,Brooklyn,NY,11221,40.68918552907,-73.924220376524,,2004,,https://www.bkreader.com/news/community-raises-money-bedford-stuyvesant-mosque-damaged-fire-6541881,91,92,,,1016.0,census_geocoder
2826,Gates Ave Masjid,986 Gates Avenue,Brooklyn,NY,11221,40.68918552907,-73.924220376524,,,,,91,93,,,3848.0,census_geocoder
2827,Malcolm X Mosque,216A Malcolm X Boulevard,Brooklyn,NY,11221,40.685857725248,-73.929715752824,,,,,97,91,,,3837.0,census_geocoder
2828,Masjid Tawhid,928 Dekalb Avenue,Brooklyn,NY,11221,40.692807000145,-73.938396862411,,,,,98,89,,,3774.0,census_geocoder
2829,Greenpoint Islamic Center,602 Leonard Street,Brooklyn,NY,11222,40.725316520669,-73.950561694068,,2000,,https://us.sulekha.com/brooklyn-ny/religious-service/greenpoint-islamic-center-911756,82,94,,,295.0,census_geocoder
2830,Greenpoint Muslim Community Center,48 Clay Street,Brooklyn,NY,11222,40.736403795839,-73.956530180855,,,,,93,,,,3847.0,census_geocoder
2831,Masjid Ibrahim,366 Kings Highway,Brooklyn,NY,11223,40.604656076663,-73.976670969054,,1997,,https://propertyinformationportal.nyc.gov/parcels/parcel/3066530063,95,95,,,169.0,census_geocoder
2832,Tayba Islamic Center,2165 Coney Island ave,Brooklyn,NY,11223,40.604252002036,-73.961571791054,,2012,,https://commons.wikimedia.org/wiki/File:Tayba_Islamic_Center_2165_CIA_jeh.jpg,93,95,,,2191.0,census_geocoder
2833,Masjid Bab-Us-Salam,3604 Neptune ave,Brooklyn,NY,11224,40.576935739146,-74.002262139271,,2009,,https://prayersconnect.com/mosques/84028454-masjid-bab-salam-brooklyn-new-york-united-states,48,63,,,1834.0,census_geocoder
2834,Albanian American Islamic Community,1325 Albemarie Rd,Brooklyn,NY,11226,40.646604153453,-73.966786516288,,1972,,https://www.nytimes.com/1972/11/13/archives/albanians-open-a-mosque-here.html,100,90,,,919.0,census_geocoder
2835,Baitul Kareem,380 E 18th st  Apt. Lc,Brooklyn,NY,11226,40.642137689147,-73.961768246679,,1998,,https://www.charitynavigator.org/ein/113434016,99,90,,,972.0,census_geocoder
2836,Belal Masjid,1404 Newkirk ave,Brooklyn,NY,11226,40.63513610628,-73.963991358872,,1994,,https://bilalmasjid.net/history,97,91,,,984.0,census_geocoder
2837,Ditmas Park Mosque,2332 Newkirk Avenue,Brooklyn,NY,11226,40.639212389487,-73.955517601971,,,,,100,93,,,3852.0,census_geocoder
2838,Futa Islamic Center,2020 Cortelyou Road,Brooklyn,NY,11226,40.643392982482,-73.959450595465,,,,,100,91,,,3849.0,census_geocoder
2839,Al Madina Mosque islamic Center of Brooklyn,1781 East 16th Street,Brooklyn,NY,11229,40.606400679983,-73.956813737013,,,,,83,96,,,3817.0,census_geocoder
2840,Masjid Abou Bakr,115 Foster Avenue,New York,NY,11230,40.627745309245,-73.976366247212,,2008,,https://propertyinformationportal.nyc.gov/parcels/parcel/3054260069,89,90,,,525.0,census_geocoder
2841,Muslim Community Center,1089 Coney Island ave,Brooklyn,NY,11230,40.631045769485,-73.966376296396,,1982,,"https://www.causeiq.com/organizations/muslim-community-center-of-brooklyn,112708693/",93,90,,,2084.0,census_geocoder
2842,Quba Institute of New York,702 Foster Avenue,Brooklyn,NY,11230,40.630590322561,-73.97017876556,,,,,92,82,,,3768.0,census_geocoder
2843,Quba Mosque,1323 Foster Avenue,Brooklyn,NY,11230,40.633403989393,-73.964618955065,,,,,97,90,,,3767.0,census_geocoder
2844,Masjid El-ijsan,65 Utica Avenue,New York,NY,11233,40.676867,-73.9300945,,2000,,https://prayersconnect.com/mosques/84044317-masjid-al-ihsan-brooklyn-new-york-united-states,95,91,,,518.0,nominatim
2845,Masjid Iqaamatiddeen,268 Malcolm X,Brooklyn,NY,11233,40.683972743699,-73.929347307746,,1980,,,99,93,,,1894.0,census_geocoder
2846,Aisha Islamic Center Masjid&Girls Madrasa,1785 Schenectady Avenue,Brooklyn,NY,11234,40.628892383748,-73.930794539117,,,,,83,83,,,3829.0,census_geocoder
2847,Masjid Aisha Mill Basin Islamic Center,5804 Avenue N,Brooklyn,NY,11234,40.619371930602,-73.919085317419,,,,,71,,,,3835.0,census_geocoder
2848,Siddique E Akbar Islamic Center,2366 Flatbush Ave,Brooklyn,NY,11234,40.612423435848,-73.925550321642,,2017,,https://prayersconnect.com/mosques/840245761-siddique-e-akbar-islamic-center-brooklyn-new-york-united-states,78,92,,,2689.0,census_geocoder
2849,Al - Mustafa Islamic Center,735 Ocean View Ave,New York,NY,11235,40.580036758835,-73.96028214157,,2013,,https://propertyinformationportal.nyc.gov/parcels/parcel/3086680848,87,98,,,526.0,census_geocoder
2850,Al-Mahdi Foundation,,New York,NY,11235,40.7127281,-74.0060152,,2001,,http://www.almahdifoundation.org/about-us/,100,100,,,246.0,nominatim
2851,American Turkish Eyup Sultan Cultural Center,2812 Brighton 3Rd st,Brooklyn,NY,11235,40.582763631089,-73.965550938955,,2010,,https://www.wnyc.org/story/98470-big-mosque-goes-brooklyn-and-no-one-objects/,91,92,,,218.0,census_geocoder
2852,Diyanet Mosque of Brooklyn Eyup Sultan,2812 Brighton 3rd Street,Brooklyn,NY,11235,40.582763631089,-73.965550938955,,,,,91,92,,,3851.0,census_geocoder
2853,Masjid Al-Huda Mosque,3043 Voorhies Avenue,Brooklyn,NY,11235,40.587824070362,-73.935217283978,,,,,64,81,,,3834.0,census_geocoder
2854,Masjid Arqam,651 Banner ave,Brooklyn,NY,11235,40.583267404472,-73.961949921157,,1991,,https://propertyinformationportal.nyc.gov/parcels/parcel/3072450029,85,93,,,1806.0,census_geocoder
2855,Masjid Omar,230 Neptune ave,Brooklyn,NY,11235,40.581511990277,-73.961760924463,,-,No Basic Information,,88,97,,,1938.0,census_geocoder
2856,Masjid Umm-al-qura,632 Coney Island Ave,New York,NY,11235,40.6419172,-73.9698238,,2001,,https://propertyinformationportal.nyc.gov/parcels/parcel/3053610034,98,94,,,412.0,nominatim
2857,Sheepshead Bay Muslim Center,2812 Voorhies Avenue,Brooklyn,NY,11235,40.587055175918,-73.941149647974,,2015,,https://www.masshb.org/mas-sheepshead-bay,74,89,,,335.0,census_geocoder
2858,Universal Foundation,2727 Coney Island ave,Brooklyn,NY,11235,40.59012677865,-73.96049250476,,-,No Basic Information,,87,94,,,2221.0,census_geocoder
2859,Masjid Khaled Ibn Al-Waleed,959 E 85th st,Brooklyn,NY,11236,40.636613341387,-73.90812569839,,1998,,https://www.bizprofile.net/ny/brooklyn/canarsie-islamic-services-inc,79,79,,,1905.0,census_geocoder
2860,Baitush Sharaf Jame Masjid,769 Bergen st,Brooklyn,NY,11238,40.678348345601,-73.962820175186,,2006,,https://prayersconnect.com/mosques/84062350-baitush-sharf-jame-masjid-islamic-center-brooklyn-new-york-united-states,100,97,,,979.0,census_geocoder
2861,Baitush Sharf Jame Masjid & Islamic Center,769 Bergen Street,New York,NY,11238,40.678348345601,-73.962820175186,,2006,,https://prayersconnect.com/mosques/84062350-baitush-sharf-jame-masjid-islamic-center-brooklyn-new-york-united-states,100,96,,,535.0,census_geocoder
2862,Masjid Al-Ihsaan,977 Fulton Street,Brooklyn,NY,11238,40.682913151015,-73.963877979815,,,,,100,97,,,3833.0,census_geocoder
2863,Masjid-Al-Ihsaan,977 Fulton S,Brooklyn,NY,11238,40.682913151015,-73.963877979815,,1996,,https://www.maibk.org/about,100,97,,,432.0,census_geocoder
2864,Nigerian American Muslim Integrated Community,801 Dean Street,New York,NY,11238,40.679238228119,-73.963128234206,,1999,,https://www.brownstoner.com/architecture/building-of-the-day-801-dean-street/,100,98,,,534.0,census_geocoder
2865,Sawiatu Sofuwuatu L Islam,435 Franklin ave,Brooklyn,NY,11238,40.684020455284,-73.956170767169,,1980,,https://www.yelp.com/biz/sawiatu-sofuwuatu-l-islam-brooklyn,100,95,,,2158.0,census_geocoder
2866,Hazrat Abu Bakr Siddique,141-47 33rd Ave,Flushing,NY,11354,40.768137555624,-73.825387167463,,1986,,https://en.wikipedia.org/wiki/Hazrati_Abu_Bakr_Siddique_Mosque,94,93,,,2536.0,census_geocoder
2867,Masjid Hazrat I Abubakr,34-36 Union st,Flushing,NY,11354,40.766002038348,-73.827791973137,,1986,,https://prayersconnect.com/mosques/84086863-masjid-hazrat-abu-bakr-siddique-flushing-new-york-united-states,100,99,,,1877.0,census_geocoder
2868,Masjid Jamal Uddin Afghani,149 Cherry Ave,Flushing,NY,11355,40.7589371,-73.8116025,,1975,,https://muslimcenter.org/about-us/,79,88,,,1900.0,nominatim
2869,Masjid Syed JamalUddin,Beech Avenue,Queens,NY,11355,40.7587775,-73.814191,,,,,83,90,,,3608.0,nominatim
2870,Muslim Center of New York,137-58 Geranium Avenue,Flushing,NY,11355,40.750738810012,-73.820931720786,,1975,,https://muslimcenter.org/about-us/,81,91,,,393.0,census_geocoder
2871,College Point Masjid,121-14 15th Avenue,Queens,NY,11356,40.784114892948,-73.846550121542,,,,,54,76,,,3644.0,census_geocoder
2872,Dar Al Taqwa Islamic Center,40-20 159th Street,Queens,NY,11358,40.762976696918,-73.806529353857,,,,,68,79,,,3642.0,census_geocoder
2873,Al-Saaliheen Mosque,72-55 Kissena Boulevard,Queens,NY,11367,40.72919553265,-73.815116756761,,,,,82,92,,,3874.0,census_geocoder
2874,Masjid Saaliheen,7255 Kessena Blvd,Flushing,NY,11367,40.72919553265,-73.815116756761,,-,Information Without Year,https://prayersconnect.com/mosques/84020087-masjid-al-saaliheen-flushing-new-york-united-states,72,90,,,1952.0,census_geocoder
2875,Majid Fatima,57-18 37th Avenue,New York,NY,11368,40.749979,-73.9046312,,1987,,https://www.masjidfatima.org/1298-2/,86,77,,,342.0,nominatim
2876,Masjid Alfalah,42-12 National Street,New York,NY,11368,40.74741610525,-73.86361087897,,1982,,https://publishing.cdlib.org/ucpressebooks/view?docId=ft2s2004p0&chunk.id=d0e10152&toc.depth=100&toc.id=s1.11.65&brand=ucpress;query=france,89,97,,,549.0,census_geocoder
2877,Masjid Nur Allah,97-05 Horace Harding Expressway,Queens,NY,11368,40.734923029237,-73.862624121703,,,,,100,97,,,3611.0,census_geocoder
2878,Masjid Nur-Id Deen,105-01 Northern Blvd.,Corona,NY,11368,40.757784938934,-73.863642506714,,-,Information Without Year,https://islamicvalley.com/mosque/L5r/masjid-nur-id-deen,77,74,,,1933.0,census_geocoder
2879,The Islamic Center,101-03 43Rd st,Corona,NY,11368,40.746985306562,-73.863647992497,,1988,,https://www.pressenterprise.com/2013/11/27/corona-new-mosque-taking-shape/,89,91,,,2199.0,census_geocoder
2880,Al Madni Masjid,24-04 89th Street,East Elmhurst,NY,11369,40.767420717412,-73.88086445212,,2016,,https://propertyinformationportal.nyc.gov/parcels/parcel/4011000102,75,91,,,545.0,census_geocoder
2881,Baitul Hamd,31-39 94th st,East Elmhurst,NY,11369,40.75985743445,-73.874665874641,,1997,,https://baitulhamd.org/who-we-are/,89,96,,,971.0,census_geocoder
2882,East Elmhurst Jame-E-Masjid,95-09 24th Avenue,Queens,NY,11369,40.76623720606,-73.874676613017,,,,,82,96,,,3639.0,census_geocoder
2883,Baitun Noor Mosque,25-58 84th Street,Queens,NY,11370,40.762166745513,-73.884748339285,,,,,67,78,,,3647.0,census_geocoder
2884,Masjid Abu Huraira,78-04 31 St ave,East Elmhurst,NY,11370,40.758795382838,-73.889633902494,,2001,,https://propertyinformationportal.nyc.gov/parcels/parcel/4011490001,100,98,,,1578.0,census_geocoder
2885,Masjid-E-Khazra,23-38 81 st,East Elmhurst,NY,11370,40.765828476726,-73.888261966467,,-,Information Without Year,https://www.facebook.com/Masjidkhazra/,100,96,,,2178.0,census_geocoder
2886,An-Noor Masjid,70-13 37 Avenue,Queens,NY,11372,40.748663979117,-73.895169460122,,,,,100,94,,,3887.0,census_geocoder
2887,Darul Hidayah,37-18 73Rd st,Jackson Heights,NY,11372,40.748499002077,-73.892721853575,,2002,,https://www.propertyshark.com/mason/Property/399961/37-18-73-St-Queens-NY-11372/,80,83,,,1068.0,census_geocoder
2888,Hedaya Masjid,37-18 73rd Street,Queens,NY,11372,40.748499002077,-73.892721853575,,,,,60,90,,,3641.0,census_geocoder
2889,Islamic Center of Jackson Heights,71-20 Roosevelt ave,Jackson Heights,NY,11372,,,,2003,,https://propertyinformationportal.nyc.gov/parcels/parcel/4013030007,100,98,,,114.0,
2890,Masjid Al Abrar,70-50 Broadway,Queens,NY,11372,40.747948922377,-73.894560111411,,,,,98,93,,,3653.0,census_geocoder
2891,Masjid Dar-ul Furqan,35-06 72nd St,New York,NY,11372,40.750630067668,-73.894019929794,,1999,,"https://www.causeiq.com/organizations/darul-furqan,113400936/",64,78,,,313.0,census_geocoder
2892,Muna Center of Jackson Heights,35-35 71st Street,Queens,NY,11372,40.749587093234,-73.894626521244,,,,,72,73,,,3613.0,census_geocoder
2893,An-Noor Cultural Center,74-30 Woodside Avenue,Queens,NY,11373,40.743216343675,-73.889702993551,,,,,100,,,,3873.0,census_geocoder
2894,Elmhurst Muslim Center INC,42-12 79th Street,Queens,NY,11373,40.743419440032,-73.886217153212,,,,,61,,,,3638.0,census_geocoder
2895,Masjid al Taufiq,41-02 Forley Street,New York,NY,11373,40.746930839851,-73.879285001057,,1992,,https://prayersconnect.com/mosques/84051885-masjid-al-taufiq-elmhurst-new-york-united-states,100,99,,,289.0,census_geocoder
2896,Shia Ithna Ashari Jamaat of Ny,48-67 58th st,Woodside,NY,11373,40.737174722435,-73.908825185427,,1976,,https://www.guidestar.org/profile/51-0186873,86,57,,,2166.0,census_geocoder
2897,Ahlul Bayt Mission Masjid,41-02 55th Street,Flushing,NY,11377,40.745350967765,-73.909567890684,,2011,,https://propertyinformationportal.nyc.gov/parcels/parcel/4013170063,100,,,,544.0,census_geocoder
2898,Baitul Ateeq Masjid and Muslim Center,32-23 61st Street,Queens,NY,11377,40.755516723062,-73.901438943062,,,,,65,84,,,3707.0,census_geocoder
2899,Darul Quran WasSunnah (DQWS),37-04 58th Street,Queens,NY,11377,40.750060657203,-73.904462259342,,,,,100,94,,,3649.0,census_geocoder
2900,Islamic Institute of New York,55-11 Queens Blvd,Flushing,NY,11377,40.742394105142,-73.909951290035,,1996,,https://www.investigativeproject.org/documents/misc/797.pdf,95,94,,,1142.0,census_geocoder
2901,Jami Masjid Hanifa,32-13 57th Street,Woodside,NY,11377,40.755441515872,-73.904213352394,,-,,,99,87,,,340.0,census_geocoder
2902,Jamia Masjid Hanafia & Muslim,32-13 57th st,Woodside,NY,11377,40.755441515872,-73.904213352394,,1999,,https://www.guidestar.org/profile/11-3401343,99,87,,,1508.0,census_geocoder
2903,Madani Masjid,41-51 69th st,Flushing,NY,11377,40.743122937547,-73.895646454876,,2004,,https://prayersconnect.com/mosques/84025230-madani-masjid-woodside-new-york-united-states,79,,,,1531.0,census_geocoder
2904,Madani Mosque Inc,41-51 69th Street,Queens,NY,11377,40.743122937547,-73.895646454876,,,,,79,,,,3657.0,census_geocoder
2905,Masjid Al-Fatima,57-16 37th ave,Woodside,NY,11377,40.750286412233,-73.905053076196,,1987,,https://www.masjidfatima.org/,100,92,,,1661.0,census_geocoder
2906,Masjid as Saadiq,33-34 69th Street,Queens,NY,11377,40.753621549886,-73.897453043996,,,,,100,92,,,3604.0,census_geocoder
2907,Masjid Nurul Amir Mu’min,62-17 Northern Boulevard,Queens,NY,11377,40.754063290521,-73.90014383014,,,,,97,88,,,3610.0,census_geocoder
2908,Sunnyside Woodside Jame Masjid,45-18 48th Avenue,New York,NY,11377,40.73933677932,-73.920189133427,,2005,,https://propertyinformationportal.nyc.gov/parcels/parcel/4022890033,92,95,,,392.0,census_geocoder
2909,Woodside Baitul Jannah Masjid,62-01 39th Avenue,Woodside,NY,11377,40.746942970878,-73.901508420947,,2010,,https://propertyinformationportal.nyc.gov/parcels/parcel/4012170010,100,97,,,427.0,census_geocoder
2910,Albanian American Islamic Center of Queens,72-24 Myrtle Ave,Glendale,NY,11385,40.702175054477,-73.877193851536,,2000,,https://aaic-of-queens.com/wp/about-us/,58,90,,,7.0,census_geocoder
2911,Masjid and Islamic Center of Ridgewood,10-19 Wyckoff Ave,Queens,NY,11385,40.69611537101,-73.904881876911,,2019,,https://prayersconnect.com/mosques/84098940-masjid-and-islamic-center-of-ridgewood-ridgewood-new-york-united-states,97,96,,,2535.0,census_geocoder
2912,Daarul Hikmah New York,111-08 Farmers Boulevard,Queens,NY,11412,40.70174949862,-73.765545326267,,,,,67,82,,,3643.0,census_geocoder
2913,Hollis Muslim Center,109-01 205th Place,New York,NY,11412,40.708565008476,-73.75264053394,,2023,,https://propertyinformationportal.nyc.gov/parcels/parcel/4109120001,72,84,,,524.0,census_geocoder
2914,Hollis Muslim Community Center (HMCC),200-21 Hollis Avenue,Queens,NY,11412,40.706229790164,-73.757266391984,,,,,49,66,,,3650.0,census_geocoder
2915,"Dawoodi Bohra Al Masjid Al Hakimi, Anjuman-e-Badri",131-24 Springfield Boulevard,Queens,NY,11413,40.683648494257,-73.751314291747,,,,,56,,,,3636.0,census_geocoder
2916,Masjid Quadria,84-20 129th Street,Queens,NY,11415,40.706405709459,-73.824021267972,,,,,79,87,,,3609.0,census_geocoder
2917,Fultoli Jame masjid & islamic institute ozone park inc.,81-17 101st Avenue,Queens,NY,11416,40.680989556136,-73.857746604062,,,,,100,84,,,3637.0,census_geocoder
2918,Masjid Al Jama,94-17 102nd Street,New York,NY,11416,40.689110054978,-73.842335450882,,2016,,https://wwwaljamamasjid.org/,88,99,,,547.0,census_geocoder
2919,Masjid Al Tafa,94-15 102nd Street,Queens,NY,11416,40.689120358056,-73.84234060242,,,,,77,90,,,3652.0,census_geocoder
2920,Ozone Park Jame Masjid,91-03 101st Avenue,Queens,NY,11416,40.683372932463,-73.849363179236,,,,,83,84,,,3603.0,census_geocoder
2921,Al Fawz Islamic School of America,77-17 Sutter Avenue,Queens,NY,11417,40.674864,-73.8586833,,,,,72,84,,,3883.0,nominatim
2922,Al-Furqan Jame Mosque Inc.,76-18 Glenmore Avenue,Queens,NY,11417,40.677904267994,-73.86086449143,,,,,71,93,,,3879.0,census_geocoder
2923,Ibrahim Masjid & Community Center,95-04 103rd Avenue,Queens,NY,11417,40.682378549817,-73.844415734914,,,,,82,90,,,3668.0,census_geocoder
2924,MUNA Center of New York,80-50 Pitkin Avenue,Queens,NY,11417,40.675548751836,-73.85396934249,,,,,78,,,,3658.0,census_geocoder
2925,Ozone Park Islamic Center,104-23 103rd Street,Queens,NY,11417,40.681193676378,-73.837480590605,,,,,74,92,,,3599.0,census_geocoder
2926,Ummah Academy,84-16 Pitkin Avenue,Queens,NY,11417,40.675182151757,-73.852290053306,,,,,75,86,,,3634.0,census_geocoder
2927,Al-Quba Mosque,121-10 Hillside Avenue,Queens,NY,11418,40.701879164966,-73.829342538161,,,,,75,77,,,3875.0,census_geocoder
2928,Baitul Gaffar Mosque,86-81 102nd Street,Queens,NY,11418,40.694657021463,-73.845074402136,,,,,79,99,,,3648.0,census_geocoder
2929,Islamic Unity & Cultural Center,114-11 91st Avenue,Queens,NY,11418,40.694765116141,-73.832941835029,,,,,85,77,,,3664.0,census_geocoder
2930,Masjid Al Hera,125-05 Jamaica ave,Richmond Hill,NY,11418,40.701033557478,-73.825588739691,,1988,,https://propertyinformationportal.nyc.gov/parcels/parcel/4092790091,82,92,,,1597.0,census_geocoder
2931,Masjid Tawhid (Darut Tawhid),124-07 Jamaica ave,Richmond Hill,NY,11418,40.70090216369,-73.826249868389,,2015,,"https://www.causeiq.com/organizations/richmond-hill-jame-masjid-and-islamic-center,465300697/",83,91,,,1977.0,census_geocoder
2932,Richmond Hill Jame Masjid & Islamic Center,125-09 Jamaica Avenue,Queens,NY,11418,40.701041591188,-73.825557840806,,,,,100,90,,,3602.0,census_geocoder
2933,Central Islamic Center of Ny,121-22 103Rd ave,South Richmond Hill,NY,11419,40.688565931465,-73.822631649508,,1987,,https://www.icc-ny.us/about-us/,84,92,,,1023.0,census_geocoder
2934,Masjid Al-Abidin,104-14 127th st,Jamaica,NY,11419,40.688258115306,-73.817770396969,,1977,,https://www.facebook.com/groups/Ozoneparkvoice/posts/25438574285742762/,66,82,,,1636.0,census_geocoder
2935,Sunnat-ul-Jamaat Mosque,112-03 101st Avenue,Queens,NY,11419,40.68836758681,-73.831795055613,,,,,83,82,,,3614.0,census_geocoder
2936,As-Sidiq Muslim Oganization,117-25 133 st,Jamaica,NY,11420,40.676124474249,-73.805929499586,,2004,,https://masjid.assiddiq.org/about/history,100,91,,,956.0,census_geocoder
2937,Islamic center for community services,133-12 Rockaway Boulevard,Queens,NY,11420,40.674636766569,-73.805242467759,,,,,65,78,,,3663.0,census_geocoder
2938,Masjid Ahlul Qur'aan Wa Sunnah,135-11 125th Street,New York,NY,11420,40.669145879708,-73.814454625073,,1995,,https://www.maqws.org/maqws-history/,100,94,,,548.0,census_geocoder
2939,Masjid Ahlul Quran Wa Sunnah,109-06 Van Wyck Expy,South Ozone Park,NY,11420,40.686754816215,-73.808233514915,,2013,,https://directory.alfafaa.com/listing/masjid-on-the-van-wyck-of-new-york-inc-ala-ahlus-sunnah-wal-jamaah/,61,70,,,2531.0,census_geocoder
2940,Masjid on the Van Wyck of New York,109-06 Van Wyck Expressway,Queens,NY,11420,40.686754816215,-73.808233514915,,,,,100,91,,,3606.0,census_geocoder
2941,Jamiah Islamic Center,89-50 Woodhaven Boulevard,Queens,NY,11421,40.690508381145,-73.850530315088,,,,,77,,,,3669.0,census_geocoder
2942,Woodhaven Jame Masjid,86-50 78th st,Woodhaven,NY,11421,40.692063320608,-73.864274844106,,2000,,https://prayersconnect.com/mosques/84016034-woodhaven-jame-masjid-woodhaven-new-york-united-states,76,86,,,2237.0,census_geocoder
2943,Woodhaven Jame Mosque,75-10 Jamaica Avenue,Queens,NY,11421,40.691389964988,-73.866343499997,,,,,73,,,,3633.0,census_geocoder
2944,Ahmadiyya Movement In Islam,188-15 McLaughlin Avenue,Queens,NY,11423,40.721750867815,-73.77579874863,,,,,66,,,,3884.0,census_geocoder
2945,Al Misbaah Cultural Center,195-55 Woodhull Avenue,Queens,NY,11423,40.712417261928,-73.764190953601,,,,,82,80,,,3882.0,census_geocoder
2946,Al-Muneer Community Center,195-04 Hillside Avenue,Hollis,NY,11423,40.717211664028,-73.767369949896,,2004,,"https://kitabummuneer.com/about/al-muneer-foundation-inc/#:~:text=In%202004%20the%20keystone%20for,Muneer%20Ahmed%20Akhoon%20(Damatbarakatuhum).",95,83,,,521.0,census_geocoder
2947,Baituz-Zafar,188-15 Mclaughlin ave,Holliswood,NY,11423,40.721750867815,-73.77579874863,,2008,,https://ahmadiyyamosque.blogspot.com/2015/01/bait-uz-zafar-mosque-queens-new-york-usa.html,72,11,,,15.0,census_geocoder
2948,Masjid Eesa ibn Maryam,90-20 191st Street,Queens,NY,11423,40.713394194193,-73.769462913703,,,,,100,,,,3635.0,census_geocoder
2949,"MUNA Center of Jamaica, Ar-Rayyan Mosque",196-43 Foothill Avenue,Queens,NY,11423,40.718259920918,-73.767027548395,,,,,82,72,,,3659.0,census_geocoder
2950,Al Welayat Islamic Center,241-21 Braddock Avenue,Queens,NY,11426,40.726379488438,-73.727060861245,,,,,72,84,,,3881.0,census_geocoder
2951,Bellerose Masjid,80-35 237th Street,Queens,NY,11427,40.737663263226,-73.734688402714,,,,,70,80,,,3646.0,census_geocoder
2952,Islamic Foundation of New York (IFNY),80-35 237th St,Queens Village,NY,11427,40.737663263226,-73.734688402714,,2017,,https://www.ifnymasjid.org/,68,63,,,2534.0,census_geocoder
2953,Masjid bilal,86-45 231st Street,Queens,NY,11427,40.732239112745,-73.738514837225,,,,,62,41,,,3607.0,census_geocoder
2954,Ahmadiyya Anjuman Ishaat Islam,216-11 90th Avenue,Queens,NY,11428,40.724662709973,-73.745126216605,,,,,100,78,,,3885.0,census_geocoder
2955,Masjid Ar-Rahman,9442 212th st,Jamaica,NY,11428,40.716415187206,-73.746961311762,,1998,,https://propertyinformationportal.nyc.gov/parcels/parcel/4105460058,77,,,,1802.0,census_geocoder
2956,Masjidul Allah,216-11 90th Avenue,New York,NY,11428,40.724662709973,-73.745126216605,,2013,,https://www.phillytrib.com/lifestyles/religion/masjidullah-provides-faith-based-guidance/article_9f07425a-ceed-5427-8d06-bd2b99bd6d2d.html & https://www.finalcall.com/artman/publish/National_News_2/article_101558.shtml,100,78,,,321.0,census_geocoder
2957,QICC- Queens Islamic Community Center,218-39 93rd Avenue,Queens,NY,11428,40.721952236649,-73.738521011501,,,,,76,84,,,3601.0,census_geocoder
2958,Masjid Ar Rahman,13 & 15 West 29 Street,New York,NY,11429,40.745745327926,-73.9877461124,,1992,,https://masjidarrahmannyc.org/about-us/,100,100,,,523.0,census_geocoder
2959,Al-Falah Dawah Center,179-05 Jamaica Avenue,Queens,NY,11432,40.70818611361,-73.782082899403,,,,,82,91,,,3880.0,census_geocoder
2960,"An-Noor Institute, Muslim Youth & Community Center",91-12 175th Street,Queens,NY,11432,40.709018987039,-73.786287381194,,,,,100,95,,,3872.0,census_geocoder
2961,Arafa Islamic Center,181-12 Hillside Avenue,Jamaica,NY,11432,40.713132543549,-73.781559271092,,2006,,https://aicnyc.net/,73,84,,,408.0,census_geocoder
2962,Ar-Rahman Community Center,87-43 168th Place,Queens,NY,11432,40.71111963351,-73.794201233095,,,,,100,98,,,3870.0,census_geocoder
2963,Darul Uloom,150-15 Hillside Ave,Jamaica,NY,11432,40.706784604296,-73.806268134374,,1997,,https://schoolduny.org,100,90,,,1072.0,census_geocoder
2964,Fultoli Islamic Center,84-51 Parsons Boulevard,Jamaica,NY,11432,40.712610704506,-73.806504271543,,2022,,https://propertyinformationportal.nyc.gov/parcels/parcel/4097820013,100,88,,,520.0,census_geocoder
2965,Icna Al-Markaz Masjid,166-26 89th Avenue,Jamaica,NY,11432,40.70816515345,-73.794968083727,,1968,,https://icna.org/about/,100,97,,,522.0,census_geocoder
2966,Islamic Foundation Inc,88-29 161st Street,Queens,NY,11432,40.707680025975,-73.80068013041,,,,,70,63,,,3667.0,census_geocoder
2967,Jamaica Muslim Center,85-37 168th Street,Jamaica,NY,11432,40.712900514827,-73.796101928867,,1985,,https://jamaicamuslimcenter.org/historic-dates/,,,,,519.0,census_geocoder
2968,Jamiatul Uloom New York Inc.,165-23 Hillside Avenue,Queens,NY,11432,40.709353542543,-73.797229068712,,,,,68,,,,3662.0,census_geocoder
2969,Markazul Hikmah,181-14 Hillside Avenue,Queens,NY,11432,40.713137711138,-73.781537874046,,,,,61,90,,,3656.0,census_geocoder
2970,Masjid Al-Mamoor/Jamica Muslim Center,85-37 168th st,Jamaica,NY,11432,40.712900514827,-73.796101928867,,1976,,"https://en.wikipedia.org/wiki/List_of_mosques_in_the_United_States#:~:text=This%20is%20a%20listing%20of%20notable%20mosques,of%20worship%20that%20do%20not%20qualify%20as",100,91,,,1715.0,census_geocoder
2971,Masjid Mission Center,87-26 175th Street,Jamaica,NY,11432,40.710910777209,-73.787432887249,,2012,,https://masjidmissioncenter.org/about-us,100,96,,,286.0,census_geocoder
2972,Masjid Umar Ben Abdel Aziz,88-29 161th st,Jamaica,NY,11432,40.707680025975,-73.80068013041,,1992,,https://prayersconnect.com/mosques/84038786-masjid-omer-ben-abdel-aziz-queens-new-york-united-states,78,89,,,1986.0,census_geocoder
2973,Thanavi Madani Center (TMC),168-27 84th Avenue,Queens,NY,11432,40.716108919093,-73.79660009337,,,,,100,71,,,3615.0,census_geocoder
2974,Al-Insan Mosque,110-26 164th Street,Queens,NY,11433,40.693408862491,-73.787953472719,,,,,70,62,,,3876.0,census_geocoder
2975,Darul Wahid Masjid,106-42 Ruscoe Street,Queens,NY,11433,40.702176179002,-73.780341812812,,,,,100,73,,,3640.0,census_geocoder
2976,Masjid Al Abbasi Inc,110-16 156th Street,Queens,NY,11433,40.690915562108,-73.793854981516,,,,,91,,,,3654.0,census_geocoder
2977,Masjid- MUNA Center of South Jamaica,164-38 108th Avenue,Queens,NY,11433,40.697428808711,-73.789060115903,,,,,96,85,,,3605.0,census_geocoder
2978,Reyazul Jannah Islamic Center Inc.,107-23 157th Street,Queens,NY,11433,40.695989274767,-73.796313714041,,,,,100,78,,,3600.0,census_geocoder
2979,Al-Ansar Foundation,161-34 Foch Blvd,Jamaica,NY,11434,40.683866056471,-73.78404827504,,2012,,https://prayersconnect.com/mosques/84096081-masjid-al-ansar-queens-new-york-united-states,76,82,,,872.0,census_geocoder
2980,Masjid Abubakar & Community Center,116-45 Sutphin Boulevard,Queens,NY,11434,40.681310301092,-73.792256327047,,,,,100,96,,,3655.0,census_geocoder
2981,Masjid Al-Hamdililah,121-03 Sutphin Boulevard,New York,NY,11434,40.67728059448,-73.790852892747,,1996,,"https://www.qchron.com/editions/eastern/street-festival-uplifts-sutphin-neighborhood/article_f523f13c-6f7a-5036-bfc5-dcf5ec5df5f5.html#:~:text=When%20Charles%20Bilal%2C%20the%20imam,mosque%20provides%20for%20the%20neighborhood.",62,78,,,347.0,census_geocoder
2982,Springfield Gardens Muslim Center Inc.,176-27 134th Avenue,Queens,NY,11434,40.67588155825,-73.764505784852,,,,,80,65,,,3612.0,census_geocoder
2983,Baitul Ahad Islamic Center INC,107-58 Sutphin Boulevard,Queens,NY,11435,40.693232715262,-73.799722793474,,,,,100,84,,,3764.0,census_geocoder
2984,Darus Salaam Mosque New York Inc,148-16 87th Rd,Jamaica,NY,11435,40.706757371283,-73.808883767449,,2008,,https://prayersconnect.com/mosques/84079088-darus-salaam-masjid-jamaica-new-york-united-states,100,95,,,2537.0,census_geocoder
2985,Imam Al-Khoei Foundation,89-89 Van Wyck Expressway,Jamaica,NY,11435,40.700908316534,-73.815146663022,,1992,,https://www.archnet.org/sites/14730,62,86,,,407.0,census_geocoder
2986,Islamic Learning Foundation,87-91 144th Street,Queens,NY,11435,40.704610077153,-73.81175985278,,,,,100,97,,,3666.0,census_geocoder
2987,Masjid Al-koaba,107-06 Inwood Street,Queens,NY,11435,40.690898014122,-73.804627385513,,,,,88,71,,,3651.0,census_geocoder
2988,World Islamic Mission,144-03 S rd,Jamaica,NY,11435,,,,1998,,https://www.guidestar.org/profile/11-3405476,100,79,,,2239.0,
2989,Masjid Al-Hamdu-Li-Lilah,121-03 Sulphin Blvd.,Jamaica,NY,11436,40.67728059448,-73.790852892747,,1997,,https://mbqny.com/,62,78,,,1675.0,census_geocoder
2990,North Shore Islamic Center,820 Willis Avenue,Albertson,NY,11507,40.766215991709,-73.647239077159,,2015,,http://nsicny.org/about-us/,,81,,,383.0,census_geocoder
2991,Al-Rasheed Mosque,1850 Grand Avenue,Baldwin,NY,11510,40.665441394168,-73.607846564406,,,,,40,82,,,3825.0,census_geocoder
2992,Masjid At-Tasfiyah,93 Oak ave,Hempstead,NY,11550,40.698159621392,-73.615195735442,,-,Information Without Year,https://www.yelp.com/biz/masjidu-at-asfiyah-hempstead,43,78,,,1829.0,census_geocoder
2993,Darut Tazkiya Mosque,705 Nassau Road,Uniondale,NY,11553,40.692724636579,-73.601641255425,,,,,41,57,,,3679.0,census_geocoder
2994,Iqra Cultural Center Inc,400A Old Westbury Road,East Meadow,NY,11554,40.732948157907,-73.544689807794,,,,,25,27,,,3904.0,census_geocoder
2995,Long Island Muslim Society,475 E Meadow ave,East Meadow,NY,11554,40.712579359268,-73.557559262764,,1989,,https://limsinfo.org/lims-about/,26,65,,,1530.0,census_geocoder
2996,Masjid Gulzaremadina,2380 Hempstead Turnpike,East Meadow,NY,11554,40.724764830257,-73.547901126458,,,,,35,83,,,3903.0,census_geocoder
2997,Islamic Center Of Five Towns Masjid Hewlett,437 Hamilton Avenue,Hewlett,NY,11557,40.642340612689,-73.706175162081,,2013,,"https://www.liherald.com/stories/growing-muslim-congregation-worships-in-hewlett,93859",,80,,,673.0,census_geocoder
2998,Ta Ha Masjid,195 Nassau rd,Roosevelt,NY,11575,40.6772729,-73.5888993,,1973,,https://www.newsday.com/long-island/nassau/ta-ha-masjid-mosque-50-years-old-roosevelt-exu9v0vc,,78,,,2183.0,nominatim
2999,Shelter Rock Islamic Center,2 Shelter Rock Road,Roslyn,NY,11576,40.763768692566,-73.670041226112,,2021,,https://shelterrockislamiccenter.com/about-us/,,16,,,716.0,census_geocoder
3000,Masjid Hamza,202 Stuart ave,Valley Stream,NY,11580,40.686133704791,-73.71645658369,,1990,,https://grokipedia.com/page/masjid_hamza,,67,,,1872.0,census_geocoder
3001,Muslim Hands USA,585 West Merrick Road,Valley Stream,NY,11580,40.668872052256,-73.713653696498,,,,,52,66,,,3716.0,census_geocoder
3002,Quran Focus Academy,123 North Central Avenue,Valley Stream,NY,11580,40.67098279174,-73.708540831969,,,,,53,82,,,3715.0,census_geocoder
3003,Islamic Center of Long Island,835 Brush Hollow Rd,Westbury,NY,11590,40.765775854077,-73.570106050057,,1991,,https://www.archnet.org/sites/10608,,51,,,59.0,census_geocoder
3004,Islamic Society,21-18 Cornaga Avenue,Queens,NY,11691,40.602287705531,-73.754397502096,,,,,75,90,,,3665.0,census_geocoder
3005,MASJID SALAHUDEEN,21-28 Cornaga Avenue,Queens,NY,11691,40.602283757107,-73.754491869492,,,,,76,91,,,3660.0,census_geocoder
3006,Rockaway Islamic Center,53-08 Rockaway Beach Boulevard,New York,NY,11691,40.592732722624,-73.783536404668,,2017,,https://propertyinformationportal.nyc.gov/parcels/parcel/4158900016,83,,,,550.0,census_geocoder
3007,"Ahmadiyya Muslim Community - Bait ul Huda, Long Island",64 Union Avenue,Amityville,NY,11701,40.677569022321,-73.414756246217,,,,,,83,,,3827.0,census_geocoder
3008,Masjid Dar Al Quran,1514 E 3rd Ave,Bay Shore,NY,11706,40.752246279843,-73.256457444495,,2010,,https://masjiddarulquran.com/origin-of-mdq/,,38,,,1848.0,census_geocoder
3009,Jaam'e Masjid Bellmore,1425 Newbridge Road,Bellmore,NY,11710,40.685444812906,-73.540532138752,,2001,,https://masjidbellmore.com/history/,23,76,,,480.0,census_geocoder
3010,Masjid Al Mujahideen,1719 Montauk Hwy,Bellport,NY,11713,40.774166481143,-72.94362821856,,-,Information Without Year,https://www.muslimguide.com/show/Masjid_Al_Mujahideen_3258,,43,,,1608.0,census_geocoder
3011,Al-Baqi Broadway Building,218 Broadway,Bethpage,NY,11714,40.738455373243,-73.479469180975,,,,,,71,,,3823.0,census_geocoder
3012,Al-Hikmah Institute,120 Hicksville Road,Bethpage,NY,11714,40.7239103,-73.4869723,,,,,,74,,,3822.0,nominatim
3013,Masjid Al-Baqi,320 Central ave,Bethpage,NY,11714,40.738682665035,-73.483147553331,,1998,,https://masjidalbaqi.org/construction-project/,,75,,,1650.0,census_geocoder
3014,Islamic Center of Suffolk County,124 3Rd st,Brentwood,NY,11717,40.776945261781,-73.249458757351,,1991,,https://shahenajaf.org/about-us,,71,,,1353.0,census_geocoder
3015,Islamic Center of Deer Park,642 Grand Boulevard,Deer Park,NY,11729,40.759304613816,-73.318202213195,,,,,,63,,,3907.0,census_geocoder
3016,Masjid Bilal,425 Fulton Street,Farmingdale,NY,11735,40.729693111381,-73.451627705752,,,,,,79,,,3897.0,census_geocoder
3017,Masjid Al Noor,1032 Park ave,Huntington,NY,11743,40.838812233292,-73.366970224157,,2001,,https://prayersconnect.com/mosques/84083116-masjid-noor-huntington-new-york-united-states,,51,,,1615.0,census_geocoder
3018,Masjid Sulayman (Suleymaniye Camii),459 Deer Park ave,Huntington Station,NY,11746,40.803590678295,-73.342656114764,,1980,,https://suleymaniyeli.com/about/,,11,,,1962.0,census_geocoder
3019,Suleymaniye Mosque,459 Deer Park Road,Dix Hills,NY,11746,40.803590678295,-73.342656114764,,,,,,13,,,3905.0,census_geocoder
3020,Islamic Center of Melville,118 Old East Neck rd,Melville,NY,11747,40.782393720807,-73.401557594058,,2000,,https://icmny.org/overview/,,21,,,1283.0,census_geocoder
3021,Islamic Center of Medford-Coram,15 Lee Lane,Medford,NY,11763,40.84856399214,-72.985425879427,,,,,,5,,,3924.0,census_geocoder
3022,Mount Sinai Muslim Center,515 Mount Sinai-Coram Road,Mount Sinai,NY,11766,40.925710030636,-72.99785183906,,,,,,5,,,3921.0,census_geocoder
3023,Mevlana Mosque (Camii),366 Terryville rd,Port Jefferson Station,NY,11776,40.910578325139,-73.051213955162,,2009,,https://www.limevlanamosque.org/faq.html,,34,,,2041.0,census_geocoder
3024,Fatima Alzahraa Mosque,55 Lake Shore Road,Lake Ronkonkoma,NY,11779,40.83187928562,-73.131037514881,,,,,,62,,,3914.0,census_geocoder
3025,Ronkonkoma Masjid,240 Ronkonkoma ave,Ronkonkoma,NY,11779,40.818057335741,-73.112802639716,,2019,,https://masjidfatimaalzahra.org/masjidfatimaalzahra-2/,,76,,,2153.0,census_geocoder
3026,Suffolk Islamic Center (Lake Ronkonkoma Masjid),232 Ronkonkoma Avenue,Lake Ronkonkoma,NY,11779,40.81863556386,-73.112900779304,,,,,,76,,,3913.0,census_geocoder
3027,Islamic Assoc. of Long Island,10 Park Hill Dr.,Selden,NY,11784,40.861774683189,-73.056923099601,,2003,,https://seldenmasjid.org/our-history/,,70,,,1173.0,census_geocoder
3028,ICON - Islamic Center of Nassau,2856 Jerusalem Ave,Wantagh,NY,11793,40.691757510687,-73.526218206801,,2008,,https://iconmosque.org/,25,77,,,437.0,census_geocoder
3029,As-Siraatul Mustaqeem Islamic Center,1305 Straight Path,Wyandanch,NY,11798,40.739370670163,-73.368192096164,,-,Information Without Year,https://www.facebook.com/ASMIC1305/,,59,,,957.0,census_geocoder
3030,Masjid Allahu Akbar,139 North 22nd Street,Wheatley Heights,NY,11798,40.755613099243,-73.368284179309,,,,,,51,,,3705.0,census_geocoder
3031,Project Allahu Akbar Community Ctr.,133 N 22Nd st,Wyandanch,NY,11798,40.755446255779,-73.368217306847,,2013,,"https://www.causeiq.com/organizations/project-allahu-akbar,113124039/",,45,,,2140.0,census_geocoder
3032,Al Mahdi Islamic Center,83 Ludy Street,Hicksville,NY,11801,40.758545716808,-73.510754874979,,,,,19,72,,,3892.0,census_geocoder
3033,Faizan e Aisha Mosque,10 Heitz Place,Hicksville,NY,11801,40.768664259598,-73.521975957162,,,,,59,88,,,3891.0,census_geocoder
3034,Islamic Center of the Hamptons,977 Bridgehampton-Sag Harbor Turnpike,Bridgehampton,NY,11932,40.962542626992,-72.299258993818,,,,,,0,,,3819.0,census_geocoder
3035,Yusufain Mosque,72 Neighborhood Road,Mastic Beach,NY,11951,40.766500862215,-72.837464826462,,,,,,22,,,3925.0,census_geocoder
3036,Osmaniye Camii,63 Montauk Hwy,Moriches,NY,11955,40.8050973,-72.8151652,,1999,,https://prayersconnect.com/mosques/84082985-osmaniye-mosque-moriches-new-york-united-states,,43,,,2127.0,nominatim
3037,Masjid Umar Bin Khattaab,503 William Floyd Pkwy,Shirley,NY,11967,40.792886939508,-72.864596684853,,2003,,https://www.guidestar.org/profile/11-3665178,,63,,,1987.0,census_geocoder
3038,Amsterdam Islamic Center,141 Guy Park Avenue,Amsterdam,NY,12010,42.943850434781,-74.197815008759,,,,,,71,,,3826.0,census_geocoder
3039,Muslim Community of Bethlehem,243 Delaware Avenue,Bethlehem,NY,12054,42.627054256307,-73.81963362573,,,,,,67,,,3824.0,census_geocoder
3040,Al-Hidaya Mosque,2339 15th st,Troy,NY,12108,42.737434584571,-73.675431973693,,1987,,https://www.al-hidaya.org/al-hidaya-of-troy,47,82,,,138.0,census_geocoder
3041,Al-Hidaya Center,322 Troy Schenectady Road,Latham,NY,12110,42.74296010024,-73.74495727423,,2015,,https://www.al-hidaya.org/about-us,,45,,,712.0,census_geocoder
3042,Al Zahra Islamic Center (AZIC) and Saturday School,71 State Farm Road,Voorheesville,NY,12186,42.654704792156,-73.918074780582,,,,,,21,,,3712.0,census_geocoder
3043,Al-Arqam Center of Saratoga,185 Guideboard Road,Waterford,NY,12188,42.836992464099,-73.736907701533,,,,,,54,,,3709.0,census_geocoder
3044,Boshnacian Islamic Cultural Center,693 5th Avenue,Watervliet,NY,12189,42.714786269284,-73.708286295103,,,,,,41,,,3708.0,census_geocoder
3045,Fique Mosque,817 23rd Street,Watervliet,NY,12189,42.733253098412,-73.707782177862,,-,Information Without Year,(518) 400-0103,,74,,,733.0,census_geocoder
3046,Al-Fatemah Islamic Center,10 S Family Dr.,Colonie,NY,12205,42.7340976,-73.8237091,,1995,,http://www.alfatemahic.com/about.html,,13,,,880.0,nominatim
3047,Darus Salaam Masjid,276 Central ave,Albany,NY,12206,42.664131721693,-73.77183094047,,2011,,https://www.timesunion.com/local/article/Albany-mosque-plans-expansion-3890898.php,63,93,,,159.0,census_geocoder
3048,Muhammads Mosque,360 Clinton Avenue,Albany,NY,12206,42.661829212036,-73.763204939165,,-,Information Without Year,(518) 203-4672,67,90,,,659.0,census_geocoder
3049,Darul Taqwa,1214 State st,Schenectady,NY,12304,42.798704079889,-73.924755695141,,2011,,https://www.masjiddarultaqwa.org/about-1,42,80,,,1071.0,census_geocoder
3050,Masjid As-Sunnah,1859 Albany st,Schenectady,NY,12304,42.787036007366,-73.914985123519,,2013,,https://prayersconnect.com/mosques/84037454-masjid-as-sunnah-schenectady-new-york-united-states,40,74,,,1817.0,census_geocoder
3051,Bait-un-Nur Mosque - Ahmadiyya Muslim Community,941 River Road,Schenectady,NY,12306,42.857413478624,-74.026041325779,,,,,,3,,,3624.0,census_geocoder
3052,Islamic Center of the Capital District,21 Lansing Rd N,Schenectady,NY,12307,42.762555291976,-73.880216335699,,1979,,https://www.iccdny.org/history/,,43,,,247.0,census_geocoder
3053,Masjid Nabawi/Afghan Islamic Center Masjid/Schenectady Islamic Center,89 N Brandywine ave,Schenectady,NY,12307,42.802318476428,-73.925035402081,,-,Information Without Year,https://www.facebook.com/MasjidNabawiNY/,44,74,,,1925.0,census_geocoder
3054,MUNA Center of Albany,1411 Union Street,Schenectady,NY,12308,42.80869545979,-73.914414040281,,,,,32,79,,,3623.0,census_geocoder
3055,Masjid Umar,7 Downs st,Kingston,NY,12401,41.930852034297,-74.006896676106,,1995,,https://ky.halalguide.me/hadson-velli/mechet/masjid-umar-4/posts,,86,,,1983.0,census_geocoder
3056,ELLENVILLE ISLAMIC CENTER,18 Church Street,Ellenville,NY,12428,41.714253779998,-74.391499146759,,,,,,64,,,3902.0,census_geocoder
3057,Masjid Ar-Rashid,352 Main st,Beacon,NY,12508,41.504120279141,-73.968183094896,,1996,,"https://highlandscurrent.org/2021/11/20/06-2021-37-cn-56/#:~:text=We've%20been%20in%20Beacon,prayer%20at%205:30%20a.m.",,94,,,1804.0,census_geocoder
3058,"Hudson Islamic Center, Inc",35 N Third St Basement,Hudson,NY,12534,42.253798982516,-73.790229721236,,1997,,https://thigmos.com/hudson-islamic-center/about,,89,,,1131.0,census_geocoder
3059,Masjid Al-Ikhlas,25 Washington Terrace,Newburgh,NY,12550,41.49969490095,-74.0279258169,,1992,,https://en.wikipedia.org/wiki/Masjid_al-Ikhlas,,78,,,144.0,census_geocoder
3060,DQWS Darul Quran WasSunnah,98 Gladstone Avenue,Walden,NY,12586,41.554919150342,-74.190265858393,,,,,,44,,,3711.0,census_geocoder
3061,Masjid E Ayesha Wa Musa Ji,107 West Main Street,Walden,NY,12586,41.560680734261,-74.191915152548,,,,,,72,,,3710.0,census_geocoder
3062,Masjid Al Noor,125 All Angels Rd,Wappinger Falls,NY,12590,41.603944032168,-73.871171582908,,1990,,https://mhiawappingers.org/about-us,,17,,,1617.0,census_geocoder
3063,Masjidul Mutkabbir  Inc.,462 Main st,Poughkeepsie,NY,12601,41.701662034939,-73.921072675922,,2005,,"https://www.causeiq.com/organizations/masjid-mutakabbir,300258287/",42,91,,,2023.0,census_geocoder
3064,Islamic Center of Monticello,33 Cottage st,Monticello,NY,12701,41.658129373118,-74.686629968276,,2007,,https://www.recordonline.com/story/news/local/2007/10/15/village-monticello-says-new-mosque/52769469007/?gnt-cfr=1&gca-cat=p&gca-uir=true&gca-epti=z113721v113721d--37--b--37--&gca-ft=210&gca-ds=sophi,,56,,,66.0,census_geocoder
3065,MASIICS/MADE Inc.,427 Broadway,Monticello,NY,12701,41.658260950316,-74.699394897166,,,,,,69,,,3923.0,census_geocoder
3066,Ahlus-Sunnah Mosque,10 South Main Street,Liberty,NY,12754,41.799341449006,-74.745695972001,,,,,,73,,,3928.0,census_geocoder
3067,M Khan Islamic Society of Upstate NY,35 Davis St,Glens Falls,NY,12801,43.315967321617,-73.656714271422,,2022,,https://www.glensfallschronicle.com/islamic-center-buys-former-glens-falls-christian-science-bldg/,,67,,,787.0,census_geocoder
3068,Islamic Center of Plattsburgh,1944 NY-22B,Morrisonville,NY,12901,44.6947275,-73.5623775,,2024,,https://icplattsburgh.org,,23,,,1323.0,nominatim
3069,Baitul Ihsan Mosque,6650 Old Collamer Road,East Syracuse,NY,13057,43.09395519878,-76.083801519217,,-,Information Without Year,(315) 400-0616,,17,,,569.0,census_geocoder
3070,Islamic Cultural Center of Bosnians in Syracuse,6500 Fremont ave,East Syracuse,NY,13057,43.085330318141,-76.028762722874,,2009,,"https://www.causeiq.com/organizations/islamic-cultural-center-if-bosniaks-in-syracuse-ny,432084195/",61,89,,,1408.0,census_geocoder
3071,ISCNY Islamic Community Center,5833 East Seneca Turnpike,Jamesville,NY,13078,42.997722593908,-76.116825049296,,1981,,https://iscnyonline.org/brief-history/,,9,,,658.0,census_geocoder
3072,Masjid Isa Ibn Maryam,501 Park Street,Syracuse,NY,13203,43.062968651863,-76.140557130505,,2014,,https://masjidisa.com/,40,74,,,566.0,census_geocoder
3073,Syracuse Islamic Center,450 Wilkinson Street,Syracuse,NY,13204,43.051016050909,-76.168459753083,,,,,37,76,,,3740.0,census_geocoder
3074,Masjid Abdullah Muslim,127 W Brighton ave,Syracuse,NY,13205,43.020512326691,-76.144074658136,,-,No Basic Information,https://www.muslimguide.com/show/Masjid_Abdullah_Muslim_3396,42,65,,,1571.0,census_geocoder
3075,Almustafa Society,947 North Salina Street,Syracuse,NY,13208,43.0634986138,-76.155592529396,,,,,39,78,,,3672.0,census_geocoder
3076,Masjid Bilal Of Syracuse,507 Pond Street,Syracuse,NY,13208,43.066039929035,-76.151501330388,,,,,39,71,,,3741.0,census_geocoder
3077,Islamic Society of Central New York,925 Comstock Ave,Syracuse,NY,13210,43.032157937827,-76.12934162147,,1981,,https://iscnyonline.org/brief-history/,51,41,,,105.0,census_geocoder
3078,Al Huda Mosque,4524 Mcdonald rd,Syracuse,NY,13215,43.013453339544,-76.202473560125,,1993,,https://prayersconnect.com/mosques/84068387-al-huda-mosque-muslim-american-society-syracuse-new-york-united-states,,8,,,856.0,census_geocoder
3079,American BH Islamic Center of Utica,407 Kossuth Avenue,Utica,NY,13501,43.096913967481,-75.210632460996,,,,,,74,,,3678.0,census_geocoder
3080,Burmese Muslim Association,1129 Brinckerhoff Avenue,Utica,NY,13501,43.092596607683,-75.228294261496,,,,,,74,,,3677.0,census_geocoder
3081,"MASJID AL MUKHLISIN.ROHINGYA COMMUNITY OF UTICA,INC",1565 Howard Avenue,Utica,NY,13501,43.087249287039,-75.237610462479,,,,,,49,,,3676.0,census_geocoder
3082,Masjid Bilal Islamic Center,884 Bleecker Street,Utica,NY,13501,43.096416958331,-75.21182953829,,,,,,77,,,3675.0,census_geocoder
3083,Masjid Nurul Islam,615 Rutger Street,Utica,NY,13501,43.094687995516,-75.221762973783,,,,,,80,,,3674.0,census_geocoder
3084,Masjid Sujud Shah - Myanmar Muslim Community of Utica (Da Da Pu Sufi Center) Inc.,781 Lansing Street,Utica,NY,13501,43.093452229993,-75.214534359212,,,,,,81,,,3673.0,census_geocoder
3085,Nooriya Kamaliya Darussalam,620 Albany Street,Utica,NY,13501,43.096454327747,-75.216470245248,,,,,,81,,,3694.0,census_geocoder
3086,Rohingya Jame Masjid,1400 Steuben Street,Utica,NY,13501,43.092340978464,-75.237482241643,,,,,,63,,,3695.0,census_geocoder
3087,Utica Masjid,1631 Kemble st,Utica,NY,13501,43.087274490459,-75.247215775606,,1994,,https://www.uticamasjid.com/,,69,,,1187.0,census_geocoder
3088,West Bosnian Islamic Centar of Utica,763 Bleecker Street,Utica,NY,13501,43.097759491202,-75.215844752618,,,,,,78,,,3696.0,census_geocoder
3089,Bosnian Islamic Association of Utica,306 Court st,Utica,NY,13502,43.100240605963,-75.235509724567,,2008,,https://www.uticaod.com/story/news/2010/04/02/utica-s-newest-mosque-gets/44809005007/,,85,,,18.0,census_geocoder
3090,Muslim Soldiers Masjid,10785A Chapel Drive,Fort Drum,NY,13602,,,,,,,,10,,,3896.0,
3091,Islamic Center of Northern New York,25918 Route 342,Calcium,NY,13616,44.037563712211,-75.852563674508,,1970,,https://icnny13616.wixsite.com/islamiccenternny/ https://beacon.schneidercorp.com/Application.aspx?AppID=1336&LayerID=45587&PageTypeID=4&PageID=17992&Q=2109156150&KeyValue=22408975.00-1-1,,26,,,70.0,census_geocoder
3092,Postdam Mosque,110 Elm St,Potsdam,NY,13676,44.669982340721,-74.966603409825,,1983,,"https://www.causeiq.com/organizations/muslim-students-association-of-northern-new-york,161492745/",,18,,,454.0,census_geocoder
3093,Endicott Islamic Center,1202 Monroe Street,Endicott,NY,13760,42.102370121887,-76.049263169852,,,,,,87,,,3899.0,census_geocoder
3094,IQRA CULTURAL CENTER INC.(MASJID ISA),1701 Riverview Drive,Endicott,NY,13760,42.098083540867,-76.040784448821,,,,,,66,,,3898.0,census_geocoder
3095,Islamic Organization of Southern Tier (IOST),161 Grand Avenue,Johnson City,NY,13790,42.110557606578,-75.95583690003,,,,,,72,,,3889.0,census_geocoder
3096,Masjid Al-Nur,106 Grand ave,Johnson City,NY,13790,42.110622726132,-75.952711931678,,1999,,https://www.pressconnects.com/story/news/local/2015/02/06/take-look-inside-islamic-organization-mosque/23018151/,,79,,,1735.0,census_geocoder
3097,Osmanli Naksibendi Sufi Center,1663 Wheat Hill rd,Sidney Center,NY,13839,42.319742455271,-75.236318573963,,2002,,https://www.naksibendi.us/about/,,1,,,2128.0,census_geocoder
3098,Binghamton Islamic Cultural Center,400 Mirador Road,Vestal,NY,13850,42.082027025694,-76.043956023518,,,,,,38,,,3714.0,census_geocoder
3099,The Binghamton Mosque - Bait-ul-Humd,10 Sheedy Road,Vestal,NY,13850,42.052319577166,-76.028591164531,,,,,,6,,,3713.0,census_geocoder
3100,Uncle Fikry Mosque,2276 New York 17,Windsor,NY,13865,,,,,,,,0,,,3702.0,
3101,Masjid Dar ul Huda,37 Carroll Street,Binghamton,NY,13901,42.097060439713,-75.90666795262,,,,,,73,,,3820.0,census_geocoder
3102,Islamic Awareness Center,74 Conklin Avenue,Binghamton,NY,13903,42.092660410522,-75.908420766537,,,,,,64,,,3821.0,census_geocoder
3103,Masjid Daar At Tawheed Wa Sunnah,5030 Thompson Road,Clarence,NY,14031,42.983304714187,-78.647273416982,,,,,,7,,,3908.0,census_geocoder
3104,Muslim Community Center of WNY,94 Meridian Street,Depew,NY,14043,42.904298655994,-78.693204119175,,,,,,57,,,3906.0,census_geocoder
3105,Jaffarya Center of Niagara Frontier,10300 Transit rd,Amherst,NY,14051,43.049990324535,-78.696982622879,,1970,,https://www.jaffarya.org/about/,,11,,,1499.0,census_geocoder
3106,Islamic Society-Niagara Frontier,745 Heim Road,Amherst,NY,14068,43.021384098036,-78.743707980685,,,,,,13,,,3828.0,census_geocoder
3107,ISNF Masjid An-Noor,745 Heim Rd,Town of Amherst,NY,14068,43.021384098036,-78.743707980685,,1995,,https://isnfwny.org/about,,13,,,320.0,census_geocoder
3108,Island Mosque (SAMA),1822 Huth Road,Grand Island,NY,14072,43.051021160435,-78.960218177566,,,,,,3,,,3895.0,census_geocoder
3109,Hazrat Abu-Bakar Siddik Masjid,232 South Street,Lockport,NY,14094,43.169732258666,-78.682743263886,,,,,,73,,,3927.0,census_geocoder
3110,Lovejoy Madinah Mosque,1030 East Lovejoy Street,Buffalo,NY,14206,42.889800820393,-78.810259869719,,,,,36,66,,,3794.0,census_geocoder
3111,Lovejoy Mosque,1107 East Lovejoy Street,Buffalo,NY,14206,42.889695228883,-78.807304286439,,,,,36,68,,,3792.0,census_geocoder
3112,Hamlin Park Islamic Center,416 Wohlers Avenue,Buffalo,NY,14208,42.915179651759,-78.848133488995,,,,,53,69,,,3795.0,census_geocoder
3113,Madina Islamic Center of Buffalo,270 Laurel Street,Buffalo,NY,14208,42.910164566039,-78.85499819655,,,,,55,80,,,3790.0,census_geocoder
3114,Baitul Aman Mosque,637 Walden Avenue,Buffalo,NY,14211,42.904970316474,-78.81253698821,,,,,43,62,,,3781.0,census_geocoder
3115,Buffalo Muslim Center (BMC),995 Fillmore Avenue,Buffalo,NY,14211,42.900457592522,-78.839205887413,,,,,50,71,,,3800.0,census_geocoder
3116,Darus Salaam Masjid,75 E Parade ave,Buffalo,NY,14211,42.905694582298,-78.83574907587,,1985,,https://directory.alfafaa.com/listing/masjid-daru-s-salaam/,50,69,,,167.0,census_geocoder
3117,Islamic Da'wah Center of Buffalo,1522 Genesee Street,Buffalo,NY,14211,42.908595029173,-78.823965993613,,,,,47,64,,,3805.0,census_geocoder
3118,Jami Masjid Buffalo,1955 Genesee Street,Buffalo,NY,14211,42.914102456483,-78.809887693197,,2009,,"https://commons.wikimedia.org/wiki/File:Jami_Masjid_Buffalo_-_fmr_Queen_of_Peace_RC_Church_-_Buffalo,_New_York_-_20200531.jpg#:~:text=Queen%20of%20Peace%20was%20founded,center%2C%20on%20the%20site%20today.",47,69,,,244.0,census_geocoder
3119,Masjid Ashrafia,270 Loepere Street,Buffalo,NY,14211,42.900734382837,-78.834581263406,,,,,49,66,,,3787.0,census_geocoder
3120,Masjid Nu Man,1373 Fillmore Ave,Buffalo,NY,14211,42.911104721064,-78.839000623872,,2005,,"https://www.causeiq.com/organizations/masjid-numan,161157940/",48,57,,,1931.0,census_geocoder
3121,Shahjalal Jame Mosque,112 Wende Street,Buffalo,NY,14211,42.914996702826,-78.814794093375,,,,,47,65,,,3783.0,census_geocoder
3122,Baitul Mamoor Jame Masjid,64 Titus Avenue,Buffalo,NY,14212,42.897228154698,-78.82286052539,,,,,43,43,,,3804.0,census_geocoder
3123,Buffalo Islamic Center,863 Broadway,Buffalo,NY,14212,42.892207114678,-78.842681272058,,,,,48,80,,,3802.0,census_geocoder
3124,Downtown Islamic Center,701 Broadway,Buffalo,NY,14212,42.890891732951,-78.848774510498,,,,,49,66,,,3797.0,census_geocoder
3125,Gawsul Azam Mosque USA,60 Ashley Street,Buffalo,NY,14212,42.893832229403,-78.827056852402,,,,,39,53,,,3796.0,census_geocoder
3126,Masjid Al-Rahmah,300 Adams Street,Buffalo,NY,14212,42.887874680074,-78.850992244016,,,,,50,66,,,3788.0,census_geocoder
3127,Masjid Markaz,115 Woltz ave,Buffalo,NY,14212,42.897061405862,-78.835464315879,,1991,,https://www.mapquest.com/us/new-york/buffalo-markaz-mosque-753400160,47,79,,,1910.0,census_geocoder
3128,Masjid Zakariya,182 Sobieski St,Buffalo,NY,14212,42.899274478171,-78.832755176788,,1992,,https://broadwayfillmorealive.org/2.0/2016/03/masjid-zakaria-a-flourishing-community-in-the-heart-of-buffalos-east-side/,47,71,,,395.0,census_geocoder
3129,Masjid-e-Madani,1158 Sycamore Street,Buffalo,NY,14212,42.90071014094,-78.829741571289,,,,,47,58,,,3786.0,census_geocoder
3130,MUNA Center of Buffalo (MCB-WNY),651 Broadway,Buffalo,NY,14212,42.890508414453,-78.850508236,,,,,49,68,,,3791.0,census_geocoder
3131,National Islamic Cultural Center (NIC Center),24 Titus Avenue,Buffalo,NY,14212,42.896338780558,-78.822858290855,,,,,43,61,,,3785.0,census_geocoder
3132,ROHINGYA COMMUNITY INC ( MASJID AL ANSAR ),327 Paderewski Drive,Buffalo,NY,14212,42.889641230193,-78.836501455775,,,,,45,81,,,3784.0,census_geocoder
3133,Sloan Islamic Cultural Center,471 Goethe Street,Buffalo,NY,14212,42.898208044772,-78.799792153844,,,,,37,45,,,3782.0,census_geocoder
3134,Al-Hikmah Islamic Center,331 Normal Avenue,Buffalo,NY,14213,42.90878732161,-78.890633689681,,,,,47,86,,,3780.0,census_geocoder
3135,Al-Khulafa Mosque,215 Forest Ave,Buffalo,NY,14213,42.927661170076,-78.89096990351,,2024,,https://paytax.erie.gov/(S(ftxkhc1n0yqeibjghxin0kzd))/Report/Web_Report_CrystalViewer.aspx?REPORTNAME=C:\eGov\Reports\ERI_WEB_TAXMAP.rpt&REPORTCONNECTIONKEY=TAXMAP_W8-SQL-GVRN-E2_SQL&ReportParameter=TAX_MAP=1402000886700001028000,44,69,,,378.0,census_geocoder
3136,Burmese Muslim Community,552 Fargo Avenue,Buffalo,NY,14213,42.91064345171,-78.897557577253,,,,,49,78,,,3799.0,census_geocoder
3137,Masjid Al-Eiman (ICAWNY),444 Connecticut st,Buffalo,NY,14213,42.907322917416,-78.884960592168,,2002,,https://masjidaleiman.com/about-us,57,89,,,1656.0,census_geocoder
3138,Masjid Bilal,343 Potomac ave,Buffalo,NY,14213,42.924012226245,-78.886645673227,,2015,,https://paytax.erie.gov/(S(ftxkhc1n0yqeibjghxin0kzd))/Report/Web_Report_CrystalViewer.aspx?REPORTNAME=C:\eGov\Reports\ERI_WEB_TAXMAP.rpt&REPORTCONNECTIONKEY=TAXMAP_W8-SQL-GVRN-E2_SQL&ReportParameter=TAX_MAP=1402000887600007005120,45,81,,,166.0,census_geocoder
3139,Central Park Jame Mosque,97 Rodney Avenue,Buffalo,NY,14214,42.936065715453,-78.838578481051,,,,,58,76,,,3798.0,census_geocoder
3140,Masjid At-Taqwa,40 Parker St,Buffalo,NY,14214,42.940372362473,-78.839160562755,,1971,,https://isnf.weebly.com/about-us.html,43,72,,,163.0,census_geocoder
3141,Buffalo Islamic Cultural Center,3296 Bailey Avenue,Buffalo,NY,14215,42.944552650036,-78.813750128771,,,,,47,77,,,3801.0,census_geocoder
3142,Masjid Al Salam,1190 East Delavan Avenue,Buffalo,NY,14215,42.922719486888,-78.813606718536,,,,,45,71,,,3789.0,census_geocoder
3143,Masjid Al-Ihsan/Buffalo Muslim Community Center,497 Minnesota Ave,Buffalo,NY,14215,42.945774218955,-78.811002658125,,2017,,https://paytax.erie.gov/(S(ftxkhc1n0yqeibjghxin0kzd))/Report/Web_Report_CrystalViewer.aspx?REPORTNAME=C:\eGov\Reports\ERI_WEB_TAXMAP.rpt&REPORTCONNECTIONKEY=TAXMAP_W8-SQL-GVRN-E2_SQL&ReportParameter=TAX_MAP=1402000797300006019000,49,75,,,1690.0,census_geocoder
3144,MUNA Center of Amherst (MCA-WNY),1964 Kensington Avenue,Cheektowaga,NY,14215,42.949164080775,-78.786191336793,,,,,30,76,,,3855.0,census_geocoder
3145,Lackawanna Islamic Community Center LICC,1446 Abbott Road,Lackawanna,NY,14218,42.825292322557,-78.803328729354,,,,,30,61,,,3911.0,census_geocoder
3146,Masjid Alhuda,154 Wilkesbarre Ave,Lackawanna,NY,14218,42.82278994977,-78.84326470634,,1998,,"https://www.alhudamosque.org/about#:~:text=Al%2DHuda%20Islamic%20Association%2C%20also%20known%20as%20Masjid,*%20A%20multipurpose%20room%20for%20community%20events",24,40,,,1779.0,census_geocoder
3147,Basic Islamic Center Inc,2291 South Park Avenue,Buffalo,NY,14220,42.836598796901,-78.823909020456,,,,,31,65,,,3803.0,census_geocoder
3148,Ahmadiyya Muslim Jamaat Buffalo,5071 Harris Hill Road,Williamsville,NY,14221,42.985215227066,-78.676937575117,,,,,,13,,,3703.0,census_geocoder
3149,Arrahman Mosque,171 Knox Avenue,West Seneca,NY,14224,42.859066659197,-78.783171422615,,,,,,19,,,3671.0,census_geocoder
3150,Baitul Jannah Jame Masjid Cheektowaga Muslim Center,2695 Harlem Road,Cheektowaga,NY,14225,42.917109375384,-78.784216624795,,,,,39,64,,,3853.0,census_geocoder
3151,Islamic Center of New York,97 Lucid Drive,Cheektowaga,NY,14225,42.92823210482,-78.766891469616,,,,,30,14,,,3871.0,census_geocoder
3152,Masjid At Tawheed Cheektowaga Islamic Cultural Center,3459 Harlem Road,Cheektowaga,NY,14225,42.937624024154,-78.784034934955,,,,,28,44,,,3909.0,census_geocoder
3153,Masjidur Rahman Cheektowaga Islamic Center USA Inc.,2519 Genesee Street,Cheektowaga,NY,14225,42.920876530701,-78.789209251219,,,,,35,51,,,3912.0,census_geocoder
3154,DARUL ULOOM NIAGARA FALLS NY,3920 Pine Avenue,Niagara Falls,NY,14301,43.094922216418,-79.016346757507,,,,,26,50,,,3859.0,census_geocoder
3155,Islamic Center of Niagara Falls,1801 Pierce ave,Niagara Falls,NY,14301,43.101644246645,-79.039683630487,,2014,,"https://www.causeiq.com/organizations/masjid-tawba-of-niagara-falls,470985405/",32,71,,,1304.0,census_geocoder
3156,Tawba Mosque of Niagara Falls,1737 Pierce Avenue,Niagara Falls,NY,14301,43.101651531117,-79.04081717835,,,,,32,71,,,3856.0,census_geocoder
3157,Mahdi Mosque,9610 Colvin Boulevard,Niagara Falls,NY,14304,43.085000702797,-78.951484350113,,-,Information Without Year,(716) 236-8424,22,15,,,726.0,census_geocoder
3158,Masjid Al Ibrahim,5604 Lindbergh Avenue,Niagara Falls,NY,14304,43.083552794101,-78.999890569708,,,,,,29,,,3858.0,census_geocoder
3159,Muslim Center Of Niagara Falls,1920 18th Street,Niagara Falls,NY,14305,43.106113711989,-79.039807749877,,,,,26,53,,,3857.0,census_geocoder
3160,Masjid Al-Rahman,300 Bay st,Rochester,NY,14605,43.170917576957,-77.585834307989,,1990,,https://www.mapquest.com/us/new-york/masjid-al-rahman-433883396,43,69,,,1752.0,census_geocoder
3161,"Masjid Tawfeeq of Rochester, Inc.",15 Hudson Avenue,Rochester,NY,14605,43.163484126512,-77.60203554844,,,,,67,81,,,3627.0,census_geocoder
3162,Masjid Muqbil Bin Haadee,297 Lyell ave,Rochester,NY,14608,43.164574933359,-77.632704222974,,-,No Basic Information,https://prayersconnect.com/mosques/84015523-masjid-muqbil-haadee-al-wadee-rochester-new-york-united-states,46,82,,,1922.0,census_geocoder
3163,Baitul Naseer Mosque,1609 East Main Street,Rochester,NY,14609,43.15989472086,-77.567815837917,,2026,,https://rochesterbeacon.com/2026/03/10/love-for-all-hatred-for-none-a-history-of-rochesters-ahmadiyya-mosque/,38,74,,,786.0,census_geocoder
3164,Hamidiye Education Center,853 Culver Road,Rochester,NY,14609,43.160690378368,-77.565831713024,,,,,39,76,,,3629.0,census_geocoder
3165,Hamidye Mosque,853 Culver Rd,Rochester,NY,14609,43.160690378368,-77.565831713024,,1997,,"https://hamidiye.org/who-we-are/#:~:text=Generations%20Rising%20With%20The%20Quran,leaders%20grounded%20in%20Islamic%20values.",39,76,,,1120.0,census_geocoder
3166,Masjid As-Sunnah,494 N Goodman St,Rochester,NY,14609,43.162222428594,-77.583431602154,,2004,,https://themasjidapp.org/masjidsunnahny,47,80,,,275.0,census_geocoder
3167,Al Rasol Al Azam Mosque,638 Brown Street,Rochester,NY,14611,43.153127993568,-77.632254025137,,,,,49,73,,,3632.0,census_geocoder
3168,Islamic Association - Al Sabur Mosque,4550 Lake Avenue,Rochester,NY,14612,43.253831806578,-77.611749096684,,,,,32,56,,,3628.0,census_geocoder
3169,Bantu Islamic Center Inc,534 Dewey Avenue,Rochester,NY,14613,43.174157007337,-77.639375201379,,,,,39,67,,,3631.0,census_geocoder
3170,Dewey St Mosque,2692 Dewey Avenue,Rochester,NY,14616,43.218102457998,-77.641212744221,,,,,37,67,,,3630.0,census_geocoder
3171,Islamic Center of Rochester,727 Westfall,Rochester,NY,14620,43.115061978394,-77.603907422088,,1985,,https://www.archnet.org/sites/10607,32,30,,,73.0,census_geocoder
3172,Turkish Society of Rochester,677 Beahan rd,Rochester,NY,14624,43.121418587715,-77.684895960261,,1969,,https://www.tsor.org/about-us,,8,,,2213.0,census_geocoder
3173,Turkish Society of Rochester,677 Beahan Road,Rochester,NY,14624,43.121418587715,-77.684895960261,,,,,,9,,,3626.0,census_geocoder
3174,Jamestown Islamic Society,1235 N Main st,Jamestown,NY,14701,42.113326357703,-79.240856649214,,1986,,https://www.jiswny.org/who-we-are,,54,,,1506.0,census_geocoder
3175,Islamic Society of Southern Tier,3335 Buffalo rd,Allegany,NY,14706,42.103048565111,-78.483068650287,,-,No Basic Information,(716) 373-6263,,0,,,1486.0,census_geocoder
3176,Islamic Assoc. of Finger Lakes,62 Main St,Big Flats,NY,14814,42.134615219819,-76.93792434817,,2012,,https://iaflcenter.org/about/,,30,,,1172.0,census_geocoder
3177,Islamic Association of The Finger Lakes,499 Hickory Grove Road,Horseheads,NY,14845,42.168938980963,-76.866300955151,,,,,,11,,,3890.0,census_geocoder
3178,Al-Huda Islamic Center,10 Cayuga Vista Drive,Lansing,NY,14882,42.533451868071,-76.499319789249,,,,,,26,,,3922.0,census_geocoder
3179,Al-Bukhaari Mosque,3441 North Waggoner Road,Jefferson Township,OH,43004,40.023775062628,-82.789338920597,,,,,,1,,,3100.0,census_geocoder
3180,"Ibrahim Community Center, Delaware OH",1964 Marysville Road,Delaware,OH,43015,40.300708,-83.0923748,,,,,,30,,,3107.0,nominatim
3181,Industrial Engravers Inc.,1964 Marysville Road,Delaware,OH,43015,40.300708,-83.0923748,,,,,,30,,,3106.0,nominatim
3182,Noor Islamic Cultural Center,5001 Wilcox rd,Dublin,OH,43016,40.065253282359,-83.148728980425,,2006,,"https://www.noorohio.org/about-nicc/#:~:text=The%20Noor%20Islamic%20Cultural%20Center%20(NICC)%20is,family%20values,%20high%20morals,%20and%20good%20citizenship.",,6,,,2119.0,census_geocoder
3183,Noor Islamic Cultural Center,5001 Wilcox Road,Dublin,OH,43016,40.065253282359,-83.148728980425,,,,http://aaicohio.org/,,11,,,2873.0,census_geocoder
3184,Noor Ohio,5550 Britton Parkway,Dublin ,OH,43016,,,,,,,,10,,,3104.0,
3185,Noor Islamic Cultural Center - Plain City,6543 Commerce Parkway,Dublin,OH,43017,40.103539779641,-83.141015782981,,,,,,28,,,3105.0,census_geocoder
3186,Ahmadiyya Muslim Community,3360 Toy Road,Groveport,OH,43021,39.851928494107,-82.922925651575,,,,,,13,,,3110.0,census_geocoder
3187,Masjid Al Shurooq,4594 Cosgray Road ,Hilliard,OH,43026,40.049390012724,-83.180949727489,,,,,,18,,,3101.0,census_geocoder
3188,Polaris Islamic Center of Delaware County,8542 Cotter St,Lewis Center,OH,43035,40.159702975795,-83.011503783426,,2014,,"https://polarismasjid.org/about-us/#:~:text=dedicated%20to%20serving%20the%20religious,the%20Qur%27an%20and%20Sunnah.",,46,,,2559.0,census_geocoder
3189,Ã…Âžihan oÃ„ÂŸularÃ„Â± 515,6100 North Hamilton Road,Westerville,OH,43081,40.082107369602,-82.852633213211,,,,,,5,,,3116.0,census_geocoder
3190,Noor Islamic Cultural Center - New Albany,6449 East Walnut Street,Westerville,OH,43081,40.113030557041,-82.816959630822,,,,,,6,,,3117.0,census_geocoder
3191,Masjid Abdulrahman,4500 Gender Road,Canal Winchester,OH,43110,39.8622,-82.8274969,,,,,24,13,,,3145.0,nominatim
3192,International Market Foods,3120 Olentangy River Road,Columbus,OH,43202,40.024416588479,-83.026038728148,,,,,41,55,,,3161.0,census_geocoder
3193,Masjid Omar Ibn El-Khattab,580 Riverside Drive,Columbus,OH,43202,40.0245085,-83.0287955,,1984,,https://www.thelantern.com/2015/03/opinion-columbus-ohio-state-muslim-communities-receive-chilling-threats/,43,66,,,241.0,nominatim
3194,Omar Ibn El-Khattab Mosque,580 Riverview Drive,Columbus ,OH,43202,40.024270636846,-83.029787586107,,,,https://www.masjidomarohio.org/,39,55,,,2877.0,census_geocoder
3195,Muslim Community Center,1677 Oak Street,Columbus,OH,43203,39.962217606817,-82.95543355662,,2002,,https://www.mapquest.com/us/ohio/muslim-community-center-5591942,43,58,,,1699.0,census_geocoder
3196,Masjid Abubakr Al Siddique,3437 Sullivant ave,Columbus,OH,43204,39.942785219919,-83.090826752239,,2004,,https://aaicohio.org/,32,64,,,1580.0,census_geocoder
3197,Islamic Center of Greater Columbus Mosque,1428 East Broad Street,Columbus ,OH,43205,39.966630643021,-82.962829474057,,-,Information Without Year,https://icohio.org/,48,70,,,2875.0,census_geocoder
3198,Masjid As-Sahaba,2535 Cleveland Ave,Columbus,OH,43211,40.019074892479,-82.965098970867,,2003,,https://masjidassahaba.org/#home,42,63,,,243.0,census_geocoder
3199,Bilal Ibn Rabah Center,40 E Long st,Columbus,OH,43215,39.965108542346,-83.000204898904,,2007,,"https://www.causeiq.com/organizations/bilal-ibn-rabah-center,571240814/",65,80,,,988.0,census_geocoder
3200,IbnuTaymiyah Masjid and Islamic Center,2334 Mock Road,Columbus,OH,43219,40.011467406156,-82.947223165782,,2001,,"https://www.causeiq.com/organizations/ibnu-taymiyah-masjid-and-islamic-center,311735133/",33,35,,,2553.0,census_geocoder
3201,IQRA Learning Center,1611 Woodland Avenue,Columbus,OH,43219,40.001545389961,-82.954487841899,,,,,28,24,,,3162.0,census_geocoder
3202,Muslim Family Services of Ohio,4900 Reed Road,Columbus,OH,43220,40.056531574145,-83.066761788047,,,,,35,76,,,3155.0,census_geocoder
3203,Masjid Bilal Islamic center,1965 Zettler Center Drive,Columbus,OH,43223,39.929375287291,-83.0517551862,,,,,,,,,3157.0,census_geocoder
3204,Al Huda Islamic Center,1156 East Cooke Road,Columbus,OH,43224,40.047769024258,-82.988273130833,,2020,,https://www.youtube.com/watch?v=WQJaq8MQJVA,36,19,,,854.0,census_geocoder
3205,Costa Coffe 2,3296 Westerville Road,Columbus,OH,43224,40.035963656335,-82.953668104892,,,,,,49,,,3163.0,census_geocoder
3206,Masjid Al Rahma,2205 Albert Avenue,Columbus,OH,43224,40.03022531083,-82.955304132434,,2001,,https://www.facebook.com/arahmamosque/,,52,,,1621.0,census_geocoder
3207,Masjid Muqbil Islamic Center,3350 Cleveland ave,Columbus,OH,43224,40.035727485061,-82.963011926529,,-,,,40,72,,,1923.0,census_geocoder
3208,Masjid Sahih Al- Bukhari,2233 Albert Avenue,Columbus,OH,43224,40.030007859266,-82.954120299197,,,,,36,43,,,3156.0,census_geocoder
3209,Ul Bayyinah Mosque,3330 Cleveland Avenue,Columbus,OH,43224,40.0634009,-82.952701,,,,,,77,,,3131.0,nominatim
3210,Abubakar Asiddiq Islamic Center,591 Industrial Mile Rd,Columbus,OH,43228,39.940239373157,-83.118586348652,,2004,,https://aaicohio.org/,,37,,,2552.0,census_geocoder
3211,Brittany Hills Apartments,667 Brent Boulevard,Columbus,OH,43228,39.938790359516,-83.119835331919,,,,,31,34,,,3164.0,census_geocoder
3212,Masjid Attaqwa,4501 Sullivant Avenue,Columbus,OH,43228,39.939557929076,-83.119554735579,,,,,32,41,,,3158.0,census_geocoder
3213,An-Nabawi Mosque,1550 East Dublin Granville Road,Columbus,OH,43229,40.087268248949,-82.976596146193,,,,,36,72,,,3166.0,census_geocoder
3214,As-Salaamah Mosque,5259 Cleveland Ave,Columbus,OH,43229,40.076965580008,-82.951755240947,,2010,,"https://www.causeiq.com/organizations/masjid-as-salaamah,271806090/",36,67,,,2556.0,census_geocoder
3215,As-Salaamah Mosque,5259 Cleveland Avenue,Columbus,OH,43229,40.076965580008,-82.951755240947,,,,,36,67,,,3165.0,census_geocoder
3216,MAS Columbus,4615 Northtowne Blvd,Columbus,OH,43229,40.06281276457,-82.960763564366,,1993,,http://www.mascolumbus.org/about.html,44,72,,,2562.0,census_geocoder
3217,Masdjid As Salam,5253-5257 Cleveland Avenue,Columbus,OH,43229,40.076935380982,-82.951757260629,,,,,36,67,,,3159.0,census_geocoder
3218,Gahanna Islamic Center,3643 Olde Ridenour Road,Groveport,OH,43230,40.031660962464,-82.881485729251,,,,,24,14,,,3103.0,census_geocoder
3219,MTO Shahmaghsoudi,6077 Cleveland Avenue,Columbus,OH,43231,40.096264443356,-82.950293565568,,,,,35,62,,,3167.0,census_geocoder
3220,NIMACO - Nigeria Muslim Association of Central Ohio,4665 Cleveland Avenue,Columbus,OH,43231,40.064752426299,-82.952673058137,,,,,36,46,,,3154.0,census_geocoder
3221,Al-Huda Islamic Center,2100 Courtright Road,Columbus,OH,43232,39.929580667743,-82.898248999654,,,,,27,34,,,3151.0,census_geocoder
3222,Gaskia Masjid and Community Center,2932 Noe Bixby Road,Columbus,OH,43232,39.9157669,-82.8637334,,,,,,36,,,3130.0,nominatim
3223,Masjid Oumar Al Foutiyou,4500 Eastland Drive,Columbus,OH,43232,39.921279410823,-82.879585357915,,,,,40,66,,,3168.0,census_geocoder
3224,Namrah Mosque,4501 Refugee Rd,Columbus,OH,43232,39.915237077021,-82.876165577017,,2011,,https://prayersconnect.com/mosques/84019074-masjid-namrah-columbus-ohio-united-states,40,67,,,2558.0,census_geocoder
3225,New York Halal Food,4501 Refugee Road,Columbus,OH,43232,39.915237077021,-82.876165577017,,,,,40,67,,,3160.0,census_geocoder
3226,Sheik Omar Foutiyou Masjid,3569 Refugee rd E,Columbus,OH,43232,39.916635493168,-82.901402294088,,2006,,https://www.irs.gov/pub/irs-soi/eo_oh.csv,36,49,,,2164.0,census_geocoder
3227,Ahlul Bayt Society,2580 West Dublin-Granville Road,Columbus,OH,43235,40.090459822644,-83.059414014295,,,,,,11,,,3152.0,census_geocoder
3228,TASO - Turkish American Society of Ohio | Columbus,2885 West Dublin-Granville Road,Columbus,OH,43235,40.090444229357,-83.066658985012,,,,,0,19,,,3153.0,census_geocoder
3229,Islamic Society of North West Ohio (ISNWO),850 S McCord Rd,Holland,OH,43528,41.625578252499,-83.703381692976,,2013,,https://isnwo.org/our-history/,,42,,,2554.0,census_geocoder
3230,Islamic Center of Greater Toldeo,25877 Scheider Road,Perrysburg,OH,43551,41.536209243248,-83.616239024538,,1983,,https://en.wikipedia.org/wiki/Islamic_Center_of_Greater_Toledo,,8,,,54.0,census_geocoder
3231,Masjid Saad Foundation,5225 W Alexis Rd,Sylvania,OH,43560,41.717391898178,-83.66906264145,,1976,,https://masjidsaad.org/home/about-us/,,40,,,700.0,census_geocoder
3232,Muhammad Mosque #91,1698 Nebraska Avenue,Toledo,OH,43607,41.645564813502,-83.584753646888,,,,,,41,,,3123.0,census_geocoder
3233,Toledo Muslim Community Center (New TMCC Campus),3319 Nebraska Ave,Toledo,OH,43607,41.645490680269,-83.621598327308,,1990,,https://toledomcc.org/,,36,,,2557.0,census_geocoder
3234,Masjid of Al-Islam,722 East Bancroft Street,Toledo,OH,43608,41.664360219777,-83.537722758457,,1954,,https://digitalgallery.bgsu.edu/exhibits/show/icgt/early_years,,73,,,1934.0,census_geocoder
3235,Ahlul Bayt Center of Toledo,6004 Hill Avenue,Toledo,OH,43615,41.638650817987,-83.684459838499,,,,,,31,,,3124.0,census_geocoder
3236,AMCC Toledo (Al-Madinah Community Center),5424 Airport Highway,Toledo,OH,43615,41.616587391651,-83.67031598518,,,,,,,,,3125.0,census_geocoder
3237,Tayba Center for Education,3303 North Holland Sylvania Road,Toledo,OH,43615,41.679308450192,-83.683042243756,,,,,,53,,,3128.0,census_geocoder
3238,Toledo Islamic Center,5313 Dorr Street,Toledo,OH,43615,41.653372302614,-83.667858561809,,,,,,69,,,3122.0,census_geocoder
3239,Toledo Muslim Community Center,5045 E Sylvania rd,Toledo,OH,43623,41.690982653334,-83.662856012871,,2009,,https://toledomcc.org/,,33,,,2204.0,census_geocoder
3240,The Ummah Center,24050 Royalton Road,Columbia Station,OH,44028,41.312560248803,-81.897989633971,,2023,,https://www.ucschool.org,,22,,,428.0,census_geocoder
3241,Masjid Al-Madinah,1300 Reid ave,Lorain,OH,44052,41.458691607542,-82.171556940532,,-,Information Without Year,https://digitalgallery.bgsu.edu/exhibits/show/icgt/early_years,,57,,,1714.0,census_geocoder
3242,Unity Center Mosque of North East Ohio,10503 Valley View Road,Northfield,OH,44067,41.323983932025,-81.528913973484,,2005,,https://unitycenterneohio.com,,17,,,3112.0,census_geocoder
3243,Islamic Center of Cleveland/Muhammad Rasul Allah Islamic Society,9400 Detroit Avenue,Cleveland,OH,44102,41.48023978407,-81.747948053783,,1968,,https://case.edu/ech/articles/i/islamic-religion,54,68,,,242.0,census_geocoder
3244,Masjid Bilal, 7401 Euclid Ave,Cleveland,OH,44103,41.504093178965,-81.637073584675,,1983,,https://masjidbilalofcleveland.org/about/,44,76,,,284.0,census_geocoder
3245,Masjid Al-Mumin,2690 Martin Luther King Blvd,Cleveland,OH,44104,41.4862642213,-81.603234298536,,1953,,https://cplorg.contentdm.oclc.org/digital/api/collection/p16014coll5/id/23700/download,43,47,,,1723.0,census_geocoder
3246,First Cleveland Mosque,3613 E 131st St,Cleveland,OH,44105,41.460450039655,-81.591097302499,,1937,,https://firstclevelandmasjid.org/about/,43,48,,,609.0,census_geocoder
3247,Masjid Uqbah,2222 Stokes Blvd,Cleveland,OH,44106,41.498555766397,-81.605984350358,,1995,,https://tumf.org/about-us/,59,49,,,1994.0,census_geocoder
3248,Sheikh Maktoum Prayer Room,2050 East 96th Street,Cleveland,OH,44106,41.502783341796,-81.620258344516,,,,,56,76,,,3132.0,census_geocoder
3249,Turkish Cultural Center in Lakewood ,13303 Madison Avenue,Lakewood,OH,44107,41.476948929862,-81.782268991476,,,,,49,73,,,3099.0,census_geocoder
3250,Abdullah Bin Mas'ud,1129 Eddy Road,Cleveland,OH,44108,41.530202537154,-81.594304636823,,,,,58,56,,,3137.0,census_geocoder
3251,Masjid Al Noor,1247 East 99th Street,Cleveland,OH,44108,41.522598237427,-81.620767185681,,1996,,https://religionsmn.carleton.edu/exhibits/show/masjid-an-nur/masjid-an-nur/history,43,70,,,3149.0,census_geocoder
3252,Masjid Qiyamah Ul-Haqq/Islamic Brotherhood Universal,1187 Hayden Avenue East,Cleveland,OH,44110,41.546156346709,-81.586563821494,,-,No Basic Information,,49,62,,,1944.0,census_geocoder
3253,Ã™Â…Ã˜Â³Ã˜Â¬Ã˜Â¯ Ã˜Â£Ã™Â†Ã˜ÂµÃ˜Â§Ã˜Â± Ã˜Â§Ã™Â„Ã˜Â³Ã™Â†Ã˜Â©,12940 Lorain Avenue,Cleveland,OH,44111,41.458761818288,-81.778826448478,,,,,46,80,,,3139.0,census_geocoder
3254,Islamic Center of Northeast Ohio - Masjid Al-Sahabah,12740 Lorain Avenue,Cleveland,OH,44111,41.459358288601,-81.77692839884,,,,,47,78,,,3136.0,census_geocoder
3255,Prayer Room - Reserve Square - Eas3 Tower 3rd floor,1701 East 13th Street,Cleveland,OH,44114,41.503529240516,-81.68416919786,,,,,75,96,,,3134.0,census_geocoder
3256,Prayer Room - Reserve Square - East Tower 3rd floor,1701 East 12th Street,Cleveland,OH,44114,41.503061113385,-81.685747189822,,,,,77,97,,,3133.0,census_geocoder
3257,Islamic Center of Cleveland,6055 West 130th Street,Parma,OH,44130,41.399017093789,-81.784265492797,,1988,,https://www.iccleveland.org/,30,30,,,2876.0,census_geocoder
3258,Cultural & Religious Center.Ã¢Â€ÂCRCÃ¢Â€Â,10000 State Road,North Royalton,OH,44133,41.337762706686,-81.724702972064,,,,,,27,,,3113.0,census_geocoder
3259,Cleveland Muslim Community Center/Alomary mosque,4600 Rocky River rd,Cleveland,OH,44135,41.429902996209,-81.825193772645,,2000,,https://www.google.com/search?client=safari&hs=Xyep&sca_esv=aaf38c21e3d3a8e3&rls=en&q=alomary+mosque+year+established&source=lnms&fbs=ADc_l-aN0CWEZBOHjofHoaMMDiKpaEWjvZ2Py1XXV8d8KvlI3izczKHhF2wgz0AoHZ2f_yIpRzymQtTZoWTl7D2tXLrsjDqlMIsGiWrABZBTpUbiopxvwIdGwq16gAazpC1N6Sa-UprcBzb4LsbJ98sMSJg6BOvV1agKoImv03IVG5Bd_w9PDsixZcqvJ4q-B7dSl1Zk4_BLgE6zI1mzPSorUhbmMkU_JQ&sa=X&ved=2ahUKEwjfta3R69mTAxX8GtAFHbYYEsQQ0pQJegQIGRAB&biw=951&bih=781&dpr=2,56,52,,,1033.0,census_geocoder
3260,Masjid Abul Qasiim,12808 Bellaire Road,Cleveland,OH,44135,41.438919478363,-81.777944068687,,,,,34,50,,,3135.0,census_geocoder
3261,Chagrin Valley Islamic Center,6909 Liberty Road,Solon,OH,44139,41.370403699426,-81.421002591928,,2021,,https://www.cleveland.com/community/2021/11/chagrin-valley-islamic-center-opens-solons-first-mosque-with-inauguration.html,,0,,,813.0,census_geocoder
3262,Muslim Association of Cleveland East,25900 Chardon rd,Cleveland,OH,44143,41.57439128325,-81.498131376614,,1997,,https://thigmos.com/mace-islamic-center/about,,36,,,2077.0,census_geocoder
3263,Islamic Center of Westlake,1255 Columbia Road ,Westlake,OH,44145,41.468334427162,-81.901632930569,,,,https://wcmamasjid.com/,37,49,,,2879.0,census_geocoder
3264,WEST CLEVELAND MUSLIM ASSOCIATION,1255 Columbia Road,Westlake,OH,44145,41.468334427162,-81.901632930569,,,,,37,49,,,3115.0,census_geocoder
3265,Baitul Ahad,297 Center Road,Bedford,OH,44146,41.401824624152,-81.537219516836,,1989,,"https://visitamosque.us/mosque-item/bait-ul-ahad-mosques-cleveland/#:~:text=In%201986%2C%20a%20church%20building,Ahad%20by%20the%20beloved%20Khalifa.",,61,,,594.0,census_geocoder
3266,Islamic Society of Akron and Kent,152 E Steels Corners Rd,Cuyahoga Falls,OH,44224,41.18094655492,-81.502858579994,,1989,,https://isak.us/about/,,26,,,2555.0,census_geocoder
3267,Islamic Society of Akron and Kent,152 East Steels Corners Road,Cuyahoga Falls,OH,44224,41.18094655492,-81.502858579994,,,,,,25,,,3144.0,census_geocoder
3268,Kent Masjid,325 Crain Ave,Kent,OH,44240,41.157374436853,-81.353934541939,,1985,,https://isak.us/about/,,84,,,1519.0,census_geocoder
3269,Spedwelding,8859 Spieth Road,Litchfield,OH,44253,41.177423317528,-82.007537817708,,,,,,1,,,3098.0,census_geocoder
3270,Akron Masjid,1147 Old South Main,Akron,OH,44301,,,,1991,,https://akronmasjid.com/about-page/,31,55,,,1.0,
3271,Akron Mosque,1147 Old Main Street,Akron,OH,44301,41.055981070978,-81.528956542082,,,,,33,56,,,3147.0,census_geocoder
3272,Masjid DaÃ¢Â€Â™watul el Islamiah,640 Thayer Street,Akron,OH,44310,41.102761103498,-81.508575448759,,,,,35,82,,,3146.0,census_geocoder
3273,Islamic Society of Greater Youngstown/Al Khair Mosque,1670 Homewood Ave,Youngstown,OH,44502,41.077728355962,-80.628630376522,,1989,,https://www.isgyohio.org/about,,32,,,718.0,census_geocoder
3274,Youngstown Islamic Center,239 Trumbull Avenue,Youngstown,OH,44505,41.141076632187,-80.658013656761,,,,,,26,,,3114.0,census_geocoder
3275,Youngstown Islamic Center/ United American Muslim Association,239 Trumbull Avenue,Youngstown,OH,44505,41.141076632187,-80.658013656761,,1980,,https://youngstownislamiccenter.org/about-us/,,26,,,239.0,census_geocoder
3276,Yunus Emre Muslim Community Center,69 W Avondale Ave,Youngstown,OH,44507,41.067204646123,-80.661630848895,,-,Information Without Year,(330) 881-8866,,54,,,709.0,census_geocoder
3277,Masjid Alrahman Of Canton,3026 11th St SW,Canton,OH,44710,40.791656248675,-81.408957741172,,2025,,https://www.cantonrep.com/story/news/local/canton/2025/03/15/canton-mosque-buys-11th-street-church-of-god-building-in-auction/82410517007/,,52,,,390.0,census_geocoder
3278,ÃÂ˜Ã‘ÂÃÂ»Ã‘ÂÃÂ¼Ã‘ÂÃÂºÃÂ¸ Ã‘Â†ÃÂµÃÂ½Ã‘Â‚Ã‘ÂŠÃ‘Â€ ÃÂ½ÃÂ° ÃÂšÃÂ°ÃÂ½Ã‘Â‚Ã‘ÂŠÃÂ½,4848 Higbee Avenue Northwest,Canton,OH,44718,40.851895165484,-81.427701400701,,,,,,46,,,3150.0,census_geocoder
3279,Islamic Society of North East Ohio - North Canton Mosque,6978 Promway Ave NW,North Canton,OH,44720,40.882077318407,-81.429960126472,,2005,,"https://www.causeiq.com/organizations/islamic-society-of-northeast-ohio,341350554/",,41,,,2560.0,census_geocoder
3280,Sandusky Witches Walk,314 West Market Street,Sandusky,OH,44870,41.455519120774,-82.713462332715,,,,,,82,,,3127.0,census_geocoder
3281,Islamic Society of Mansfield,110 North Mulberry st,Mansfield,OH,44903,40.761632987541,-82.517676614821,,2007,,"https://www.causeiq.com/organizations/islamic-society-of-mansfield,341949258/",,82,,,1472.0,census_geocoder
3282,Islamic Center of Mason,999 Reading Road,Mason ,OH,45040,39.341004619145,-84.337717359078,,,,,,49,,,3096.0,census_geocoder
3283,Mason i Islamic school,108 Williams Street,Mason,OH,45040,39.360569425072,-84.317180569839,,,,,,54,,,3095.0,census_geocoder
3284,Al-Imam Al-Muntadhar Center,6920 Dubois Court,Middletown,OH,45044,39.486665425624,-84.337603608802,,,,,17,13,,,3121.0,census_geocoder
3285,Al Quran Islamic School Kingsgate Way,7372 Kingsgate Way,West Chester Township,OH,45069,39.350595160834,-84.372373773676,,,,,,62,,,3119.0,census_geocoder
3286,Dar-E-Zehra Islamic Center,7285 Cincinnati Dayton Road,West Chester Township,OH,45069,39.367514850168,-84.387423524202,,,,,,29,,,3118.0,census_geocoder
3287,Islamic Center of Greater Cincinnat,8091 Plantation Drive,West Chester,OH,45069,39.347733482213,-84.383446281654,,1995,,https://icgc.us/about-us/,,24,,,1249.0,census_geocoder
3288,Islamic Center of Greater Cinncinati,8092 Plantation Drive,Wetherington,OH,45069,39.347589318576,-84.383450840441,,,,http://www.noorohio.org/,,14,,,2874.0,census_geocoder
3289,Ihsan Center,6070 Branch Hill Guinea Pike,Milford,OH,45150,39.205316580176,-84.224498212791,,2009,,https://operationmanual.ihsanonline.org,,38,,,1138.0,census_geocoder
3290,Masjid Al-Ashab,1233 Vine st,Cincinnati,OH,45202,39.108686226834,-84.51494583741,,1993,,https://prayersconnect.com/mosques/84069185-al-ashab-masjid-cincinnati-ohio-united-states,76,98,,,1648.0,census_geocoder
3291,Al istiquama masjid,2755 Shaffer Avenue,Cincinnati,OH,45211,39.144906264061,-84.589507966826,,,,,42,24,,,3143.0,census_geocoder
3292,Cincinnati Islamic Center,2570 Gobel Ct.,Cincinnati,OH,45211,39.143355653827,-84.584879392699,,2006,,https://masjidcicc.org/Food%20Pantry%20HistoryAA.pdf,44,28,,,1031.0,census_geocoder
3293,Cincinnati Masjid & Foundation,933 Bank Street,Cincinnati,OH,45214,39.119366123214,-84.529700065245,,,,,61,75,,,3148.0,census_geocoder
3294,Masjid Abu Bakr Siddik,1960 Harrison Avenue,Cincinnati,OH,45214,39.131559725062,-84.562691440868,,,,,41,22,,,3138.0,census_geocoder
3295,Clifton Mosque/Islamic Association of Cincinnati,3668 Clifton Ave,Cincinnati,OH,45220,39.149684915013,-84.518449622994,,2003,,https://cliftonmosque.org/history,46,52,,,2561.0,census_geocoder
3296,Assunnah Mosque,1254 Bates Avenue,Cincinnati,OH,45225,39.141156684956,-84.537794592798,,,,,46,61,,,3141.0,census_geocoder
3297,Greater Cincinnati Islamic Association (GCIA),7762 Reading Road,Cincinnati,OH,45237,39.203521727225,-84.454698051107,,,,,40,51,,,3140.0,census_geocoder
3298,Al-Quran Islamic School - Blue Ash,11231 Cornell Park Drive,Cincinnati,OH,45242,39.27060303801,-84.370820377009,,,,,,36,,,3142.0,census_geocoder
3299,Al-Huda Mosque - Islamic Society of Greater Dayton,730 South Alpha Bellbrook Road,Sugarcreek Township,OH,45305,39.671858630488,-84.061625531063,,,,https://isgd.org/,,6,,,2880.0,census_geocoder
3300,Islamic Center of Fairborn,3111 Colenel Glenn Highway,Fairborn ,OH,45324,,,,,,,,27,,,3102.0,
3301,Islamic Center of Dayton,2277 Maue rd,Miamisburg,OH,45342,39.631173727061,-84.248651016099,,2007,,https://prayersconnect.com/mosques/84066829-islamic-center-of-dayton-miamisburg-ohio-united-states,,19,,,1228.0,census_geocoder
3302,Islamic Center of Dayton,2227 Maue Road,Miamisburg,OH,45342,39.631184172919,-84.24874206441,,,,,,10,,,3111.0,census_geocoder
3303,Mamaw and Papaw's Party Barn,16011 Kirkwood Road,Sidney,OH,45365,40.212347992059,-84.13384363099,,,,,,0,,,3126.0,census_geocoder
3304,Islamic Community Center,299 E Market St,Xenia,OH,45385,39.686523139304,-83.924880395072,,1984,,https://prayersconnect.com/mosques/84065382-islamic-community-center-xenia-ohio-united-states,,66,,,1388.0,census_geocoder
3305,Diyanet Mosque of Dayton Ahiskan Turks,1306 East 5th Street,Dayton ,OH,45402,39.758119779902,-84.175762307836,,,,,,82,,,3094.0,census_geocoder
3306,Al-Rahman Mosque - Islamic Society of Greater Dayton,26 Josie Street,Dayton ,OH,45403,39.756048692199,-84.176211123624,,1985,,http://www.isgd.org/,,73,,,2878.0,census_geocoder
3307,Osman Gazi Mosque,1508 Valley Street,Dayton,OH,45404,39.783205179052,-84.156273274518,,,,,,24,,,3108.0,census_geocoder
3308,Masjid Salam/Daytom Community Masjid Center,2139 Salem ave,Dayton,OH,45406,39.783601755738,-84.227416718673,,2013,,https://www.causeiq.com/directory/islamic-organizations-list/dayton-kettering-oh-metro/,,38,,,1958.0,census_geocoder
3309,Al islaam Mosque,4500 Salem Avenue,Dayton,OH,45416,39.809677625617,-84.263734652506,,,,,,48,,,3129.0,census_geocoder
3310,Fazl-E-Umar Mosque (Dayton Mosque),637 Randolph Street,Dayton,OH,45417,39.745432540018,-84.229279587702,,,,,,41,,,3109.0,census_geocoder
3311,Fazl-i-Umar Mosque,637 Randolph Street,Dayton,OH,45417,39.745432540018,-84.229279587702,,1964,,https://www.daytonmosque.org/about-us,,41,,,772.0,census_geocoder
3312,Masjid At-Taqwa,701 N Broadway,Dayton,OH,45417,39.745428605368,-84.214725377817,,-,Information Without Year,https://prayersconnect.com/mosques/84076979-masjid-at-taqwa-dayton-ohio-united-states,,57,,,1826.0,census_geocoder
3313,Islamic Center of Centerville,10501 Success Ln,Washington Township,OH,45458,39.596773063603,-84.20551684742,,2017,,https://masjidicc.com/,,4,,,2563.0,census_geocoder
3314,Islamic Center of Centerville,10501 Success Lane,Washington Township,OH,45458,39.596773063603,-84.20551684742,,,,,,4,,,3120.0,census_geocoder
3315,Masjid Al-Madeenah,1800 S Burnett rd,Springfield,OH,45505,39.901572203624,-83.771836462243,,1980,,https://www.mviamasjid.com/about,,12,,,1710.0,census_geocoder
3316,Masjid An Nur,743 West Liberty Street,Springfield,OH,45506,39.914787233224,-83.825635499448,,-,No Basic Information,No website,,22,,,1787.0,census_geocoder
3317,Islamic Center of Athens,13 Steward st,Athens,OH,45701,39.325960900705,-82.095325389668,,1986,,https://www.ica-athens.org/msa-of-ou,35,64,,,1202.0,census_geocoder
3318,Islamic Center of Marietta,607 Putnam Street,Marietta,OH,45750,39.418907004305,-81.448977709724,,,,,,75,,,3097.0,census_geocoder
3319,Al-Muwahideen Society,634 Catalpa ave,Lima,OH,45804,40.719693654144,-84.097185108881,,1997,,https://www.facebook.com/Muwahideen,22,41,,,908.0,census_geocoder
3320,Islamic Society of Greater Lima,1800 Allentown Road,Lima,OH,45805,40.7459609,-84.1373542,,2000,,"https://www.causeiq.com/organizations/islamic-society-of-greater-lima,311556235/",20,69,,,1465.0,nominatim
3321,Findlay Masjid,218 Howard St,Findlay,OH,45840,41.051600713878,-83.652116300152,,-,No Basic Information,,,59,,,551.0,census_geocoder
3322,Oklahoma Islamic Academy ,2028 E Memorial Road,Edmond,OK,73013,35.608848878877,-97.477822486209,,2015,,"https://www.causeiq.com/organizations/iqra-center-of-oklahoma-llc,800846870/",0,47,,,2854.0,census_geocoder
3323,Islamic Society of Edmond,525 N University Dr.,Edmond,OK,73034,35.660293003171,-97.475093057444,,1990,,https://www.archnet.org/sites/10610,,61,,,1460.0,census_geocoder
3324,Islamic Society of Norman/Masjid Annur,420 East Lindsey Street,Norman,OK,73069,35.203787552032,-97.437676650624,,2012,,https://isnok.org/about-us/,,70,,,312.0,census_geocoder
3325,Masjid Al-Mu'mi,1322 Ne 23Rd st,Oklahoma City,OK,73111,35.493128503327,-97.488317743857,,1960,,https://www.7cups.com/local/us/ok/oklahoma-city/faith/masjid-mumin-54726727368,45,58,,,1719.0,census_geocoder
3326,Grand Mosque of Oklahoma City,3201 NW 48th St,Oklahoma City,OK,73112,35.520360661363,-97.572418784224,,2003,,https://www.amaokc.com/about,38,57,,,2564.0,census_geocoder
3327,Islamic Society of Greater Oklahoma City ISGOC/Masjid An-Nasr,3815 St Clair Ave,Oklahoma City,OK,73112,35.509173440723,-97.581257476675,,1997,,https://www.isgoc.com/about,31,55,,,2565.0,census_geocoder
3328,Mercy Masjid and School,3900 Nw 39Th,Oklahoma City,OK,73112,35.511173505175,-97.586877977079,,1997,,https://www.isgoc.com/about,29,51,,,2037.0,census_geocoder
3329,Muslim American Society- Oklahoma Chapter,510 E Memorial Rd STE D-3 & D-4,Oklahoma City,OK,73114,35.609102483727,-97.504801128927,,2015,,"https://www.causeiq.com/organizations/muslim-american-society-oklahoma-chapter,474876175/",,23,,,2852.0,census_geocoder
3330,Crossroads Islamic Center of Oklahoma,7004 S I-35 Service Rd,Oklahoma City,OK,73149,35.396116880185,-97.49467172325,,2022,,"https://www.causeiq.com/organizations/crossroads-islamic-center-of-oklahoma,830639404/",28,52,,,2566.0,census_geocoder
3331,Towheed Foundation of Oklahoma,105 NE 23rd St,Moore,OK,73160,35.359504889296,-97.494146278962,,2015,,"https://www.causeiq.com/organizations/towheed-foundation-of-oklahoma,474604714/",,56,,,2853.0,census_geocoder
3332,WisdomHub Islamic Center,7755 W Hefner Rd Unit D,Oklahoma City,OK,73162,35.580165809375,-97.651915617232,,-,Information Without Year,,0,58,,,2855.0,census_geocoder
3333,Islamic Center of Ardmore,P.O. Box 452,Ardmore,OK,73401,,,,2011,,https://www.cairoklahoma.com/islamguide/,,68,,,1201.0,
3334,Islamic Center of Lawton,913 SW F Ave,Lawton,OK,73501,34.601793298244,-98.40184706883,,2012,,https://www.kswo.com/story/19077795/muslims-in-lawton-finally-have-their-own-mosque/,,71,,,1276.0,census_geocoder
3335,American Muslim Association of Lawton,6418 NW Birch Av,Lawton,OK,73505,34.618499707336,-98.472113651931,,2016,,https://www.kswo.com/story/31800527/american-muslim-association-plants-tree-promotes-unity/,,51,,,938.0,census_geocoder
3336,Masjid Al-Falah Bilal Muhammad,701 Nw 17th st Suite B & C,Lawton,OK,73507,34.616122232047,-98.413545574474,,1975,,https://www.facebook.com/groups/113045182084777/about,,64,,,1658.0,census_geocoder
3337,Bartlesville Islamic Center,200 Forrest Park Road,Bartlesville,OK,74003,36.775721414445,-95.99415364287,,2021,,https://bicoklahoma.com,,0,,,2856.0,census_geocoder
3338,Al-Mahdi Foundation,2105 E Greeley,Broken Arrow,OK,74012,36.057399204133,-95.813761863986,,1998,,"https://www.causeiq.com/organizations/al-mahdi-foundation,731534985/",19,58,,,901.0,census_geocoder
3339,Islamic Society of Stillwater,616 N Washington St,Stillwater,OK,74075,36.128936269402,-97.069488570547,,2004,,https://icstillwater.org/about/,,48,,,615.0,census_geocoder
3340,University of Tulsa Islamic Center,3020 E 4Th Place,Tulsa,OK,74104,36.154594056575,-95.945825540429,,2002,,https://www.tumasjid.org/aboutus.html,37,62,,,2061.0,census_geocoder
3341,Tulsa Muslim American Community,1314 N Greenwood,Tulsa,OK,74106,36.174034778446,-95.986906384765,,1999,,"https://www.causeiq.com/organizations/tulsa-muslim-american-community-tulsa-masjid-of-al,731485439/",35,29,,,2207.0,census_geocoder
3342,Tulsa Islamic Foundation ,9723 E 61st S,Tulsa,OK,74133,36.075467052701,-95.86766862434,,2012,,http://www.tif-us.org/intro-e.htm,28,39,,,2692.0,census_geocoder
3343,Islamic Society of Tulsa,4630 S Irvington Ave,Tulsa,OK,74135,36.095999688603,-95.911216893863,,1997,,https://tulsaflyer.org/2026/01/12/government/post/things-know-about-broken-arrow-mosque-ahead-council-vote/,29,47,,,2567.0,census_geocoder
3344,Masjid Al Salam/Islamic Society of Tulsa,4630 S Irvington ave,Tulsa,OK,74135,36.095999688603,-95.911216893863,,1990,,https://theisla.org/member-school-peace-academy/,29,47,,,1627.0,census_geocoder
3345,Masjid Al-Khalifah,6610 S Peoria Ave Ste D,Tulsa,OK,74136,36.070492403977,-95.975849952357,,1999,,"https://www.causeiq.com/organizations/tulsa-muslim-american-community-tulsa-masjid-of-al,731485439/#:~:text=The%20Tulsa%20Muslim%20American%20Community%20Tulsa%20Masjid,*%20**Categorization**%20NTEE%20code,%20primary:%20X40:%20Islamic",37,52,,,1706.0,census_geocoder
3346,Masjid An-Nur,517 E Okmulgee st,Muskogee,OK,74401,35.74499049176,-95.36219391969,,2005,,https://www.cair.com/cair_in_the_news/town-should-celebrate-mosque-and-diversity-muskogee-phoenix/,,62,,,1793.0,census_geocoder
3347,Bilal Masjid,4115 SW 160th,Beaverton,OR,97007,45.490090849627,-122.8420117442,,1994,,https://bilalmasjid.net/about,44,34,,,3369.0,census_geocoder
3348,Bilal Mosque,4115 SW 160th Ave,Beaverton,OR,97007,45.490090849627,-122.8420117442,,1994,,https://bilalmasjid.net/history,45,49,,,2575.0,census_geocoder
3349,Islamic Center of Portland,6940 SW Hall Blvd,Beaverton,OR,97008,45.469738599242,-122.804063796915,,1993,,https://rdc.reed.edu/c/pmhp/home/centers,39,56,,,2571.0,census_geocoder
3350,Turkish Ahiska Community Center,21459 Southeast Stark Street,Gresham,OR,97030,45.519153806852,-122.442514002776,,1993,,https://diyanetamerica.org/about-us/what-is-dca/,44,40,,,3368.0,census_geocoder
3351,Wilsonville Muslim Community Center,8755 SW Citizens Dr Suite #204,Wilsonville,OR,97070,45.303964714669,-122.767133094123,,2018,,https://www.wmccoregon.org/,35,80,,,3364.0,census_geocoder
3352,Iqra Center Hillsboro,1440 Northeast 17th Avenue,Hillsboro,OR,97124,45.535735171102,-122.964483062434,,,,https://iqracenterhillsboro.org/,33,59,,,3367.0,census_geocoder
3353,Islamic Community Center of Hillsboro,7270 Northwest Helvetia Road,Hillsboro,OR,97124,45.577529369848,-122.920969665246,,2011,,https://www.icc-hillsboro.org/about,18,17,,,585.0,census_geocoder
3354,Al Furqan Islamic Center,7410 NE Martin Luther King Jr Blvd,Portland,OR,97211,45.576610194132,-122.661267416058,,2008,,https://salaamalykum.com/?/article/1686,49,79,,,2574.0,census_geocoder
3355,Al-Huda Mosque,436 NE 71st Ave,Portland,OR,97213,45.525922017969,-122.589758800487,,1998,,"https://www.alhudamosque.org/about#:~:text=Al-Huda%20Islamic%20Association,%20also%20known%20as%20Masjid,*%20A%20multipurpose%20room%20for%20community%20events",60,84,,,2579.0,census_geocoder
3356,Masjid Abubaka Al-Sadiq,2 NE 80th Ave,Portland,OR,97213,45.522852589704,-122.581383925723,,2009,,https://rdc.reed.edu/c/pmhp/home/centers,61,91,,,1579.0,census_geocoder
3357,Omar Farooq Mosque,11937- A SE Stark St,Portland,OR,97216,45.519066419182,-122.539997710126,,2017,,https://prayersconnect.com/mosques/84032148-masjid-omar-farooq-portland-oregon-united-states,56,73,,,2580.0,census_geocoder
3358,Muslim Community Center of Portland,"5327 N Vancouver Ave, Portland",Portland,OR,97217,45.561815610611,-122.668674735117,,2016,,https://rdc.reed.edu/c/pmhp/home/centers,54,85,,,2091.0,census_geocoder
3359,Oregon Islamic Chaplains Organization,5623 N Maryland Ave,Portland,OR,97217,45.563559222929,-122.681283422,,2005,,https://projects.propublica.org/nonprofits/organizations/931313557,54,83,,,2582.0,census_geocoder
3360,Ahmadiyya Muslim Community,9925 SW 35th Drive,Portland,OR,97219,45.45363183957,-122.712855126121,,1996,,https://rdc.reed.edu/v1/resources/4c812b6d-f0f8-43bd-a7f1-b23fee26af61,44,42,,,2577.0,census_geocoder
3361,As-Saber Mosque,10323 SW 43rd Ave,Portland,OR,97219,45.450906137873,-122.721602198533,,1979,,https://pluralismarchive.hsites.harvard.edu/masjed-sabr-islamic-center-portland,41,80,,,2568.0,census_geocoder
3362,Minaret As-Saber Mosque,10323 SW 43rd Ave,Portland,OR,97219,45.450906137873,-122.721602198533,,,,https://assaber.org/,41,80,,,3366.0,census_geocoder
3363,Towhid Islamic Center,10502 NE Wasco St,Portland,OR,97220,45.531986890209,-122.554612210096,,2021,,https://www.towhidic.org/,67,80,,,3365.0,census_geocoder
3364,Muslim Educational Trust,10330 SW Scholls Ferry Rd,Tigard,OR,97223,45.445388268871,-122.79484498744,,1993,,https://www.metpdx.org/,28,73,,,2576.0,census_geocoder
3365,Masjid Ibrahim Bethany Musalla,15188 Northwest Central Drive,Portland,OR,97229,45.55446951372,-122.833126896821,,2010,,https://masjid-ibrahim.com/about-us/,21,80,,,386.0,census_geocoder
3366,Annoor Islamic Center,12419 NE Glisan St,Portland,OR,97230,45.526382111312,-122.535164770567,,2000,,https://m.yelp.com/biz/masjid-annoor-islamic-center-portland,54,77,,,2573.0,census_geocoder
3367,Islamic Bosniaks Educational & Cultural Organization - IBECO,12338 SE Foster Rd,Portland,OR,97236,45.476506887525,-122.535995213592,,2003,,https://prayersconnect.com/mosques/84045954-islamic-bosniaks-educational-cultural-organization-ibeco-portland-oregon-united-states,39,45,,,2581.0,census_geocoder
3368,Salem Islamic Center,3215 Fisher Rd NE,Salem,OR,97305,44.966943679858,-122.988685990724,,2012,,"https://www.causeiq.com/organizations/salem-islamic-center,273148479/",38,73,,,2569.0,census_geocoder
3369,Salman Alfarisi Islamic Center - Corvallis Masjid ŸÖÿ≥ÿ¨ÿØ,610 NW Kings Blvd,Corvallis,OR,97330,44.573540340382,-123.275278870203,,2018,,"https://www.causeiq.com/organizations/salman-alfarisi-islamic-center,823545776/",36,85,,,2570.0,census_geocoder
3370,Abu-Bakr As-Siddiq Islamic Center/Eugene Islamic Center,1856 W Broadway,Eugene,OR,97402,44.049911812419,-123.120988584713,,1998,,https://abuubakar.org/about-us/,42,77,,,2572.0,census_geocoder
3371,Al-Tawheed Mosque,550 Rogue River Pkwy,Talent,OR,97540,42.240012093882,-122.776480352796,,2013,,"https://southernoregonmosque.org/about/#:~:text=Masjid%20Al%20Tawheed%20is%20the%20only%20mosque,teachings%20of%20the%20Quran%20and%20Prophet%20Muhammad",,44,,,2578.0,census_geocoder
3372,Masjid Klamath Falls,248 Main St,Klamath Falls,OR,97603,42.222280844828,-121.785133235149,,-,Information Without Year,(909) 244-2570,27,75,,,1520.0,census_geocoder
3373,Islamic Center of Ambridge,300 Maplewood Avenue,Ambridge,PA,15003,40.581942667668,-80.224931132802,,2008,,https://en.halalguide.me/pittsburg-1/mechet/islamic-center-of-ambridge#,,72,,,,census_geocoder
3374,Muslim Association of Greater Pittsburgh,5725 North Montour Road,Gibsonia,PA,15044,40.6553203286,-79.983692206891,,2014,,https://www.mapitt.org/about-us-new,,4,,,,census_geocoder
3375,Islamic Center of Western Pennsylvania,550 Warrendale Bayne Road,Marshall Township,PA,15090,40.6552526,-80.0874628,,2019,,https://triblive.com/privacy/,,5,,,,nominatim
3376,Attawheed Community Center,419 Washington Avenue,Carnegie,PA,15106,40.409107645662,-80.083560554324,,1995,,https://www.attawheed.org/about-us.html,,81,,,,census_geocoder
3377,Attawheed Islamic Center,401 Washington Avenue,Carnegie,PA,15106,40.409147140334,-80.083559486897,,1995,,https://www.attawheed.org/about-us.html,,79,,,,census_geocoder
3378,Muslim Community Center of Greater Pittsburgh (MCCGP),233 Seaman Lane,Monroeville,PA,15146,40.437062485554,-79.788845788788,,1986,,https://mccgp.org/our-history/,,44,,,,census_geocoder
3379,al-Mu'min Mosque,537 Paulson Avenue,Pittsburgh,PA,15206,40.464270964389,-79.911013209977,,1989,,https://nurcommunitynetwork.org/masjid-al-mumin-of-pgh-1,58,81,,,,census_geocoder
3380,Masjid Nur Uz Zamaan,1320 Boyle Street,Pittsburgh,PA,15212,40.457230414442,-80.006155865718,,2008,,https://www.qrteeviewer.com/view_qrt/e9222a54-99b0-4c3d-95ec-6c34487db307,55,86,,,,census_geocoder
3381,Islamic Center of Pittsburgh,4100 Bigelow Boulevard,Pittsburgh,PA,15213,40.449131982477,-79.955624282461,,1989,,https://en.wikipedia.org/wiki/Islamic_Center_of_Pittsburgh,70,83,,,,census_geocoder
3382,Masjid At-Tawheed,1424 Banksville Road,Pittsburgh,PA,15216,40.413205726267,-80.030671776147,,1995,,https://www.attawheed.org/about-us.html,41,52,,,,census_geocoder
3383,al-Awwal Mosque,1911 Wylie Avenue,Pittsburgh,PA,15219,40.443963682455,-79.981572624674,,1932,,https://www.mapquest.com/us/pennsylvania/first-muslim-mosque-1927138,78,81,,,,census_geocoder
3384,Crane Avenue Mosque,"
",Pittsburgh,PA,15220,40.4406968,-80.0025666,,"
",,"
",94,99,,,,nominatim
3385,Masjid As-Salaam Pittsburgh,912 Lorenz Avenue,Pittsburgh,PA,15220,40.442991071993,-80.042206363335,,"
",,"
",46,48,,,,census_geocoder
3386,Ahmadiyya Muslim Community Mosque,747 South Avenue,Pittsburgh,PA,15221,40.441648847963,-79.884154754182,,"
",,"
",,84,,,,census_geocoder
3387,Muhammad's Study Group #22 Nation of Islam,1001 South Avenue,Pittsburgh,PA,15221,40.440324902887,-79.880167255787,,"
",,"
",,77,,,,census_geocoder
3388,Alfatimiah of Pittsburgh,89 Cherry Street,Etna,PA,15223,40.495035812306,-79.944496206601,,"
",,"
",,53,,,,census_geocoder
3389,Masjid Anisa,1807 Fulton Street,Pittsburgh,PA,15233,40.458492392577,-80.026191392019,,"
",,"
",47,55,,,,census_geocoder
3390,Imamia Organization of Pittsburgh,801 Pierson Run Road,Pittsburgh,PA,15239,40.458162833321,-79.735465892016,,"
",,"
",,6,,,,census_geocoder
3391,Islamic Center of Greater Uniontown,100 Woodlawn Avenue,Uniontown,PA,15401,39.900142118561,-79.737028271963,,"
",No Basic Information,"
",,70,,,,census_geocoder
3392,Islamic Center of Indiana,2835 West Pike Road,Indiana,PA,15701,40.621875179414,-79.209745366831,,2013,,https://muslimsinpa.com/community-timeline/,,17,,,,census_geocoder
3393,Conemaugh Johnstown Islamic Center,628 Somerset Street,Johnstown,PA,15901,40.319356286008,-78.915727207567,,"
",,"
",,63,,,,census_geocoder
3394,Islamic Center of Johnstown,809 Main Street,Windber,PA,15963,,,,2005,,https://mosques.cmac.ws/islamic-center-of-johnstown/999/,,17,,,,
3395,Islamic Center of New Castle,1225 Finch Street,New Castle,PA,16101,40.98655644494,-80.331171603897,,1983,,https://prayersconnect.com/mosques/84022998-islamic-center-of-new-castle-new-castle-pennsylvania-united-states,,55,,,,census_geocoder
3396,Abu Bakr Islamic center,1301 Idaho Street,Farrell,PA,16121,41.216577610627,-80.490880302074,,"
",,"
",,42,,,,census_geocoder
3397,Bosnian Islamic Cultural Center of Erie,1001 West 21st Street,Erie,PA,16502,42.108331813491,-80.097114895466,,"
",,"
",34,65,,,,census_geocoder
3398,Al Makarim Islamic Foundation,1635 Ash Street,Erie,PA,16503,42.124733205617,-80.065657471933,,2002,,https://prayersconnect.com/mosques/84031193-al-makarim-islamic-foundation-erie-pennsylvania-united-states,38,61,,,,census_geocoder
3399,Islamic Association of Erie,2419 Holland Street,Erie,PA,16503,42.114840202224,-80.070782985875,,2009,,https://eriemasjid.alminaret.com/about-masjid,40,68,,,,census_geocoder
3400,Islamic Cultural Center of Erie,2426 Parade Street,Erie,PA,16503,42.116508562946,-80.066033645779,,2009,,https://public.eriecountypa.gov/property-tax-records/property-records/property-tax-search/parcel-profile.aspx?parcelid=18050015020000,38,69,,,,census_geocoder
3401,Mosque Of Al-Ghadir,1950 East 20th Street,Erie,PA,16510,42.133289311013,-80.034047413146,,"
",,"
",32,40,,,,census_geocoder
3402,Jaffa Mosque,2200 Broad Avenue,Altoona,PA,16601,40.505836852923,-78.409248732067,,1930,,https://jaffashriners.org,,69,,,,census_geocoder
3403,MASJID Al BIRR WA TAQWA,210 East Plank Road,Altoona,PA,16602,40.481425500037,-78.402244031183,,"
",Information Without Year,"
",,78,,,,census_geocoder
3404,Islamic Center of Altoona,703 South Logan Boulevard,Hollidaysburg,PA,16648,40.457034423581,-78.394649846835,,"
",No Basic Information,"
",,42,,,,census_geocoder
3405,Islamic Society of Central Pennsylvania,454 Rolling Ridge Drive,State College,PA,16801,40.785743076135,-77.824886991956,,1982,,https://www.mapquest.com/us/pennsylvania/islamic-center-of-central-penn-353450389,,44,,,,census_geocoder
3406,Al-AwwÄbÄ«n,709 Ridge Avenue,State College,PA,16803,40.7946553,-77.8757741,,1982,,https://iscpmasjid.com/about,41,14,,,,nominatim
3407,AL-Towfiq Mosque,2 West Main Street,Shiremanstown,PA,17011,40.222999747859,-76.955079304093,,"
",,"
",,53,,,,census_geocoder
3408,The Peace Centre (Mosque),505 Cavalry Road,Carlisle,PA,17013,40.221738146038,-77.17611907817,,1982,,https://iscpmasjid.com/about,,23,,,,census_geocoder
3409,Bosnian Islamic Cultural Center of Carlisle,648 Alexander Spring Road,Carlisle,PA,17015,40.178285115843,-77.242933429272,,"
",,"
",,1,,,,census_geocoder
3410,Hershey Islamic Center,35 East 2nd Street,Hummelstown,PA,17036,40.266620053028,-76.706644779312,,2013,,https://prayersconnect.com/mosques/84019989-hershey-islamic-center-hummelstown-pennsylvania-united-states,,82,,,,census_geocoder
3411,Lebanon Valley Masjid,1300 Florence Street,Lebanon,PA,17042,40.330659884972,-76.431108987866,,"
",Information Without Year,https://lebanonvalleymasjid.weebly.com/,,67,,,,census_geocoder
3412,Ahmadiyya Mosque Mechanicsburg,7063 Wertzville Road,Mechanicsburg,PA,17050,40.282605822139,-77.05604193794,,"
",,"
",,9,,,,census_geocoder
3413,Al-'Hikmeh Institute & Mosque,5138 East Trindle Road,Mechanicsburg,PA,17050,40.223086102644,-76.977250929809,,"
",,"
",,33,,,,census_geocoder
3414,Al-nur Mosque,5247 Simpson Ferry Road,Mechanicsburg,PA,17050,40.217266966501,-76.985236149817,,2009,,"
",,55,,,,census_geocoder
3415,American Islamic Cultural Center,7117 Wertzville Road,Mechanicsburg,PA,17050,,,,"
",,"
",,1,,,,
3416,ISLAMIC CENTER OF PA,5138 East Trindle Road,Mechanicsburg,PA,17050,40.223086102644,-76.977250929809,,1992,,https://icp.alminaret.com/about-masjid,,33,,,,census_geocoder
3417,The Bosnia & Herzegovina Islamic Center of Pennsylvania,4922 Simpson Ferry Road,Mechanicsburg,PA,17050,,,,"
",,"
",,44,,,,
3418,Masjidul Muwahhideen,1719 Walnut Street,Harrisburg,PA,17103,40.270105787716,-76.865847374881,,"
",,"
",37,77,,,,census_geocoder
3419,Cham Muslims Association of Penn,1701 Putnam Street,Harrisburg,PA,17104,40.252223531416,-76.857498554353,,2010,,https://prayersconnect.com/mosques/84039211-cham-muslims-association-of-pennsylvania-harrisburg-pennsylvania-united-states,34,64,,,,census_geocoder
3420,Islamic Center Al Sabereen,1403 South Cameron Street,Harrisburg,PA,17104,40.245821280543,-76.861282363986,,1993,,https://sabereenpa.alminaret.com/about-masjid,30,28,,,,census_geocoder
3421,Harrisburg Islamic Center (HIX),4813 Jonestown Road,Harrisburg,PA,17109,40.304035727735,-76.80865577143,,"
",,"
",,65,,,,census_geocoder
3422,Hadee Mosque,245 Division Street,Harrisburg,PA,17110,40.291121104211,-76.902782518508,,2010,,https://ahmadiyyamosque.blogspot.com/2014/12/hadee-mosque-harrisburg-pennsylvania-usa.html,30,53,,,,census_geocoder
3423,Islamic Society of Greater Harrisburg (ISGH),407 North Front Street,Steelton,PA,17113,40.237043987525,-76.845998204879,,1970,,https://pluralismarchive.hsites.harvard.edu/islamic-society-greater-harrisburg-isgh,,59,,,,census_geocoder
3424,Masjid - House of Peace & Harmony,761 5th Avenue,Chambersburg,PA,17201,39.944316027776,-77.646433155819,,"
",,"
",,34,,,,census_geocoder
3425,Marifah | An Islamic Center | Mosque | Muslim Community Center,13308 Buena Vista Road,Waynesboro,PA,17268,39.731570410883,-77.50165427407,,"
",,"
",,0,,,,census_geocoder
3426,Islamic Society of Hanover,710 West Elm Avenue,Hanover,PA,17331,39.808492003565,-77.001221343309,,"
",,"
",,58,,,,census_geocoder
3427,At-Tawheed Mosque,549 West Market Street,York,PA,17403,39.958192750914,-76.741700148598,,"
",,"
",45,84,,,,census_geocoder
3428,Masjid At-Tawheed,9 South Belvidere Avenue,York,PA,17404,39.956833110199,-76.745022755626,,2000,,https://masjidtawheedofyorkpa.org/about-us/,42,81,,,,census_geocoder
3429,Diyanet Mosque of Lancaster Ahiska Turks,747 Centerville Road,Lancaster,PA,17601,40.060394300402,-76.396768302735,,"
",,"
",,49,,,,census_geocoder
3430,Islamic Community Center of Lancaster,951 Rohrerstown Road,Lancaster,PA,17601,40.059328913952,-76.359834358399,,2013,,https://www.feelingblessed.org/organization/detail/iccl,,54,,,,census_geocoder
3431,Islamic Center of Lancaster,227 North Queen Street,Lancaster,PA,17603,40.041579432159,-76.306301490705,,2013,,https://www.feelingblessed.org/organization/detail/iccl,,98,,,,census_geocoder
3432,United Islamic Association of Lancaster County,739 West Vine Street,Lancaster,PA,17603,40.031208764911,-76.316279936826,,2013,,https://www.feelingblessed.org/organization/detail/iccl,,80,,,,census_geocoder
3433,MASJID AT-TAWBAH,1307 Park Avenue,Williamsport,PA,17701,41.243014127636,-77.03343676844,,2017,,"https://www.causeiq.com/organizations/masjid-at-tawbah,472315834/",,58,,,,census_geocoder
3434,Willamsport Islamic Center,1663 Memorial Avenue,Willamsport,PA,17701,41.242480249294,-77.042582586703,,2017,,"https://www.causeiq.com/organizations/masjid-at-tawbah,472315834/#:~:text=Masjid%20At-Tawbah%20is%20an%20Islamic%20nonprofit%20organization,tax-deductible%20contributions**%20Yes%20*%20**Parent/child%20status**%20Independent",,45,,,,census_geocoder
3435,Williamsport Islamic Centre,322 Locust Street,Williamsport,PA,17701,41.238928032212,-77.0117513931,,2007,,https://prayersconnect.com/mosques/84036060-williamsport-islamic-center-williamsport-pennsylvania-united-states,,80,,,,census_geocoder
3436,Sunbury Islamic Center,63 North 4th Street,Sunbury,PA,17801,40.862203637116,-76.790648882156,,1989,,https://sunburyislamiccenter.com/about/,,91,,,,census_geocoder
3437,Danville Muslim Community Center (DMCC) Masjid/Islamic Center,14 Oak Street,Danville,PA,17821,40.966557311398,-76.598003293861,,"
",,"
",,28,,,,census_geocoder
3438,Masjid Kamal-e-Rasool,101 North Vine Street,Shamokin,PA,17872,40.78614913413,-76.549005471084,,"
",Information Without Year,http://www.kamalerasool.com/contact.html,,72,,,,census_geocoder
3439,Islamic Society Of Schuylkill County,1043 East Norwegian Street,Pottsville,PA,17901,40.691743868746,-76.181798120525,,1986,,"https://www.causeiq.com/organizations/islamic-society-of-schuylkill-county,224354001/",,22,,,,census_geocoder
3440,Center for Islamic Studies,9 West Packer Avenue,Bethlehem,PA,18015,40.608244083781,-75.378475962619,,"
",,"
",37,92,,,,census_geocoder
3441,Respect Masjid,2200 Industrial Drive,Bethlehem,PA,18017,40.646516440275,-75.42274899363,,"
",,"
",27,35,,,,census_geocoder
3442,Turkish Cultural Center Bethlehem,2200 Industrial Drive,Bethlehem,PA,18017,40.646516440275,-75.42274899363,,"
",,"
",27,35,,,,census_geocoder
3443,Al Rawdah Islamic Center,417 Howertown Road,Catasauqua,PA,18032,40.654886938508,-75.46969941383,,2019,,https://alrcpa.org/,,71,,,,census_geocoder
3444,Easton Phillipsburg Muslim Association,1017 Lehigh Street,Easton,PA,18042,40.687662216712,-75.222570112562,,2009,,https://prayersconnect.com/mosques/84059949-easton-phillipsburg-muslim-association-easton-pennsylvania-united-states,35,77,,,,census_geocoder
3445,Muslim Association of Lehigh Valley (MALV),1988 Schadt Avenue,Fullerton,PA,18052,40.638322663927,-75.505027771911,,1979,,"https://www.malv.org/volunteers#:~:text=We%20need%20your%20help,%2C%20spritually%2C%20medically%20and%20physically.",,23,,,,census_geocoder
3446,Al-Maqasid,7386 Alburtis Road,Macungie,PA,18062,40.515469473444,-75.58518892942,,2013,,https://rocketreach.co/al-maqasid-profile_b4282c2bc1fa4132,,4,,,,census_geocoder
3447,Revival Ihya,226 East Main Street,Macungie,PA,18062,40.513692976694,-75.551610554807,,"
",,"
",,58,,,,census_geocoder
3448,Tawheed Mosque of Greater Allentown,220 North 4th Street,Allentown,PA,18102,40.607321494253,-75.467116509416,,2025,,https://www.facebook.com/61568695730091/posts/masjid-tawheed-of-greater-allentown-grand-opening-%EF%B8%8F-friday-february-14th-1pm-220/122120325158623191/,47,84,,,,census_geocoder
3449,Baitul Ata Mosque (Ahmadiyya Muslim Community),2860 South Pike Avenue,Allentown,PA,18103,40.567013785615,-75.44978145339,,"
",,"
",,18,,,,census_geocoder
3450,Shia Ithna'asheri Jamaat of PA,1500 Ridgeview Drive,Allentown,PA,18104,40.608439226769,-75.563657138357,,2023,,https://www.lehighvalleynews.com/parkland/2023-01-19/new-mosque-to-be-built-at-al-ahad-islamic-center-in-south-whitehall,,15,,,,census_geocoder
3451,Islamic Society of Allentown,6635 Tilghman Street,Allentown,PA,18106,40.589152587149,-75.604020772058,,2004,,https://isallentown.org/,,32,,,,census_geocoder
3452,JESUSS OF MOSQUE,"
",Upper Macungie Township,PA,18106,40.5735876,-75.614631,,"
",,"
",,8,,,,nominatim
3453,Islamic Education Center of Pennsylvania,1109 East Linden Street,Allentown,PA,18109,40.6112585,-75.448784,,2005,,https://www.mcall.com/2005/06/10/islamic-center-to-open-in-allentown-church-some-congregants-say-location-of-whitehall-center-is-inconvenient/,30,56,,,,nominatim
3454,Pike County Islamic Center,115 Mountain Avenue,Matamoras,PA,18336,41.359261235232,-74.716669894581,,"
",,"
",,12,,,,census_geocoder
3455,Stroudsburg Islamic Center,133 North 2nd Street,Stroudsburg,PA,18360,40.994797973731,-75.190928648533,,1988,,http://stroudsburgislamiccenter.com/,,55,,,,census_geocoder
3456,Islamic Center of Scranton,1509 West Pass Avenue,Scranton,PA,18508,41.438324646203,-75.671366438807,,1996,,https://www.islamiccenterofscranton.com/about,,42,,,,census_geocoder
3457,Mosque Azizia,306 Taylor Avenue,Scranton,PA,18510,41.403696943231,-75.652819657106,,"
",,"
",,79,,,,census_geocoder
3458,Al-Noor Mosque,991 Scott Street,Wilkes-Barre,PA,18705,41.256447306517,-75.842659972493,,2010,,"
",,56,,,,census_geocoder
3459,Chester Central Mosque,842 Central Avenue,Chester,PA,19013,39.842820814627,-75.38212551188,,"
",,"
",41,53,,,,census_geocoder
3460,Islamic Center of Chester,14 East 7th Street,Chester,PA,19013,39.850267989759,-75.362051343315,,1994,,https://isccpa.org/history/,52,80,,,,census_geocoder
3461,Masjid Al-Fajr,2009 West 3rd Street,Chester,PA,19013,39.836164756865,-75.382609337616,,"
",No Basic Information,"
",43,49,,,,census_geocoder
3462,Masjid As-Sabiqun,1105 Concord Avenue,Chester,PA,19013,39.849506071789,-75.375392909812,,1994,,https://www.masjidas-sabiqun.org/history/,41,49,,,,census_geocoder
3463,Nation of Islam Chester Study Group,1301 West 3 Street,Chester,PA,19013,39.839996073698,-75.375249787342,,1954,,https://dev.muhammadmosque102.org/local-history/,41,40,,,,census_geocoder
3464,Shamsiddin Islam,2720 West 3rd Street,Chester,PA,19013,39.832289093098,-75.390256221582,,"
",,"
",44,62,,,,census_geocoder
3465,Faith Unity Islamic Center,5961 Bensalem Boulevard,Bensalem Township,PA,19020,40.125353378123,-74.903435508685,,2002,,"
",,36,,,,census_geocoder
3466,Masjid Al Iman,813 State Road,Croydon,PA,19021,40.087192227701,-74.903945121446,,"
",,"
",,59,,,,census_geocoder
3467,TAMCA (Diyanet Mosque of Levittown),541 Levittown Parkway,Levittown,PA,19054,40.143926609312,-74.821169457571,,1958,,"https://philadelphiaencyclopedia.org/essays/levittowns/#:~:text=Fairless%20Works%20plant.-,The%20Levitts%20built%20slightly%20more%20than%2017,300%20homes%20of%20only,of%20between%20300-500%20houses.",,31,,,,census_geocoder
3468,Masjid Al Huda,1301 Frosty Hollow Road,Levittown,PA,19056,40.144983697038,-74.889343509912,,"
",,"
",,38,,,,census_geocoder
3469,Isabet Mevlana Mosque,5201 Bristol Emilie Road,Levittown,PA,19057,40.135243919418,-74.871259508383,,"
",,"
",,55,,,,census_geocoder
3470,Zubaida Foundation Mosque,855 Big Oak Road,Yardley,PA,19067,40.208043569364,-74.825319172184,,2005,,https://www.zubaidafoundation.com/about,,22,,,,census_geocoder
3471,Al Madinah Islamic Academy,148 Garrett Road,Upper Darby Township,PA,19082,39.959716233944,-75.264211170388,,"
",,"
",,93,,,,census_geocoder
3472,Al-Madinah Mosque,201 South 69th Street,Upper Darby Township,PA,19082,39.956402155242,-75.257775747019,,"
",,"
",,93,,,,census_geocoder
3473,Al-Quran Center,53 Long Lane,Upper Darby Township,PA,19082,39.960040431029,-75.262666308704,,"
",,"
",,93,,,,census_geocoder
3474,Masjid Al-Madina,6800 Ludlow Street,Upper Darby,PA,19082,39.961310808726,-75.257116906644,,1998,,"https://masjidalmadinah.org/aboutus/#:~:text=The%20Upper%20Darby%20Islamic%20Center,%20also%20known,*%20Providing%20health%20care%20for%20needy%20families",,94,,,,census_geocoder
3475,Masjid Omar,51 South State Road,Upper Darby Township,PA,19082,39.962844926824,-75.2715814312,,"
",No Basic Information,"
",,76,,,,census_geocoder
3476,Islamic Center of Delaware County,2502 Township Line Road,Havertown,PA,19083,39.966160261229,-75.299255943057,,1998,,https://www.delcotimes.com/2005/06/28/a-look-inside-delaware-countys-largest-mosque/,,74,,,,census_geocoder
3477,The Foundation for Islamic Education,1860 Montgomery Avenue,Villanova,PA,19085,40.047072638554,-75.336523073649,,1989,,"https://www.fiesite.org/#:~:text=The%20Foundation%20for%20Islamic%20Education%20is%20a,the%20greater%20Philadelphia%20area%20and%20its%20suburbs.",,8,,,,census_geocoder
3478,Islamic Cultural Center of Willow Grove,502 Easton Road,Willow Grove,PA,19090,40.1483521,-75.1194138,,"
",,"
",,79,,,,nominatim
3479,Philadelphia Pennsylvania Temple,1739 Vine Street,Philadelphia,PA,19103,39.958831318679,-75.167790635157,,"
",,"
",100,96,,,,census_geocoder
3480,AICP,4431 Walnut Street,Philadelphia,PA,19104,39.955221958872,-75.21105342413,,1991,,https://grokipedia.com/page/association_of_islamic_charitable_projects_of_north_america,85,95,,,,census_geocoder
3481,Al-Jamia Mosque,4228 Walnut Street,Philadelphia,PA,19104,39.954728408523,-75.207998466009,,1988,,https://collaborativehistory.gse.upenn.edu/media/masjid-al-jamia,87,95,,,,census_geocoder
3482,Baitul Mukarram Jame Mosque,18 South 43rd Street,Philadelphia,PA,19104,39.957092211256,-75.208364078406,,2002,,https://property.phila.gov/?p=272113205,88,89,,,,census_geocoder
3483,Drexel MSA Muslim Prayer Room,3225 Arch Street,Philadelphia,PA,19104,39.957552727634,-75.188184186377,,"
",,"
",100,96,,,,census_geocoder
3484,Imam Muslim Family Center (IMFC),4075 Lancaster Avenue,Philadelphia,PA,19104,39.964776146808,-75.204847945552,,"
",,"
",68,81,,,,census_geocoder
3485,Salaam Mosque,1214 North 41st Street,Philadelphia,PA,19104,39.974330463979,-75.206595333484,,1993,,https://www.virtualtourist.com/travel/North_America/United_States_of_America/Pennsylvania/Philadelphia-860659/Things_To_Do-Philadelphia-Masjid_Salaam-BR-1.html#location,63,68,,,,census_geocoder
3486,Yankasa Association Mosque,3408 Haverford Avenue,Philadelphia,PA,19104,39.963974617347,-75.191774264044,,1999,,https://philadelphiayankasa.org/,63,86,,,,census_geocoder
3487,Center City Mosque,1328 Walnut Street,Philadelphia,PA,19107,39.949155671377,-75.163235617631,,1990,,https://centercitymosque.org/about-us,100,100,,,,census_geocoder
3488,Al Andalus Mosque,6440 Rising Sun Avenue,Philadelphia,PA,19111,40.050768425941,-75.094578817659,,"
",,"
",55,86,,,,census_geocoder
3489,Masjid Al-Salam (SJC),7338 Elgin Avenue,Philadelphia,PA,19111,40.052836119384,-75.066408073219,,2017,,https://property.phila.gov/?p=882926290,53,88,,,,census_geocoder
3490,Tyson Masjid,1421 Tyson Avenue,Philadelphia,PA,19111,40.047630090819,-75.071599129838,,2010,,"
",56,85,,,,census_geocoder
3491,Al-Rashideen Islamic Center,9229 Roosevelt Boulevard,Philadelphia,PA,19114,40.076924789598,-75.032015464723,,"
",,"
",52,74,,,,census_geocoder
3492,Masjid Al-Bukhari,10663 Bustleton Avenue,Philadelphia,PA,19116,40.109176357183,-75.025599215654,,"
",,"
",42,72,,,,census_geocoder
3493,Masjid Turkiy,11018 Rennard Street,Philadelphia,PA,19116,40.120898650399,-75.034906123828,,"
",,"
",44,21,,,,census_geocoder
3494,Turkish Cultural Center Philadelphia,2190 Bennett Road,Philadelphia,PA,19116,40.104631655228,-75.00445741206,,"
",,"
",46,45,,,,census_geocoder
3495,Masjid Sakinah,311 East Cliveden Street,Philadelphia,PA,19119,40.051574914696,-75.17835658142,,2009,,https://property.phila.gov/?p=221048000,54,83,,,,census_geocoder
3496,Masjid Al-Quran,1546 North 27 Street,Philadelphia,PA,19121,39.97924348179,-75.179409484862,,1992,,https://property.phila.gov/?p=292063900,62,82,,,,census_geocoder
3497,Ridge Avenue Islamic Center,3116 Ridge Avenue,Philadelphia,PA,19121,39.989362469829,-75.183903864942,,1989,,https://property.phila.gov/?p=323043000,60,71,,,,census_geocoder
3498,Al-Aqsa Islamic Society,1501 Germantown Avenue,Philadelphia,PA,19122,39.973748310413,-75.141709007557,,1991,,https://www.nytimes.com/2007/05/14/nyregion/14mosque.html,70,88,,,,census_geocoder
3499,Makkah Mosque,1319 West Susquehanna Avenue,Philadelphia,PA,19122,39.986155816862,-75.154779722081,,1962,,https://en.wikipedia.org/wiki/Mosque_No._12,84,91,,,,census_geocoder
3500,Albanian American Muslim Society,159 West Girard Avenue,Philadelphia,PA,19123,39.96933875783,-75.138348608468,,1974,,https://property.phila.gov/?p=777188000,70,97,,,,census_geocoder
3501,Al-Hidaya Islamic Center,123 East Luzerne Street,Philadelphia,PA,19124,40.010790025675,-75.125990445658,,2020,,"https://www.causeiq.com/organizations/alhidaya-islamic-center,843384269/",55,46,,,,census_geocoder
3502,Masjid Alhedaya,123 East Luzerne Street,Philadelphia,PA,19124,40.010790025675,-75.125990445658,,2020,,https://property.phila.gov/?p=884051500,55,46,,,,census_geocoder
3503,Mujtaba Islamic Association,2034 Orthodox Street,Philadelphia,PA,19124,40.010567535451,-75.079544664627,,2004,,"https://www.causeiq.com/organizations/mujtaba-islamic-society,233060259/",72,78,,,,census_geocoder
3504,Taha mosque,4665 Frankford Avenue,Philadelphia,PA,19124,40.016495067486,-75.083834784668,,2003,,"
",76,88,,,,census_geocoder
3505,Islamic Family Center,6840 Old York Road,Philadelphia,PA,19126,40.057346699387,-75.139570698097,,2005,,https://www.realtor.com/realestateandhomes-detail/6840-Upper-York-Rd_New-Hope_PA_18938_M39557-45082,61,72,,,,census_geocoder
3506,Bawa Muhaiyaddeen Fellowship \ Mosque,5820 Overbrook Avenue,Philadelphia,PA,19131,39.991051405377,-75.242018489699,,1984,,https://www.bmf.org/shop/the-opening-of-the-mosque/,66,51,,,,census_geocoder
3507,Bishop Dennis Walton | Greater Glory Church of God,2227 Bryn Mawr Avenue,Philadelphia,PA,19131,39.991344461566,-75.226499923739,,"
",,"
",55,70,,,,census_geocoder
3508,Masjid Ibn Taymiyyah,1264 North Alden Street,Philadelphia,PA,19131,39.97139324044,-75.235232360345,,"
",,"
",70,71,,,,census_geocoder
3509,Masjid Quba,4637 Lancaster Avenue,Philadelphia,PA,19131,39.971041689139,-75.21501563421,,1949,,https://www.phillytrib.com/religion/phillys-oldest-masjid-supports-the-community/article_dc33d277-e376-5f34-8e47-3d0a1964f89d.html,68,83,,,,census_geocoder
3510,Philadelphia Masjid Inc,4700 Wyalusing Avenue,Philadelphia,PA,19131,39.970186,-75.2162248,,1976,,https://www.phillytrib.com/religion/church_of_the_week/the-philadelphia-masjid-inc-reclaiming-a-bastion-for-black-muslims/article_fdd2223b-b69e-5f2a-b620-86c618ddfe9f.html,68,82,,,,nominatim
3511,Al-Hashar Mosque,2823 North 22nd Street,Philadelphia,PA,19132,39.997555206216,-75.167063030642,,2020,,https://property.phila.gov/?p=871515630,73,71,,,,census_geocoder
3512,Muhammad Mosque #12 Nation of Islam,2508 North Broad Street,Philadelphia,PA,19132,39.991032257562,-75.155309368517,,1962,,"https://ff.wikipedia.org/wiki/Mosque_No._12#:~:text=History,written%20that%20attacked%20Elijah%20Muhammad.",80,83,,,,census_geocoder
3513,Muqbil Ibn Haadee Mosque,2735 West Allegheny Avenue,Philadelphia,PA,19132,40.004483057856,-75.174865957112,,2005,,https://property.phila.gov/?p=775066900,67,72,,,,census_geocoder
3514,Nasir Mosque,3027 North 22 Street,Philadelphia,PA,19132,40.000866892705,-75.166348422145,,2020,,https://property.phila.gov/?p=492180205,74,73,,,,census_geocoder
3515,Bait-ul-Aafiyat Mosque - Ahmadiyya Muslim Community (Philly Mosque),1215 West Glenwood Avenue,Philadelphia,PA,19133,39.998013729133,-75.150835294695,,2018,,https://www.cbsnews.com/philadelphia/news/leader-of-ahmadiyya-muslim-community-dedicates-new-mosque-in-philadelphia/,79,77,,,,census_geocoder
3516,Masjid alaqsa,2308 North Fairhill Street,Philadelphia,PA,19133,39.986368993594,-75.142875188768,,2020,,https://property.phila.gov/?p=871515630,80,82,,,,census_geocoder
3517,Nigerian Muslim Association of Philadelphia,2209 North Front Street,Philadelphia,PA,19133,39.983333259014,-75.132427844749,,1987,,https://property.phila.gov/?p=777143500,69,86,,,,census_geocoder
3518,Al Tawbah Mosque,3093 Kensington Avenue,Philadelphia,PA,19134,39.995007332846,-75.115937184571,,"
",,"
",69,90,,,,census_geocoder
3519,"Northeast Philadelphia Islamic Community, Inc. (NEPIC)",6101 Hawthorne Street,Philadelphia,PA,19135,40.026127518166,-75.064223124057,,"
",,"
",72,79,,,,census_geocoder
3520,Masjid E Taqwa Islamic Center,7918 Frankford Avenue,Philadelphia,PA,19136,40.040921250836,-75.029651234007,,2007,,"
",50,87,,,,census_geocoder
3521,Foundation Cheikh Ahmadou Bamba Of North America (Foncab) Islamic Center,6348 North 21st Street,Philadelphia,PA,19138,40.051165985033,-75.155476098574,,"
",,"
",60,80,,,,census_geocoder
3522,Masjid Sunni Ali,1307 East Price Street,Philadelphia,PA,19138,40.053363887854,-75.158730321051,,"
",,"
",58,78,,,,census_geocoder
3523,Masjidullah - The Center for Human Excellence,7401 Limekiln Pike,Philadelphia,PA,19138,40.067037923511,-75.158289555603,,2014,,https://www.phillytrib.com/news/center-for-human-excellence-at-masjidullah-opens-unifies/article_effae888-961e-5f29-9b91-3cb0090bf380.html,57,86,,,,census_geocoder
3524,Markazul Bayaan Arabic Center,5927 Spruce Street,Philadelphia,PA,19139,39.956424260492,-75.240364561952,,"
",,"
",71,75,,,,census_geocoder
3525,West Philly Jameh Masjid & Islamic Center (WPJMIC),5329 Market Street,Philadelphia,PA,19139,39.960454979388,-75.228123546677,,2023,,"https://www.causeiq.com/organizations/west-philly-jameh-masjid-and-islamic-center,922319432/",72,87,,,,census_geocoder
3526,al-Farooq Mosque,3841 North Broad Street,Philadelphia,PA,19140,40.011444337449,-75.150681759542,,"
",,"
",81,88,,,,census_geocoder
3527,Al-Muhsineen Mosque,5740 Old York Road,Philadelphia,PA,19141,40.0133573,-75.1472399,,"
",,"
",84,89,,,,nominatim
3528,Islamic Activities & Development Center,5748 Old York Road,Philadelphia,PA,19141,40.0133573,-75.1472399,,"
",,"
",84,89,,,,nominatim
3529,West Oak Lane Masjid,6057 Ogontz Avenue,Philadelphia,PA,19141,40.047704332087,-75.150925159794,,"
",,"
",74,86,,,,census_geocoder
3530,"Fouta Islamic Center of Philadelphia, Inc",2525-27 South 71st Street,Philadelphia,PA,19142,39.915579722348,-75.238269379251,,"
",,"
",70,83,,,,census_geocoder
3531,Masjid Ahlil Hadeeth,6711 Woodland Avenue,Philadelphia,PA,19142,39.923478875437,-75.23739656656,,2003,,https://property.phila.gov/?p=773188995,73,86,,,,census_geocoder
3532,Masjid Ahlus-Sunnah Wal-Jammah,2400 South 63rd Street,Philadelphia,PA,19142,39.925116971733,-75.229125687427,,2015,,https://www.youtube.com/watch?v=I-gQfUXx_gg,71,73,,,,census_geocoder
3533,Masjid Ibn Uthaymeen,6502 Elmwood Avenue,Philadelphia,PA,19142,39.922103752522,-75.230355127141,,2017,,https://property.phila.gov/?p=406227100,71,85,,,,census_geocoder
3534,Masjid Quran & Sunnah Center,2103-07 Cemetery Avenue,Philadelphia,PA,19142,39.928327024537,-75.231903929807,,"
",,"
",71,79,,,,census_geocoder
3535,Muhammad's Temple of Islam #12,6424 Woodland Avenue,Philadelphia,PA,19142,39.926048651885,-75.233563449225,,"
",,"
",72,87,,,,census_geocoder
3536,Masjid Al-wasatiyah,5727 Hoffman Avenue,Philadelphia,PA,19143,39.944579625987,-75.236858100127,,"
",,"
",66,70,,,,census_geocoder
3537,Masjid Galle Cheikh,5800 Springfield Avenue,Philadelphia,PA,19143,39.936663976014,-75.229728901229,,"
",,"
",70,74,,,,census_geocoder
3538,Masjid Mujahideen,413 South 60th Street,Philadelphia,PA,19143,39.955122553774,-75.242115881472,,1983,,https://www.masjidmujahideen.org/about,70,74,,,,census_geocoder
3539,Muslims of the Americas,530 South 52 Street,Philadelphia,PA,19143,39.951309254182,-75.226763260211,,1976,,https://www.facebook.com/YaqeenInstitute/videos/they-were-muslims-for-100-years/24024785610546856/,69,91,,,,census_geocoder
3540,Germantown Masjid / Masjid as-Sunnah an-Nabawiyyah,4944 Germantown Avenue,Philadelphia,PA,19144,40.028950243147,-75.163373936102,,1995,,https://property.phila.gov/?p=776167450,63,85,,,,census_geocoder
3541,Muhammad Mosque,414 East Penn Street,Philadelphia,PA,19144,40.037327271371,-75.162960251723,,1997,,https://www.phillytrib.com/religion/center-of-faith-masjid-muhammad-of-philadelphia/article_d0aac51f-f63e-51ae-a024-83fcf8faa0de.html,65,77,,,,census_geocoder
3542,Al-Falah Mosque Philadelphia,1603 South 17th Street,Philadelphia,PA,19145,39.930992208212,-75.173141502704,,"
",,"
",78,83,,,,census_geocoder
3543,Ibn Baaz Mosque,1741 Point Breeze Avenue,Philadelphia,PA,19145,39.930534778375,-75.183185583156,,"
",,"
",65,76,,,,census_geocoder
3544,Masjid al Rahman,"Philadelphia, PA 19145, USA",Philadelphia,PA,19145,,,,2004,,https://www.masjidarrahman.org/about/,36,16,,,,
3545,United Muslim Islamic Center,810 S 15th Street,Philadelphia,PA,19146,39.940698763791,-75.167947354261,,1994,,https://www.ummonline.org/about-us,78,97,,,,census_geocoder
3546,United Muslim Movement Inc,1251 Point Breeze Avenue,Philadelphia,PA,19146,39.936219304691,-75.17776962855,,1994,,https://www.ummonline.org/,71,87,,,,census_geocoder
3547,Masjid Al Ash'ariyya,2326 South 7th Street,Philadelphia,PA,19148,39.91978973418,-75.158939089899,,"
",,"
",72,88,,,,census_geocoder
3548,Al-Furqan Mosque,7252 Roosevelt Boulevard,Philadelphia,PA,19149,40.043907369649,-75.055559468214,,2007,,https://property.phila.gov/?p=778273100,64,87,,,,census_geocoder
3549,MuslimGuide,2608 Cottman Avenue,Philadelphia,PA,19149,40.04515578341,-75.0556692389,,"
",,"
",64,89,,,,census_geocoder
3550,Masjidullah,7700 Ogontz Avenue,Philadelphia,PA,19150,40.070807488128,-75.15748549238,,1979,,"https://www.phillytrib.com/lifestyles/religion/masjidullah-provides-faith-based-guidance/article_9f07425a-ceed-5427-8d06-bd2b99bd6d2d.html#:~:text=From%20its%20formation%20in%201979,said%20Shabazz%20during%20an%20interview.",56,87,,,,census_geocoder
3551,61st ST Masjid As-Sabr WP,6106 Lansdowne Avenue,Philadelphia,PA,19151,39.975656369489,-75.242047221082,,"
",,"
",67,78,,,,census_geocoder
3552,Mahdieh of Philadelphia,6502 Haverford Avenue,Philadelphia,PA,19151,39.972271219894,-75.24897423583,,2002,,"
",74,80,,,,census_geocoder
3553,MUNA Center of Upper Darby Masjid,6431-39 Callowhill Street,Philadelphia,PA,19151,39.969189667194,-75.247837112128,,"
",,"
",100,93,,,,census_geocoder
3554,Siraatul Jannah Center (SJC),7735 Castor Avenue,Philadelphia,PA,19152,40.05759990673,-75.060064738027,,"
",,"
",57,85,,,,census_geocoder
3555,Masjid Ar-Rahman,2611 South 78th Street,Philadelphia,PA,19153,39.905678358223,-75.246406064994,,"
",,"
",57,59,,,,census_geocoder
3556,Bensalem Jame Masjid,3560 Woodhaven Road,Philadelphia,PA,19154,40.091987535474,-74.978394429165,,"
",,"
",47,55,,,,census_geocoder
3557,MYCP Muslim Youth Center of Philadelphia,11080 Knights Road,Philadelphia,PA,19154,40.082227528212,-74.975648877749,,"
",,"
",47,51,,,,census_geocoder
3558,Masjidur Razzaqal Karim,5200 Wynnefield Ave,Philadelphia,PA,19191,39.991628606717,-75.229877461865,,2009,,https://property.phila.gov/?p=341064805,57,70,,,,census_geocoder
3559,ar Rahman Mosque,723 Merchant Street,Coatesville,PA,19320,39.98760657772,-75.81061985725,,2004,,https://www.masjidarrahman.org/about/,,66,,,,census_geocoder
3560,Islamic Society of Greater Valley Forge,958 North Valley Forge Road,Devon,PA,19333,40.06608711669,-75.433200607824,,1994,,https://isgvf.com/about-us/,,34,,,,census_geocoder
3561,Foundation for Islamic Education,201 Sharp Lane,Exton,PA,19341,40.057198612716,-75.640912084413,,1989,,"https://www.fiesite.org/#:~:text=The%20Foundation%20for%20Islamic%20Education%20is%20a,the%20greater%20Philadelphia%20area%20and%20its%20suburbs.",,31,,,,census_geocoder
3562,Masjid Ibrahim As-Salaam Garden,817 Pennsgrove Road,Lincoln University,PA,19352,39.823734993876,-75.916600118708,,"
",,"
",,7,,,,census_geocoder
3563,Islamic Society of Chester County,1001 Pottstown Pike,West Chester,PA,19380,39.974694822276,-75.615646005892,,1996,,https://isccpa.org/history/,,5,,,,census_geocoder
3564,Norristown Islamic Society,5 West Elm Street,Norristown,PA,19401,40.12111724557,-75.341303167742,,2015,,"
",50,85,,,,census_geocoder
3565,Mosque,820 Willowbrook Drive,Norristown,PA,19403,40.133780368997,-75.394510925376,,"
",,"
",,54,,,,census_geocoder
3566,Hatfield Jame Mosque,1511 Cowpath Road,Hatfield,PA,19440,40.272176943062,-75.287311016929,,"
",,"
",,48,,,,census_geocoder
3567,North Penn Mosque,600 Maple Avenue,Lansdale,PA,19446,40.247749622641,-75.283267781253,,2000,,https://northpennmosque.org,,67,,,,census_geocoder
3568,North Penn Mosque Community Center,229 West Fifth Street,Lansdale,PA,19446,40.247331564835,-75.284151862453,,"
",,"
",,67,,,,census_geocoder
3569,Khair Community Center,1079 Egypt Road,Phoenixville,PA,19460,40.136625393536,-75.471078356046,,2012,,https://khaircenter.org/,,24,,,,census_geocoder
3570,Masjid Al Haqq,443 East High Street,Pottstown,PA,19464,40.244844491851,-75.643376855565,,"
",,"
",,86,,,,census_geocoder
3571,A DARSALAM Cherif,782 Christmas Village Road,Bernville,PA,19506,40.420125432911,-76.142456799256,,"
",,"
",,7,,,,census_geocoder
3572,Metro-Salt,12 Gotwals Lane,Oley,PA,19547,40.380171602904,-75.788186935678,,"
",,"
",,25,,,,census_geocoder
3573,Islamic Center of Reading,Noble Street,Reading,PA,19611,40.317506,-75.9348879,,1992,,https://icorpa.org/about-us/,,76,,,,nominatim
3574,Islamic Center of Aguadilla,PR-4443,Aguadilla,PR,603,18.4016175,-67.1460667,,2002,,,,15,,,2842.0,nominatim
3575,Al-Madina Mosque,Carrizales,Hatillo,PR,659,18.4772585,-66.7876912,,-,No Basic Information,,,26,,,2844.0,nominatim
3576,Islamic Center of Fajardo,Calle A Nte.,Fajardo,PR,738,,,,-,No Basic Information,,,32,,,2758.0,
3577,Centro Islámico de Puerto Rico - Masjid Río Piedras,203 C. Padre Colón,San Juan,PR,925,18.428774892758,-66.05089701665,,1981,,"https://aroundus.com/p/165140296-rio-piedras-mosque#:~:text=R%C3%ADo%20Piedras%20Mosque%2C%20Islamic%20center,Muslim%20community%20on%20the%20island.",,77,,,424.0,census_geocoder
3578,Centro Islamico Del Caribe -Masjid Ebadur Rahman -Montehiedra,,San Juan,PR,926,18.384239,-66.05344,,-,Information Without Year,939-630-5698,,83,,,583.0,nominatim
3579,Centro Islamico Del Caribe -Masjid Ebadur Rahman -Montehiedra,,San Juan,PR,926,18.384239,-66.05344,,-,Information Without Year,,,83,,,2843.0,nominatim
3580,Centro Islámico y Mezquita Comunidad Musulmana Ahmadía de Puerto Rico,12 Av. José Fidalgo Díaz 2do Piso,Carolina,PR,983,,,,-,Information Without Year,,,52,,,2841.0,
3581,Islamic Society of Bosniaks in Utah,425 N 700 W,Salt Lake City ,PR,84116,40.778593582651,-111.911193921083,,2016,,https://www.kuer.org/religion/2016-12-12/salt-lakes-bosnian-community-holds-mosque-open-house,52,46,,,2845.0,census_geocoder
3582,Masjid Alrahman,18 Dunnell Lane,Pawtucket,RI,2860,41.866512050472,-71.373297010277,,2008,,https://www.masjidalrahmanri.com/About-Us.html,29,58,,,1784.0,census_geocoder
3583,Al-Rahman Mosque,665 Central Ave,Pawtucket,RI,2861,41.887132156186,-71.357262372613,,1999,,https://www.masjidalrahmanri.com/About-Us.html,37,72,,,2598.0,census_geocoder
3584,Al-Hoda Mosque,60 Fortin Rd,Kingston,RI,2881,41.484436021936,-71.5229908438,,2013,,https://www.independentri.com/independentri_com/article_3c05be81-5f63-5027-ae3e-94fedbe3e7d1.html,,50,,,2602.0,census_geocoder
3585,Kent County Islamic Center (KCIC) -Masjid Aisha,430 Buttonwoods Ave,Warwick,RI,2886,41.695404645615,-71.427465436923,,2024,,"https://www.causeiq.com/organizations/kent-county-islamic-center-masjid-aisha,994218953/",19,33,,,2603.0,census_geocoder
3586,Al-Islam Mosque,40 Sayles Hill Rd,North Smithfield,RI,2896,41.966082147479,-71.505802326888,,1995,,https://www.archnet.org/sites/14712,,20,,,2597.0,census_geocoder
3587,Islamic Center of RI (ICRI) - Masjid Al-Kareem,39 Haskins St,Providence,RI,2903,41.815180234677,-71.419142817118,,1976,,https://pluralismarchive.hsites.harvard.edu/masjid-al-karim-islamic-center-rhode-island,66,94,,,2596.0,census_geocoder
3588,Ali Mosque,575 Charles St,Providence,RI,2904,41.851723039614,-71.42012917648,,2021,,https://www.instagram.com/p/DMgVNrtvRDD/,44,81,,,2600.0,census_geocoder
3589,Muslim Community Center of Rhode Island-Masjid Al-Razzaq,,Providence,RI,2905,41.8239891,-71.4128343,,1995,,https://www.masjidalislamri.org/about-us.html,78,99,,,237.0,nominatim
3590,Muslim Community Center of RI,1148 Broad St,Providence,RI,2905,41.794960910104,-71.410547289723,,1996,,"https://www.causeiq.com/organizations/muslim-community-center-of-rhode-island,050466990/",48,83,,,2599.0,census_geocoder
3591,Masjid Zumratul Jannah,801 Elmwood Ave #3369,Providence,RI,2907,41.790316503628,-71.422074701604,,1994,,https://pluralismarchive.hsites.harvard.edu/zumratul-jannat-mosque,56,90,,,2601.0,census_geocoder
3592,Muslim American Dawah Center,978 Plainfield st,Johnston,RI,2919,41.804625604092,-71.46666244205,,1981,,https://www.archnet.org/sites/891,,58,,,2073.0,census_geocoder
3593,Orangeburg mosque,1080 Summers Avenue,Orangeburg,SC,29115,33.50225090883,-80.868217418681,,,,No website,,39,,,3268.0,census_geocoder
3594,Islamic Center of Sumter,600 E Liberty St,Sumter,SC,29153,33.924045890885,-80.31803728947,,2019,,https://islamiccentersumter.wixsite.com/mosque,,15,,,2612.0,census_geocoder
3595,Masjid al-Muslimiin,1929 Gervais St,Columbia,SC,29201,34.00500639317,-81.021836871473,,1992,,https://www.archnet.org/sites/14719,49,80,,,149.0,census_geocoder
3596,College View Da'wah Islamic Institute,4229 Colonial Drive,Columbia,SC,29203,34.039228518801,-81.02851074651,,,,No website,34,34,,,3265.0,census_geocoder
3597,Masjid As-Salaam Inc.,5119 Monticello Rd,Columbia,SC,29203,34.050935516663,-81.044747439105,,1959,,https://masjidassalaamsc.weebly.com/history.html,,26,,,2608.0,census_geocoder
3598,Masjid Noor Ul Huda,517 Winmet Drive,Columbia,SC,29203,34.0565823959,-81.028322927614,,-,,"https://www.causeiq.com/organizations/masjid-noor-ul-huda,550835889/",29,40,,,1929.0,census_geocoder
3599,Muhammad Mosque #38,5646 Farrow Rd,Columbia,SC,29203,34.050878059022,-81.010254263626,,-,No Basic Information,,34,21,,,2611.0,census_geocoder
3600,Noor-Ul-Huda Mosque,800 Amberley Rd,Columbia,SC,29203,34.0581926,-81.0338417,,2017,,https://www.noorulhuda.org/about,29,40,,,2607.0,nominatim
3601,Masjid Al Quran,6411 Shakespeare Rd,Columbia,SC,29223,34.059826495048,-80.970711276598,,1988,,https://www.linkedin.com/company/mosque-of-holy-quran,,35,,,2614.0,census_geocoder
3602,Masjid Al-Wadud,510 Pilgrim Road,Columbia,SC,29223,,,,,,No website,,7,,,3266.0,
3603,Masjid Ar-Rahman,3307 Percival Rd,Columbia,SC,29223,34.072715827852,-80.892168628367,,-,Information Without Year,https://masjidarrahmansc.org/about/,,0,,,2613.0,census_geocoder
3604,Islamic Society of Spartanburg,377 Successful Dr.,Spartanburg,SC,29303,34.995101249418,-81.919437523246,,2006,,https://www.spartanburgmasjid.org/,,13,,,1487.0,census_geocoder
3605,Ismaili Community Center And Jamatkhana - Spartanburg,2192 Chesnee Highway,Spartanburg,SC,29303,35.01283598428,-81.901679694227,,,,No website,,21,,,3270.0,census_geocoder
3606,Al-Murtaza,607 Lyman Road,Inman,SC,29349,35.028102907633,-82.101459913279,,,,https://al-murtaza.com/?utm_campaign=gmb,,1,,,3267.0,census_geocoder
3607,Central Mosque of Charleston,1082 King st,Charleston,SC,29403,32.80605411398,-79.950723367527,,2006,,https://www.postandcourier.com/features/faith-column-history-of-muslims-in-charleston/article_7fa457be-bc90-11ef-bd7a-7794bf506196.html,39,77,,,1024.0,census_geocoder
3608,Masjid Al-Jami Ar-Rasheed,1998 Hugo Avenue,N Charleston,SC,29405,32.837433408511,-79.956885546614,,-,No Basic Information,https://www.yelp.com/biz/al-jami-ar-rasheed-n-charleston,35,26,,,1604.0,census_geocoder
3609,Masjid Al-Jami Ar-Rasheed,1998 Hugo Avenue,North Charleston,SC,29405,32.837433408511,-79.956885546614,,,,No website,35,26,,,3263.0,census_geocoder
3610,"NOI Charleston, SC",1904 Savannah Highway,Charleston,SC,29407,32.788584105081,-80.022924545139,,,,https://www.noicharlestonsc.org/,30,62,,,3264.0,census_geocoder
3611,Al Furqaan Mosque of Charleston,428 Red Bank Road,Goose Creek,SC,29445,32.98342274756,-80.031850004722,,2024,,https://alfurqaanmosqueofcharleston.com/,,54,,,2610.0,census_geocoder
3612,Masjid Muhajirun Wal Ansar,1020 Old Hwy 52,Moncks Corner,SC,29461,33.185753525472,-80.000594974022,,1996,,"https://themaydan.com/2017/07/history-memory-muslim-community-moncks-corner/#:~:text=These%20Muslims%20are%20members%20of,Shaykh%20Arona%20Faye%20Al%2DFaqir.",,47,,,279.0,census_geocoder
3613,Florence Islamic Center,160 N Edisto Drive,Florence,SC,29501,34.197368900267,-79.789292853732,,2012,,https://florenceislamiccenter.org/about/,,38,,,1239.0,census_geocoder
3614,Conway Islamic Center,1808 Racepath ave,Conway,SC,29527,33.83421419899,-79.062648330149,,1980,,https://www.conwayislamiccenter.com/about-3,,53,,,1038.0,census_geocoder
3615,Grand Strand Islamic Center,4328 Waccamaw Blvd,Myrtle Beach,SC,29579,33.736132569206,-78.947124789155,,2013,,https://gsismasjid.org/about-us/,,11,,,2605.0,census_geocoder
3616,"Islamic Society of Clemson, AKA, Clemson Masjid",1009 Old Stone Church Rd,Clemson,SC,29631,34.669574200142,-82.811652997147,,1998,,https://pluralismarchive.hsites.harvard.edu/masjid-islamic-center-clemson,,29,,,2609.0,census_geocoder
3617,Upstate Islamic Center,1601 Clement Road,Greer,SC,29650,34.921747255175,-82.272142124875,,1989,,https://greenvillemasjid.com/history/,,6,,,2224.0,census_geocoder
3618,Islamic Society of Greenville,96 Meridian Avenue,Taylors,SC,29687,34.898160432829,-82.341695463076,,1989,,https://www.greenvillemasjid.com/history/,,,,,767.0,census_geocoder
3619,Islamic Community Center of South Charlotte,1048 Gant rd,Fort Mill,SC,29715,35.05153013563,-80.895621006791,,2008,,https://iccsc.org/,,1,,,1392.0,census_geocoder
3620,Masjid Al-Salaam,222 W Main St,Rock Hill,SC,29730,34.928433922687,-81.031148750454,,2005,,https://icscrockhill.org/about-us/,,57,,,2606.0,census_geocoder
3621,Aiken Masjid,3604 Trolley Line Rd,Aiken,SC,29801,33.577957839889,-81.751893414802,,2022,,"https://www.postandcourier.com/aikenstandard/news/local/small-mosque-opens-on-trolley-line-road-in-aiken/article_67c4005c-8162-11ec-805f-27506481f276.html#:~:text=Small%20Mosque%20opens%20on%20Trolley%20Line%20Road,Jan%2029%2C%202022.%20*%20Jan%2029%2C%202022.",,20,,,236.0,census_geocoder
3622,Masjid Ihsan,29 Resurrection Road,Ridgeland ,SC,29936,32.467761844278,-81.060962875223,,,,No website,,0,,,3269.0,census_geocoder
3623,Islamic Society of Brookings,724 11th ave,Brookings,SD,57006,44.313167182739,-96.78676779624,,1983,,"https://www.causeiq.com/organizations/islamic-society-of-brookings,311281991/",,66,,,1452.0,census_geocoder
3624,Islamic Center of Sioux Falls,1909 E 6th st,Sioux Falls,SD,57103,43.551160159839,-96.702488820149,,1992,,https://islamiccenterofsiouxfalls.com/about-us/,25,61,,,1341.0,census_geocoder
3625,Attakwa Mosque,701 S Garfield Ave,Sioux Falls,SD,57104,43.540252493341,-96.758373465304,,-,No Basic Information,,22,72,,,2616.0,census_geocoder
3626,Muslim Community Center of South Dakota,3932 S Western Ave,Sioux Falls,SD,57105,43.507821138932,-96.750781183821,,2009,,https://mccsdsiouxfalls.org/about/,22,54,,,2615.0,census_geocoder
3627,Islamic Association of the Black Hills,2526 Tomahawk Dr.,Rapid City,SD,57701,44.057347525314,-103.265529396325,,2022,,https://www.launchgood.com/v4/campaign/build_a_house_in_jannah_support_the_only_mosque_in_the_black_hills_frontier?src=lg_feature_discover,,10,,,1184.0,census_geocoder
3628,Rapid City Islamic Center / Mosque,610 St Francis St,Rapid City,SD,57701,44.066606175074,-103.2284220893,,-,Information Without Year,https://www.rcmosque.com/,,76,,,2617.0,census_geocoder
3629,Islamic Center of Tennessee,5400 Bell Forge Lane East,Antioch,TN,37013,36.048294978481,-86.646047195626,,2010,,https://www.islamiccenteroftennessee.org/overview1.html,37,50,,,1357.0,census_geocoder
3630,Islamic Center of Tennessee,5400 Bell Forge Lane East,Antioch,TN,37013,36.048294978481,-86.646047195626,,2010,,https://www.islamiccenteroftennessee.org/,37,51,,,3173.0,census_geocoder
3631,Islamic Center of Clarksville,202 Uffelman Dr,Clarksville,TN,37043,36.516208623951,-87.309580623179,,2007,,"https://www.causeiq.com/organizations/islamic-center-of-clarksville,621816380/",,57,,,1707.0,census_geocoder
3632,Islamic Center of Williamson County,"320 Mallory Station Rd,",Franklin,TN,37067,35.954917262629,-86.823892662744,,2007,,https://www.icwctn.org/about-us/,21,46,,,1375.0,census_geocoder
3633,Islamic Center of Williamson County (ICWC),320 Mallory Station Rd,Franklin,TN,37067,35.954917262629,-86.823892662744,,2007,,https://www.icwctn.org/about-us/,21,46,,,2619.0,census_geocoder
3634,al-huda islamic center,252 Jackson Meadows Dr,Hermitage,TN,37076,36.217911313892,-86.59914575094,,2013,,https://www.alhudaislamic.org/about-us,,49,,,2622.0,census_geocoder
3635,Al-Huda Islamic Center,252 Jackson Meadows Drive,Hermitage,TN,37076,36.217911313892,-86.59914575094,,2013,,https://www.alhudaislamic.org/,26,46,,,3171.0,census_geocoder
3636,Islamic Center of Murfreesboro,2605 Veals Road,Murfreesboro,TN,37127,35.812573763,-86.350292796404,,1982,,https://en.wikipedia.org/wiki/Islamic_Center_of_Murfreesboro,,2,,,3172.0,census_geocoder
3637,Islamic Center of Murfreesboro,2605 Veals Road,Murfreesboro,TN,37129,35.812573763,-86.350292796404,,2012,,https://www.archnet.org/sites/14737,,2,,,283.0,census_geocoder
3638,Mahmood Mosque,101 Maple Street,Smyrna,TN,37167,35.983446391657,-86.517126993452,,-,No Basic Information,,,50,,,740.0,census_geocoder
3639,Al-Mahdi Islamic Center,404 Wingrove St,Nashville,TN,37203,36.135598584663,-86.761136230692,,2002,,"https://www.guidestar.org/profile/62-1841685#:~:text=Mission,Nashville%2C%20TN%2037203%2D5333%20USA",41,54,,,672.0,census_geocoder
3640,Muslim American Cultural Center,1513 Jefferson Street,Nashville,TN,37208,36.170352346804,-86.802850038125,,2014,,https://www.maca-nashville.com/,46,72,,,3177.0,census_geocoder
3641,ICN Bellevue Mosque,7337 Charlotte Pike,Nashville,TN,37209,36.118221201025,-86.920901257369,,1978,,https://www.icntn.org/home1,18,41,,,2618.0,census_geocoder
3642,Al-Farooq Islamic Center,1421 4th Avenue South,Nashville,TN,37210,36.138871700761,-86.762628157375,,1999,,https://www.tennessean.com/story/news/religion/2023/02/25/al-farooq-mosque-moves-to-thompson-lane-amid-growth-and-support-nashville-muslim-islam/69937758007/,44,75,,,136.0,census_geocoder
3643,Al Zahra Center,3720 North Natchez Court,Nashville,TN,37211,36.094514172435,-86.735166109686,,,,No website,35,59,,,3175.0,census_geocoder
3644,Salahadeen Center,364 Elysian Fields Court,Nashville,TN,37211,36.087149245595,-86.729971046224,,1998,,https://scntn.org/,35,68,,,3178.0,census_geocoder
3645,Salahadeen Center of Nashville,364 Elysian Fields Ct.,Nashville,TN,37211,36.087149245595,-86.729971046224,,1998,,http://scntn.org/,35,69,,,2156.0,census_geocoder
3646,Islamic Center of Nashville,2515 12th Avenue South,Nashville,TN,37212,36.124637046503,-86.789682894019,,1978,,https://www.icntn.org/about,33,82,,,674.0,census_geocoder
3647,As-Salaam Mosque,1038 Murfreesboro Pike,Nashville,TN,37217,36.128281935511,-86.713058308873,,2010,,https://www.dandb.com/businessdirectory/alsalammosque-nashville-tn-9790931.html,40,68,,,2620.0,census_geocoder
3648,Tajweed Center,287 Plus Park Blvd,Nashville,TN,37217,36.129403812533,-86.725586892571,,-,No Basic Information,https://tajweedcenter.com/about,32,15,,,2621.0,census_geocoder
3649,Masjid Al-Islam,3620 Buena Vista Pike,Nashville,TN,37218,36.214125065254,-86.817305964695,,1975,,https://www.yelp.com/biz/masjid-al-islam-nashville,30,21,,,1700.0,census_geocoder
3650,Masjid An Naas,3111 Clarksville Pike,Nashville,TN,37218,36.192935337518,-86.830161768186,,,,No website,46,49,,,3176.0,census_geocoder
3651,Sunni Muslim Students Mosala,810 Bellevue rd Bldg 57 No.303,Nashville,TN,37221,36.072541009399,-86.940519285756,,-,,,35,21,,,2180.0,census_geocoder
3652,The Islamic Center of Chattanooga - Masjid Muhammad,1410 Cemetery Ave,Chattanooga,TN,37408,35.032515362765,-85.295505621119,,2015,,https://mmuhammad.org/,35,54,,,2625.0,census_geocoder
3653,Al Kalem Bih Islamic Community,5708 Uptain rd No.250,Chattanooga,TN,37412,35.028874625751,-85.241518061191,,2008,,https://prayersconnect.com/mosques/84097926-al-kalem-bih-islamic-community-east-ridge-tennessee-united-states,27,55,,,858.0,census_geocoder
3654,Chattanooga Cultural Academy,2129 E Shepherd rd,Chattanooga,TN,37421,35.044573876205,-85.182546439053,,-,No Basic Information,,20,19,,,1028.0,census_geocoder
3655,Islamic Society of Greater Chattanooga,2533 Gunbarrel Rd,Chattanooga,TN,37421,35.046445417188,-85.146749830043,,2012,,"https://www.justice.gov/archive/usao/tne/news/2012/August/082712%20Islamic%20Center%20Grand%20Opening.html#:~:text=Killian%20Gives%20Keynote%20Address%20At,religious%20groups%2C%20attended%20the%20event.",19,41,,,697.0,census_geocoder
3656,Muslim Community of NE Tennessee,3010 Antioch rd,Johnson City,TN,37604,36.284466188574,-82.40465510143,,1997,,https://mcnet.edawah.net/History,,3,,,2094.0,census_geocoder
3657,Gatlinburg Mosque,917 Parkway #1,Gatlinburg,TN,37738,35.709981353684,-83.519887899604,,-,No Basic Information,,,,,,2624.0,census_geocoder
3658,Muslim Community of Maryville (MCM)- Masjid Ar-Rahmah,131 Houston Town Street,Maryville,TN,37801,,,,,,No website,,10,,,3184.0,
3659,Oak Ridge Masjid - MCK,370 East Tenesee Avenue,Oak Ridge,TN,37830,36.034693765049,-84.228184896246,,,,https://www.oakridgemasjid.org/,,43,,,3179.0,census_geocoder
3660,Muslim Community of Knoxville (MCK)‚Masjid Annoor,100 13th St,Knoxville,TN,37916,35.963843389032,-83.929299590367,,1980,,https://muslimknoxville.org/about/membership/,51,81,,,2623.0,census_geocoder
3661,Quran Center,8044 Ray Mears Blvd Suite 110,Knoxville,TN,37919,35.923093094034,-84.047507631067,,-,,"https://www.causeiq.com/organizations/quran-center,371430111/",,62,,,2144.0,census_geocoder
3662,The Quran Center of Knoxville,1645 Downtown West Boulevard Unit 1,Knoxville,TN,37919,35.922470345442,-84.050806458598,,,,Website link invalid,21,59,,,3181.0,census_geocoder
3663,Musallah Annoor Academy,724 Foxvue Road,Knoxville,TN,37922,35.889649354244,-84.108117109531,,1998,,https://annoor.org/about-annoor-academy/,0,4,,,2067.0,census_geocoder
3664,Ismaili Center & Jamatkhana,10720 Virginia Pine Way,Knoxville,TN,37932,35.944616214499,-84.156386466847,,-,Information Without Year,(865) 690-7755,,20,,,670.0,census_geocoder
3665,Memphis Islamic Center,10229 Humphreys Rd,Cordova,TN,38018,35.146238939046,-89.723709690708,,2013,,https://www.micmemphis.org/about,,5,,,190.0,census_geocoder
3666,Memphis Islamic Center (MIC),10299 Humphrey Road,Cordova,TN,38018,35.145714882735,-89.717546070102,,2013,,https://www.micmemphis.org/,,3,,,3170.0,census_geocoder
3667,Jamatkhana,10660 Collierville Road,Collierville,TN,38107,35.028552106235,-89.708170245817,,2006,,https://search.register.shelby.tn.us/search/,,7,,,319.0,census_geocoder
3668,Midtown Mosque,1288 Jackson Ave,Memphis,TN,38107,35.158446891801,-90.01527310269,,2016,,https://midtownmosque.org/about-us/,36,74,,,2626.0,census_geocoder
3669,Masjid Al-Mu Minun,4412 South Third Street,Memphis,TN,38109,35.028081167257,-90.080456044024,,1975,,https://prayersconnect.com/mosques/84035890-masjid-al-muminun-memphis-tennessee-united-states,26,46,,,1720.0,census_geocoder
3670,Masjid Al-Mu'minun,4412 South Third Street,Memphis,TN,38109,35.028081167257,-90.080456044024,,,,No website,26,46,,,3182.0,census_geocoder
3671,Masjid Al-Noor (Islamic Association of Greater Memphis),3529 Mynders Ave,Memphis,TN,38111,35.117710800236,-89.94400357099,,1997,,https://www.facebook.com/masjidalnoormemphis/,36,75,,,2472.0,census_geocoder
3672,Masjid At-Taqwa,1803 Winchester Road,Memphis,TN,38116,35.053605527939,-90.003993642439,,2001,,https://masjid-at-taqwa-memphis.edan.io/,27,54,,,162.0,census_geocoder
3673,Masjid At-Taqwa,1803 Winchester Road,Memphis,TN,38116,35.053605527939,-90.003993642439,,,,https://www.ibad-ur-rahman.org/masjid-ibad-ur-rahman-new-location/,27,54,,,3169.0,census_geocoder
3674,Masjid osmaniyah,837 Craft Road,Memphis,TN,38116,35.044586232564,-90.036144640698,,,,No website,21,16,,,3180.0,census_geocoder
3675,Masjid Al-Salam - Muslim Society of Memphis,1065 Stratford Road,Memphis,TN,38122,35.160176416228,-89.905924118871,,1980,,"https://www.bartleby.com/essay/Muslims-In-Memphis-PJJEPWLYXT#:~:text=show%20more%20content%E2%80%A6-,Web.,named%20is%20Masjid%20As%2DSalam.",23,33,,,318.0,census_geocoder
3676,Muslim Society of Memphis,1065 Straford Road,Memphis,TN,38122,35.160176416228,-89.905924118871,,2005,,https://muslimsocietyofmemphis.org/organization/,23,33,,,3174.0,census_geocoder
3677,Masjid Ar-Rahman (Islamic Association of Greater Memphis),7906 Lowrance Rd,Memphis,TN,38125,35.03512970342,-89.800537684094,,1977,,https://prayersconnect.com/mosques/84030030-masjid-ar-rahman-memphis-tennessee-united-states,,36,,,2281.0,census_geocoder
3678,Nation of Islam Muhammad Mosque,873 Vance Avenue,Memphis,TN,38126,35.13356680583,-90.032461924431,,-,Information Without Year,(901) 523-2560,38,65,,,317.0,census_geocoder
3679,Masjid Al-Muslimeen,3131 Directors Row,Memphis,TN,38131,35.062144181045,-89.995013427848,,2014,,https://www.muslimsinmemphis.org/pf/masjid-al-muslimeen/,34,23,,,2473.0,census_geocoder
3680,Al Rasool Center,5315 Stage Road,Memphis,TN,38134,35.205791987325,-89.886539692327,,1988,,"https://www.fundforsacredplaces.org/participants/alrasool-islamic-center/#:~:text=Alrasool%20Islamic%20Center%20was%20originally,during%20the%201992%20Gulf%20War.",19,42,,,721.0,census_geocoder
3681,Islamic Center of Jackson,1742 Airways Blvd,Jackson,TN,38301,35.61253792198,-88.913075769334,,2004,,"https://www.causeiq.com/organizations/islamic-center-of-jackson,943425051/",,7,,,1265.0,census_geocoder
3682,Islamic Center of Columbia,500 Carter st,Columbia,TN,38401,35.623449544919,-87.030797902847,,2000,,https://liberationnews.org/08-02-22-islamic-center-in-columbia-tenn-html/,,56,,,1222.0,census_geocoder
3683,Cookeville mosque,313 North Walnut Avenue,Cookeville,TN,38501,36.167376760757,-85.505638653368,,,,Website link invalid,,83,,,3183.0,census_geocoder
3684,Dar E Hussain DFW imambarga,1229 West College Avenue,Carrollton,TX,75006,32.95377893931,-96.913338717124,,"
",,"
",43,42,,,,census_geocoder
3685,IQA,1112 Milam Way,Carrollton,TX,75006,32.953463542539,-96.886993758696,,"
",,"
",33,81,,,,census_geocoder
3686,Islamic Association of Carrollton (IAC),1901 Kelly Boulevard,Carrollton,TX,75006,32.961984005528,-96.877187345523,,1991,,https://www.facebook.com/share/1HRuD7bJSM/?mibextid=wwXIfr,27,34,,,,census_geocoder
3687,Madinah Mosque of Carrollton,2180 Old Denton Road,Carrollton,TX,75006,32.974540892834,-96.9098754311,,2003,,https://madinahmasjid.com/about/,0,49,,,,census_geocoder
3688,Ghamidi Center of Islamic Learning,3620 North Josey Lane,Carrollton,TX,75007,33.009722938376,-96.886764614404,,"
",,"
",26,49,,,,census_geocoder
3689,ISRA Foundation,"
",Carrollton,TX,75007,32.9515472,-96.9034244,,"
",,"
",26,81,,,,nominatim
3690,Minhaj ul-Quran,3751 North Josey Lane,Carrollton,TX,75007,33.013233419059,-96.887136338876,,1981,,https://us.mohid.co/tx/dallas/jmcc#about,26,55,,,,census_geocoder
3691,Princeton Islamic Center,4200 International Parkway,Carrollton,TX,75007,33.021586677453,-96.848393014608,,"
",,"
",29,34,,,,census_geocoder
3692,City of Knowledge,1800 Golden Trail Court,Carrollton,TX,75010,33.033104405838,-96.885658217396,,"
",No Basic Information,"
",26,29,,,,census_geocoder
3693,Ahmadiyya Movement In Islam,1850 Hedgcoxe Road,Allen,TX,75013,33.086184497477,-96.723091271035,,2017,,https://islamindallas.org/multimedia/,,31,,,,census_geocoder
3694,Islamic Association of Allen,909 Allen Central Drive,Allen,TX,75013,33.097755086379,-96.684518653592,,2007,,https://www.charitynavigator.org/ein/204303157,,63,,,,census_geocoder
3695,ICC - Islamic Center of Coppell,612 East Sandy Lake Road,Coppell,TX,75019,32.973194911853,-97.011611635562,,"
",,"
",,67,,,,census_geocoder
3696,Islamic Education Center - IEC-SA,3601 Holly Drive,Dennison,TX,75020,33.753209638046,-96.591622756924,,"
",,"
",,22,,,,census_geocoder
3697,Flower Mound Masjid,3430 Peters Colony Road,Flower Mound,TX,75022,33.034134146,-97.083004321331,,2021,,https://www.ialfm.org/construction-project/,,43,,,,census_geocoder
3698,Islamic Association of Collin County,3430 Peters Colony Road,Flower Mound,TX,75022,33.034134146,-97.083004321331,,"
",,"
",,43,,,,census_geocoder
3699,Islamic Association of Collin County (Plano Mosque),6401 Independence Parkway,Plano,TX,75023,33.059509354689,-96.750635802997,,1997,,https://planomasjid.org/our-history/,0,56,,,,census_geocoder
3700,Ismaili Jamatkhana,6704 Alma Drive,Plano,TX,75023,33.066020535556,-96.709495695593,,2006,,http://heritage.ismaili.net/node/12391,0,62,,,,census_geocoder
3701,Ø³Ø¬Ø¯,6401 Independence Parkway,Plano,TX,75023,33.059509354689,-96.750635802997,,"
",,"
",0,56,,,,census_geocoder
3702,wayco masgid,2011 West Spring Creek Parkway,Plano,TX,75023,33.058927936118,-96.731735603463,,"
",,"
",0,79,,,,census_geocoder
3703,Islamic Center of Frisco,11137 Frisco Street,Frisco,TX,75033,33.172516984126,-96.833218249878,,2007,,https://friscomasjid.org/,,29,,,,census_geocoder
3704,MTO Shahmaghsoudi,8455 Stonebrook Parkway,Frisco,TX,75034,33.139851581238,-96.810997835414,,1986,,https://mto.org/center/dalla/,,55,,,,census_geocoder
3705,Masjid Zakariya,14111 King Road,Frisco,TX,75036,33.1546147,-96.9077878,,1986,,https://prayersconnect.com/mosques/84032140-islamic-center-of-beaumont-beaumont-texas-united-states,,38,,,,nominatim
3706,Makki Masjid,2204 West Walnut Hill Lane,Irving,TX,75038,32.866931431772,-96.973908828512,,"
",,"
",28,41,,,,census_geocoder
3707,Bilal Community Center,1120 Main Street,Garland,TX,75040,32.912687009691,-96.643769455263,,1998,,"
",51,74,,,,census_geocoder
3708,Al Mustafa Community Center,4567 West Walnut Street,Garland,TX,75042,32.91671105012,-96.701579268132,,"
",,"
",38,66,,,,census_geocoder
3709,Makkah Masjid (Garland Mosque),3301 West Buckingham Road,Garland,TX,75042,32.93099,-96.6792494,,1993,,https://makkahmasjid.net/about-us/,34,29,,,,nominatim
3710,Islamic Society Of Mesquite,5906 Duck Creek Drive,Garland,TX,75043,32.846987271546,-96.602652341909,,1990,,https://islamicsocietyofmesquite.org/about,34,59,,,,census_geocoder
3711,Northside Islamic Center of San Antonio,1015 Stonewall Street,Garland,TX,75043,,,,2025,,https://communityimpact.com/san-antonio/north-san-antonio/nonprofit/2025/09/25/northside-islamic-center-of-san-antonio-planning-new-33000-square-foot-community-facility/,29,64,,,,
3712,Al-Hameed Musallah,3700 North Shiloh Road,Garland,TX,75044,32.950689269548,-96.66520242111,,"
",,"
",35,32,,,,census_geocoder
3713,Masjid Yaseen,1601 West Campbell Road,Garland,TX,75044,32.982258387906,-96.651520916045,,1985,,https://masjidyaseen.org/,26,7,,,,census_geocoder
3714,"American Imams Academy , AIA Masjid",5206 Ben Davis Road,Sachse,TX,75048,32.970636945578,-96.600988672933,,"
",,"
",,53,,,,census_geocoder
3715,Dallas Muslim Community Center (DMCC),7340 South State Highway 78,Sachse,TX,75048,,,,"
",,"
",,52,,,,
3716,Sachse Muslim Society,2416 3rd Street,Sachse,TX,75048,32.978875417831,-96.599858082666,,2014,,"https://www.causeiq.com/organizations/sachse-muslim-society,471365228/",,53,,,,census_geocoder
3717,Bosnian American Cultural Center of North Texas,401-403 Northeast 5th Street,Grand Prairie,TX,75050,32.751103261896,-96.998233692947,,"
",,"
",,48,,,,census_geocoder
3718,Grand Prairie Masjid,802 Greenview Drive,Grand Prairie,TX,75050,32.77228762363,-97.055709914694,,"
",,"
",,38,,,,census_geocoder
3719,IHYA FOUNDATION,727 Hill Street,Grand Prairie,TX,75050,32.748735889489,-97.012641746421,,"
",,"
",,65,,,,census_geocoder
3720,Imam Ali Islamic center,2330 Dalworth Street,Grand Prairie,TX,75050,32.74473913074,-97.036608711401,,1999,,https://www.facebook.com/imamalicenterintexas/,,50,,,,census_geocoder
3721,Masjid E Zohra,2202 San Antonio Street,Grand Prairie,TX,75051,32.738006254052,-97.034181309166,,"
",,"
",,49,,,,census_geocoder
3722,Islamic Association of the colony,5201 South Colony Boulevard,The Colony,TX,75056,33.084314189104,-96.879098809547,,2018,,https://starlocalmedia.com/thecolonycourierleader/news/the-colony-council-approves-first-mosque/article_78aecf02-ede8-11e8-bb2d-ef839b1adba6.html,,56,,,,census_geocoder
3723,"Dawoodi Bohra Al Masjid Al Saifee Anjuman-e-Najmi, Dallas Inc.",1320 South Nursery Road,Irving,TX,75060,32.798946185589,-96.934550275648,,"
",,"
",32,43,,,,census_geocoder
3724,Dfw Islamic Center,4019 Jackson Street,Irving,TX,75061,32.817333328638,-97.002730023013,,1999,,"https://nmadfwtx.org/#:~:text=The%20Nigerian%20Muslim%20Association%20of,their%20relationship%20with%20Almighty%20Allah.",34,33,,,,census_geocoder
3725,Saba Center Community,1219 Salma Jameel Court,Irving,TX,75061,32.825121441488,-97.016270724826,,"
",,"
",28,18,,,,census_geocoder
3726,Annoor Center,3636 West Northgate Drive,Irving,TX,75062,32.85682329874,-96.993691279809,,"
",,"
",28,69,,,,census_geocoder
3727,Barkaat-Ul-Quran,555 West Airport Freeway,Irving,TX,75062,32.837660445108,-96.952427976488,,"
",,"
",32,67,,,,census_geocoder
3728,Islamic Center of Irving,2555 Esters Road,Irving,TX,75062,32.841473384488,-97.009481410998,,1991,,https://www.irvingmasjid.org/about-us/,27,30,,,,census_geocoder
3729,Klein Islamic Center - Masjid,6210 North Belt Line Road,Irving,TX,75063,32.88559298209,-96.991118151137,,"
",,"
",38,20,,,,census_geocoder
3730,Unity Ismaili Recreation Center,9940 West Valley Ranch Parkway,Irving,TX,75063,32.94036014205,-96.95309764246,,"
",,"
",27,61,,,,census_geocoder
3731,Valley Ranch Islamic Center (VRIC),351 Ranchview Drive,Irving,TX,75063,32.916813539169,-96.94792410067,,2009,,https://vric.org/about/,23,27,,,,census_geocoder
3732,Anjuman e Taheri,1410 South Tennessee Street,McKinney,TX,75069,33.182722531783,-96.617866015088,,"
",,"
",,63,,,,census_geocoder
3733,MCECC & Al Madinah Mosque,2940 Eldorado Parkway,McKinney,TX,75070,33.167932002882,-96.663413690636,,"
",,"
",,58,,,,census_geocoder
3734,McKinney Islamic Association,2940 Eldorado Parkway,McKinney,TX,75070,33.167932002882,-96.663413690636,,2022,,https://www.keranews.org/news/2024-07-26/mckinney-mosque-postponed-city-council,,58,,,,census_geocoder
3735,Sufaraa,2220 Bush Drive,McKinney,TX,75070,33.169545344443,-96.645624881603,,"
",,"
",,53,,,,census_geocoder
3736,East Plano Islamic Center (EPIC Masjid),4700 14th Street,Plano,TX,75074,33.011582267072,-96.64602523217,,2001,,https://nielsensremodelingtx.com/discover-epic-masjid-east-plano-islamic-center-in-texas/,0,25,,,,census_geocoder
3737,Masjid Omar Bin Khattab (A Project of Texas Islamic Community Center),4030 Split Trail Road,Plano,TX,75074,33.054575983238,-96.69350264204,,"
",,"
",0,58,,,,census_geocoder
3738,Noori Mosque,1251 Shiloh Road,Plano,TX,75074,33.013720674166,-96.664756052985,,2005,,https://noorimasjid.net/about-us/,0,55,,,,census_geocoder
3739,Dallas Sufi Center,1915 North Central Expressway,Plano,TX,75075,33.027241640477,-96.710013517873,,"
",,"
",44,62,,,,census_geocoder
3740,IILM Center,2101 West Plano Parkway,Plano,TX,75075,33.007461916224,-96.734008816242,,2002,,"
",36,23,,,,census_geocoder
3741,Ismaili Jamatkhana Mid-Cities,930 West Parker Road,Plano,TX,75075,33.040837638367,-96.715095092368,,"
",,"
",27,79,,,,census_geocoder
3742,Islamic Center of Watauga,861 North Coleman Street,Prosper,TX,75078,33.243675471383,-96.802184452858,,2004,,https://wataugamasjid.com/location-and-services/,,34,,,,census_geocoder
3743,Student Mosque - Islamic Center of South Plain,291 South Preston Road,Prosper,TX,75078,33.233721216305,-96.790854660993,,2008,,https://lubbockmuslims.org/about-icsp/,,27,,,,census_geocoder
3744,Abu Hanifa Mosque,132 North Glenville Drive,Richardson,TX,75081,32.947006589034,-96.704930272979,,1979,,https://prayersconnect.com/mosques/84040922-masjid-ahsan-islamic-association-of-texas-richardson-texas-united-states,32,69,,,,census_geocoder
3745,Al-Ansar Society,1059 South Sherman Street,Richardson,TX,75081,32.937659996362,-96.741250792627,,"
",,"
",54,62,,,,census_geocoder
3746,Dallas Diyanet Mosque,1100 East Campbell Road,Richardson,TX,75081,32.975198231874,-96.706194026494,,"
",,"
",29,55,,,,census_geocoder
3747,ICNA Center,1600 North Plano Road,Richardson,TX,75081,32.969310210852,-96.699708328879,,"
",,"
",32,53,,,,census_geocoder
3748,Islamic Association of Lewisville & Flower Mound,132 North Glenville Drive,Richardson,TX,75081,32.947006589034,-96.704930272979,,2021,,https://www.ialfm.org/construction-project/,32,69,,,,census_geocoder
3749,Islamic Association of North Texas (IANT Masjid),840 Abrams Road,Richardson,TX,75081,32.93779187158,-96.73085118553,,1984,,https://www.archnet.org/sites/14721,52,65,,,,census_geocoder
3750,Islamic Resources & Iranian Cultural Foundation,411 Industrial Drive,Richardson,TX,75081,32.95377440504,-96.712102681743,,"
",,"
",35,43,,,,census_geocoder
3751,MAS Islamic Center Of Dallas,1515 Blake Drive,Richardson,TX,75081,32.963211772889,-96.697157755694,,2006,,https://masdfw.org/who-we-are/,34,59,,,,census_geocoder
3752,Rahmani Masjid and Learning Center,331 East Polk Street,Richardson,TX,75081,32.947414893884,-96.729505320882,,"
",,"
",47,78,,,,census_geocoder
3753,Tanzania Islamic Centre,1101 Executive Drive,Richardson,TX,75081,32.961659860108,-96.711497920595,,"
",,"
",36,36,,,,census_geocoder
3754,AOE,5119 Rowlett Road,Rowlett,TX,75088,32.905976999403,-96.569509607542,,"
",,"
",39,65,,,,census_geocoder
3755,Association for Guidance and Education (Rowlett Musallah),5219 Rowlett Road,Rowlett,TX,75088,32.906268884201,-96.569503884294,,"
",,"
",37,63,,,,census_geocoder
3756,Islamic Center of Quad Cities,6710 Garner Road,Rowlett,TX,75088,32.886656999951,-96.538267257701,,"
",,"
",0,2,,,,census_geocoder
3757,Renaissance Education Foundation,601 Pheasant Run Drive,Murphy,TX,75094,33.024012690547,-96.625820274561,,"
",,"
",,9,,,,census_geocoder
3758,Bosniaks Islamic Center Dallas-Fort Worth (BIC),2749 Elm Grove Road,Wylie,TX,75098,32.967126305099,-96.541119125846,,"
",,"
",,7,,,,census_geocoder
3759,IAQC,3800 Parker Road,Saint Paul,TX,75098,33.0517155506,-96.566202097734,,"
",,"
",,23,,,,census_geocoder
3760,Islamic Center of Wylie,3990 Lakeway Drive,Saint Paul,TX,75098,33.048691425212,-96.567032179116,,2012,,https://icwtx.org/about/,,26,,,,census_geocoder
3761,Masjid Faizan E Madinah Wylie,641 West Brown Street,Wylie,TX,75098,33.018020692495,-96.544859918746,,2016,,https://www.faizanemadinahusa.org/wylie-center/about-us,,42,,,,census_geocoder
3762,WKIC - Al Firdous Musalla,2812 Exchange Street,Wylie,TX,75098,33.004273979244,-96.584450430818,,"
",,"
",,26,,,,census_geocoder
3763,The Unity Center,6011 S Interstate Hwy 45 E,Corsicana,TX,75109,32.006209708553,-96.432530919267,,"
",,"
",,10,,,,census_geocoder
3764,Desoto House of Peace - Mosque & Community Center,531 West Belt Line Road,DeSoto,TX,75115,32.589878145154,-96.867775262603,,2021,,https://youtu.be/1IagGNrZodM?si=XrY4hjiIStEJWMfh,,32,,,,census_geocoder
3765,Islamic Association Of Desoto Texas,1120 West Belt Line Road,DeSoto,TX,75115,32.589729006922,-96.885945961556,,2018,,https://youtu.be/1IagGNrZodM?si=XrY4hjiIStEJWMfh,,43,,,,census_geocoder
3766,Masjid Alsahabah,616 Rayburn Drive,DeSoto,TX,75115,32.597127006435,-96.907491156449,,"
",,"
",,9,,,,census_geocoder
3767,Dallas Islamic Foundation,301 Frank Keasler Boulevard,Duncanville,TX,75116,32.667762959383,-96.910743529712,,"
",,"
",0,55,,,,census_geocoder
3768,Forney Islamic Center - FIC,9081 Old Nacogdoches Trail,Forney,TX,75126,32.698298352697,-96.476179211506,,"
",,"
",,0,,,,census_geocoder
3769,Islamic Center of El Paso (ICEP),13980 Farm to Market 548,Forney,TX,75126,32.759705919282,-96.432914393777,,2004,,https://icelpaso.org/about-icep/,,7,,,,census_geocoder
3770,Masjid Al Ihsan,202 South Walker Street,Mesquite,TX,75149,32.766630219918,-96.604266065993,,"
",,"
",,57,,,,census_geocoder
3771,Islamic Association Texas (Masjid Ahsan),2409 Gus Thomasson Road,Mesquite,TX,75150,32.797177969555,-96.634335069762,,1979,,https://prayersconnect.com/mosques/84040922-masjid-ahsan-islamic-association-of-texas-richardson-texas-united-states,,54,,,,census_geocoder
3772,Mesquite Islamic Center (MIC Mosque),2403 Franklin Drive,Mesquite,TX,75150,32.79621457515,-96.617153320525,,2008,,https://www.yelp.com/biz/mesquite-islamic-center-mesquite,,54,,,,census_geocoder
3773,Dar Al-Arqam Masjid,2001 South Hampton Road,Glenn Heights,TX,75154,32.552800426124,-96.856861512911,,"
",,"
",,3,,,,census_geocoder
3774,Tyler Islamic Center,508 Park Avenue,Dallas,TX,75201,32.778415158515,-96.793619877137,,"
",,"
",84,97,,,,census_geocoder
3775,Al islam beacon of light Mosque,2621 South Cesar Chavez Boulevard,Dallas,TX,75215,32.7793507,-96.7891921,,"
",,"
",45,59,,,,nominatim
3776,Islamic Center of Rowlett,2806 Martin Luther King Junior Boulevard,Dallas,TX,75215,32.76912970713,-96.768298643185,,"
",,"
",58,71,,,,census_geocoder
3777,"Masjid al-Islam - Dallas, TX",2604 South Harwood Street,Dallas,TX,75215,32.7668694703,-96.778877786396,,2004,,https://masjidalislam.org/history,45,59,,,,census_geocoder
3778,Masjid Usman,2806 Martin Luther King Boulevard,Dallas,TX,75215,32.76912970713,-96.768298643185,,2008,,"https://www.causeiq.com/organizations/islamic-center-of-south-dallas,205829571/",58,71,,,,census_geocoder
3779,Mount Pleasant Islamic Center,2429 Martin Luther King Junior Boulevard,Dallas,TX,75215,32.765526489272,-96.772696171275,,"
",,"
",44,64,,,,census_geocoder
3780,Masjid Al-Fattah La Marque,2723 Alaska Avenue,Oak Cliff,TX,75216,32.714547752691,-96.815874658408,,1988,,https://masjidalhaqq.com/about-us,47,57,,,,census_geocoder
3781,Nour Al-Quran Society,3434 Sunnyvale Street,Dallas,TX,75216,32.712439955094,-96.784570729086,,"
",,"
",41,50,,,,census_geocoder
3782,Al Razzaq Islamic Centre,11132 Shady Trail,Dallas,TX,75229,32.88540324182,-96.890364687337,,"
",Information Without Year,https://prayersconnect.com/mosques/84045357-al-razzaq-islamic-center-dallas-texas-united-states,41,48,,,,census_geocoder
3783,Islamic Centers of Prosper and Celina - ICPC,5767 Phoenix Drive,Dallas,TX,75231,32.875997746928,-96.759088849569,,"
",,"
",54,60,,,,census_geocoder
3784,Rahmania Center,9450 Skillman Street,Dallas,TX,75243,32.905265812702,-96.71166377891,,"
",,"
",51,72,,,,census_geocoder
3785,Islamic Center of Lake Worth,2945 Frankford Road,Dallas,TX,75287,32.997139552516,-96.861853172957,,1988,,https://momin.org,32,51,,,,census_geocoder
3786,MOMIN of Texas,2945 Frankford Road,Dallas,TX,75287,32.997139552516,-96.861853172957,,1988,,https://momin.org/about-us/,32,51,,,,census_geocoder
3787,Greenville Musallah,103 2608 Eastland Avenue,Greenville,TX,75402,33.11125241105,-96.107675975033,,"
",,"
",,61,,,,census_geocoder
3788,Darul Hedayah,11343 Farm to Market Road 2756,Princeton,TX,75407,33.205126098466,-96.442758667476,,"
",,"
",,0,,,,census_geocoder
3789,Prime Bazaar: Halal Supermarket,521 North 4th Street,Princeton,TX,75407,33.17911243613,-96.496782101159,,"
",,"
",,65,,,,census_geocoder
3790,Anna Islamic Center,604 West White Street,Anna,TX,75409,33.344389842279,-96.555362505256,,"
",,"
",,54,,,,census_geocoder
3791,East Texas Islamic Association - Commerce Mosque,1703 Live Oak Street,Commerce,TX,75428,33.247215595473,-95.905079308098,,2002,,https://www.tylermuslim.com/about-us/,,59,,,,census_geocoder
3792,Imaan Melissa,1010 Milrany Lane,Melissa,TX,75454,33.263871850391,-96.547873496432,,"
",,"
",,0,,,,census_geocoder
3793,Masjid e Aamina (Econolodge),1505 South Jefferson Avenue,Mount Pleasant,TX,75455,33.1409249735,-94.968135813741,,"
",,"
",,64,,,,census_geocoder
3794,Mosque Point Park,957 Nevills Road,Mount Pleasant,TX,75455,33.1955026,-94.9603244,,"
",,"
",,1,,,,nominatim
3795,Islamic Center of Nacogdoches,248 3rd Street Northeast,Paris,TX,75460,33.663408371795,-95.553616661973,,"
",,"
",,69,,,,census_geocoder
3796,Masjid Tawheed Wa Sunnah,5509 North Kings Highway,Texarkana,TX,75503,33.4691872,-94.1421589,,"
",,"
",,8,,,,nominatim
3797,Islamic center of Longview,119 Amy Street,Longview,TX,75605,32.57309016886,-94.751667062189,,2009,,"https://www.causeiq.com/organizations/islamic-center-of-longview,010928277/",,9,,,,census_geocoder
3798,East Texas Islamic Society (ETIS),10631 State Highway 64,Tyler,TX,75707,32.328500958721,-95.234952109738,,1988,,"https://www.tylermuslim.com/about-us/#:~:text=After%20three%20years%20of%20accumulating,residence%2C%20classrooms%20and%20other%20activities.",,23,,,,census_geocoder
3799,Turkish American Religious Foundation Diyanet Mosque,6708 Rhones Quarter Road,Tyler,TX,75707,32.2816069,-95.2617008,,"
",,"
",,7,,,,nominatim
3800,Al-Akbar Islamic Center,225 Private Road 3477,Big Sandy,TX,75755,32.561094063723,-94.98347921968,,"
",No Basic Information,"
",,0,,,,census_geocoder
3801,Fairfield cemetery,101 Dunbar Street,Fairfield,TX,75840,31.7232688,-96.1538069,,"
",,"
",,38,,,,nominatim
3802,Islamic Center of Lufkin,208 White Avenue,Lufkin,TX,75904,31.329231547383,-94.759333367395,,2019,,https://wwEkltv.com/video/2021/06/19/power-prayer-east-texas-islamic-society-open-house/,,41,,,,census_geocoder
3803,Islamic Center of Momin,2125 Center Road,Nacogdoches,TX,75961,31.602797898058,-94.591357317524,,1988,,https://momin.org,,21,,,,census_geocoder
3804,Arlington Central Mosque (Islamic Society of Arlington - ISAT Masjid),1700 South Center Street,Arlington,TX,76010,32.716719555054,-97.103983993244,,"
",,"
",,46,,,,census_geocoder
3805,Fatima Al-Zahra,3400 East Abram Street,Arlington,TX,76010,32.737500335758,-97.047567258845,,"
",,"
",,44,,,,census_geocoder
3806,Dar Elsalam Islamic Center,500 West Road to Six Flags Street,Arlington,TX,76011,32.757321886304,-97.111905370685,,2003,,"https://www.guidestar.org/profile/75-2741229#:~:text=Mission,Arlington%2C%20TX%2076011",,63,,,,census_geocoder
3807,Dar El-Quran,110 North Davis Drive,Arlington,TX,76013,32.737185599418,-97.123450632607,,"
",,"
",,52,,,,census_geocoder
3808,Masjid Ibn Baz,2114 Roosevelt Drive,Arlington,TX,76013,32.709688436654,-97.155246742507,,"
",No Basic Information,"
",,64,,,,census_geocoder
3809,Zia ul Quran Masjid,2425 Carter Drive,Arlington,TX,76014,32.704770832356,-97.067685606594,,2001,,https://www.ziaulquranmasjid.com/about-us,,73,,,,census_geocoder
3810,Dar El-Eman Islamic Center (DEIC),5511 Mansfield Road,Arlington,TX,76017,32.657115519258,-97.137238918478,,1998,,https://prayersconnect.com/mosques/84073696-dar-el-eman-islamic-center-deic-arlington-texas-united-states,,73,,,,census_geocoder
3811,Mansfield Islamic Center,6401 New York Avenue,Arlington,TX,76018,32.642056495726,-97.075078914519,,2009,,https://halalguide.me/dallas-fort-uort/mechet/mansfield-islamic-center/posts,,22,,,,census_geocoder
3812,Xhamia Shqiptare DFW (Masjid Albani),3205 Brown Trail,Bedford,TX,76021,32.856752553989,-97.159938737513,,2016,,https://www.xs-dfw.com/about,,71,,,,census_geocoder
3813,Musalla,621 Old Highway 1187,Burleson,TX,76028,32.580466553581,-97.310185628049,,"
",,"
",0,15,,,,census_geocoder
3814,Isalmic Association of Mid Cities,500 Cheek Sparger Road,Colleyville,TX,76034,32.868233453198,-97.16120708919,,2001,,https://us.mohid.co/tx/txrgn/iamc,,41,,,,census_geocoder
3815,Islamic Association of Colleyville Ù,500 Cheek-Sparger Road,Colleyville,TX,76034,32.868233453198,-97.16120708919,,2001,,https://us.mohid.co/tx/txrgn/iamc,,41,,,,census_geocoder
3816,Euless Musalla /  HEB Masjid,901 Clinic Drive,Euless,TX,76039,32.848596476333,-97.096250697138,,"
",,"
",,53,,,,census_geocoder
3817,Ismaili Jamatkhana and Center - Houston Headquarters,700 East Harwood Road,Euless,TX,76039,32.851628965451,-97.072574198636,,"
",,"
",,42,,,,census_geocoder
3818,Islamic Center of Euless,203 South Ector Drive,Euless,TX,76040,32.835578481112,-97.090629129252,,2013,,"https://www.causeiq.com/organizations/euless-islamic-center,461627338/",,75,,,,census_geocoder
3819,Dar Alhuda Inc,1245 Karla Drive,Hurst,TX,76053,32.832052802512,-97.177973014039,,2001,,https://rakwa.com/listting/masjid-dar-alhuda,,73,,,,census_geocoder
3820,UH MSA Ramadan Tent,651 East Debbie Lane,Mansfield,TX,76063,32.600099064381,-97.129440647563,,"
",,"
",,45,,,,census_geocoder
3821,Islamic Center of South Dallas,1280 North Carroll Avenue,Southlake,TX,76092,32.957115293218,-97.134125395207,,"
",,"
",,23,,,,census_geocoder
3822,Muhammad Mosque,2401 Scott Avenue,Fort Worth,TX,76103,32.747702467747,-97.293040779351,,"
",,"
",33,37,,,,census_geocoder
3823,Masjid Ghous-E-Azam,1201 East Allen Avenue,Fort Worth,TX,76104,32.726229590799,-97.312383741949,,"
",,"
",37,56,,,,census_geocoder
3824,Bait-ul-Qayyum Mosque,2801 Miller Avenue,Fort Worth,TX,76105,32.717967037883,-97.262794156535,,2012,,https://www.prayertimes.city/mosque/bait-ul-qayyum-mosque/,35,64,,,,census_geocoder
3825,Islamic Association of Tarrant County,4901 Diaz Avenue,Fort Worth,TX,76107,32.727177342552,-97.393326837314,,2005,,"
",29,50,,,,census_geocoder
3826,Masjid Salahadeen,2605 Ennis Avenue,Fort Worth,TX,76111,32.758643781572,-97.308869643024,,"
",,"
",27,50,,,,census_geocoder
3827,Islamic Unity Center (IUC),1205 Country Club Lane,Fort Worth,TX,76112,32.762413200827,-97.233757642501,,"
",Information Without Year,(682) 301-1058,27,49,,,,census_geocoder
3828,Islamic Center of Gainesville-Texas,4421 Jerri Lane,Haltom City,TX,76117,32.817064292321,-97.281286143852,,"
",,"
",,34,,,,census_geocoder
3829,Al-Hedayah Academy,8601 Randol Mill Road,Fort Worth,TX,76120,32.768451124263,-97.168427592425,,1992,,https://www.linkedin.com/company/al-hedayah-academy/,31,54,,,,census_geocoder
3830,Al-Mu'min Mosque,3528 Westfield Avenue,Fort Worth,TX,76133,32.671876210395,-97.366699663831,,"
",,"
",27,44,,,,census_geocoder
3831,Bayt Al-Karim Islamic Center,4500 Columbus Trail,Fort Worth,TX,76133,32.62813031687,-97.391179020065,,2020,,https://www.gofundme.com/f/httpsyoutubeBHkndwwQRxg,31,24,,,,census_geocoder
3832,Dar Un Noor Center,5747 Westcreek Drive,Fort Worth,TX,76133,32.659854933026,-97.361822779889,,"
",,"
",31,73,,,,census_geocoder
3833,Islamic Center Of Lake Travis,6100 Shady Oaks Manor Drive,Fort Worth,TX,76135,32.804814187421,-97.414971688934,,"
",,"
",26,65,,,,census_geocoder
3834,Mosque,8399 Cahoba Drive,Fort Worth,TX,76135,32.803992582308,-97.462854007362,,"
",,"
",0,0,,,,census_geocoder
3835,Mosque Point,8375 Cahoba Drive,Fort Worth,TX,76135,32.803534017432,-97.462986090553,,"
",,"
",0,0,,,,census_geocoder
3836,Islamic Association of Fort Worth,6005 Chapman Road,Watauga,TX,76148,32.867781561574,-97.251333202218,,2004,,"
",,31,,,,census_geocoder
3837,Muslim Children Education & Civic Center/Almadina,7600 Glenview Drive,Richland Hills,TX,76180,32.82371997685,-97.214499685959,,2005,,https://www.mcecc.com/about,,49,,,,census_geocoder
3838,Islamic Society of Denton,1105 Greenlee Street,Denton,TX,76201,33.201808160857,-97.144744776841,,1981,,https://www.dentonmasjid.com/,48,53,,,,census_geocoder
3839,Arsalla Islam,609 Medical Center Drive,Decatur,TX,76234,33.218503295945,-97.594510422651,,"
",,"
",,46,,,,census_geocoder
3840,Islamic Center of Forney - ICF,800 East California Street,Gainesville,TX,76240,33.624215824224,-97.137936028117,,"
",,"
",,72,,,,census_geocoder
3841,Kalkan Masjid Houston,3601 West Keller Hicks Road,Fort Worth,TX,76244,32.938997846091,-97.28698924369,,"
",No Basic Information,"
",0,19,,,,census_geocoder
3842,Islamic Center of the South Plains,6001 Chapman Road,Fort Worth,TX,76248,32.867781561577,-97.251390640206,,2004,,https://wataugamasjid.com/location-and-services/,,33,,,,census_geocoder
3843,Islamic Association of Wichita Falls/Azad Masjid,1701 Trigg Lane,Wichita Falls,TX,76306,33.966601351999,-98.519361033472,,1998,,https://i-cwf.org/history/,,36,,,,census_geocoder
3844,Shadow Creek Muslim Community Center,1701 Trigg Lane,Wichita Falls,TX,76306,33.966601351999,-98.519361033472,,"
",,"
",,36,,,,census_geocoder
3845,Muslim Community Center for Human Services,4520 Southwest Parkway,Wichita Falls,TX,76308,33.858071538935,-98.560062115062,,"
",,"
",,66,,,,census_geocoder
3846,Islamic Society of Central Texas,3033 South Kegley Road,Temple,TX,76502,31.086226202374,-97.411882096369,,2011,,"https://www.causeiq.com/organizations/islamic-society-of-central-texas,742778559/",,6,,,,census_geocoder
3847,Islamic Center of Jarrell,9401 Farm to Market Road 1105,Jarrell,TX,76537,30.780280658667,-97.587478506068,,2023,,https://icjarrell.org/about,,0,,,,census_geocoder
3848,Islamic Community of Greater Killeen,5600 Texas 195,Killeen,TX,76542,31.0752968,-97.6873933,,"
",Information Without Year,https://icgk.org/about/,,15,,,,nominatim
3849,Islamic Center of Hewitt / Masjid Al- Hidaya,201 Regal Drive,Hewitt,TX,76643,31.4791956,-97.2069184,,2005,,https://www.islamiccenterofhewitt.org/about-1/,,49,,,,nominatim
3850,The Blue Mosque: Islamic Center Of Waco,2725 Benton Drive,Waco,TX,76706,31.519911919398,-97.129398546474,,2024,,https://www.icwbluemosque.org/our-history-of-service,,49,,,,census_geocoder
3851,Waller Musallah,School Street,Waco,TX,76707,31.565946,-97.149538,,"
",,"
",,41,,,,nominatim
3852,Tajweed Institute Masjid,JMorogoro Kawawa Rd,Junction,TX,76849,,,,"
",,"
",,63,,,,
3853,Al-Muhaiman Mosque,3103 Cleburne Street,Houston,TX,77004,29.725246105389,-95.36345289963,,1994,,https://www.guidestar.org/profile/76-0454491,54,68,,,,census_geocoder
3854,Mosque,3841 Cullen Boulevard,Houston,TX,77004,29.720081465937,-95.347676986021,,"
",,"
",64,68,,,,census_geocoder
3855,Al Noor Mosque,225 Maxey Road,Houston,TX,77013,29.79731287552,-95.218739736092,,"
",,"
",30,24,,,,census_geocoder
3856,Eesa Ibne Maryam Mosque (Bammel Musallah),13932 Bammel North Houston Road,Houston,TX,77014,29.978264565953,-95.492031833907,,"
",,"
",29,80,,,,census_geocoder
3857,Haj Nabih Masjid,14420 Sylvanfield Drive,Houston,TX,77014,29.984538964834,-95.493860369092,,"
",,"
",34,64,,,,census_geocoder
3858,ISGH Isa ibn Maryam Mosque,13818 Brownsville Street,Houston,TX,77015,29.782008288916,-95.179421263341,,1969,,https://isgh.org/,,67,,,,census_geocoder
3859,The Islamic Institute & Houston Blue Mosque,2323 Allen Parkway,Houston,TX,77019,29.761587507707,-95.391772540928,,"
",,"
",50,77,,,,census_geocoder
3860,5th Ward Islamic Center for Human Development,5303 Lyons Avenue,Houston,TX,77020,29.776419978238,-95.317423676963,,"
",,"
",53,73,,,,census_geocoder
3861,Almeda Mosque,6923 Almeda Road,Houston,TX,77021,29.701706791053,-95.385650657655,,"
",Information Without Year,https://isgh.org/islamic-centers/,44,47,,,,census_geocoder
3862,Ibrahim Islamic Center & Mosque,7563 South Freeway,Houston,TX,77021,29.684839269286,-95.378576977105,,"
",,"
",39,18,,,,census_geocoder
3863,Muhammad Mosque #52,4443 Old Spanish Trail,Houston,TX,77021,29.705721883168,-95.344845211268,,"
",,"
",56,57,,,,census_geocoder
3864,At-Tawhid Mosque,5514 Hirsch Road,Houston,TX,77026,29.809838734652,-95.328568233085,,"
",,"
",54,21,,,,census_geocoder
3865,Masjid Al-Ikhlas,3204 Jensen Drive,Houston,TX,77026,29.791495789892,-95.341959441064,,"
",,"
",44,63,,,,census_geocoder
3866,Masjid Attaqwa,6411 Fannin Street,Houston,TX,77030,29.715096626711,-95.396526455787,,1992,,https://www.archnet.org/sites/14720,66,48,,,,census_geocoder
3867,Masjid-ul Mumineen,8875 Benning Drive,Houston,TX,77031,29.658854549534,-95.531558784752,,2000,,https://www.mapquest.com/us/texas/masjidul-mumineen-752272976,40,59,,,,census_geocoder
3868,Musallah Masjid Mosque (2nd Fl) Seena One Medical Center,11740 South Sam Houston Parkway West,Houston,TX,77031,29.651102852082,-95.546701313236,,"
",,"
",31,46,,,,census_geocoder
3869,The Islamic Institute & Houston Blue Mosque,9301 West Bellfort Avenue,Houston,TX,77031,29.655700295477,-95.545559039921,,"
",,"
",31,40,,,,census_geocoder
3870,Masjid Abu Bakr,8830 Galveston Road,Houston,TX,77034,29.633531,-95.207933,,1969,,https://www.mapquest.com/us/texas/masjid-abu-bakr-778799171,0,16,,,,nominatim
3871,Quad City Islamic Center of North Austin Leander,730 Farm to Market Road 1959,Houston,TX,77034,29.592511866387,-95.180191546761,,"
",,"
",0,51,,,,census_geocoder
3872,Al Muhajreen,10301 Harwin Drive,Houston,TX,77036,29.717244685288,-95.546120391537,,"
",,"
",43,66,,,,census_geocoder
3873,Al-Rahma Center,5855 Sovereign Drive,Houston,TX,77036,29.714536043499,-95.553790387085,,"
",,"
",39,60,,,,census_geocoder
3874,FATIH MASJID,7818 Bellaire Boulevard,Houston,TX,77036,29.705184122266,-95.52331935784,,"
",,"
",47,68,,,,census_geocoder
3875,Hawa Masjid,5880 Ranchester Drive,Houston,TX,77036,29.71467238112,-95.547694580307,,1969,,https://isgh.org/masjid-hamza-full-time-hifz-program/,41,55,,,,census_geocoder
3876,Makkah masjid,9651 Bissonnet Street,Houston,TX,77036,29.675479207982,-95.546973619469,,"
",,"
",44,64,,,,census_geocoder
3877,Masjid Salah Ad-Deen,5645 Hillcroft Street,Houston,TX,77036,29.721563429432,-95.500972912321,,"
",No Basic Information,"
",47,82,,,,census_geocoder
3878,Masjid Taqwa Interfaith Center,5645 Hillcroft Street,Houston,TX,77036,29.721563429432,-95.500972912321,,"
",,"
",47,82,,,,census_geocoder
3879,Mercy Community Center - Mosque,5922 Hillcroft Street,Houston,TX,77036,29.719141800347,-95.500978729657,,2003,,https://prayersconnect.com/mosques/84096517-mercy-community-center-houston-texas-united-states,47,84,,,,census_geocoder
3880,Masjid El-Farouq,1207 Conrad Sauer Drive,Houston,TX,77043,29.789117293084,-95.549133539079,,1998,,https://elfarouq.org/,48,62,,,,census_geocoder
3881,McKinney Mosque,2222 Mansard Street,Houston,TX,77054,29.678819519576,-95.397268103194,,2022,,https://www.keranews.org/news/2024-07-26/mckinney-mosque-postponed-city-council,58,48,,,,census_geocoder
3882,Islamic Education Center,2313 South Voss Road,Houston,TX,77057,29.742343541611,-95.500884475133,,1985,,https://www.influencewatch.org/non-profit/islamic-education-center-houston/,48,79,,,,census_geocoder
3883,Al Aqsa Halal meat Market,17325 El Camino Real,Houston,TX,77058,29.551257143373,-95.113667783746,,"
",,"
",,63,,,,census_geocoder
3884,Clear Lake Islamic Center - Masjid,17511 El Camino Real,Houston,TX,77058,29.550080341239,-95.11076891924,,2008,,https://www.themasjid.org/our-history,12,43,,,,census_geocoder
3885,Masjid Al Karim,7428 Lindencrest Street,Houston,TX,77061,29.657703261204,-95.290139758384,,"
",,"
",38,42,,,,census_geocoder
3886,Clear Lake Jama Masjid IQRA Center,16400 Sea Lark Road,Houston,TX,77062,29.557036962141,-95.124234741764,,"
",,"
",22,67,,,,census_geocoder
3887,MAS Katy Center (Masjid Al-Rahman),16302 Sealark Road,Houston,TX,77062,29.558774060775,-95.125705546446,,"
",,"
",22,67,,,,census_geocoder
3888,ICNA Houston (Main Center),7900 Westglen Drive,Houston,TX,77063,29.72483800927,-95.50547363852,,"
",,"
",49,67,,,,census_geocoder
3889,Jame' Hasan-Al-Basri,2600 Lazy Hollow Drive,Houston,TX,77063,29.738403516706,-95.517193946116,,"
",,"
",49,73,,,,census_geocoder
3890,Al Furqan Islamic Education Center,10602 Jones Road,Houston,TX,77065,29.926123713512,-95.584665455834,,1985,,https://www.influencewatch.org/non-profit/islamic-education-center-houston/,,57,,,,census_geocoder
3891,Baitus Samee Mosque,1333 Spears Road,Houston,TX,77067,29.96461,-95.4407954,,2002,,https://en.wikipedia.org/wiki/Baitus_Samee_Mosque_(Houston),,23,,,,nominatim
3892,Dar-E-Abbas,12121 Vetern Memorial Drive,Houston,TX,77067,29.962612503191,-95.479275706761,,"
",,"
",38,74,,,,census_geocoder
3893,Darul Huda,1414 Hugh Road,Houston,TX,77067,29.959921629769,-95.443181347367,,"
",,"
",,7,,,,census_geocoder
3894,Masjid Bilal - ISGH,11815 Adel Road,Houston,TX,77067,29.956569386499,-95.448295367861,,1969,,https://isgh.org/adelrd/,,13,,,,census_geocoder
3895,Masjid An-Noor â DeSoto,10762 Farm to Market 1960 Road West,Houston,TX,77070,,,,"
",,"
",0,60,,,,
3896,Diyanet Houston Camii,4135 L Street,Houston,TX,77072,29.713896784092,-95.589004507873,,"
",,"
",16,61,,,,census_geocoder
3897,Muhammadi Masjid,11830 Corona Lane,Houston,TX,77072,29.694903297162,-95.586601356231,,1980,,https://local.yahoo.com/info-19063532-muhammadi-masjid-houston/?guccounter=1,39,55,,,,census_geocoder
3898,Madina Masjid Rosenberg,7800 Bissonnet Street,Houston,TX,77074,29.683140431966,-95.516035460105,,"
",,"
",47,49,,,,census_geocoder
3899,Madrasah Islamiah,6665 Bintliff Drive,Houston,TX,77074,29.707405967603,-95.505270479686,,1990,,https://madrasahislamiah.org/about-us/,47,61,,,,census_geocoder
3900,Masjed,6665 Bintliff Drive,Houston,TX,77074,29.707405967603,-95.505270479686,,"
",,"
",47,61,,,,census_geocoder
3901,Masjid Istiqlal Houston,6400 Southwest Freeway,Houston,TX,77074,29.719344821299,-95.49681716759,,2015,,https://www.istiqlalhouston.org/mission-history,48,77,,,,census_geocoder
3902,Mosque,6806 Hornwood Drive,Houston,TX,77074,29.7097183,-95.5029408,,"
",,"
",,,,,,nominatim
3903,Expo Mosque,11322 Westheimer Road,Houston,TX,77077,29.736772110531,-95.578951647634,,"
",,"
",49,77,,,,census_geocoder
3904,Gul Masjid,14366 Memorial Drive,Houston,TX,77079,29.770252104411,-95.600053414172,,"
",,"
",27,82,,,,census_geocoder
3905,"Islamic Religious Services, Fort Bliss",10125 Emnora Lane,Houston,TX,77080,29.815311974121,-95.542169267182,,"
",,"
",40,78,,,,census_geocoder
3906,AL NOOR MOSQUE,6443 Prestwood Drive,Houston,TX,77081,29.718134675214,-95.493905981332,,1992,,https://alnoormasjid.org/about/,48,71,,,,census_geocoder
3907,Masjid Al Suffah,6121 Hillcroft Avenue,Houston,TX,77081,29.71454521346,-95.496573075196,,"
",No Basic Information,"
",47,79,,,,census_geocoder
3908,Islamic Society of Triplex/Beaumont Mosque,12703 Brant Rock Drive,Houston,TX,77082,29.715202933985,-95.607277627724,,2017,,https://www.beaumontenterprise.com/news/article/2-million-9K-square-foot-mosque-now-open-to-11216527.php,37,64,,,,census_geocoder
3909,Makkah Masjid-Greater Houston,3505 South Dairy Ashford Road,Houston,TX,77082,29.723734347736,-95.604791712053,,"
",,"
",37,66,,,,census_geocoder
3910,Masjid - Madrasah Jamiah Islamiah Texas,3820 South Dairy Ashford Road,Houston,TX,77082,29.717470333984,-95.60478409872,,"
",,"
",38,66,,,,census_geocoder
3911,Masjid Al Huda,13180 Westpark Drive,Houston,TX,77082,29.721233012169,-95.618623610813,,"
",,"
",39,53,,,,census_geocoder
3912,Sufaraa - Mckinney,16205 Westheimer Road,Houston,TX,77082,29.719696671324,-95.671649117843,,"
",,"
",16,35,,,,census_geocoder
3913,AL-RAHMA COMMUNITY CENTER OF HOUSTON,7003 Addicks Clodine Road,Houston,TX,77083,29.698854662909,-95.664532023096,,"
",,"
",22,45,,,,census_geocoder
3914,Iman Academy SW,6200 South Texas 6,Houston,TX,77083,29.705891664106,-95.64409362284,,"
",,"
",35,76,,,,census_geocoder
3915,ISGH Hamza Funeral Home (Islamic Society of Greater Houston),6233a Tres Lagunas Drive,Houston,TX,77083,29.710441788306,-95.638814224624,,"
",,"
",,60,,,,census_geocoder
3916,ISGH Masjid Hamza - Mission Bend Islamic Center,6233 Tres Lagunas Drive,Houston,TX,77083,29.710441788306,-95.638814224624,,"
",,"
",,67,,,,census_geocoder
3917,Jama Mecca Masjid,15001 Beechnut Street,Houston,TX,77083,29.689497531274,-95.65224788165,,2006,,https://hijazfoundation.org/about-us/,24,62,,,,census_geocoder
3918,Mariam Center Mosque,7001 South Texas 6,Houston,TX,77083,29.701020516207,-95.643814169771,,"
",,"
",38,62,,,,census_geocoder
3919,Markazi Imam Bargah Al-Murtaza,14903 Bellaire Boulevard,Houston,TX,77083,29.702382799337,-95.649330999063,,"
",Information Without Year,https://al-murtaza.org/,31,74,,,,census_geocoder
3920,Musjid,6265 South Texas 6,Houston,TX,77083,29.873135380173,-95.645327349807,,"
",,"
",39,74,,,,census_geocoder
3921,Bosniaks Cultural Community of Houston,3426 Longhorn Drive,Houston,TX,77084,29.81774298787,-95.66556550092,,"
",,"
",,2,,,,census_geocoder
3922,Evani Burhani,17730 Coventry Park Drive,Houston,TX,77084,29.8612930108,-95.679850144683,,1980,,https://local.yahoo.com/info-19063532-muhammadi-masjid-houston/?guccounter=1,0,40,,,,census_geocoder
3923,ISGH Bear Creek Islamic Center (BCIC) | Masjid Al-Mustafa,17250 Coventry Park Drive,Houston,TX,77084,29.861949709339,-95.671830082279,,1970,,https://prayersconnect.com/mosques/84020463-masjid-al-mustafa-isgh-bear-creek-islamic-center-houston-texas-united-states,0,45,,,,census_geocoder
3924,ISGH Bear Creek Islamic Center (BCIC) | Masjid Al-Mustafa,17250 Coventry Park Drive,Houston,TX,77084,29.861949709339,-95.671830082279,,"
",,"
",0,45,,,,census_geocoder
3925,Masjid e Hussain,17730 Coventry Park Drive,Houston,TX,77084,29.8612930108,-95.679850144683,,"
",,"
",0,40,,,,census_geocoder
3926,Houston Masjid of Al-Islam,6641 Bellfort Avenue,Houston,TX,77087,29.667412730067,-95.312134076259,,2011,,https://www.mapquest.com/us/texas/hassan-masjid-of-all-islam-409566127,36,60,,,,census_geocoder
3927,E Quraish Mosque,12419 Scarsdale Boulevard,Houston,TX,77089,29.594215733243,-95.203475391597,,"
",No Basic Information,"
",14,51,,,,census_geocoder
3928,Richmond Islamic Community Center,9700 Riverstone Ranch Road,Houston,TX,77089,,,,"
",,"
",0,21,,,,
3929,Masjid,1155 Farm to Market 1960 Road West,Houston,TX,77090,,,,"
",,"
",,,,,,
3930,MAS Katy Center (Masjid Al-Rahman),1800 Baker Road,Houston,TX,77094,29.761311943269,-95.701885790637,,"
",,"
",,9,,,,census_geocoder
3931,Flaah Islamic Center,9203 Jackrabbit Road,Houston,TX,77095,,,,2002,,https://islamicdawahcenter.org/about-us/,,32,,,,
3932,ISGH River Oaks Islamic Center (ROIC),3110 Eastside Street,Houston,TX,77098,29.736762837423,-95.424836778737,,1969,,"https://isgh.org/about/#:~:text=The%20Islamic%20Society%20of%20Greater,the%20founders%20of%20the%20society.",51,85,,,,census_geocoder
3933,Al-Ghadeer,9260 South Course Drive,Houston,TX,77099,29.678775058205,-95.562713383682,,1993,,https://prayersconnect.com/mosques/84069441-al-ghadeer-houston-texas-united-states,42,41,,,,census_geocoder
3934,Desi Village Masjid,9810 Amblewood Drive,Houston,TX,77099,29.672272488633,-95.580077555,,"
",,"
",37,44,,,,census_geocoder
3935,ISGH Masjid Savoy Wilcrest,11246 Wilcrest Drive,Houston,TX,77099,29.657524337714,-95.570460566397,,"
",,"
",36,76,,,,census_geocoder
3936,Masjid AlRasool AlAkram,9300 South Course Drive,Houston,TX,77099,29.678466147211,-95.562771981543,,2005,,https://www.imams.us/committee/in-memoriam/,42,47,,,,census_geocoder
3937,Masjid Texarkana,11951 Bissonnet Street,Houston,TX,77099,29.675285071632,-95.589221252022,,1978,,https://www.masjidwdmohammed.com/about-us/the-history-of-masjid-wdm/,34,68,,,,census_geocoder
3938,Minaret ElFarouq Mosque,Houston,Houston,TX,77099,29.767579,-95.3674625,,"
",,"
",64,50,,,,nominatim
3939,MUSLIM COMMUNITY HALL,12102 Bissonnet Street,Houston,TX,77099,29.675545562426,-95.591267528525,,"
",,"
",34,68,,,,census_geocoder
3940,NASFAT HOUSTON BRANCH,9360 Kegan Road,Houston,TX,77099,,,,2015,,"
",34,66,,,,
3941,Robert's HOA Powertrip,8800 West Sam Houston Parkway South,Houston,TX,77099,29.683381299173,-95.559055716184,,"
",,"
",45,53,,,,census_geocoder
3942,WIC Masjid,11246 South Wilcrest Drive,Houston,TX,77099,29.657524337714,-95.570460566397,,1969,,https://isgh.org/islamic-centers/,36,76,,,,census_geocoder
3943,Islamic Center of Conroe ICC (Masjid Bilal),South Frazier Street,Conroe,TX,77301,30.3053205,-95.4595225,,"
",Information Without Year,"
",,59,,,,nominatim
3944,Cleveland Mosque,24293 Texas 321,Cleveland,TX,77327,,,,"
",,"
",,1,,,,
3945,Masjid Fatima tuz Zahra,5511 Farm to Market 1960,Humble,TX,77338,30.013911454799,-95.343097929767,,"
",,"
",0,3,,,,census_geocoder
3946,Masjid Ghous-E-Azam,5511 Farm to Market 1960 Road East,Humble,TX,77338,29.998803715548,-95.190050658961,,"
",,"
",0,3,,,,census_geocoder
3947,Masjid Al-Rasul No. 2 Fifth Ward,3516 Montgomery Road,Huntsville,TX,77340,30.687624918989,-95.558650840874,,"
",,"
",,14,,,,census_geocoder
3948,Kingwood Islamic Center (Kingwood Mosque),22001 East Martin Drive,Montgomery County,TX,77365,30.088501772797,-95.236047719744,,2003,,"
",,30,,,,census_geocoder
3949,Masjid Faruq of Grand Prairie TX,22040 West Ford Road,Montgomery County,TX,77365,30.097876253458,-95.23604557582,,"
",,"
",,40,,,,census_geocoder
3950,Masjid AlSalam,16700 Old Louetta Road,Spring,TX,77379,,,,1998,,https://www.instagram.com/reel/C8DQVnaRU82/,,34,,,,
3951,Masjid Umar Al-Farooq,7623 Louetta Road,Spring,TX,77379,30.018371362527,-95.52816140483,,1995,,https://www.facebook.com/ISSTMcAllen/,0,70,,,,census_geocoder
3952,Masjid Abu Huraira,1701 Sawdust Road,The Woodlands,TX,77380,30.126186436033,-95.469530198349,,2004,,"
",,39,,,,census_geocoder
3953,WEST PLANO MUSALLAH,1625 Sawdust Road,Spring,TX,77380,30.126192977126,-95.468603505663,,"
",,"
",,51,,,,census_geocoder
3954,Al Ansaar Masjid - An ISGH Masjid,15217 Sunset Trail,The Woodlands,TX,77384,30.235448645915,-95.517963811448,,1969,,https://isgh.org/islamic-centers/,,7,,,,census_geocoder
3955,Shepard Airforce Base Mosque (edited by Ebrahim Chowdhury),15206 Sunset Trail,Conroe,TX,77384,30.236858200773,-95.518112365741,,"
",,"
",,9,,,,census_geocoder
3956,Masjid Ali Ul Murtaza. Minhaj-ul-Quran Islamic Center Katy.,11333 Whispering Oaks Drive,Conroe,TX,77385,30.179640281777,-95.409340702408,,"
",,"
",,0,,,,census_geocoder
3957,Masjid Al Jamia Mesquite,1827 Riley Fuzzel Road,Spring,TX,77386,30.096946151525,-95.402436452094,,"
",,"
",,26,,,,census_geocoder
3958,Masjid E Mohammedi,990 Rayford Road,Spring,TX,77386,30.127577243713,-95.427475419889,,1980,,https://local.yahoo.com/info-19063532-muhammadi-masjid-houston/?guccounter=1,0,42,,,,census_geocoder
3959,Keller Islamic Center (KIC),18901 Kuykendahl Road,Spring,TX,77388,30.040536850917,-95.488735664626,,"
",,"
",,53,,,,census_geocoder
3960,Ismaili Jamatkhana - San Antonio,24525 Community Center Drive,Spring,TX,77389,30.114895915718,-95.542535944545,,"
",,"
",,8,,,,census_geocoder
3961,Hidayah masjid (humble masjid),7834 Royal Street,Humble,TX,77396,29.969489437235,-95.271699794705,,"
",,"
",,2,,,,census_geocoder
3962,ISGH Harvest Green Aliana Musalla (HART),18802 West Airport Boulevard,Richmond,TX,77406,29.648823092674,-95.710573975016,,"
",,"
",,14,,,,census_geocoder
3963,Ismaili Jamatkhana and Center - Harvest Green,9550 Harlem Road,Richmond,TX,77407,29.6513656,-95.7138684,,2023,,https://econtractors.com/project/ismaili-jamathkhana-at-harvest-green/,,22,,,,nominatim
3964,Masjid,7120 Farm to Market 1464,Richmond,TX,77407,29.703545088973,-95.688188512039,,"
",,"
",,44,,,,census_geocoder
3965,Cypress Islamic Center,16103 Cypress Rose Hill Road,Harris County,TX,77429,30.00126656338,-95.697713721805,,"
",Information Without Year,https://cypressislamiccenter.org/contact-us/,,23,,,,census_geocoder
3966,ICNA Outreach Center,19025 Wilks Drive,Harris County,TX,77433,30.034204055026,-95.725373539344,,"
",,"
",,4,,,,census_geocoder
3967,Quba Masjid,11901 Barker Cypress Road,Harris County,TX,77433,29.934312622427,-95.682700735322,,"
",,"
",0,53,,,,census_geocoder
3968,Haq Al Zahra Center,2011 Monarch Hollow Lane,Katy,TX,77449,29.795653548954,-95.737667521994,,"
",,"
",,27,,,,census_geocoder
3969,Masjid,19210 Clay Road,Katy,TX,77449,29.831183236649,-95.703804530543,,"
",,"
",,32,,,,census_geocoder
3970,Masjid Al Ahad,19214 Clay Road,Katy,TX,77449,29.831183589834,-95.703894680152,,2008,,https://masjidahad.org/about/,,32,,,,census_geocoder
3971,Masjid AL-UMMAH,20050 Franz Road,Katy,TX,77449,29.802845880208,-95.727581868412,,"
",,"
",,39,,,,census_geocoder
3972,Masjid DAR UN NOOR,3115 North Fry Road,Katy,TX,77449,29.817579897245,-95.72011843289,,"
",,"
",0,57,,,,census_geocoder
3973,Tayyaba Masjid,20140 Morton Road,Katy,TX,77449,29.814943888585,-95.721887866969,,"
",Information Without Year,https://tayyaba-masjid.com-place.com/about,0,57,,,,census_geocoder
3974,ISGH (Riverstone Musallah),4502 Riverstone Boulevard,Missouri City,TX,77459,29.567083277153,-95.572510839581,,"
",,"
",,43,,,,census_geocoder
3975,Masjid Ayesha,4502 Watts Plantation Road,Missouri City,TX,77459,29.5255736,-95.5204875,,2018,,https://prayersconnect.com/mosques/84080366-masjid-ayesha-missouri-city-texas-united-states,,8,,,,nominatim
3976,Fatima Masjid,4919 Foerster School Road,Needville,TX,77461,,,,"
",,"
",,0,,,,
3977,Madani Masjid Alvin TX (ISGH),451 Minonite Road,Rosenberg,TX,77469,29.5396904,-95.7442995,,"
",,"
",,48,,,,nominatim
3978,Masjid Noorul Islam- Cactus Islamic Center,1833 Richmond Parkway,Richmond,TX,77469,29.5736793,-95.7499494,,"
",No Basic Information,"
",,16,,,,nominatim
3979,Rosenberg Community Center,6719 Koeblen Road,Richmond,TX,77469,29.506199710843,-95.763891777585,,2023,,"https://www.causeiq.com/organizations/rosenberg-community-center,922761955/",,1,,,,census_geocoder
3980,Cruz Eid sheep,360 Prairie Lane,Sealy,TX,77474,29.834945640968,-96.166815038908,,"
",,"
",,0,,,,census_geocoder
3981,Brand Lane Islamic Center - Masjid As Sabireen,610 Brand Lane,Stafford,TX,77477,29.619389088832,-95.578042857641,,1992,,https://www.brandlaneic.com/,,60,,,,census_geocoder
3982,Faizane-Madinah,12829 Capricorn Street,Stafford,TX,77477,29.633823109075,-95.567749493401,,"
",,"
",,46,,,,census_geocoder
3983,Adam Masjid,341 Southwestern Boulevard,Sugar Land,TX,77478,29.622651,-95.5972788,,"
",,"
",,58,,,,nominatim
3984,Faizan e Madinah - Jamia Tul Madina,13130 Alston Road,Sugar Land,TX,77478,29.65177293893,-95.614630275336,,"
",Information Without Year,"
",,56,,,,census_geocoder
3985,Fouzia Naheed Outreach Center (FNOC),12551 Emily Court,Sugar Land,TX,77478,29.630915609627,-95.601643841626,,"
",,"
",,41,,,,census_geocoder
3986,Ismaili Jamatkhana - Spring,1700 First Colony Boulevard,Sugar Land,TX,77479,29.598599873671,-95.637042005391,,2018,,"https://ismailimail.blog/2018/08/09/governor-of-texas-joins-ismaili-muslims-in-opening-new-austin-jamatkhana/#:~:text=Menu-,Governor%20of%20Texas%20joins%20Ismaili%20Muslims%20in%20opening%20new%20Austin,AMANDA%20VOISARD%20/%20AMERICAN%2DSTATESMAN",,49,,,,census_geocoder
3987,Markaz Raodatul Jannah,504 Sartartia Road,Sugar Land,TX,77479,29.594591801918,-95.683376877909,,2003,,"
",,21,,,,census_geocoder
3988,Zahiya Center,16305 Kensington Drive,Sugar Land,TX,77479,29.596800650571,-95.629442495532,,"
",,  ,,57,,,,census_geocoder
3989,ISGH Islamic Cemetery (Islamic Society of Greater Houston),22505 Stokes Road,Waller,TX,77484,30.104551539087,-95.90979068625,,"
",,"
",,0,,,,census_geocoder
3990,VRIC (North),31380 Farm to Market 2920,Waller,TX,77484,30.053504667366,-95.913044534401,,"
",,"
",,47,,,,census_geocoder
3991,Al-Huda Islamic Center,6703 Pitts Road,Katy,TX,77493,29.867547264418,-95.840596780307,,1992,,https://www.linkedin.com/company/al-hedayah-academy/,,0,,,,census_geocoder
3992,Ar Rayyan Mosque,6734 Westheimer Lakes North Drive,Katy,TX,77494,29.696646180944,-95.835484394963,,"
",,"
",0,51,,,,census_geocoder
3993,Masjid Aqsa,2810 Saddlehorn Trail,Katy,TX,77494,29.756113342858,-95.794914011739,,2010,,https://aqsamasjidkaty.com/about/,,30,,,,census_geocoder
3994,Riverstone Ranch Musallah,23927 River Place Drive,Katy,TX,77494,29.760786610534,-95.78708893066,,"
",,"
",,24,,,,census_geocoder
3995,Wilcrest Musalla,4031 Farm to Market 1463,Katy,TX,77494,29.732191651607,-95.846222650123,,1969,,https://isgh.org/islamic-centers/,,30,,,,census_geocoder
3996,Ali Center: Markazi Imam Bargah Azakhana e Zehra,15505 West Bellfort Avenue,Sugar Land,TX,77498,,,,"
",,"
",,22,,,,
3997,Ansar Ud Deen Society Southwest Houston,16500 Boss Gaston Road,Sugar Land,TX,77498,29.668580009712,-95.67494551315,,1997,,"https://www.causeiq.com/organizations/ansar-ud-deen-society-of-nigeria-houston-texas-bra,311539855/",,11,,,,census_geocoder
3998,Darul Uloom Texas Masjid in Sugar Land,15522 Voss Road,Sugar Land,TX,77498,29.645179324576,-95.65815171111,,2011,,https://dutx.org/about-us/,,50,,,,census_geocoder
3999,Indonesian American Muslim Community,15303 Mc Kaskle Road,Sugar Land,TX,77498,29.653974212112,-95.654629073268,,"
",,"
",,42,,,,census_geocoder
4000,ISGH Masjid At-Taqwa,10415 Synott Road,Sugar Land,TX,77498,29.665707542746,-95.617776120673,,1992,,https://www.archnet.org/sites/14720,0,37,,,,census_geocoder
4001,Masjid Arafat,18601b Old Richmond Road,Sugar Land,TX,77498,,,,"
",,"
",,23,,,,
4002,Masjid Ar-Rayhan,16300 Old Richmond Road,Sugar Land,TX,77498,,,,"
",,"
",,30,,,,
4003,Masjid Children's Memorial Hospital Ground Floor Chapel,16202 West Bellfort Avenue,Sugar Land,TX,77498,29.667535127835,-95.672266497233,,"
",,"
",,12,,,,census_geocoder
4004,Masjid Istiqlal Houston,15303 Mc Kaskle Road,Sugar Land,TX,77498,29.653974212112,-95.654629073268,,2001,,https://www.masjidibrahim.org/images/index6.html,,42,,,,census_geocoder
4005,Quba Academy,11920 South Texas 6,Sugar Land,TX,77498,29.637792946687,-95.651580495688,,"
",,"
",,66,,,,census_geocoder
4006,Alvin Musalla,1704 East South Street,Alvin,TX,77511,29.409530756806,-95.229146825501,,1998,,https://www.facebook.com/themasjid/posts/masjid-madani-in-alvintexas-needs-your-urgent-helpassalamu-alikum-my-dear-brothe/3421568107882208/,,27,,,,census_geocoder
4007,lil Saint James Temple,1704 West South Street,Alvin,TX,77511,29.408887684065,-95.246061695248,,"
",,"
",,36,,,,census_geocoder
4008,Islamic Center of Baytown,4000 Emmett Hutto Boulevard,Baytown,TX,77521,,,,1969,,https://prayersconnect.com/mosques/84036830-islamic-center-of-baytown-baytown-texas-united-states,,24,,,,
4009,Muhammadi Masjid and Madrasah Darussalam,1239 Texas 332,Clute,TX,77531,29.0282005,-95.3966536,,1980,,https://en.halalguide.me/memorial/mechet/muhammadi-masjid-,,41,,,,nominatim
4010,19411 Ramsey Rd -,19455 Ramsey Road,Crosby,TX,77532,29.959353586261,-95.04866388639,,"
",,"
",,0,,,,census_geocoder
4011,Maktab Foundation,8007 Spencer Highway,Deer Park,TX,77536,29.663892503439,-95.116491209382,,"
",,"
",,66,,,,census_geocoder
4012,Al-Qalam Institute,2300 Old Road,Friendswood,TX,77546,29.4954638,-95.180415,,"
",,"
",,9,,,,nominatim
4013,Islamic Center of Galveston - Masjid,921 Broadway Avenue J,Galveston,TX,77550,29.304148637076,-94.776227940652,,2002,,https://www.facebook.com/galvestonhistory/posts/the-galveston-islamic-center-the-countys-first-mosque-opened-its-doors-in-octobe/918323213673777/,,77,,,,census_geocoder
4014,Masjid Marwaas,7610 Highway 6,Hitchcock,TX,77563,29.347776461503,-95.013952432822,,"
",,"
",,50,,,,census_geocoder
4015,Masjid Al-Fattah,2611 Farm to Market Road 1765,La Marque,TX,77568,29.378680806931,-94.98168572029,,"
",Information Without Year,https://www.facebook.com/people/Masjid-Al-Fattah/61557627904291/?mibextid=LQQJ4d,,49,,,,census_geocoder
4016,Islamic Education Center - League City,2619 Kentucky Avenue,League City,TX,77573,29.491131624156,-95.063234430816,,2008,,"
",,24,,,,census_geocoder
4017,Laughlin Mosque,118 McKibben Lane,League City,TX,77573,29.506057899471,-95.103299963086,,"
",,"
",,65,,,,census_geocoder
4018,Young Muslim Academy,1701 State Highway 3,League City,TX,77573,29.489890248958,-95.078774643069,,"
",,"
",,18,,,,census_geocoder
4019,Oxford At Medical Center,1530 Garden Road,Pearland,TX,77581,29.583059083284,-95.321237861145,,2002,,"
",,3,,,,census_geocoder
4020,Al Fatiha Center,3695 Kirby Drive,Pearland,TX,77584,29.5604396,-95.3986205,,"
",,"
",,31,,,,nominatim
4021,Saniatul Bida,12234 Shadow Creek Parkway,Pearland,TX,77584,29.577051314991,-95.408655268241,,"
",,"
",,40,,,,census_geocoder
4022,Masjid Al-Amin,2506 25 Avenue North,Texas City,TX,77590,29.408101156557,-94.930885066309,,"
",Information Without Year,https://www.facebook.com/people/Masjid-Al-Fattah/61557627904291/?mibextid=LQQJ4d,15,63,,,,census_geocoder
4023,Asia Center,618 Barringer Lane,Webster,TX,77598,29.565600465645,-95.146542301047,,2002,,https://www.zoominfo.com/c/asia-center/369264930,0,73,,,,census_geocoder
4024,Maryam Islamic Center,618 Barringer Lane,Webster,TX,77598,29.565600465645,-95.146542301047,,2003,,https://www.maryammasjid.org/about-us/,0,73,,,,census_geocoder
4025,Masjid Al Shareef,2525 Friendswood Link Road,Webster,TX,77598,,,,"
",No Basic Information,"
",0,74,,,,
4026,Islamic Center of Port Arthur,1100 Gulfway Drive,Port Arthur,TX,77640,29.884520838922,-93.942075874292,,"
",Information Without Year,"
",,34,,,,census_geocoder
4027,Beaumont Mosque â Islamic Society of Triplex (IST),1270 West Cardinal Drive,Beaumont,TX,77705,30.03332033717,-94.094304812726,,2017,,https://www.beaumontenterprise.com/news/article/2-million-9K-square-foot-mosque-now-open-to-11216527.php,,16,,,,census_geocoder
4028,Islamic Society of Southern Texas (Abul Qasim Masjid),1270 East Cardinal Drive,Beaumont,TX,77705,30.03332033717,-94.094304812726,,1995,,https://isstcc.org/?page_id=33,,12,,,,census_geocoder
4029,Jamia Masjid Beaumont,2394 West Lucas Drive,Beaumont,TX,77706,30.104266883857,-94.147512843777,,2015,,https://wikimapia.org/33328838/Jamia-Masjid,,51,,,,census_geocoder
4030,Masjid Uthaymeen,4699 Calder Avenue,Beaumont,TX,77706,30.0847160297,-94.152360980251,,2008,,"https://www.causeiq.com/organizations/islamic-center-of-south-dallas,205829571/",,72,,,,census_geocoder
4031,Islamic Community of Bryan- College Station (ICBCS),417 Stasney Street,College Station,TX,77840,30.621502941932,-96.346323316943,,1988,,https://www.icbcs.org/about-us/,,75,,,,census_geocoder
4032,Ismaili Jamatkhana,1590 Arrington Road,College Station,TX,77845,30.546745233023,-96.258677917219,,2019,,"https://ismailimail.blog/2019/04/05/the-ismaili-jamatkhana-opened-its-doors-to-the-community-when-houston-needed-it-the-most/#:~:text=Menu-,The%20Ismaili%20Jamatkhana%20opened%20its%20doors%20to%20the%20community%20when,comforted%20a%20community%20in%20need.",,27,,,,census_geocoder
4033,Islamic Center of Victoria,201 East Airline Road,Victoria,TX,77901,28.819547542541,-97.00375788378,,1991,,http://www.victoriaislamiccenter.com/our-history/,,55,,,,census_geocoder
4034,Muslim Association of West Texas,10915 Farm to Market Road 1560,Helotes,TX,78023,29.544238134598,-98.708238451159,,"
",,"
",,11,,,,census_geocoder
4035,Islamic Center of Laredo,604 Amistad Drive,Laredo,TX,78041,27.553412015247,-99.482482827182,,1990,,https://www.iqrasense.com/islam-in-america/muslims-in-laredo-texas-usa-islamic-centers-and-mosques.html,,55,,,,census_geocoder
4036,Islamic Association-Mesquite,County Road 341,La Vernia,TX,78121,29.3502084,-98.1014465,,"
",,"
",,14,,,,nominatim
4037,"Nazrul Islam, MD, PA",1658 Pahmeyer Road,New Braunfels,TX,78130,29.672765881614,-98.12952204212,,"
",,"
",,17,,,,census_geocoder
4038,Alfalah Downtown Center (Mosque),2554 East Houston Street,San Antonio,TX,78202,29.425019612702,-98.453298061434,,"
",,"
",42,67,,,,census_geocoder
4039,Masjid Khulafa'A Rashideen (A Project of Texas Islamic Community Center),1702 Hayes Street,San Antonio,TX,78207,29.429945591522,-98.456354982458,,"
",,"
",41,55,,,,census_geocoder
4040,League City Islamic Center,3021 Knight Robin Drive,San Antonio,TX,78209,29.497719532517,-98.441618843051,,2008,,http://leaguecityislamiccenter.com/,35,58,,,,census_geocoder
4041,Masjid Al-Haqq,9323 Perrin Beitel,San Antonio,TX,78217,29.524639193518,-98.41107903148,,1988,,https://masjidalhaqq.com/about-us,36,63,,,,census_geocoder
4042,Masjid Bilal Ibn Rabah of San Antonio (MBIR),530 South WW White Road,San Antonio,TX,78220,29.423062046147,-98.405489548687,,2010,,"https://www.causeiq.com/organizations/mbir-of-san-antoniotexas,271363303/",41,49,,,,census_geocoder
4043,Alfalah Society of Greater San Antonio,4139 Gardendale Road,San Antonio,TX,78229,29.522327083681,-98.566189717023,,"
",,"
",37,68,,,,census_geocoder
4044,Islamic Center of San Antonio,8638 Fairhaven Street,San Antonio,TX,78229,29.519668374179,-98.565007133554,,1993,,https://icsaonline.org/about/,37,48,,,,census_geocoder
4045,Oak Cliff Islamic Center (OCIC),8639 Fairhaven Street,San Antonio,TX,78229,29.519625922872,-98.565129449935,,"
",,"
",40,64,,,,census_geocoder
4046,Masjid Hassan of Al-Islam,5622 Evers Rd,San Antonio,TX,78238,29.488303499758,-98.59731699681,,2011,,https://www.mapquest.com/us/texas/hassan-masjid-of-all-islam-409566127,43,75,,,,census_geocoder
4047,Rafraf Musallah,5403 Jackwood Drive,San Antonio,TX,78238,29.48549187086,-98.601307855769,,"
",,"
",43,70,,,,census_geocoder
4048,Zainabia-SA Islamic Education Center,5005 Timberhill Drive,San Antonio,TX,78238,29.480911296374,-98.628014878869,,2004,,https://zainabiasa.org/aboutus/,30,59,,,,census_geocoder
4049,Masjid Ar-Raheem - Cyfair Peace Center,Windrock Drive,San Antonio,TX,78239,29.516688,-98.3661834,,"
",,"
",30,61,,,,nominatim
4050,Ali Baba International Food Market,9307 Wurzbach Road,San Antonio,TX,78240,29.528535127149,-98.564888998923,,"
",,"
",31,72,,,,census_geocoder
4051,Islamic Da'wah Center,6819 Whitby Road,San Antonio,TX,78240,29.523070926416,-98.622583298293,,2002,,https://islamicdawahcenter.org/about-us/,30,9,,,,census_geocoder
4052,Masjid-e-Sajideen,5281 Casa Bella Street,San Antonio,TX,78249,29.570634740322,-98.590688815393,,"
",,"
",36,22,,,,census_geocoder
4053,Muslim Center of San Antonio,5821 Casa Bella Street,San Antonio,TX,78249,29.5711953,-98.5892563,,2005,,"
",38,51,,,,nominatim
4054,Masjid Beit El-Maqdes,7627 Culebra Road,San Antonio,TX,78251,29.459522322266,-98.638922830945,,2009,,https://www.beitelmaqdes.org/site/,38,58,,,,census_geocoder
4055,IslamInSpanish Centro Islamico,"
",San Antonio,TX,78258,29.4246002,-98.4951405,,"
",,"
",80,98,,,,nominatim
4056,Minaret ISGH Masjid At-Taqwa,2415 Oakland Bend,San Antonio,TX,78258,29.664769762013,-98.452220622333,,"
",,"
",,5,,,,census_geocoder
4057,Ismaili Jamatkhana,3559 East Evans Road,San Antonio,TX,78259,29.648103067419,-98.430198218345,,2019,,"https://ismailimail.blog/2019/04/05/the-ismaili-jamatkhana-opened-its-doors-to-the-community-when-houston-needed-it-the-most/#:~:text=Menu-,The%20Ismaili%20Jamatkhana%20opened%20its%20doors%20to%20the%20community%20when,comforted%20a%20community%20in%20need.",0,47,,,,census_geocoder
4058,North Austin Muslim Community Center (NAMCC - Masjid Aisha),21003 Encino Commons,San Antonio,TX,78259,29.635502874561,-98.452062544277,,"
",,"
",28,71,,,,census_geocoder
4059,Islamic Society of Kingsville,702 West Avenue B,Kingsville,TX,78363,27.526824559137,-97.859833093596,,2019,,"https://www.causeiq.com/organizations/the-islamic-society-of-kingsville,311318714/",,58,,,,census_geocoder
4060,Islamic Society of Greater Houston,7341 McArdle Road,Corpus Christi,TX,78412,27.695213542198,-97.336400594677,,1969,,"https://isgh.org/about/#:~:text=The%20Islamic%20Society%20of%20Greater,the%20founders%20of%20the%20society.",39,37,,,,census_geocoder
4061,Islamic Society of Southern Texas,7341 McArdle Road,Corpus Christi,TX,78412,27.695213542198,-97.336400594677,,1995,,https://isstcc.org/?page_id=33,39,37,,,,census_geocoder
4062,Islamic Society of South Texas (ISST),2008 North Ware Road,McAllen,TX,78501,26.226744445527,-98.258160026356,,1999,,"https://www.causeiq.com/organizations/islamic-society-of-south-texas,742896413/",,43,,,,census_geocoder
4063,Masjid Ul Aala,2008 North Ware Road,Mcallen,TX,78501,26.226744445527,-98.258160026356,,1978,,https://www.masjidwdmohammed.com/about-us/the-history-of-masjid-wdm/,,43,,,,census_geocoder
4064,Islamic Society of Brownsville,246 Gilson Road,Brownsville,TX,78520,25.956225970691,-97.514123090486,,2005,,https://prayersconnect.com/mosques/84082149-islamic-society-of-brownsville-brownsville-texas-united-states,,37,,,,census_geocoder
4065,Al Khair Islamic Society of RGV,1910 Elsham Avenue,Edinburg,TX,78539,26.252917588117,-98.193283987078,,2005,,https://us.mohid.co/tx/txrgn/alkhair#about,,15,,,,census_geocoder
4066,Islamic Center of Haltom City (ICHC),601 Kamali Drive,Harlingen,TX,78550,26.162826391046,-97.677491966135,,"
",,"
",,42,,,,census_geocoder
4067,Alkhair Islamic Society of RGV/Masjid Al Redwan,1910 West Elsham Avenue,Edinburg,TX,78577,26.252917588117,-98.193283987078,,2005,,https://us.mohid.co/tx/txrgn/alkhair#about,,15,,,,census_geocoder
4068,Rio Grande Valley Islamic Center,502 East Pike Boulevard,Weslaco,TX,78596,26.169939339999,-97.987397690179,,2005,,"https://vric.org/about/#:~:text=It%20serves%20the%20Muslim%20communities%20of%20Valley,and%20weekend%20*%20**Medical%20clinic**%20Medical%20clinic",,78,,,,census_geocoder
4069,Islamic Center of Aubrey,"
",Cedar Park,TX,78613,30.5217116,-97.827833,,"
",,"
",,67,,,,nominatim
4070,Islamic Center of Brushy Creek (ICBC),1950 Brushy Creek Road,Cedar Park,TX,78613,30.507984208175,-97.793235480196,,2007,,https://icbrushycreek.org/icbc-master-plan/,,15,,,,census_geocoder
4071,Ismaili Jamatkhana - Austin,2401 South Lakeline Boulevard,Cedar Park,TX,78613,30.477449986369,-97.817574711214,,2018,,"https://ismailimail.blog/2018/08/09/governor-of-texas-joins-ismaili-muslims-in-opening-new-austin-jamatkhana/#:~:text=Menu-,Governor%20of%20Texas%20joins%20Ismaili%20Muslims%20in%20opening%20new%20Austin,AMANDA%20VOISARD%20/%20AMERICAN%2DSTATESMAN",,30,,,,census_geocoder
4072,Unity Islamic Center - Mansfield Masjid Official,820 Old Mill Road,Cedar Park,TX,78613,30.478198410353,-97.819152992549,,"
",,"
",,21,,,,census_geocoder
4073,Islamic Center of Harlingen,2400 Windy Hill Road,Kyle,TX,78640,30.033520754239,-97.808376317481,,"
",,"
",,5,,,,census_geocoder
4074,Qalam Institute,17317 Ranch to Market 1431,Leander,TX,78641,,,,"
",,"
",,7,,,,
4075,Rassull Center Mosque,650 Private Rd,Leander,TX,78641,30.5794244,-97.8243543,,"
",,"
",,56,,,,nominatim
4076,Al-Noor Mosque (MCC),1300 Old Highway 20,Manor,TX,78653,30.343314423315,-97.542632447791,,"
",,"
",,24,,,,census_geocoder
4077,Masjid Al Anbiyaa,19529 Melber Lane,Manor,TX,78653,30.452362772334,-97.531265454369,,"
",,"
",,2,,,,census_geocoder
4078,Masjed,1103 Cedar Drive,Marble Falls,TX,78654,30.559151791762,-98.289946640118,,"
",,"
",,14,,,,census_geocoder
4079,Dawoodi Bohra Markaz Anjuman-e-Burhani (Austin),13209 Old Gregg Lane,Pflugerville,TX,78660,30.398298307511,-97.636714684474,,"
",,"
",0,21,,,,census_geocoder
4080,Islamic Center of Pflugerville,920 West Pflugerville Parkway,Pflugerville,TX,78660,30.469819843212,-97.63565763011,,2012,,https://www.icptx.org/about-us,,19,,,,census_geocoder
4081,Islamic Center of Round Rock,1951 Hampton Lane,Round Rock,TX,78664,30.490249464525,-97.660974752692,,2001,,https://roundrockmasjid.org/about-us/,,50,,,,census_geocoder
4082,Georgetown Islamic Center (GIC),7275 County Road 110,Round Rock,TX,78665,30.560015168556,-97.605009964122,,"
",,"
",,7,,,,census_geocoder
4083,San Marcos Mosque,434 North Comanche Street,San Marcos,TX,78666,29.88542722769,-97.944144238563,,2008,,http://www.sanmarcosmasjid.org/About.html,,93,,,,census_geocoder
4084,Baitul Muqeet Mosque (Ahmadiyya Muslim Community),800 Deep Wood Drive,Round Rock,TX,78681,30.5011241,-97.6986683,,2005,,https://www.virtualtourist.com/travel/North_America/United_States_of_America/Texas/Round_Rock-880700/Things_To_Do-Round_Rock-Baitul_Muqeet_Mosque-BR-1.html,,25,,,,nominatim
4085,East Austin Community of Al-Islam,701 Tillery st No.A-8,Austin,TX,78702,30.260599627049,-97.70463013479,,2006,,"
",47,75,,,,census_geocoder
4086,Nueces Mosque,1906 Nueces Street,Austin,TX,78705,30.282490295285,-97.744243518728,,1988,,https://pluralismarchive.hsites.harvard.edu/islamic-center-greater-austin,67,95,,,,census_geocoder
4087,CAIR-Texas Austin,14900 Avery Ranch Boulevard,Austin,TX,78717,30.497568803505,-97.777393764596,,"
",,"
",0,59,,,,census_geocoder
4088,Islamic Center of Greater Austin,5110 Manor Road,Austin,TX,78723,30.29834745465,-97.687035213451,,1977,,https://austinmosque.org/about/,44,52,,,,census_geocoder
4089,Islamic Ahlul Bayt Association,12460 Los Indios Trail,Austin,TX,78729,30.439654934925,-97.761377696992,,1997,,https://iaba-austin.org/about/,25,47,,,,census_geocoder
4090,Turbo joes musalla,6810 McNeil Drive,Austin,TX,78729,30.438355383724,-97.757555640511,,"
",,"
",25,53,,,,census_geocoder
4091,Nasfat Masjid,1500 West 38th Street,Austin,TX,78731,30.308004470167,-97.749001721182,,2015,,https://www.facebook.com/NASFAT.WORLDWIDE/posts/nasfat-houston-changes-statuspeople-from-all-walks-of-life-trooped-into-the-banq/997658633627620/,50,85,,,,census_geocoder
4092,Islamic Center of Hays County (Masjid Bilal),4701 Doss Road,Austin,TX,78734,30.410780534429,-97.930571615567,,"
",,"
",,8,,,,census_geocoder
4093,Masjid Ibrahim,8521 State Highway 71,Austin,TX,78735,30.249093011542,-97.892779247849,,2001,,https://www.masjidibrahim.org/images/index6.html,12,19,,,,census_geocoder
4094,Woodbridge Masjid,8521 State Highway 71,Austin,TX,78735,30.249093011542,-97.892779247849,,"
",,"
",12,19,,,,census_geocoder
4095,Salaam,6901 North Lamar Boulevard,Austin,TX,78752,30.336720382308,-97.719462581227,,"
",,"
",58,81,,,,census_geocoder
4096,North Austin Muslim Community Center (NAMCC - Masjid Aisha),11900 North Lamar Boulevard,Austin,TX,78753,30.389432531526,-97.68293973392,,1990,,https://namcc.org/about-us/,37,40,,,,census_geocoder
4097,Las Colinas Islamic Center,"
",Laughlin Air Force Base,TX,78843,29.3614054,-100.778572,,"
",,"
",,15,,,,nominatim
4098,Masjid New Africa Center for Human Development,203 North  Drive,Cactus,TX,79013,36.05246081156,-102.003140325406,,"
",No Basic Information,"
",,29,,,,census_geocoder
4099,Burmese Muslim Community of Amarillo (BMCAMA),1124 Aster Street,Amarillo,TX,79107,35.224944367364,-101.77290004198,,"
",,"
",22,37,,,,census_geocoder
4100,Islamic Center of Amarillo (ICA),601 Quail Creek Drive,Amarillo,TX,79124,35.212127140926,-101.911231443995,,1993,,https://amarillomosque.org/about-us/,26,32,,,,census_geocoder
4101,Student Mosque - Islamic Center of South Plain,2222 15th Street,Lubbock,TX,79401,33.581731463926,-101.864606271917,,2008,,https://lubbockmuslims.org/about-icsp/,48,73,,,,census_geocoder
4102,The Ismaili Center,701 East Queens Street,Lubbock,TX,79403,33.617580925143,-101.829104232968,,"
",,"
",16,7,,,,census_geocoder
4103,Main Mosque - Islamic Center of South Plain,3419 La Salle Avenue,Lubbock,TX,79407,33.562284965416,-101.954361402948,,1982,,https://lubbockmuslims.org/about-icsp/,15,32,,,,census_geocoder
4104,Masjid Darul-Emaan,840 East Highway 80,Abilene,TX,79601,32.448661898871,-99.710031020178,,"
",,"
",,52,,,,census_geocoder
4105,Muslim American Society/Southeast Zone-Mission Bend,1200 South Midland Drive,Midland,TX,79703,31.972791419393,-102.12817798223,,"
",No Basic Information,"
",,27,,,,census_geocoder
4106,The Mustafa Islamic Center,4704 Andrews Highway,Midland,TX,79703,31.999931942235,-102.145322995225,,2022,,https://mustafaislamiccenter.org/about/,,36,,,,census_geocoder
4107,Shujai Masjid,401 East 6th Street,Pecos,TX,79772,31.423739750672,-103.490929641434,,"
",,"
",,54,,,,census_geocoder
4108,Islamic Relief USA,442 Gregg Rd,Fort Bliss,TX,79906,31.8013708,-106.4334128,,"
",,"
",,22,,,,nominatim
4109,Al Mahdi Islamic Center of El Paso,7201 Orizaba Avenue,El Paso,TX,79912,31.84626559945,-106.555386234652,,2004,,"
",27,44,,,,census_geocoder
4110,Islamic center of Denison,143 Paragon Lane,El Paso,TX,79912,31.816789229026,-106.513365648152,,2004,,https://icelpaso.org/about-icep/,37,59,,,,census_geocoder
4111,Al-Rahma Mosque,10911 Pellicano Drive,El Paso,TX,79935,31.751485031079,-106.331432985242,,"
",,"
",33,52,,,,census_geocoder
4112,Al-Farooq Mosque,225 N Main St,Clearfield,UT,84015,41.1168318246,-112.026097238962,,-,Information Without Year,https://prayersconnect.com/mosques/84079184-al-farooq-masjid-islamic-society-of-layton-clearfield-utah-united-states,27,69,,,2645.0,census_geocoder
4113,Layton Islamic Center,568 W 2400 N,Layton,UT,84041,41.095375147055,-111.977202894077,,2014,,"https://www.causeiq.com/organizations/islamic-society-of-layton,464374112/",35,52,,,1524.0,census_geocoder
4114,Utah Islamic Center (UIC),984 W 9000 S,West Jordan,UT,84088,40.587767280085,-111.919371446719,,2014,,https://utislamiccenter.org/about-us/,24,30,,,2638.0,census_geocoder
4115,Utah Valley Islamic Center/Alsahabah,352 E 900 S St,Orem,UT,84097,40.280511950662,-111.686610584912,,2009,,https://prayersconnect.com/mosques/84052070-al-sahaba-mosque-utah-valley-islamic-center-orem-utah-united-states,42,76,,,2641.0,census_geocoder
4116,Islamic Society of Greater Salt Lake/Masjid Al-Noor,740 S 700 E,Salt Lake City,UT,84102,40.753240132269,-111.871134904943,,1985,,https://www.utahmuslims.com/about-us,45,87,,,2639.0,census_geocoder
4117,Al-Huda Islamic Center of Salt Lake City,470 E Stanley Ave,South Salt Lake,UT,84115,40.70163713517,-111.877779831937,,2008,,https://www.facebook.com/ianaforall/posts/asalamu-alaykum-masjid-al-huda-alhamdulilaah-i-arrived-last-night-at-salt-lake-c/1086295124744880/,44,83,,,2642.0,census_geocoder
4118,Al-Zahra Islamic Center,3832 S Main St,South Salt Lake,UT,84115,40.687941599343,-111.891186552352,,2015,,"https://www.elzahra.org/?p=1057#:~:text=El-Zahra%20Islamic%20Center.%20%22The%20best%20of%20people,%C2%B7%20Education%20&%20Programs%20%C2%B7%20Hidaya%20Weekend",57,66,,,2644.0,census_geocoder
4119,Islamic Society of Bosniaks in Utah,427 E 3300 S  Suite D,Salt Lake City,UT,84115,40.69992326437,-111.879076543184,,2001,,https://explory.world/poi/islamic-society-of-bosniaks-in-utah/,46,85,,,101.0,census_geocoder
4120,Madina Masjid,1773  North Temple,Salt Lake City,UT,84116,40.771466669849,-111.941305096741,,2010,,https://micutah.org/about,55,63,,,693.0,census_geocoder
4121,Khadeeja Islamic Center (Islamic Society of Greater Salt Lake),1019 W Parkway Ave,West Valley City,UT,84119,40.717558448888,-111.921670714155,,1997,,https://www.utahmuslims.com/about-us,44,18,,,2637.0,census_geocoder
4122,Utah Islamic Center (UIC),984 West 9000 South,West Jordan,UT,84119,40.587767280085,-111.919371446719,,2007,,https://utislamiccenter.org/about-us/,24,40,,,373.0,census_geocoder
4123,Muslim Community Center,1888 East Fort Union Boulevard,Cottonwood Heights,UT,84121,40.624485097133,-111.837737226036,,2014,,"https://utahstories.com/2016/02/muslim-community-center-open-house/#:~:text=%E2%80%9CWith%20the%20open%20house%2C%20there,yard%20sales%20and%20Friday%20prayers.",32,83,,,626.0,census_geocoder
4124,Muslim Community Center of Utah,1888 Fort Union Blvd,Salt Lake City,UT,84121,40.624485097133,-111.837737226036,,2014,,https://prayersconnect.com/mosques/84031773-muslim-community-center-salt-lake-city-utah-united-states,36,83,,,2640.0,census_geocoder
4125,Alrasool Islamic Center,1247 W 4800 S,Taylorsville,UT,84123,40.664081767222,-111.927638549928,,2008,,https://aicutah.org/about/,40,33,,,930.0,census_geocoder
4126,Logan Islamic Center,748 N 600 E,Logan,UT,84322,41.745312767633,-111.819037078388,,1981,,https://loganisc.org/node/5,,48,,,402.0,census_geocoder
4127,Masjid As-Salaam,1061 23Rd st,Ogden,UT,84401,41.22454400099,-111.951939733707,,2006,,"https://www.causeiq.com/organizations/islamic-center-of-kuwait-in-utah,680544904/",41,48,,,1811.0,census_geocoder
4128,Islamic Center of Kuwait in Utah,5864 Harrison Blvd,Ogden,UT,84403,41.156536980679,-111.939663879448,,2006,,"https://www.causeiq.com/organizations/islamic-center-of-kuwait-in-utah,680544904/",28,49,,,2643.0,census_geocoder
4129,Khatam-Un-Nabyeen Center,7216 Nathan Court,Manassas,VA,20109,38.800613615652,-77.522779024366,,,,,,57,,,2939.0,census_geocoder
4130,Manassas Mosque,12950 Center Entrance Court,Manassas,VA,20109,38.799680948566,-77.521915476999,,1994,,https://www.manassasmosque.org/about,,67,,,1546.0,census_geocoder
4131,Taqwa Mosque,7000 Infantry Ridge Road,Manassas,VA,20109,38.805793079419,-77.51668537433,,,,,,31,,,2938.0,census_geocoder
4132,Jaam'I Masjid,9059 Euclid Avenue,Manassas,VA,20110,38.761016083813,-77.452984786053,,,,,20,52,,,2940.0,census_geocoder
4133,Prince William Islamic Center,9002 Mathis ave,Manassas,VA,20110,38.759662455599,-77.464264242624,,2005,,"https://www.insidenova.com/headlines/expansion-to-begin-on-manassas-mosque/article_24d26f70-6f21-11ec-bbe8-ef55028cbfe1.html#:~:text=The%20congregation%20has%20worshiped%20in,expand%20its%20women's%20prayer%20space.",21,77,,,208.0,census_geocoder
4134,Dar Al Salaam,15250 Dumfries Road,Manassas,VA,20112,38.622697163773,-77.402590717122,,1993,,"https://northernvirginiamag.com/culture/culture-features/2009/08/20/light-source/#:~:text=Muslims%20in%20Prince%20William%20County,Courtesy%20of%20Wikimedia",,0,,,23.0,census_geocoder
4135,Dar Alnoor Islamic Community Center,5404 Hoadly Road,Manassas,VA,20112,38.676200667313,-77.368913485453,,2002,,https://lis.blob.core.windows.net/legacy/1010354.PDF,,36,,,462.0,census_geocoder
4136,Masroor Mosque,5640 Hoadly Road,Manassas,VA,20112,38.674540214598,-77.376118830127,,2018,,"https://www.alhakam.org/virginias-masroor-mosque-inaugurated/#:~:text=9th%20November%202018,by%20Hazrat%20Amirul%20Momineenaa.",,12,,,463.0,census_geocoder
4137,Adams-Ashburn Center,21740 Beaumeade Circle,Ashburn,VA,20147,39.017130716746,-77.457550012013,,2021,,https://www.loudounnow.com/archives/adams-opens-ashburn-mosque/article_4f7475d9-02e1-59a9-a493-75b9cd728084.html,,34,,,844.0,census_geocoder
4138,Masjid,21740 Beaumeade Circle,Ashburn,VA,20147,39.017130716746,-77.457550012013,,,,,,34,,,2981.0,census_geocoder
4139,ADAMS Sully,4431 Brookfield Corporate Drive,Chantilly,VA,20151,38.885161698028,-77.438885952669,,,,,31,55,,,2975.0,census_geocoder
4140,Ahlulbayt Islamic Center,14740 Flint Lee rd Unit C,Chantilly,VA,20151,38.893891516424,-77.453123929198,,-,No Basic Information,,33,33,,,1026.0,census_geocoder
4141,Anjuman-e-Mohammedi,3812 Barney Road,Chantilly,VA,20151,38.914929364964,-77.462941234457,,,,,25,9,,,2974.0,census_geocoder
4142,Crescent Islamic Center,14913 Murdock Street,Chantilly,VA,20151,38.912298667473,-77.460489484727,,,,,27,11,,,2973.0,census_geocoder
4143,Mubarak Mosque,4555 Ahmadiyya Drive,Chantilly,VA,20151,38.8803862,-77.4365641,,2008,,"https://www.connectionnewspapers.com/news/2012/feb/02/fulfilling-dream/?template_preference=desktop#:~:text=Meanwhile%2C%20the%20Northern%20Virginia%20members,raising%20to%20build%20the%20mosque.",27,53,,,692.0,nominatim
4144,Mubarak Mosque,4555 Ahmadiyya Drive,Chantilly,VA,20151,38.8803862,-77.4365641,,,,,27,53,,,2994.0,nominatim
4145,Uyghur Islamic Center - Chantilly,14325 Willard Road,Chantilly,VA,20151,38.886419939764,-77.440106864597,,2021,,https://www.uyghurislamiccenter.org/,30,55,,,442.0,census_geocoder
4146,Madani Masjid Sunni,43073 Little River Turnpike,Chantilly,VA,20152,,,,,,,,33,,,2991.0,
4147,Zakaria Islamic Academy,26243 Gum Spring Rd,Chantilly,VA,20152,38.891578231917,-77.54124198897,,2004,,https://ziacademy.org/about/,,1,,,2652.0,census_geocoder
4148,All Dulles Area Muslim Society Center,46903 Sugarland Road,Herndon,VA,20164,39.007445512908,-77.379116772955,,1983,,https://adamscenter.org/about/,,5,,,503.0,census_geocoder
4149,Quba Center,22149 Davis Drive,Sterling,VA,20164,38.996721673535,-77.424609308653,,,,,,62,,,2959.0,census_geocoder
4150,Zawiyah Foundation of the DMV,21165 Whitfield Place,Cascades,VA,20165,39.030360348947,-77.396459292182,,,,,,57,,,2976.0,census_geocoder
4151,Alhadi Center,45760-45684 Oakbrook Court,Sterling,VA,20166,39.010231142135,-77.418474864843,,,,,,45,,,2958.0,census_geocoder
4152,AQSA Center,44900 Acacia Lane,Sterling,VA,20166,38.996311282569,-77.448707758991,,,,,,17,,,2960.0,census_geocoder
4153,Yusra Center,510 Spring Street,Herndon,VA,20170,38.962533222831,-77.381808612309,,,,,46,76,,,2945.0,census_geocoder
4154,Masjid Tawheed Center,3080 Centreville Road,Herndon,VA,20171,38.921068453965,-77.418164132449,,,,,,37,,,2952.0,census_geocoder
4155,Naif Herndon Center,13515 Dulles Technology Drive,Herndon,VA,20171,38.953665491854,-77.412453257382,,,,,50,73,,,2946.0,census_geocoder
4156,ADAMS Leesburg (MCCL),19838 Sycolin Road,Leesburg,VA,20175,39.07027464687,-77.552085653548,,,,,,5,,,2943.0,census_geocoder
4157,Loudoun Islamic Center,1507 Dodona Terrace SE Suite 210,Leesburg,VA,20175,39.091101048345,-77.524410900835,,2015,,"https://www.causeiq.com/organizations/loudoun-islamic-center,471085069/",,17,,,2653.0,census_geocoder
4158,ADAMS Gainesville,12655 Vint Hill Road,Nokesville,VA,20181,38.73287386916,-77.571431356153,,,,,,6,,,2934.0,census_geocoder
4159,Reston Islamic Center,11701 Bowman Green Drive,Reston,VA,20190,38.962244159114,-77.35392849402,,,,,52,72,,,2948.0,census_geocoder
4160,Adams-S Reston Center,12343 Sunrise Valley rd Suite B,Reston,VA,20191,38.951172696864,-77.372058403,,1983,,"https://adamscenter.org/about-old/#:~:text=Great%20Falls%2C%20Herndon%2C%20Leesburg%2C%20McLean%2C%20and%20Reston%2C,continues%20to%20grow%20each%20year%20as%20more.",56,29,,,845.0,census_geocoder
4161,Dar Al Nur,7501 Little River Turnpike,Annandale,VA,22003,38.831961289931,-77.206099863784,,,,,46,79,,,2982.0,census_geocoder
4162,Mustafa Center,6844 Braddock Road,Annandale,VA,22003,38.811946262041,-77.182699041793,,1999,,https://www.archnet.org/sites/14736,37,68,,,663.0,census_geocoder
4163,As-Salikeen Islamic Center,9415 Old Burke Lake Road,Burke,VA,22015,38.794323920683,-77.270615910162,,,,,22,62,,,2978.0,census_geocoder
4164,Peace Islamic Center,9302 Old Keene Mill Road,Burke,VA,22015,38.776062665087,-77.266661954122,,,,,30,72,,,2977.0,census_geocoder
4165,Badr Community Center of Dumfries,17794 Main Street,Dumfries,VA,22026,38.566422196424,-77.328915324795,,,,,,70,,,3005.0,census_geocoder
4166,ADAMS Fairfax,11216 Waples Mill Road,Fairfax,VA,22030,38.858846327304,-77.335127314689,,,,,37,76,,,3007.0,census_geocoder
4167,Islamic Center Northern Virginia,4420 Shirley Gate rd,Fairfax,VA,22030,38.845557585369,-77.339853906247,,2007,,https://www.instagram.com/reel/DRkdr7LkXCx/,,37,,,1193.0,census_geocoder
4168,Uyghur Islamic Center - Fairfax,10355 Democracy Lane,Fairfax,VA,22030,38.849516730832,-77.30228377124,,2021,,https://www.uyghurislamiccenter.org/,44,83,,,441.0,census_geocoder
4169,Hilal Islamic Center,2810 Old Lee Highway,Fairfax,VA,22031,38.87459112932,-77.241649088309,,,,https://www.instagram.com/ahlulbaytsaginaw?igshid=YmMyMTA2M2Y%3D,,70,,,2928.0,census_geocoder
4170,Islamic Heritage Center,8900 Lee Hwy a,Fairfax,VA,22031,38.872685109985,-77.252271833352,,2001,,https://www.ihcproject.com/sheikhdr-nabil,,65,,,2651.0,census_geocoder
4171,HAWA Fairfax Community Center,4401 Fair Lakes Court,Fairfax,VA,22033,38.861156410572,-77.377793548163,,,,,,63,,,3008.0,census_geocoder
4172,Alif Lam Center,6066 Leesburg Pike,Falls Church,VA,22041,38.85548240444,-77.138543950671,,,,,,66,,,3004.0,census_geocoder
4173,Dar Al Ibada,3536 Carlin Springs Road,Bailey's Crossroads,VA,22041,38.848062935468,-77.124594559275,,,,,59,81,,,2980.0,census_geocoder
4174,Moroccan Islamic Center,5613 Leesburg Pike Suite 1,Falls Church,VA,22041,38.848213632804,-77.124572988969,,1983,,https://www.archnet.org/sites/14713,57,79,,,2051.0,census_geocoder
4175,Selam Foundation,5629 Columbia Pike,Falls Church,VA,22041,38.852932378683,-77.123316193955,,,,,58,72,,,2972.0,census_geocoder
4176,Dar Al Hijrah Islamic Center,3159 Row Street,Falls Church,VA,22044,38.862232344492,-77.146574407718,,,,,,54,,,3000.0,census_geocoder
4177,Dar Al-Hijrah Islamic Center,3159 Row St,Falls Church,VA,22044,38.862232344492,-77.146574407718,,1991,,https://hijrah.org/about-us/,,60,,,22.0,census_geocoder
4178,Al-Hadi Center,152 Hillwood Avenue,Falls Church,VA,22046,38.879120889601,-77.172335950522,,,,,,89,,,3002.0,census_geocoder
4179,Al Iman Islamic Center,9502 Richmond Hwy,Lorton,VA,22079,38.701204413782,-77.210301153094,,2011,,https://alimanislamiccenter.org/about-us/,34,57,,,2650.0,census_geocoder
4180,Mclean Islamic Center,1340 Old Chain Bridge,Mclean,VA,22101,38.938186789096,-77.176059003025,,2009,,"https://www.causeiq.com/organizations/mclean-islamic-community-center,270755991/",38,93,,,2033.0,census_geocoder
4181,Masjid Al- Hussain Occoquan,209 Washington Street,Occoquan Historic District,VA,22125,38.683206713034,-77.259755726308,,,,,,66,,,2932.0,census_geocoder
4182,Darul Huda,6666 Commerce Street,Springfield,VA,22150,38.779940055463,-77.176325967339,,1997,,https://prayersconnect.com/mosques/84045249-masjid-darul-huda-springfield-virginia-united-states,46,72,,,26.0,census_geocoder
4183,Imam Ali Center,7900 Backlick rd,Springfield,VA,22150,38.744118800028,-77.189258175113,,2004,,https://imamalicenter.org,,33,,,1141.0,census_geocoder
4184,Madina Islamic Center,6805 Backlick rd,Springfield,VA,22150,38.771393785277,-77.183931701717,,-,Information Without Year,https://madinamasjid.org/,51,69,,,1533.0,census_geocoder
4185,First Hijrah VA,6577 Edsall Road,Springfield,VA,22151,38.806315097456,-77.171544817612,,,,,35,33,,,2964.0,census_geocoder
4186,Ibadur-Rahman,5413C Backlick Road,Springfield,VA,22151,38.803775993617,-77.183803412494,,,,,38,29,,,2963.0,census_geocoder
4187,Islamic Foundation of America,6606 Electronic Dr.,Springfield,VA,22151,38.795173932337,-77.172306606742,,-,Information Without Year,(703) 914-4982,33,16,,,1427.0,census_geocoder
4188,Minhaaj Learning Center,5531 Hempstead Way,Springfield,VA,22151,38.799714339134,-77.186184018717,,,,,39,63,,,2970.0,census_geocoder
4189,Imam E Asr Islamic Seminary,7817 Odell st,Springfield,VA,22153,38.74509010643,-77.213559086688,,-,Information Without Year,,,43,,,1146.0,census_geocoder
4190,Masjid Noor,8608 Pohick rd,Springfield,VA,22153,38.742956449759,-77.242133003926,,-,Information Without Year,https://prayersconnect.com/mosques/84069253-masjid-alnoor-springfield-massachusetts-united-states,,6,,,1927.0,census_geocoder
4191,McLean Islamic Center,8800 Jarrett Valley Dr,Vienna,VA,22182,38.935539325589,-77.248221249288,,2009,,https://us.mohid.co/va/richmond/mictysons,,34,,,2647.0,census_geocoder
4192,Masjid Al-Falah,14918 Jefferson Davis Hwy,Woodbridge,VA,22191,38.62860881156,-77.275683529855,,2013,,"https://www.causeiq.com/organizations/masjid-al-falah,680683512/",,68,,,461.0,census_geocoder
4193,Woodbridge Faith Center,13195 Occoquan Road,Woodbridge,VA,22191,38.667005731592,-77.257548948005,,,,,,79,,,2951.0,census_geocoder
4194,Madinatul Uloom,1834 Old Bridge Road,Lake Ridge,VA,22192,38.677482399645,-77.269356839019,,,,,,58,,,2944.0,census_geocoder
4195,MUNA Center of Woodbridge (MCW),3166 Golansky Boulevard,Woodbridge,VA,22192,38.651502952164,-77.30674268322,,,,,,65,,,2953.0,census_geocoder
4196,Haskay Mosque,4229 Dale Boulevard,Woodbridge,VA,22193,38.643038743062,-77.336373565883,,,,,,69,,,2954.0,census_geocoder
4197,Virginia Mosque,4235 Dale Boulevard,Woodbridge,VA,22193,38.643104937476,-77.336429197347,,,,,,69,,,2949.0,census_geocoder
4198,Baitul Mukarram Masjid,2116 South Nelson Street,Arlington,VA,22204,38.849416871566,-77.090316210818,,2002,,https://bicarlington.org/about-us,55,61,,,620.0,census_geocoder
4199,Bangladesh Islamic Center,2116 South Nelson Street,Arlington,VA,22204,38.849416871566,-77.090316210818,,,,,55,60,,,2992.0,census_geocoder
4200,Iqra Learning Center,5703 Edsall Road,Alexandria,VA,22304,38.807734415043,-77.130637259228,,,,,59,86,,,2985.0,census_geocoder
4201,UCM Mosque (Masjid),4600 Duke Street,Alexandria,VA,22304,38.811733335964,-77.111493694039,,,,,48,79,,,2984.0,census_geocoder
4202,ICNA Virgina Islamic Center,2913 Woodlawn Trail,Alexandria,VA,22306,38.751307584922,-77.081637682597,,1968,,https://prayersconnect.com/mosques/84018938-islamic-circle-of-north-america-icna-alexandria-virginia-united-states,,78,,,2648.0,census_geocoder
4203,AMANA Sunni Madani community center of Alexandria,8127 Richmond Highway,Alexandria,VA,22309,38.737324149385,-77.092229438495,,,,,44,70,,,2990.0,census_geocoder
4204,Baitul Ma'mur Islamic Center,8629-A Engleside Office Park,Alexandria,VA,22309,,,,,,,,76,,,2989.0,
4205,Daata Islamic Centre,3435 Virginia 644,Alexandria,VA,22310,38.7918146,-77.092203,,,,,35,26,,,2988.0,nominatim
4206,Umm Ul Qura Center,6287 Franconia Road,Alexandria,VA,22310,38.780128400104,-77.155307075695,,,,,31,47,,,2983.0,census_geocoder
4207,Darul Hikmah Islamic Center,5220 Fillmore Avenue,Alexandria,VA,22311,38.838849493855,-77.118734355694,,,,,64,55,,,2987.0,census_geocoder
4208,Imam al-Asr Masjid (Shahe Najaf Islamic Center),5501 Cherokee Avenue,Alexandria,VA,22312,38.803869651247,-77.165053130949,,,,,29,59,,,2986.0,census_geocoder
4209,Muslim American Society,6408 Edsall Rd,Alexandria,VA,22312,38.804039310073,-77.156759266449,,1993,,https://masdc.org/about-us,27,60,,,2649.0,census_geocoder
4210,Fredericksburg Muslim Community,215 Chatham Heights Road,Fredericksburg,VA,22405,38.309252108634,-77.449395602029,,,,,,44,,,3001.0,census_geocoder
4211,Maryam Center,1149 Warrenton Road,Fredericksburg,VA,22406,38.368668808761,-77.523612386464,,,,,,43,,,2998.0,census_geocoder
4212,Islamic Center of Fredericksburg,7020 Harrison Road,Fredericksburg,VA,22407,38.287912707624,-77.566042060091,,2016,,https://www.charitynavigator.org/ein/541692579,,51,,,701.0,census_geocoder
4213,Masjid Aliya,2604 Richmond Highway,Stafford,VA,22554,38.4478411,-77.4012385,,,,,,55,,,2962.0,nominatim
4214,Islamic Society of Winchester,601 Woodstock Lane,Winchester,VA,22601,39.18267180133,-78.153558414003,,,,,,67,,,2956.0,census_geocoder
4215,Turner Joyce,120 Bellview Avenue,Winchester,VA,22601,39.168983439509,-78.173777216177,,,,,,66,,,2955.0,census_geocoder
4216,Khatme Nubuwwat Center,1602 Strasburg Road,Front Royal,VA,22630,38.952283503885,-78.233513025681,,,,,,4,,,2997.0,census_geocoder
4217,Islamic Center of Winchester,420 Stephenson rd,Stephenson,VA,22656,39.2319504555,-78.100420794115,,2010,,https://prayersconnect.com/mosques/84055143-muslim-community-center-winchester-area-stephenson-virginia-united-states,,6,,,1377.0,census_geocoder
4218,Islamic Center of Culpeper,14434 Rixeyville Road,Culpeper,VA,22701,38.500708961587,-77.991039994703,,,,,,13,,,3003.0,census_geocoder
4219,The Islamic Center of the Shenandoah Valley,1330 Country Club Road,Harrisonburg ,VA,22802,38.44135166571,-78.849803741773,,1999,,https://iasv.org/about/,38,48,,,632.0,census_geocoder
4220,Al-Akram Mosque VMCF,1244 Old Depot Lane,Mount Crawford,VA,22841,,,,,,,,2,,,2936.0,
4221,Islamic Society of Central Virginia/Masjid Darul Iman,708 Pine Street,Charlottesville,VA,22903,38.027146178555,-78.495122099319,,1995,,https://www.charlottesvillemasjid.com/our-masjid.html,42,70,,,587.0,census_geocoder
4222,Islamic Center Waynesboro,1312 C Street,Waynesboro,VA,22980,38.072174263813,-78.867179930681,,,,,,15,,,2957.0,census_geocoder
4223,Richmond Ismaili Jamatkhana,11529 Nuckols Road,Glen Allen,VA,23059,37.688004251256,-77.592874884653,,,,,,44,,,2996.0,census_geocoder
4224,West End Islamic Center,5000 Shady Grove rd,Glen Allen,VA,23059,37.673414947026,-77.604485553404,,2018,,https://www.facebook.com/events/west-end-islamic-center/groundbreaking-of-the-west-end-islamic-center/589010661477095/,,8,,,222.0,census_geocoder
4225,Islamic Center of Richmond(Masjid Yusuf),8481 Hungary Road,Glen Allen,VA,23060,37.647086828255,-77.526863126238,,2007,,https://www.icrva.org/,,18,,,704.0,census_geocoder
4226,Imam Mehdi Center,2035 Shallow Well rd,Manakin-Sabot,VA,23103,37.699488503802,-77.755120860649,,-,No Basic Information,,,10,,,1148.0,census_geocoder
4227,Zahra Foundation,963 Manakin Road,Manakin-Sabot,VA,23103,37.628501822806,-77.708902655093,,,,,,2,,,2941.0,census_geocoder
4228,Muslim Community Center of Chesterfield,16831 Hull Street Road,Moseley,VA,23120,37.393846680973,-77.723139808113,,,,,,11,,,2937.0,census_geocoder
4229,Mosque of Williamsburg Virginia,1505 Richmond Road,Williamsburg,VA,23185,37.29068306802,-76.722807947036,,2017,,https://mosqueofwilliamsburgva.com/about,,46,,,413.0,census_geocoder
4230,Masjidullah of Richmond/Masjid Abu Bakr As-Siddeeq,2211 North Ave,Richmond,VA,23222,37.563213280166,-77.433152995882,,-,Information Without Year,https://www.mapquest.com/us/virginia/mosque-of-richmond-448168387,45,64,,,2025.0,census_geocoder
4231,Masjid Bilal,400 Chimbrazo Blvd,Richmond,VA,23223,37.527615875788,-77.409852197129,,1980,,https://www.wrldrels.org/wrr/group.profiles/Islam/MasjidBilal.html,,75,,,1839.0,census_geocoder
4232,Ahmadiyya Muslim Community,2617 Turner Road,Richmond,VA,23224,37.470153267391,-77.523628118596,,,,,,52,,,2950.0,census_geocoder
4233,Masjid Ar-Rahman,1320  Hull st,Richmond,VA,23224,37.520267524342,-77.445038953068,,-,Information Without Year,https://masjid-al-rahman.org/,47,80,,,1801.0,census_geocoder
4234,Islamic Center of Greater Richmond,6324 Rigsby Road,Richmond,VA,23226,37.596101131459,-77.515232103245,,1997,,https://rakwa.com/listting/islamic-society-of-greater-richmond-isgr,,66,,,703.0,census_geocoder
4235,1Ummah Dawah Project,4206 Chamberlayne Avenue,Richmond,VA,23227,37.591673557498,-77.448667702988,,,,,43,67,,,2961.0,census_geocoder
4236,Al Noor Center,2818 Old Hungary Road,Henrico,VA,23228,37.643185287372,-77.50780541871,,,,,,18,,,2971.0,census_geocoder
4237,Islamic Center of Henrico & Masjid Al-Falah,7705 Impala Dr. ,Richmond,VA,23228,37.615913540056,-77.491236969332,,2013,,"https://www.causeiq.com/organizations/islamic-center-of-henrico-masjid-al-falah,371663293/",,47,,,2702.0,census_geocoder
4238,masjid al rahma,8401 Three Chopt Road,Richmond,VA,23229,37.60152106468,-77.553712549609,,,,,,27,,,2967.0,census_geocoder
4239,Islamic Center of Virginia,1241 Buford Road,Bon Air,VA,23235,37.51497148121,-77.554161829266,,1981,,https://icva.info/about-us/,,1,,,1368.0,census_geocoder
4240,Islamic Masjid of Richmond,9550 Midlothian Turnpike,Richmond,VA,23235,37.500716695094,-77.571997894642,,,,,,4,,,2968.0,census_geocoder
4241,Bosnian American Association,3915 Francistown Road,Richmond,VA,23294,37.645163292611,-77.549977979286,,,,,,38,,,2969.0,census_geocoder
4242,Javaid Mosque,4525 Old Woodland Drive,Chesapeake,VA,23321,36.807026711476,-76.43115871788,,,,,0,2,,,2993.0,census_geocoder
4243,United Community of Al-Islam,1060 Cascade st,Chesapeake,VA,23324,36.81867991155,-76.264129290909,,1990,,https://www.facebook.com/groups/1449097808732682/posts/2399678360341284/,41,56,,,2215.0,census_geocoder
4244,Crescent Community Center,1429 Lynnhaven Pkwy Suite 101,Virginia Beach,VA,23453,36.795124364881,-76.09419544645,,2013,,https://www.pilotonline.com/2017/01/16/crescent-community-center-tries-to-raise-money-to-build-virginia-beachs-first-mosque/,38,57,,,1039.0,census_geocoder
4245,Masjid William Salaam,614 E 35th st,Norfolk,VA,23504,36.8777498,-76.2964221,,-,Information Without Year,,46,81,,,2003.0,nominatim
4246,Islamic Center of Tidewater,1442 E 49th st,Norfolk,VA,23508,36.887538758876,-76.309219072791,,1982,,https://www.mapquest.com/us/virginia/muslim-community-of-tidewater-2914205,29,60,,,1362.0,census_geocoder
4247,Masjid Ash-Shura,3518 Colley ave,Norfolk,VA,23508,36.878007280643,-76.294716235187,,2006,,https://masjidashshura.org/,44,86,,,1819.0,census_geocoder
4248,Masjid Ansar [Ansar Camii],7110 Clayton Drive,Norfolk,VA,23513,36.906973353468,-76.249681821318,,,,,48,28,,,2933.0,census_geocoder
4249,Al-Qubaa Islamic Centre,1145 Hampton Avenue,Newport News,VA,23607,36.984164348406,-76.406279676069,,,,,37,58,,,2935.0,census_geocoder
4250,Muslim Community of Tidewater,530 Lasalle Ave,Hampton,VA,23661,37.018169720671,-76.362323611097,,1982,,https://www.mapquest.com/us/virginia/muslim-community-of-tidewater-2914205,43,57,,,2097.0,census_geocoder
4251,Mosque and Islamic Center of Hampton Roads,22 Tide Mill Lane,Hampton,VA,23666,37.054743391412,-76.376411361498,,1984,,http://www.hamptonmosque.com/history.html,24,23,,,596.0,census_geocoder
4252,Peninsula Islamic Community Center,1217 Todds Lane,Hampton,VA,23666,37.042772769406,-76.431170614207,,,,,27,27,,,2995.0,census_geocoder
4253,United Community of Al-Islam In Portsmouth,449 Martin Luther King Fwy,Portsmouth,VA,23704,36.834449408161,-76.301566641854,,2005,,https://muslimguide.com/show/United_Community_Of_Al-Islam_In_Portsmouth_3781,38,38,,,2216.0,census_geocoder
4254,Petersburg Islamic Center,630 S Jones,Petersburg,VA,23803,37.218096928623,-77.411913002516,,2015,,"https://www.causeiq.com/organizations/petersburg-muslim-center,463454077/",,49,,,2132.0,census_geocoder
4255,Petersburg Muslim Center,2219 East Washington Street,Petersburg,VA,23803,37.239639353646,-77.366755501307,,,,,,42,,,2931.0,census_geocoder
4256,Tricities Islamic Center,1710 East Hundred rd,Chester,VA,23836,37.336127399319,-77.328188229385,,1979,,https://www.islamiccenteroftricities.com/,,7,,,2206.0,census_geocoder
4257,Dar Ul-Ghuraba,155 Baker st,Emporia,VA,23847,36.693475650547,-77.537291503005,,-,No Basic Information,,,58,,,1057.0,census_geocoder
4258,Emporia Masjid,199 Weaver Avenue,Emporia,VA,23847,36.6994773,-77.5395953,,,,,,53,,,3006.0,nominatim
4259,Masjid As Salam (Islamic Center of Prince Edward County),302 South Street,Farmville,VA,23901,37.3034952,-78.3904116,,,,,,62,,,2999.0,nominatim
4260,Noor Academy,5015 Patrick Henry Hwy,Charlottesville,VA,23923,37.075895002272,-78.716508606178,,2020,,https://www.noor-academy.org/about,,0,,,598.0,census_geocoder
4261,Clara Muhammad,5178 Roanoke Station Road,Randolph,VA,23962,,,,,,,,0,,,2929.0,
4262,Muslims of America,242 Sheikh Gilani Lane,Red House,VA,23963,37.185535185644,-78.760631221963,,1980,,"https://en.wikipedia.org/wiki/Muslim_Brotherhood#:~:text=Table_title:%20Muslim%20Brotherhood%20Table_content:%20header:%20%7C%20Society,:%20Cairo,%20Egypt%20(historical)%20Unclear%20(present)%20%7C",,0,,,2108.0,census_geocoder
4263,Jaffery Center,3031 Preston Avenue Northwest,Roanoke,VA,24012,37.310950228863,-79.949539658541,,,,,29,54,,,2966.0,census_geocoder
4264,Masjid AL-Salam (Islamic Center),1409 Burks Street Southwest,Roanoke,VA,24015,37.267212077225,-79.99231380309,,,,,25,28,,,2965.0,census_geocoder
4265,Masjid Annur,3718 Salem Tpke Nw,Roanoke,VA,24017,37.286892722223,-79.999969511263,,2019,,https://projects.propublica.org/nonprofits/organizations/832564529/202512529349201051/full,27,27,,,1798.0,census_geocoder
4266,Islamic Center of Blacksburg,106-B Southpark Dr.,Blacksburg,VA,24060,37.19920967145,-80.401762821243,,1990,,https://icbmasjid.org/History,32,34,,,1682.0,census_geocoder
4267,Islamic Society of New River Valley,1284 North Main Street,Blacksburg,VA,24060,37.243686397975,-80.41669590597,,,,,43,62,,,2979.0,census_geocoder
4268,Masjid Al-Ihsan/The Islamic Society of New River Valley,1284 N Main st,Blacksburg,VA,24060,37.243686397975,-80.41669590597,,1996,,https://www.facebook.com/isnrv/posts/we-were-fortunate-to-have-a-special-interview-with-one-of-the-co-founders-of-mas/1976438842620273/,41,61,,,143.0,census_geocoder
4269,Islamic Center of Martinsville,17125 A L Philpott Highway,Martinsville,VA,24112,36.633520189757,-79.942274478212,,,,,,5,,,2947.0,census_geocoder
4270,"( RADFORD MASJED ) ""Islamice Center""",1129 East Main Street,Radford,VA,24141,37.140916042039,-80.557221053496,,,,,,60,,,2930.0,census_geocoder
4271,Ayesha Mosque,2308 12th Street,Lynchburg,VA,24501,37.400971240331,-79.16016586935,,,,,36,67,,,2942.0,census_geocoder
4272,Islamic Center of Central Virginia,1718 15th st,Lynchburg,VA,24501,37.402117494166,-79.151785586427,,2000,,https://www.cvillepedia.org/Islamic_Society_of_Central_Virginia,43,47,,,1220.0,census_geocoder
4273,Masjid Aisha,12th Street,Lynchburg,VA,24501,37.4081784,-79.1476535,,-,Information Without Year,https://www.facebook.com/IslamicCenterOfLynchburgVirginia/,44,60,,,400.0,nominatim
4274,Greater Lynchburg Islamic Association,3109 Martin Luther King Avenue Southeast,Lynchburg,VA,24502,,,,2008,,https://www.liberty.edu/champion/2010/10/13/forging-a-new-community-relationship/,33,80,,,35.0,
4275,Danville Islamic Center,259 Piney Forest rd,Danville,VA,24541,36.599230506193,-79.413297996036,,1993,,https://prayersconnect.com/mosques/84061198-danville-masjid-islamic-center-danville-virginia-united-states,,50,,,1044.0,census_geocoder
4276,South Boston Masjid and Islamic Center,451 Short St,South Boston,VA,24592,36.698355795892,-78.900704407356,,-,Information Without Year,(434) 222-2081,,45,,,788.0,census_geocoder
4277,Islamic Society of Vermont,400 Swift Street,South Burlington,VT,5403,44.442885172797,-73.180719542748,,1999,,https://www.isvt.org/general-5,0,13,,,685.0,census_geocoder
4278,Islamic Community Center Of Vermont,88 Malletts Bay Ave,Winooski,VT,5404,44.493460217357,-73.19112708237,,1999,,https://www.burlingtonfreepress.com/story/news/local/2019/06/19/vermont-islamic-society-seeks-former-church-south-burlington-mosque-gofundme/1497378001/,,77,,,2646.0,census_geocoder
4279,Islamic Society of Vermont,182 Hegeman Suite 1,Colchester,VT,5446,44.507102167359,-73.149255187115,,1999,,"https://www.isvt.org/new-masjid-project#:~:text=In%201999%2C%20the%20Islamic%20Society,%2C%20facilities%20and%20parking%2C%20etc.",,23,,,113.0,census_geocoder
4280,Everett Mosque,500 Se Everett Mall Way Suite B110,Everett,WA,92808,47.908879188863,-122.225733307862,,2010,,http://www.everettmasjid.org,44,75,,,1094.0,census_geocoder
4281,Islamic Center of Eastside North,14230 NE 21st St,Bellevue,WA,98007,47.628724732965,-122.150842881879,,1996,,https://www.historylink.org/File/3555,38,71,,,2656.0,census_geocoder
4282,Masjid Madeena,827 164th Avenue Northeast,Bellevue,WA,98008,47.617701655449,-122.121781136528,,2015,,https://masjidmadeena.org/,44,82,,,449.0,census_geocoder
4283,Islamic Center of Bothell,3300 Monte Villa Pkwy,Bothell,WA,98011,47.778017719086,-122.189387970899,,2009,,https://bothellmosque.org/about-us/,28,23,,,1209.0,census_geocoder
4284,Islamic Center of Bothell (ICOB),3300 Monte Villa Pkwy,Bothell,WA,98021,47.778017719086,-122.189387970899,,2009,,"https://bothellmosque.org/about-us/#:~:text=The%20Islamic%20Center%20of%20Bothell%20(ICOB)%20was,*%20Spiritual%20growth%20opportunities%20*%20Community%20engagement",32,17,,,2661.0,census_geocoder
4285,Islamic Center of Kent,20857 108th ave Se,Kent,WA,98031,47.414816090443,-122.197139049175,,1997,,https://islamiccenterofkent.org/?page_id=263,32,68,,,1269.0,census_geocoder
4286,Islamic Center of Federal Way, 3304 S 272nd St,Kent,WA,98032,47.3578472089,-122.289638326985,,2008,,"https://www.causeiq.com/organizations/islamic-center-of-federal-way,352398093/",41,25,,,1238.0,census_geocoder
4287,Islamic Center of Federal Way,3304 S 272nd St,Kent,WA,98032,47.3578472089,-122.289638326985,,2008,,"https://www.causeiq.com/organizations/islamic-center-of-federal-way,352398093/",41,25,,,2662.0,census_geocoder
4288,Iman Center of Kirkland/Ithna-asheri Muslim Association of the Northwest (IMAN),515 State st,Kirkland,WA,98033,47.671658725948,-122.202385198681,,2004,,https://www.iman-wa.org/history,48,83,,,1151.0,census_geocoder
4289,Zainab Center,5723 198th st Sw,Lynnwood,WA,98036,47.819372135578,-122.309914798398,,1999,,"https://www.causeiq.com/organizations/zainab-organization-of-greater-seattle,911932125/",53,84,,,2243.0,census_geocoder
4290,Dar Alarqam,6210 188th st Sw,Lynnwood,WA,98037,47.828394074502,-122.317414711404,,-,No Basic Information,,48,60,,,1053.0,census_geocoder
4291,Masjid Umar Al-Farooq,5507 238th st Sw,Mountlake Terrace,WA,98043,47.783015509621,-122.307822003542,,1994,,https://farooqmasjid.org/about-us/,,76,,,1985.0,census_geocoder
4292,Islamic Center of Redmond (ICOR),18080 Ne 68th st Bldg D,Redmond,WA,98052,47.667096395866,-122.099262764825,,1999,,https://www.islamicfinder.org/world/view-place/258/,44,57,,,471.0,census_geocoder
4293,Muslim Association of Puget Sound,17550 North East  67th Court,Redmond,WA,98052,47.665290758568,-122.106203938948,,2006,,https://mapsredmond.org/about/,46,53,,,455.0,census_geocoder
4294,Muslim Association of Puget Sound (MAPS)/Masjid Ar-Rahmah,17550 NE 67th Ct,Redmond,WA,98052,47.665290758568,-122.106203938948,,2006,,https://mapsredmond.org/about/,46,53,,,2654.0,census_geocoder
4295,Sammamish Mosque,22011 SE 20th St,Sammamish,WA,98075,47.591800488282,-122.045975675129,,2008,,https://smamosque.org/mission/,26,9,,,2663.0,census_geocoder
4296,Thawr Institute,4033 Aurora ave N,Seattle,WA,98103,47.655807280922,-122.347480065392,,-,,https://knowledge.uchicago.edu/record/3482/files/Sagha_uchicago_0330D_16015.pdf,62,91,,,2193.0,census_geocoder
4297,Islamic House at the UW,4625 22nd Ave NE,Seattle,WA,98105,47.661916996198,-122.304668585303,,1981,,"https://mapsredmond.org/welcome-guide-2/#:~:text=The%20Greater%20Seattle%20area%20has%20a%20very,UW**%20*%20**Idris%20Mosque**%20*%20**Masjid%20al-Taqwa**",79,84,,,2659.0,census_geocoder
4298,Masjid Al-Furqan,9401 18th Ave SW,Seattle,WA,98106,47.519136571262,-122.357923661707,,2014,,https://echox.org/directory/masjid-al-furqan/,55,83,,,2665.0,census_geocoder
4299,Abubakr Mosque of Washington,5511 Martin Luther King Jr Way S,Seattle,WA,98118,47.552572452152,-122.288712258568,,2009,,https://rocketreach.co/abubakr-islamic-center-of-wa-profile_b432eb7fc1f76c72,59,81,,,2658.0,census_geocoder
4300,Al Karim Islamic Center Educational & Cultural Services,5706 Rainier Ave S,Seattle,WA,98118,47.551097574801,-122.277535823666,,-,Information Without Year,,51,83,,,2752.0,census_geocoder
4301,Masjid Jamiul Muslimin,5945 39th ave S,Seattle,WA,98118,47.549130814332,-122.283485901813,,1991,,,57,82,,,1902.0,census_geocoder
4302,Muslim Association of Puget Sound- Seattle,2100 5th Ave,Seattle,WA,98121,47.614521201915,-122.340364258486,,2022,,https://mapsredmond.org/grand-opening-of-maps-seattle/,100,99,,,2660.0,census_geocoder
4303,Idris Mosque,2001 Gallaudet Street Northeast,Seattle,WA,98125,,,,1981,,https://www.seattlemet.com/news-and-city-life/2017/01/building-seattle-s-first-mosque-required-faith-luck-and-boeing,100,99,,,39.0,
4304,Idris Mosque,1420 North East Northgate Way,Seattle,WA,98125,47.708590497345,-122.313459924719,,1981,,https://www.seattlemet.com/news-and-city-life/2017/01/building-seattle-s-first-mosque-required-faith-luck-and-boeing,59,83,,,1772.0,census_geocoder
4305,Islamic Center of North Seattle,12528 Lake City Way Northeast,Seattle,WA,98125,47.720164672088,-122.294619465159,,2019,,"https://www.causeiq.com/organizations/islamic-center-of-north-seattle,352631063/",56,91,,,409.0,census_geocoder
4306,Masjid Al Tawheed,125 South 156th Street #6160,Burien,WA,98148,47.46321909515,-122.33115435032,,2000,,"https://www.causeiq.com/organizations/west-seattle-islamic-center-masjid-al-tawheed,311672448/#:~:text=Masjid%20Al%20Tawheed%20is%20an%20Islamic%20nonprofit,contributions%20(Pub%2078)%20*%20**Parent/child%20status**%20Independent",54,89,,,1633.0,census_geocoder
4307,Islamic Community of Bosniaks in Washington,20001 24th Avenue Northeast,Shoreline,WA,98155,47.77386878557,-122.304325116486,,2011,,https://icbw.org/about-us/,36,55,,,706.0,census_geocoder
4308,Abu-Bakr Islamic Center of WA,14101 Tukwila International Blvd,Tukwila,WA,98168,47.477243284773,-122.283764979849,,2009,,https://rocketreach.co/abubakr-islamic-center-of-wa-profile_b432eb7fc1f76c72,47,68,,,2655.0,census_geocoder
4309,Omar Bin Al-Khattab (OBK) Islamic Center,12622 Renton Ave S,Seattle,WA,98178,47.491030799287,-122.239628016073,,2022,,https://obkseattle.org/about-us/,,58,,,2664.0,census_geocoder
4310,Islamic Center of Seattle/Masjid As Salaam,3040 S 150th St,SeaTac,WA,98188,47.468877682057,-122.292771496755,,1973,,https://www.historylink.org/File/3557,62,62,,,2657.0,census_geocoder
4311,Bilal Ibn Rabah Islamic Center,607 SE Everett Mall Way Unit 6D,Everett,WA,98204,47.909319816189,-122.224529513413,,2017,,"https://www.causeiq.com/organizations/bilal-islamic-center-of-washington,464130768/",43,76,,,2709.0,census_geocoder
4312,Islamic Society of Whatcom County,1244 Nevada Street,Bellingham,WA,98225,48.743756098532,-122.459792628244,,2009,,https://www.isofwc.org/about,45,78,,,352.0,census_geocoder
4313,Baitul Ehsan Mosque,23515 Old Owen Road,Monroe,WA,98272,47.863638532212,-121.916007981796,,-,Information Without Year,(425) 406-1133,,1,,,829.0,census_geocoder
4314,Islamic Center of Kitsap County,1140 Marine Drive,Bremerton,WA,98312,47.572104526022,-122.664866857554,,2015,,https://www.kitsapmasjid.org/,31,72,,,800.0,census_geocoder
4315,Mas Allah Muslim Center,1212 S 11th St #25,Tacoma,WA,98405,47.251738633676,-122.45365187565,,-,No Basic Information,(253) 301-3744,,41,,,1552.0,census_geocoder
4316,Islamic Center of Tacoma,31 Montana Avenue,Tacoma,WA,98409,47.224683081066,-122.470631163677,,2022,,https://icoft.com/about,,61,,,2840.0,census_geocoder
4317,Islamic Center of Tacoma,2010 Bridgeport Way,Tacoma,WA,98466,47.241285464248,-122.537139930628,,1980,,https://icoft.com/about,,75,,,1355.0,census_geocoder
4318,Masjid Feidul-Islam,7945 Pacific ave Se,Lacey,WA,98503,47.039364165288,-122.770593096729,,2001,,https://prayersconnect.com/mosques/84094293-masjid-feidul-islam-olympia-lacey-islamic-center-lacey-washington-united-states,,3,,,1866.0,census_geocoder
4319,Masjid Al-Nur Islamic Center of Olympia,4324 20th Lane Northeast,Olympia,WA,98516,47.063233607436,-122.828652603986,,1980,,https://www.mapquest.com/us/washington/islamic-center-of-olympia-masjid-al-nur-449180003,,5,,,529.0,census_geocoder
4320,Islamic Society of Sw Washington,1000 Ne 66th st,Vancouver,WA,98665,45.670371820646,-122.662055495716,,2018,,https://rdc.reed.edu/c/pmhp/home/centers,,60,,,1489.0,census_geocoder
4321,Islamic Center of Yakima,301 S Tenth ave,Yakim,WA,98902,46.594541848252,-120.520945785826,,2002,,https://www.irs.gov/pub/irs-soi/eo_wa.csv#:~:text=CENTER%2C%25%20ADAM%20TAHIR%2C8819%20RENTON%20AVE%20S%2CSEATTLE%2CWA%2C98118%2D4918%2C0000%2C03%2C3%2C1200,33,75,,,84.0,census_geocoder
4322,Pullman Islamic Center/Masjid Al-Farouq,1155 NE Stadium Way,Pullman,WA,99163,46.737152790176,-117.16544790809,,1982,,https://pullmanislamicassociation.org/about-us/,,64,,,648.0,census_geocoder
4323,Islamic Center of Spokane,6411 E 2nd Ave,Spokane Valley,WA,99212,47.655339135985,-117.318709954573,,2008,,https://www.spokesman.com/stories/2007/sep/01/a-mosque-in-the-making/,36,51,,,2838.0,census_geocoder
4324,Islamic Center of Tri Cities/Spokane Islamic Center,2900 Bombing Range rd,West Richland,WA,99352,46.274955542609,-119.346329014416,,1996,,https://www.islamiccenteroftricities.com/,,11,,,79.0,census_geocoder
4325,"Masjid Al-Noor, ISM West",16670 Pheasant Dr,Brookfield,WI,53005,43.066030164732,-88.120566142959,,2015,,https://www.ismonline.org/ism-brookfield,,16,,,2670.0,census_geocoder
4326,Islamic Society of Sheboygan,9110 Sauk Trail rd,Oostburg,WI,53070,43.644638772719,-87.771492328374,,2010,,"https://projects.propublica.org/nonprofits/organizations/270206490#:~:text=Ruling%20date%20of%20organization's%20tax,72%2C123",,0,,,1483.0,census_geocoder
4327,American Albanian Islamic Center of Wisconsin,6001 88th Avenue,Kenosha,WI,53142,42.576443597337,-87.914363010392,,1979,,https://www.aaicwi.org/about-2,,16,,,501.0,census_geocoder
4328,Al-Huda Mosque | South Milwaukee Campus,1800 16th Ave,South Milwaukee,WI,53172,42.91352993917,-87.873186258645,,2008,,https://prayersconnect.com/mosques/84036414-masjid-al-huda-south-milwaukee-south-milwaukee-wisconsin-united-states,49,87,,,2675.0,census_geocoder
4329,Whitewater Islamic Center,W4890 Tri County Line Rd,Whitewater,WI,53190,,,,2014,,"https://www.causeiq.com/organizations/whitewater-islamic-center,462417184/",,5,,,2773.0,
4330,Ism Musalla Nur,2223 E. Kenwood Blvd,Milwaukee,WI,53203,43.074582663605,-87.882586034699,,2015,,"https://www.ismonline.org/ism-history#:~:text=To%20accommodate%20the%20growing%20Muslim,summer%20and%20fall%20of%202025.",60,66,,,1495.0,census_geocoder
4331,Muhammad Mosque #3,925 W Burleigh St,Milwaukee,WI,53206,43.074817832488,-87.922886432903,,1942,,https://www.mosque3.org/about,50,59,,,2676.0,census_geocoder
4332,Burmese Islamic Center of Milwaukee,4379 S Howell Ave #14,Milwaukee,WI,53207,42.964893145702,-87.909723352247,,2021,,https://bicmilwaukee.org,41,66,,,2779.0,census_geocoder
4333,Milwakee Islamic Da'wa Center/Masjid Ar-Rahman,5135 N Teutonia Ave,Milwaukee,WI,53209,43.110542878701,-87.949804745937,,1993,,https://urbanmilwaukee.com/2021/03/12/remembering-a-pillar-of-milwaukees-muslim-community/,52,69,,,276.0,census_geocoder
4334,The Islamic Society of Milwaukee University Center,2223 East Kenwood Boulevard,Milwaukee,WI,53211,43.074582663605,-87.882586034699,,2015,,https://www.ismonline.org/ism-university,56,84,,,597.0,census_geocoder
4335,Masjid Sultan Muhammad,317 E Wright Street,Milwaukee,WI,53212,43.063809666839,-87.907559372934,,1982,,https://shepherdexpress.com/news/features/muslims-milwaukee-voices/,52,80,,,1963.0,census_geocoder
4336,Al-Huda Mosque | Greenfield Campus,5075 S 43rd St,Greenfield,WI,53220,42.953074649596,-87.968760112218,,2008,,"https://alhudamke.org/about-us/#:~:text=Masjid%20Al%2DHuda%20is%20a%20mosque%20located%20at,classes%20*%20Sisters%20programs%20*%20Children's%20crafts",34,38,,,2672.0,census_geocoder
4337,Islamic Center of Milwaukee Main,4707 South 13th St,Milwaukee,WI,53221,42.959085230708,-87.929291217099,,1995,,https://www.wisconsinhistory.org/Records/Property/HI245487,43,45,,,1286.0,census_geocoder
4338,Islamic Resource Center,5235 S 27th St,Greenfield,WI,53221,42.949649027603,-87.949013760522,,1994,,https://www.mmwconline.org/about-us/,,69,,,2776.0,census_geocoder
4339,ISM Community Center,815 W Layton ,Milwaukee,WI,53221,42.959172310688,-87.922302367566,,1994,,https://www.ismonline.org/ism-history,43,47,,,2777.0,census_geocoder
4340,Ismaili Community Center and Jamatkhana,3750 N 92nd St,Milwaukee,WI,53222,43.085083516303,-88.027606406525,,2024,,https://assessments.milwaukee.gov/searchresults.asp?searchparcel=2629999124,38,69,,,682.0,census_geocoder
4341,Masjid Al-Qur'an,11723 West Brown Deer Road,Milwaukee,WI,53224,43.176937065921,-88.058030834942,,1997,,https://www.alquranmke.org/about-us.html,32,11,,,679.0,census_geocoder
4342,Al Zehra Islamic Center,2200 N Mayfair Rd,Wauwatosa,WI,53226,43.058237330502,-88.047547070369,,-,No Basic Information,,46,67,,,2775.0,census_geocoder
4343,Baitul Qadir Mosque,10401 West Oklahoma Avenue,Greenfield,WI,53227,42.988029687204,-88.042118686437,,2024,,https://visitamosque.us/mosque-item/bait-ul-qadir-milwaukee/,41,76,,,683.0,census_geocoder
4344,Dar-ul-Hikmah,11615 E Layton ave,Greenfield,WI,53228,42.95904069293,-88.058071156006,,-,Information Without Year,http://www.dar-ul-hikmah.org/,34,60,,,25.0,census_geocoder
4345,Racine Islamic Center,419  High st,Racine,WI,53404,42.742293713197,-87.785105452069,,2008,,https://ascent.racinecounty.gov/LandRecords/PropertyListing/RealEstateTaxParcel#/Details/58272,41,78,,,209.0,census_geocoder
4346,Masjid Al Haqq,1879 Park Ave,Beloit,WI,53511,42.524510805198,-89.026693996325,,1987,,"https://mcb-beloit.org/#:~:text=Muslim%20Center%20of%20Beloit%20(MCB,Islam%2C%20and%20everyone%20is%20welcome.",,51,,,1596.0,census_geocoder
4347,Muslim Dawa Circle,200 S High St,Janesville,WI,53548,42.677929637724,-89.02576585414,,2015,,https://www.google.com/url?sa=t&source=web&rct=j&url=https%3A%2F%2Fwww.youtube.com%2Fwatch%3Fv%3DDXACWWCcF9w&ved=0CAEQ1fkOahcKEwigg_jDoZGUAxUAAAAAHQAAAAAQBQ&opi=89978449,33,71,,,2774.0,census_geocoder
4348,Masjid Al-Madina,4002 Lien Rd,Madison,WI,53704,43.121056332266,-89.316062344019,,2015,,"https://www.causeiq.com/organizations/islamic-center-of-east-madison,371697429/",40,64,,,1713.0,census_geocoder
4349,Darul Imam Islamic Foundation,556 Grand Canyon Drive,Madison,WI,53705,43.054361441266,-89.496703392705,,2015,,https://darul-iman.org/about-us/,43,57,,,305.0,census_geocoder
4350,Masjid-Us-Sunnah,4718 Hammersley rd,Madison,WI,53711,43.039083934711,-89.456896757879,,2019,,"https://www.causeiq.com/organizations/madinah-community-center,391807339/",38,51,,,2015.0,census_geocoder
4351,Islamic Center of Madison,21 N Orchard St,Madison,WI,53715,43.068654716279,-89.407266505379,,,,,63,89,,,1280.0,census_geocoder
4352,Darul Iman,638 Grand Canyon Dr,Madison,WI,53719,43.053763354238,-89.499187714154,,2015,,http://darul-iman.org/about-us/,43,57,,,2778.0,census_geocoder
4353,Madinah Community Center (MCC),6514 Watts Rd,Madison,WI,53719,43.05011835457,-89.494885555667,,2024,,https://wisconsinmuslimjournal.org/from-modest-beginnings-to-modern-hub-madinah-community-center-expands-after-30-years/,41,60,,,2677.0,census_geocoder
4354,Islamic Society of Wisconsin,1512 Velp ave,Green Bay,WI,54303,44.546380715312,-88.044944009434,,2005,,https://pluralismarchive.hsites.harvard.edu/news/new-islamic-center-opens-green-bay,22,32,,,1492.0,census_geocoder
4355,Wausau Mosque,629 S 36th Ave,Wausau,WI,54401,44.956329768696,-89.680987915044,,2016,,https://www.wausaudailyherald.com/story/news/2016/08/11/wausau-mosque-slowly-takes-shape/88527534/,,26,,,2678.0,census_geocoder
4356,Marshfield Masjid,M-115 Meadow ave N,Marshfield,WI,54449,44.660893913374,-90.143973118426,,2003,,,,7,,,126.0,census_geocoder
4357,Masjid Al-Noor (Islamic Society of Central Wisconsin),200560 Meadow Ave N,Marshfield,WI,54449,44.689150574309,-90.185186183682,,2003,,https://theislamicsociety.com/,,7,,,2671.0,census_geocoder
4358,Othman Bin Affan Mosque,206 Rose st,La Crosse,WI,54603,43.829231024273,-91.248017582752,,2006,,"https://www.causeiq.com/organizations/othman-bin-affan-mosque,391970273/",,57,,,2129.0,census_geocoder
4359,Altoona Masjid (Islamic Society of Northern Wisconsin (ISNW)),527 2nd St W,Altoona,WI,54720,44.804324537247,-91.436308269369,,1991,,https://www.mstamanfoundation.org/the-isnw,,44,,,2674.0,census_geocoder
4360,Altaqwa Masjid Islamic Islamic Center Barron,59 S 3rd Street,Barron,WI,54812,45.400308905301,-91.854131080553,,-,No Basic Information,,,55,,,2780.0,census_geocoder
4361,Barron Islamic Center,1418 E La Salle ave Unit A,Barron,WI,54812,45.399874044759,-91.837340969406,,2016,,"https://www.youtube.com/watch?v=TKqa-z7hbVc#:~:text=On%20the%20weekend%20of%20May%2019%20%2D,the%20grand%20opening%20of%20the%20entire%20masjid.",,26,,,980.0,census_geocoder
4362,Oshkosh Mosque,138 Church Ave,Oshkosh,WI,54901,44.02042316905,-88.539042978323,,2021,,https://www.oshkoshmosque.us/about,40,88,,,2679.0,census_geocoder
4363,Masjid Qamar Oshkosh Mosque,300 N Eagle st,Oshkosh,WI,54902,44.021677004715,-88.572243869442,,2010,,"https://www.postcrescent.com/story/news/2019/12/23/oshkosh-school-attack-story-mosque-sheltered-students/2663507001/#:~:text=The%20Masjid%20Qamar%20Oshkosh%20Mosque%20is%20located,Gratitude**%20*%20**Hosting%20Real%20Talk%20on%20Islam**",31,59,,,328.0,census_geocoder
4364,Islamic Center of Wisconsin,720W Parkway Blvd,Appleton,WI,54914,44.277982977098,-88.416159151454,,2004,,https://pluralism.org/news/new-mosque-opens-wisconsin,,94,,,1379.0,census_geocoder
4365,Fox Valley Islamic Center,2680 Marathon Ave,Neenah,WI,54956,44.143697716726,-88.471452588861,,1970,,https://fvis.org/our-history/,,9,,,2673.0,census_geocoder
4366,Fox Valley Islamic Society,103 Kappel Dr.,Neenah,WI,54956,44.141982912119,-88.475026713842,,1970,,https://fvis.org/our-history/,,85,,,1105.0,census_geocoder
4367,Princeton Masjid,247 Frontage rd,Princeton,WV,24740,37.336546408292,-81.126889567401,,2018,,https://www.westwindsorhistory.com/muslimcenterofgreaterprinceton.html,,2,,,2139.0,census_geocoder
4368,Islamic Association of West Virginia,1 Valley Dr,South Charleston,WV,25303,38.360156554263,-81.696763669401,,1989,,https://www.archnet.org/sites/14714,,21,,,2666.0,census_geocoder
4369,Martinsburg Mosque,312 Wilson Street,Martinsburg,WV,25401,39.445664046383,-77.970207152229,,2015,,"https://www.yelp.com/biz/islamic-society-of-martinsburg-martinsburg#:~:text=The%20purpose%20of%20the%20Islamic,ethnicity%20and/or%20national%20origin.",,40,,,326.0,census_geocoder
4370,Muslim Association of Huntington,"944 20th St, Huntington",Huntington,WV,25703,38.416367124878,-82.420609083277,,1993,,"https://mds.marshall.edu/muslim_assoc_huntington/#:~:text=The%20Muslim%20Association's%20website%20describes,was%20provided%20by%20the%20Association:",,68,,,720.0,census_geocoder
4371,Islamic Association of West Virginia - Beckley Mosque,307 Stanaford Rd,Beckley,WV,25801,37.797487681211,-81.171511258632,,2013,,"https://www.causeiq.com/organizations/islamic-association-of-west-virginia-beckley-chapt,550722992/",,36,,,2667.0,census_geocoder
4372,Islamic Center of Wheeling,260 Betheny Pike,Wheeling,WV,26003,40.086068708468,-80.691566047922,,-,No Basic Information,,,30,,,1373.0,census_geocoder
4373,West Virginia Morgantown,389 Spruce St,Morgantown,WV,26505,39.630333204212,-79.954264446248,,1983,,"https://www.causeiq.com/organizations/islamic-center-of-morgantown,550753634/",,91,,,2669.0,census_geocoder
4374,Islamic Center of Morgantown,434 Harding Ave,Morgantown,WV,26508,39.650005361689,-79.961854297193,,1983,,https://prayersconnect.com/mosques/84028079-islamic-center-of-morgantown-morgantown-west-virginia-united-states,,66,,,465.0,census_geocoder
4375,Southeast Wyoming Islamic Center,3005 Thomas ave,Cheyenne,WY,82001,41.143945510282,-104.826666632912,,2010,,https://halalguide.me/shayenn/mechet/southeast-wyoming-islamic-center-sewic/posts,,67,,,2171.0,census_geocoder
4376,Islamic Center of Cheyenne Wy,6005 Weaver Rd,Cheyenne,WY,82009,41.174183794997,-104.818444727359,,2011,,,,54,,,2680.0,census_geocoder
4377,Islamic Center of Larimie,618 E Garfield st,Larimie,WY,82070,41.30978173369,-105.589507338436,,2003,,"https://www.wyomingnews.com/laramieboomerang/news/local_news/laramie-islamic-center-has-worshipers-from-around-the-globe/article_2c677ae3-2ee5-5af5-8cc7-1fe15a41bf30.html#:~:text='A%20mini%20United%20Nations',a%20church%2C%20opened%20in%202003.",,85,,,1275.0,census_geocoder
4378,Queresha Mosque,1489 Country Club Rd,Gillette,WY,82718,44.274275625123,-105.478920520342,,2015,,https://www.npr.org/2015/12/25/461046585/rural-wyoming-towns-first-mosque-sparks-anti-muslim-rhetoric,,28,,,2681.0,census_geocoder
