Mosque_ID,Name,Street,City,State,ZCTA,Latitude,Longitude,Urbanization_Cat,Year_Est,Status,Source,Transit_score,Walk_score,NND,NRI,Reference_ID,geocode_method,HH_Income,Poverty_Rate,HH_Size
1,Islamic Center of Alaska,4141 Ingra No. 202,Anchorage,AK,99503,61.183398443276,-149.86616610748,,2016,,https://www.alaskamasjid.org,,57.0,,,1195.0,census_geocoder,76144,16.437718277066356,2.08
2,"Muslim Community of Alaska, Inc (Masjid Ash-Shura of Alaska)",927 W Fireweed Ln Unit A,Anchorage,AK,99503,61.198824914531,-149.899817691989,,2010,,"https://en.wikipedia.org/wiki/Islamic_Community_Center_of_Anchorage_Alaska#:~:text=The%20Islamic%20Community%20Center%20of,northernmost%20mosque%20in%20North%20America.",43.0,90.0,,,2262.0,census_geocoder,76144,16.437718277066356,2.08
3,Islamic Community Center of Anchorage,8005 Spring Street,Anchorage,AK,99518,61.148284558697,-149.861926179423,,2010,,https://en.wikipedia.org/wiki/Islamic_Community_Center_of_Anchorage_Alaska,36.0,61.0,,,736.0,census_geocoder,93995,7.829656233966137,2.32
4,Islamic Community Center of Anchorage (Alaska Mosque),8005 Spring St,Anchorage,AK,99518,61.148284558697,-149.861926179423,,2014,,https://kids.kiddle.co/Islamic_Community_Center_of_Anchorage_Alaska,36.0,61.0,,,2261.0,census_geocoder,93995,7.829656233966137,2.32
5,Masjid Alaska,501 E International rd Suite 26,Anchorage,AK,99518,61.173676651315,-149.875454153447,,2014,,https://theworld.org/stories/2014/08/26/alaskas-first-mosque-opens-its-doors,53.0,84.0,,,1775.0,census_geocoder,93995,7.829656233966137,2.32
6,Dar-e-Zahra,1907 AL-150,Bessemer,AL,35022,33.367346996322,-86.890122930332,,2020,,https://www.darezahra.com/about-1,,6.0,,,2713.0,census_geocoder,81846,12.233391608391608,2.40
7,BIS Fairfield Islamic Center,740 Donald Pkwy,Fairfield,AL,35064,33.4958267,-86.9080237,,1990,,https://www.bisweb.org/history/,,47.0,,,2257.0,nominatim,48692,31.879268561357126,2.39
8,Bis West Side Masjid,4506 Gary ave,Fairfield,AL,35064,33.492035028434,-86.914698645115,,2010,,https://magiccityreligion.org/2021/11/29/west-side-masjid/,,46.0,,,994.0,census_geocoder,48692,31.879268561357126,2.39
9,Masjid Al-Qubbatu Al-Khadra,1009 Cr 332,Pelham,AL,35124,33.280190583242,-86.763769388323,,2002,,https://www.bizjournals.com/birmingham/news/2025/07/14/islamic-org-buys-vacant-church-property.html,,42.0,,,1738.0,census_geocoder,99726,6.880533608607616,2.55
10,Masjid Al Quran,3424 26th st N,Birmingham,AL,35207,33.555844509679,-86.819779673187,,-,No Basic Information,,24.0,47.0,,,1620.0,census_geocoder,31486,39.87547022960176,2.47
11,BIS Homewood Masjid,1810 25th Ct S,Homewood,AL,35209,33.486027007906,-86.791271322473,,1995,,https://magiccityreligion.org/2019/12/17/homewood-masjid/,28.0,58.0,,,2254.0,census_geocoder,71439,17.276566883497242,2.23
12,Ismaili Community Center And Jamatkhana - Birmingham,131 Oxmoor Ct,Birmingham,AL,35209,33.441018070613,-86.842871144859,,2007,,https://www.al.com/news/birmingham/2025/12/hoovers-rejection-of-islamic-school-opens-old-religious-freedom-debates.html,20.0,25.0,,,2716.0,census_geocoder,71439,17.276566883497242,2.23
13,Muhammad Mosque #69,521 Tuscaloosa Ave,Birmingham,AL,35211,33.500477491332,-86.841933892223,,1934,,https://www.muibirmingham.org/,30.0,52.0,,,2259.0,census_geocoder,34884,33.77942599161561,2.13
14,BIS Hoover Crescent Islamic Center,2524 Hackberry Ln,Hoover,AL,35226,33.420332916349,-86.814856253372,,1990,,https://thigmos.com/bis-hoover-crescent-islamic-center/about,,11.0,,,2251.0,census_geocoder,124516,4.765011351478302,2.66
15,Islamic Society of Tuscaloosa/Masjid Omar Ibn Al-Khatab,1416 Paul West Bryant Drive,Tuscaloosa,AL,35401,,,,1999,,"https://thecrimsonwhite.com/13405/news/ua-muslim-community-thrives-despite-small-size/#:~:text=%E2%80%9C%5BThe%20Islamic%20Center%5D%20mostly,identity%20as%20someone%20from%20Alabama.%E2%80%9D",,81.0,,,420.0,,29152,43.51575146308056,2.25
16,Masjid Al-Islam,903 Columbus rd,Aliceville,AL,35442,33.1628043,-88.1874635,,-,Information Without Year,https://prayersconnect.com/mosques/84056833-masjid-al-islam-aliceville-alabama-united-states,,25.0,,,1701.0,nominatim,44503,24.078493768231237,2.58
17,Jasper Mosque,218 30th Street W,Jasper,AL,35501,33.821186956788,-87.280949102889,,-,Information Without Year,https://www.bisweb.org/history/,,17.0,,,2714.0,census_geocoder,54726,21.384451544195954,2.51
18,Al-Noor Mosque,1209 Danville Rd SW,Decatur,AL,35601,34.586850413515,-87.000233795348,,-,No Basic Information,,,34.0,,,2715.0,census_geocoder,51429,17.25227353253809,2.43
19,ICD Islamic Center Decatur,2916 Sandlin Rd SW,Decatur,AL,35603,34.554246551825,-86.990449881664,,2019,,"https://www.causeiq.com/organizations/icd,823495721/",,36.0,,,2255.0,census_geocoder,81490,7.263237328637907,2.43
20,Florence Islamic Center ,401 Veterans Dr,Florence,AL,35630,34.797481874813,-87.669096098007,,2012,,https://ficalabama.org/#about,,57.0,,,2712.0,census_geocoder,46304,21.022024251422916,2.13
21,Madison Masjid - North Alabama Islamic Society,105 W Dublin Dr,Madison,AL,35758,34.680488715351,-86.753621221629,,-,Information Without Year,https://madisonmasjid.com/madison/index.php/about-us,,54.0,,,2252.0,census_geocoder,117380,4.904093730664059,2.47
22,Alabama Islamic Educational Center of Fatemeh Al-Z,8200 Memorial Pkwy Sw,Huntsville,AL,35802,34.658265934013,-86.569869123931,,1990,,https://huntsvilleislamiccenter.org/about-us,15.0,61.0,,,918.0,census_geocoder,76324,7.325071334270261,2.05
23,Huntsville Islamic Center,1645 Sparkman Dr.,Huntsville,AL,35816,34.74233594296,-86.646513991109,,1990,,https://huntsvilleislamiccenter.org/about-us,21.0,21.0,,,1133.0,census_geocoder,40242,24.697766546000956,2.08
24,Gadsden Islamic Society,108 S 9th St,Gadsden,AL,35903,34.001594473156,-85.984658717421,,2011,,https://prayersconnect.com/mosques/84013161-gadsden-islamic-society-gadsden-alabama-united-states,,70.0,,,278.0,census_geocoder,53122,15.325964891542053,2.46
25,Islamic Community of Tuskegee,1103 S Main st,Tuskegee,AL,36083,32.416080309801,-85.682326757142,,-,No Basic Information,,,15.0,,,1400.0,census_geocoder,46024,22.714059196617338,2.17
26,Masjid Ash-Shura,1902 Franklin rd,Tuskegee,AL,36088,32.432404754627,-85.718063999037,,1990,,https://tuskegeemasjid.wixsite.com/tuskegeemajid/about,,19.0,,,1820.0,census_geocoder,35125,34.81199831009717,1.97
27,Muslim Center of Montgomery,4340 S Court st,Montgomery,AL,36105,32.325787022864,-86.307894932667,,2026,,https://www.mcmontgomery.org/about,21.0,38.0,,,2082.0,census_geocoder,41486,28.81226887100283,2.26
28,Masjid Qasim B El-Amin,2425 Lark Dr,Montgomery,AL,36108,32.342576547429,-86.334100895095,,1984,,https://prayersconnect.com/mosques/84044618-masjid-qasim-bilal-el-amin-montgomery-alabama-united-states,25.0,19.0,,,2258.0,census_geocoder,33291,35.00068521310127,2.36
29,East Montgomery Islamic Center/Omar Bin Khattab Mosque,3430 Kessinger Dr.,Montgomery,AL,36116,32.335330609657,-86.18186760005,,,,https://emismosque.org/index.html,15.0,58.0,,,1087.0,census_geocoder,55160,25.633707865168535,2.49
30,East Montgomery Islamic Center - EMIC,8786 Vaughn Rd,Montgomery,AL,36117,32.339045248996,-86.140721245908,,2006,,https://thigmos.com/east-montgomery-islamic-center/about,0.0,9.0,,,2253.0,census_geocoder,74720,10.474956313443679,2.34
31,Anniston Islamic Center/Masjid An Noor,1821 Mc Call Dr,Anniston,AL,36207,33.668202956357,-85.814262103467,,1985,,https://www.guidestar.org/profile/63-0882703,,17.0,,,2256.0,census_geocoder,67969,10.120213949054707,2.39
32,MCW Masjid Al-Noor Dothan Mosque,"1603, Napier Field Rd",Dothan,AL,36303,31.2708665,-85.4472452,,-,Information Without Year,https://www.facebook.com/mcwmasjidalnoor.dothanalabama/,,1.0,,,2260.0,nominatim,54147,21.85475161987041,2.43
33,Muslim Community of the Wiregrass,4500 Napier Fields rd,Dothan,AL,36303,,,,2003,,"https://www.causeiq.com/organizations/islamic-center-of-dothan-incorporated,161645662/",,6.0,,,2096.0,,54147,21.85475161987041,2.43
34,Hartford Islamic Center,503 N 6th ave,Hartford,AL,36344,31.107321122741,-85.701197715053,,-,No Basic Information,,,54.0,,,1125.0,census_geocoder,60377,16.064030131826744,2.58
35,Masjid Baitul Haqq,509 Aurelie st,Mobile,AL,36604,30.677994661258,-88.060982657327,,1994,,https://prayersconnect.com/mosques/84063757-masjid-baitul-haqq-mobile-alabama-united-states,,62.0,,,1836.0,census_geocoder,66357,14.763869784502523,2.31
36,Mobile Masjid of Al Islam,1559 Duval St,Mobile,AL,36605,30.661650935183,-88.074285840688,,-,No Basic Information,,,43.0,,,2047.0,census_geocoder,43538,32.35047679846786,2.62
37,American Islamic Center of Mobile,6207 Old Shell rd,Mobile,AL,36608,30.689983007609,-88.185948292438,,1986,,https://www.mosquehq.com/mosques/9rzy1/ism-1,,42.0,,,215.0,census_geocoder,61146,16.624278069199384,2.36
38,Islamic Society of Mobile,63 East Dr.,Mobile,AL,36608,30.688461923307,-88.17998326751,,1986,,https://islamicsocietymobile.org/#about-us,,55.0,,,1475.0,census_geocoder,61146,16.624278069199384,2.36
39,Prichard Masjid of Al-Islam,637 S Wilson Ave,Prichard,AL,36610,30.727127793416,-88.083123701097,,1992,,https://prayersconnect.com/mosques/84079111-prichard-masjid-of-al-islam-prichard-alabama-united-states,,54.0,,,818.0,census_geocoder,30529,34.95234232407219,2.51
40,Selma Islamic Center,2820 Citizens Pkwy,Selma,AL,36703,32.439369974294,-87.021048383389,,2016,,"https://www.causeiq.com/organizations/selma-mosque,812794096/",,36.0,,,2161.0,census_geocoder,32227,26.649604984978303,1.98
41,Auburn Islamic Center,338 Armstrong st,Auburn,AL,36830,32.599749774141,-85.478770739427,,1990,,https://www.auburnmuslims.org/,,72.0,,,964.0,census_geocoder,70188,20.14204837879568,2.30
42,Islamic Center of Grand Rapids,1301 Burton Street,Grand Rapids,AL,49509,42.92812182181,-85.699395330575,,1986,,https://en.wikipedia.org/wiki/Islamic_Center_and_Mosque_of_Grand_Rapids,39.0,72.0,,,1247.0,census_geocoder,65132,9.154218084722524,2.63
43,Islamic Center of Pine Bluff,3707 E Hepburn st,Pine Bluff,AR,71603,34.218257007401,-92.041500435215,,1995,,https://www.facebook.com/pbmosque/,,38.0,,,1322.0,census_geocoder,53130,15.344243175274263,2.39
44,Muslim Center of Conway,1715 South Blvd,Conway,AR,72034,35.079056334741,-92.447227087812,,1997,,https://prayersconnect.com/mosques/84078825-muslim-center-of-conway-conway-arkansas-united-states,,38.0,,,2277.0,census_geocoder,65635,16.266541987681173,2.33
45,Islamic Center for Human Excellence,1717 Wright ave,Little Rock,AR,72202,34.732103255721,-92.292201210687,,1969,,https://encyclopediaofarkansas.net/entries/muslims-2557/,40.0,65.0,,,1785.0,census_geocoder,50899,14.71264367816092,1.54
46,Islamic Center of Little Rock,3224 Anna st,Little Rock,AR,72204,34.72240132065,-92.333255686638,,1994,,https://theiclr.org/iclr-history/,39.0,51.0,,,1278.0,census_geocoder,40882,27.434306823726214,2.34
47,Ismaili Jamatkhana,12500 Kanis Rd,Little Rock,AR,72211,34.743714885201,-92.410190116082,,-,Information Without Year,https://prayersconnect.com/mosques/84058248-ismaili-jamatkhana-little-rock-arkansas-united-states,19.0,31.0,,,2282.0,census_geocoder,83134,8.124745394468837,2.04
48,Madina Institute,12123 Kanis Rd,Little Rock,AR,72211,34.743529234015,-92.408004470133,,2016,,https://ualr.edu/lrcs/2019/08/23/ramadan-at-little-rocks-madina-institute/,26.0,45.0,,,2276.0,census_geocoder,83134,8.124745394468837,2.04
49,Islamic Center of Little Rock - West Campus,15110 Kanis Rd,Little Rock,AR,72223,34.751276201035,-92.43811757066,,1992,,https://islamicvalley.com/mosque/jVb/the-islamic-center-of-little-rock,0.0,19.0,,,2278.0,census_geocoder,101062,7.099816609903065,2.32
50,Masjid Alradwan,500-596 W Broadway St,Forrest City,AR,72335,35.008135167928,-90.795605707256,,-,No Basic Information,https://prayersconnect.com/mosques/84000320-masjid-alradwan-forrest-city-arkansas-united-states,,48.0,,,2283.0,census_geocoder,40400,31.732838589981448,2.47
51,Islamic Center of Jonesboro,118 Rogers st,Jonesboro,AR,72401,35.843373381092,-90.688640632336,,1983,,https://islamatastate.weebly.com/islamic-center-of-jonesboro.html,,44.0,,,1268.0,census_geocoder,45329,30.685849910690255,2.38
52,Masjid Hamza/Islamic Center Of Northwest Arkansas,1420 E Center st,Fayetteville,AR,72701,36.063240811097,-94.180495527011,,1994,,https://encyclopediaofarkansas.net/entries/muslims-2557/,,84.0,,,1875.0,census_geocoder,55506,27.23705979673836,2.36
53,Bentonville Islamic Center,1801 SW 2nd St,Bentonville,AR,72712,36.371907557975,-94.234138221922,,2005,,https://www.mapquest.com/us/arkansas/bentonville-islamic-center-378407053,,19.0,,,986.0,census_geocoder,110514,4.740215030983529,2.56
54,Muslim Students of Russellville,514 West K st,Russellville,AR,72801,35.288567179557,-93.137340906529,,2014,,https://www.facebook.com/MSAatATU/posts/press-releasewhat-islamic-center-of-russellville-icr-to-hold-community-open-hous/959876940705094/,,44.0,,,2107.0,census_geocoder,47830,21.29408157007053,2.49
55,Islamic Center of Russellville,2001 W Parkway Dr,Russellville,AR,72802,35.288128775533,-93.146970331263,,2014,,"https://www.causeiq.com/organizations/islamic-center-of-russellville,464986297/",,14.0,,,2280.0,census_geocoder,64110,16.05899756352245,2.55
56,Masjid Annoor,1800 S Albert Pike,Fort Smith,AR,72901,35.365446337702,-94.386191852161,,1993,,https://masjidannoorfs.com/about,,49.0,,,1797.0,census_geocoder,42851,26.10303559504854,2.22
57,Masjid AlSalam,8501 S 28th St,Fort Smith,AR,72908,35.303334648314,-94.405240414998,,2012,,https://masjidalsalamfsm.org/about,,58.0,,,2279.0,census_geocoder,72732,10.90355904620392,2.40
58,Masjid Touba,1219 W Buckeye Rd,Phoenix,AZ,85007,33.436692589573,-112.088186007743,,-,No Basic Information,,43.0,61.0,,,2717.0,census_geocoder,63616,21.611205810420216,2.53
59,Al Rahma Islamic Center of Phoenix,2916 E McDowell Rd unit 15,Phoenix,AZ,85008,33.465802546888,-112.0186407304,,2009,,"https://www.causeiq.com/organizations/masjid-al-rahma-of-phoenix,870813205/",43.0,69.0,,,2272.0,census_geocoder,66353,18.450889127580858,2.57
60,Ibadurahman Mosque,5064 E McDowell Rd SUITE B,Phoenix,AZ,85008,33.465638028552,-111.972761526797,,-,No Basic Information,(480) 648-4254,34.0,50.0,,,414.0,census_geocoder,66353,18.450889127580858,2.57
61,Muslim Community Mosque Phoenix,1818 N 32nd St,Phoenix,AZ,85008,33.468045702677,-112.012981593137,,1994,,https://mcmphoenix.com/,41.0,64.0,,,2265.0,census_geocoder,66353,18.450889127580858,2.57
62,Masjid Al-Bashir Mohammed/Albasheer Islamic Foundation,6523 N Black Canyon Freeway,Phoenix,AZ,85015,33.531754587524,-112.111997733525,,2014,,"https://www.causeiq.com/organizations/al-basheer-islamic-foundation,461248064/",38.0,33.0,,,1651.0,census_geocoder,54874,20.154566287971136,2.54
63,Al Kauthar,6221 W Glendale ave,Phoenix,AZ,85017,33.5385019,-112.1347279,,-,No Basic Information,,41.0,79.0,,,859.0,nominatim,58346,27.103616133518777,3.39
64,Alkawathar Educational Culture Center,6602 N Black Cyn Hwy,Phoenix,AZ,85017,33.533100577721,-112.112670702727,,-,Information Without Year,,45.0,55.0,,,2725.0,census_geocoder,58346,27.103616133518777,3.39
65,Islamic Center of Arizona/Masjid Dunlap,1426 9 Street Northwest Suite 200,Phoenix,AZ,85020,,,,2000,,,42.0,44.0,,,41.0,,83735,12.445395897821623,2.07
66,Islamic Center of North Phoenix,13246 N 23Rd ave,Phoenix,AZ,85020,33.606848863345,-112.107969439586,,2010,,https://www.visualizingimmigrantphoenix.com/patrick-ingham/bosnian-mosque/,39.0,44.0,,,1308.0,census_geocoder,83735,12.445395897821623,2.07
67,Muhammad Mosque #32,4444 S 3rd St,Phoenix,AZ,85040,33.405899075957,-112.070073189972,,2003,,https://www.manta.com/c/mml2xp1/muhammad-mosque-32,47.0,71.0,,,2268.0,census_geocoder,60727,23.22763675049499,2.95
68,Masjid Jauharatul Islam,102 W South Mountain Ave,Phoenix,AZ,85041,33.370566414825,-112.074722594615,,1981,,https://www.masjidjauharatulislam.com/history-of-jauharatul-islam,41.0,50.0,,,1903.0,census_geocoder,75301,15.852165725047081,3.30
69,Arizona Cultural Academy (ACA) Masjid,7810 S 42nd Pl #7300,Phoenix,AZ,85042,33.37486148714,-111.992347581936,,1996,,https://www.azacademy.org/,35.0,34.0,,,2271.0,census_geocoder,88717,15.907138609281734,2.85
70,Islamic Center of Greater Phoenix (Masjid Bilal),8016 S 12th St,Phoenix,AZ,85042,33.373870963098,-112.057427753382,,1982,,https://en.wikipedia.org/wiki/Islamic_Community_Center_of_Phoenix,41.0,23.0,,,2270.0,census_geocoder,88717,15.907138609281734,2.85
71,Islamic Community Center of Phoenix,7516 N Black Canyon Hwy,Phoenix,AZ,85051,33.546078749153,-112.112699488754,,1997,,https://www.archnet.org/sites/10420,40.0,42.0,,,87.0,census_geocoder,69189,13.833004602235372,2.85
72,Islamic Community Center of Phoenix (ICCP),2515 W Orangewood Ave,Phoenix,AZ,85051,33.545799576011,-112.112993446304,,1982,,https://en.wikipedia.org/wiki/Islamic_Community_Center_of_Phoenix,40.0,42.0,,,2264.0,census_geocoder,69189,13.833004602235372,2.85
73,Islamic Community Center of Phoenix Secondary,7362 North Black Canyon Highway,Phoenix,AZ,85051,33.544901307709,-112.112694198541,,2004,,https://www.archnet.org/sites/10420,40.0,42.0,,,754.0,census_geocoder,69189,13.833004602235372,2.85
74,Masjid Bilal Bin Rabah,44370 E Cesar Chavez Ln,Maricopa,AZ,85138,,,,2010,,https://www.pinalcentral.com/maricopa_monitor/religion/religion_news/maricopa-mosque-serves-as-hub-for-area-muslims/article_e5cebfc1-e362-5959-aa4a-38d3eba23ade.html,,60.0,,,1844.0,,95867,7.314128943758573,3.17
75,Masjid Al Noor,55 North Matlock Street,Mesa,AZ,85203,33.416159724533,-111.808192854547,,1998,,https://www.masjidnoormesa.com/,51.0,73.0,,,741.0,census_geocoder,73578,13.69392233061041,2.83
76,Islamic Education Foundation of Arizona (IEFAZ),2434 E Southern Ave,Mesa,AZ,85204,33.393661229115,-111.778876006836,,1980,,https://prayersconnect.com/mosques/84045142-islamic-education-foundation-of-arizona-mesa-arizona-united-states,35.0,20.0,,,2274.0,census_geocoder,72216,14.224317848032776,2.78
77,"Ahmadiyya Muslim Community, Tucson Arizona",250 W Speedway Blvd,Tuscon,AZ,85205,32.235963902204,-110.976029424173,,1982,,https://tucson.com/news/article_f6f301cb-0eb9-5399-91fd-c3b92757baf5.html,56.0,74.0,,,2724.0,census_geocoder,73283,8.884662713950107,2.27
78,Gilbert Mussalla,5635 East Baseline Road,Mesa,AZ,85206,33.379252797393,-111.714262920999,,2013,,https://prayersconnect.com/mosques/84066017-gilbert-musallah-gilbert-arizona-united-states,,26.0,,,757.0,census_geocoder,75607,8.62294443362364,2.17
79,East Mesa Mosque,1017 S 88th St,Mesa,AZ,85208,33.39667806941,-111.64143064256,,-,No Basic Information,,0.0,11.0,,,2718.0,census_geocoder,69390,9.203879298700597,2.42
80,Bait-ul-Aman Mosque,2035 West Elliot Road,Chandler,AZ,85224,33.349478815649,-111.877383456611,,-,Information Without Year,(480) 634-8506,34.0,70.0,,,640.0,census_geocoder,94516,6.740102979657298,2.36
81,es Salaam Mosque,1071 N Alma School rd,Chandler,AZ,85224,33.321398084446,-111.859060327489,,1993,,https://prayersconnect.com/mosques/84024224-masjid-es-salaam-chandler-arizona-united-states,33.0,76.0,,,168.0,census_geocoder,94516,6.740102979657298,2.36
82,Islamic Center of East Valley,425 N Alma School Road,Chandler,AZ,85224,33.309966779605,-111.859018216458,,2008,,https://eventseeker.com/venue/875784-islamic-center-of-the-east-valley-chandler,36.0,61.0,,,50.0,census_geocoder,94516,6.740102979657298,2.36
83,Islamic Center of the East Valley (ICEV),425 N Alma School Rd,Chandler,AZ,85224,33.309966779605,-111.859018216458,,2010,,https://www.eastvalleytribune.com/news/after-12-years-chandler-mosque-prepares-to-open/article_6ed031a4-ce5e-5634-be45-cb51bbbb77bc.html,36.0,61.0,,,2266.0,census_geocoder,94516,6.740102979657298,2.36
84,Masjid Al Mustafa,24038 South Val Vista Drive,Chandler,AZ,85249,33.229366881189,-111.75567655671,,2014,,"https://www.causeiq.com/organizations/al-mustafa-foundation,453664496/",,3.0,,,738.0,census_geocoder,153633,4.5833419086624545,2.85
85,Islamic Center of North East Valley (ICNEV),12125 E Via Linda,Scottsdale,AZ,85259,33.589630848398,-111.829084424899,,1998,,https://islamcenter.com/about,0.0,10.0,,,1306.0,census_geocoder,137895,6.26762190894384,2.26
86,Al-Mahdi Center,1016 S River Dr.,Tempe,AZ,85281,33.418243647114,-111.896257318812,,1998,,https://www.almahdi.net/about-us,53.0,67.0,,,900.0,census_geocoder,64538,24.63071326901787,2.16
87,Tempe Mosque (Islamic Community Center),131 E 6th St,Tempe,AZ,85281,33.424308583406,-111.937320319285,,1984,,https://emuseum.tempe.gov/objects/65023/tempe-islamic-center--mosque,69.0,91.0,,,2263.0,census_geocoder,64538,24.63071326901787,2.16
88,Omar Ibn Al-Khattab Mosque,6225 S McClintock Dr,Tempe,AZ,85283,33.36532140513,-111.911173811329,,2001,,https://prayersconnect.com/mosques/84017189-masjid-omar-ibn-al-khattab-tempe-arizona-united-states,34.0,71.0,,,2275.0,census_geocoder,84568,12.709654163397724,2.41
89,Masjid Rahman,6040 N 43rd Ave,Glendale,AZ,85301,33.52458620254,-112.151695129194,,-,No Basic Information,,37.0,75.0,,,2726.0,census_geocoder,53827,25.510745555850356,2.98
90,United Islamic Center of Arizona,19250 N 35 AV Glendale,Phoenix,AZ,85308,33.660657500918,-112.134625406797,,2014,,https://uislamicca.com/home/sample-page-2/,42.0,46.0,,,601.0,census_geocoder,95247,9.627126035761012,2.46
91,United Islamic Center of Arizona UICA ,19250 N 35th Ave,Glendale,AZ,85308,33.660657500918,-112.134625406797,,2014,,"https://www.causeiq.com/organizations/united-islamic-center-of-arizona,471172036/",42.0,46.0,,,2267.0,census_geocoder,95247,9.627126035761012,2.46
92,WVIC,10510 W Van Buren St,Avondale,AZ,85323,33.4500893,-112.2858638,,-,No Basic Information,,,23.0,,,2720.0,nominatim,83120,12.867970712644667,3.27
93,Islamic Center of Laveen (Laveen Mosque),5099 W Dobbins Rd #1,Laveen Village,AZ,85339,33.362874603848,-112.169003868253,,2008,,"https://www.causeiq.com/organizations/islamic-center-of-laveen,262407029/",28.0,32.0,,,2269.0,census_geocoder,110602,8.77868191481563,3.47
94,Islamic Center of Yuma,200 W  24th St,Yuma,AZ,85364,32.684013107147,-114.618972556911,,1999,,https://www.mapquest.com/us/arizona/islamic-center-of-yuma-23769214,24.0,80.0,,,1383.0,census_geocoder,57874,19.397881744641815,2.52
95,Albanian-American Islamic Center of Arizona,6724 E Greenway rd,Peoria,AZ,85381,33.625141161424,-112.203642692401,,2003,,https://greenwaymasjidaz.com,35.0,81.0,,,924.0,census_geocoder,96746,6.64438404466319,2.57
96,Islamic Center of Peoria (ICP),23915 N Lake Pleasant Pkwy,Peoria,AZ,85383,33.699653549749,-112.273351161431,,2019,,https://www.icpaz.org/about/,,18.0,,,2719.0,census_geocoder,145546,4.896170442286947,2.93
97,Muslim Community Center of Tucson,5100 N Kevy Pl,Tucson,AZ,85704,32.299456095909,-110.998152578475,,2014,,https://tucson.com/lifestyles/faith-and-values/article_b274bf11-78f8-570b-a760-dcf8da920a7a.html,,52.0,,,710.0,census_geocoder,81696,6.438865643886564,2.05
98,Imam Abu Hanifa Islamic Center IAHIC,4727 East 5th Street,Tucson,AZ,85711,32.2288964454,-110.891837425847,,2021,,https://iahiccenter.org/?page_id=2056,37.0,72.0,,,2722.0,census_geocoder,56121,19.701994598948218,2.28
99,Husainiya Center of Tucson,639 N Swan Rd,Tucson,AZ,85712,32.229861147974,-110.892541357183,,2019,,https://www.husainiyatucson.org/,38.0,69.0,,,727.0,census_geocoder,50625,17.29673916663891,1.77
100,ICS Tucson,5010 E Bellevue St,Tucson,AZ,85712,32.237955698472,-110.885927733429,,1980,,https://www.zippia.com/interfaith-community-services-careers-673065/history/,41.0,82.0,,,2721.0,census_geocoder,50625,17.29673916663891,1.77
101,Islamic Center of Tucson,901 E 1 st,Tucson,AZ,85719,32.234362293791,-110.957897550977,,1991,,https://en.wikipedia.org/wiki/Tucson_Mosque,59.0,81.0,,,80.0,census_geocoder,42241,33.552742616033754,2.00
102,Flagstaff Community Masjid,30-269 S Family Housing,Flagstaff,AZ,86001,,,,1990,,https://www.icflagstaff.org/about-us,65.0,96.0,,,1102.0,,64626,22.803895231699126,2.14
103,Islamic Center Of Flagstaff,1829 N East St,Flagstaff,AZ,86004,35.205553288036,-111.618990840866,,1990,,https://www.icflagstaff.org/about-us,43.0,55.0,,,2273.0,census_geocoder,81172,11.788280818131565,2.43
104,Prescott Islamic Center,2200 E Hillsdale Rd,Prescott,AZ,86301,34.592330584451,-112.425695530187,,-,No Basic Information,,,19.0,,,2723.0,census_geocoder,72652,12.408529388622236,2.03
105,Masjid Ibrahim,2075 Airway Avenue,Kingman,AZ,86401,35.22490005735,-114.029410233788,,1990,,https://www.archnet.org/sites/10393,,50.0,,,172.0,census_geocoder,66129,13.727770177838577,2.24
106,Masjid Ismail,1715 Wolf Ct.,Bullhead City,AZ,86442,35.041434701889,-114.590763562387,,1998,,https://projects.propublica.org/nonprofits/organizations/860853536,,18.0,,,1897.0,census_geocoder,48081,20.95964723970874,2.04
107,Masjid At-Thohir,1200 South Kenmore Avenue,Los Angeles,CA,90006,34.049016968133,-118.296764512799,,,,,68.0,93.0,,,4166.0,census_geocoder,51998,23.59396182171253,2.74
108,Masjid Umar Ibn Khattab,1025 Exposition Blvd,Los Angeles,CA,90007,34.018414849028,-118.293003170664,,1994,,https://www.archnet.org/sites/10386,70.0,74.0,,,1989.0,census_geocoder,35378,39.631859024688126,2.68
109,Masjid Bilal,4016 S Central Ave,Los Angeles,CA,90011,34.010652050749,-118.256431194053,,1999,,https://masjidbilalonline.com/about-masjid-bilal-islamic-center.html,57.0,79.0,,,401.0,census_geocoder,59017,24.585833123266955,4.13
110,Minaret,1109-1101 East Martin Luther King Junior Boulevard,Los Angeles,CA,90011,34.011206823913,-118.256437398375,,,,,57.0,80.0,,,4167.0,census_geocoder,59017,24.585833123266955,4.13
111,Akber Masjid- Islamic Center Downtown Los Angeles,1013 San Julian St A,Los Angeles,CA,90015,34.036783317551,-118.252426104189,,-,No Basic Information,https://prayersconnect.com/mosques/84082263-akber-mosque-los-angeles-california-united-states,97.0,87.0,,,2284.0,census_geocoder,69268,26.925268642136114,1.82
112,Masjid Abu Bakr Al-Siddiq,3611 Crenshaw Blvd,Los Angeles,CA,90016,34.023564053769,-118.335166430484,,-,Information Without Year,https://www.muslimguide.com/show/Masjid_Abu_Bakr_As_Siddiq_178,59.0,85.0,,,131.0,census_geocoder,73516,18.473947550034506,2.55
113,El-Hajj Malik El Shabazz Islamic Center,2914 West Jefferson Boulevard,Los Angeles,CA,90018,34.025546554332,-118.327355299212,,,,,58.0,80.0,,,4165.0,census_geocoder,62864,19.463381074488712,2.82
114,Masjid Ibadullah,2310 E Jefferson Blvd,Los Angeles,CA,90018,34.025510193162,-118.320226179604,,1985,,https://www.slideshare.net/slideshow/ilm-zakat-abu-bakr/23496629,62.0,82.0,,,1880.0,census_geocoder,62864,19.463381074488712,2.82
115,Kobe Bryant Mural,1170 South Norton Avenue,Los Angeles,CA,90019,34.050096165516,-118.322517982134,,,,,63.0,84.0,,,4185.0,census_geocoder,73934,16.8257046146519,2.42
116,Masjid Al Mumin,1635 S st Andrews Place,Los Angeles,CA,90019,34.042908639801,-118.311646238893,,1903,,https://www.instagram.com/masjidmumin/?hl=en,60.0,85.0,,,1609.0,census_geocoder,73934,16.8257046146519,2.42
117,Masjid Al-Mu'min,1635 South Saint Andrews Place,Los Angeles,CA,90019,34.042908639801,-118.311646238893,,,,,60.0,84.0,,,4157.0,census_geocoder,73934,16.8257046146519,2.42
118,Islamic Center of Southern California,434 S Vermont Ave,Los Angeles,CA,90020,34.066676143583,-118.29158353607,,1976,,"https://islamiccenter.com/who-we-are/#:~:text=%E2%80%9CAnd%20thus%20have%20We%20willed,of%20its%20members%20and%20volunteers.",78.0,96.0,,,77.0,census_geocoder,61184,18.194201706589904,2.16
119,Islamic Center of Southern California - Food Distribution Center,434 South Vermont Avenue,Los Angeles,CA,90020,34.066676143583,-118.29158353607,,,,,78.0,96.0,,,4152.0,census_geocoder,61184,18.194201706589904,2.16
120,Masjid Al-Falah/Los Angeles Islamic Center,309 South Serrano Avenue,Los Angeles,CA,90020,34.068778147117,-118.306685480857,,-,Information Without Year,(213) 887-5140,78.0,96.0,,,607.0,census_geocoder,61184,18.194201706589904,2.16
121,Muslims For Progressive Values,1465 Tamarind Avenue,Los Angeles,CA,90028,34.097380985288,-118.319121526376,,,,,69.0,91.0,,,4168.0,census_geocoder,61349,19.999378128789527,1.65
122,HOLLYWOOD Mosque,4430 Fountain Avenue,Los Angeles,CA,90029,34.095706025505,-118.285950267552,,,,,69.0,92.0,,,4158.0,census_geocoder,60440,22.78813818404158,2.33
123,IMAN Foundation,3376 Motor Avenue,Los Angeles,CA,90034,34.0280910717,-118.40974069772,,,,,58.0,90.0,,,4156.0,census_geocoder,105701,9.625208366940905,2.08
124,Iranian American Muslim Association,3376 Motor ave,Los Angeles,CA,90034,34.0280910717,-118.40974069772,,1996,,https://www.linkedin.com/company/imancenter,60.0,90.0,,,1163.0,census_geocoder,105701,9.625208366940905,2.08
125,New Mosque,10510 Rose Avenue,Los Angeles,CA,90034,34.02851342219,-118.41188934136,,,,,58.0,87.0,,,4182.0,census_geocoder,105701,9.625208366940905,2.08
126,Islah LA,2900 West Slauson Avenue,Los Angeles,CA,90043,33.988969,-118.324868,,,,,55.0,80.0,,,4154.0,nominatim,64792,15.902257433303108,2.48
127,Masjid Al Salam,2900 Florence Ave,Los Angeles,CA,90043,33.974505861437,-118.324352896032,,1981,,https://ca.cair.com/updates/11-historically-black-socal-mosques-to-support-in-black-history-month-beyond/,53.0,74.0,,,1625.0,census_geocoder,64792,15.902257433303108,2.48
128,Masjid Bilal Ibn Rabah,5450 Crenshaw Blvd,Los Angeles,CA,90043,33.99197417565,-118.330519285192,,-,Information Without Year,https://www.masjidbilalonline.com/bilal-learning-center-los-angeles.html,54.0,83.0,,,1846.0,census_geocoder,64792,15.902257433303108,2.48
129,Ebrahim Mosque,7014 South Vermont Avenue,Los Angeles,CA,90044,33.976191086737,-118.291364719121,,,,,60.0,77.0,,,4159.0,census_geocoder,53302,26.09483797357674,3.53
130,The Nation of Islam Muhammad Mosque #27,8039 South Vermont Avenue,Los Angeles,CA,90044,33.967053987743,-118.291940602625,,,,,60.0,71.0,,,4180.0,census_geocoder,53302,26.09483797357674,3.53
131,Islamic Center of Los Angeles,9642 South Western Avenue,Los Angeles,CA,90047,33.948280170733,-118.30893724092,,,,,50.0,51.0,,,4153.0,census_geocoder,71664,16.64011956030126,2.91
132,Masjid Al Rasul,11211 S Central Ave,Los Angeles,CA,90059,33.932734080867,-118.254300897646,,2019,,https://rakwa.com/listting/islamic-center-of-watts-masjid-al-rasul,57.0,63.0,,,1624.0,census_geocoder,56152,26.06117773884921,3.57
133,Masjid Omar ibn Al-Khattab,1025 W Exposition Blvd,Los Angeles,CA,90089,34.018414849028,-118.293003170664,,1994,,https://www.archnet.org/sites/10386,70.0,74.0,,,604.0,census_geocoder,-666666666,,-666666666.00
134,Bell Islamic Center,5250 Gage Avenue,Bell,CA,90201,33.976008969976,-118.170727062242,,2011,,https://prayersconnect.com/mosques/84084138-bell-islamic-center-bell-california-united-states,,77.0,,,781.0,census_geocoder,60927,22.64097754551073,3.72
135,El Hussein Youth Center Mosque,4213 Gage Avenue,Bell,CA,90201,33.978611437394,-118.191988151581,,,,,,89.0,,,4144.0,census_geocoder,60927,22.64097754551073,3.72
136,El-Hussein Community Center,6840 Otis ave,Bell,CA,90201,33.974426521301,-118.193187609776,,1984,,"https://www.causeiq.com/organizations/el-hussein-youth-corporation,953942917/",,84.0,,,1091.0,census_geocoder,60927,22.64097754551073,3.72
137,Masjid Al-Siddique,4313 Gage ave,Bell,CA,90201,33.978488328937,-118.190922953411,,1984,,"https://www.causeiq.com/organizations/el-hussein-youth-corporation,953942917/",,91.0,,,1763.0,census_geocoder,60927,22.64097754551073,3.72
138,Al Rashid Islamic Center,2226 E Compton,Compton,CA,90221,33.89603765716,-118.19932600145,,2002,,https://prayersconnect.com/mosques/84066548-masjid-al-rashid-compton-california-united-states,,75.0,,,865.0,census_geocoder,72937,17.61335474533595,4.07
139,Ismaili Cultural Center,106 N Alameda Blvd,Compton,CA,90221,33.896110998784,-118.219795242928,,-,Information Without Year,(510) 865-6128,,84.0,,,90.0,census_geocoder,72937,17.61335474533595,4.07
140,ORODARA,5800 Bristol Parkway,Culver City,CA,90230,33.988051317684,-118.386764149909,,,,,53.0,77.0,,,4149.0,census_geocoder,107109,11.547959448921237,2.34
141,Tehkal bala,5800 Bristol Parkway,Culver City,CA,90230,33.988051317684,-118.386764149909,,,,,53.0,77.0,,,4090.0,census_geocoder,107109,11.547959448921237,2.34
142,Yaseen Education Foundation,4117 Overland ave,Culver City,CA,90230,34.012980414093,-118.401769753342,,1998,,https://yaseened.org/about-us/,55.0,88.0,,,2241.0,census_geocoder,107109,11.547959448921237,2.34
143,King Fahad Mosque - Los Angeles,10980 Washington Blvd,Culver City,CA,90232,34.012018290895,-118.410178399206,,1998,,https://kingfahadmosque.org/,57.0,87.0,,,2291.0,census_geocoder,122396,10.665534186737851,2.28
144,Islamic Society of Downey,11022 Old River School Road,Downey,CA,90241,33.949257641572,-118.147442832835,,2024,,https://isodla.org/,,78.0,,,618.0,census_geocoder,88006,8.021545104498209,3.06
145,Islamic Center of Mid Cities,12428 S Benedict Ave,Downey,CA,90242,33.918052127444,-118.118762919203,,2000,,"https://www.causeiq.com/organizations/islamic-center-of-mid-cities,954772202/",,65.0,,,1285.0,census_geocoder,89075,9.669501400838024,3.23
146,Al Huda Islamic School,12227 Hawthorne Way,Hawthorne,CA,90250,33.923230703053,-118.353596258102,,,,,46.0,81.0,,,4194.0,census_geocoder,78331,14.671063939498108,2.86
147,Al-Watan Musalaha (Mosque),13637 South Inglewood Avenue,Hawthorne,CA,90250,33.908121201863,-118.361338341468,,,,,41.0,77.0,,,4192.0,census_geocoder,78331,14.671063939498108,2.86
148,Islamic Center of Hawthorne,12209 Hawthorne Way,Hawthorne,CA,90250,33.923262360817,-118.353596716907,,1995,,https://ichla.org/about/,46.0,81.0,,,264.0,census_geocoder,78331,14.671063939498108,2.86
149,Masjid Faatimah (Sunni mosque),15012 Prairie Avenue,Hawthorne,CA,90250,33.895227681448,-118.343762782534,,,,,43.0,83.0,,,4191.0,census_geocoder,78331,14.671063939498108,2.86
150,Bab-Ul-Ilm Islamic Center,5950 Heliotrope Cir,Maywood,CA,90270,33.985604245364,-118.179926222429,,2000,,http://www.babulilm.org/,,83.0,,,12.0,census_geocoder,61165,19.050398099128767,3.67
151,IQRA Academy of Palos Verdes,704 Silver Spur Road,Rolling Hills Estates,CA,90274,33.77135474365,-118.370489018377,,,,,,73.0,,,3965.0,census_geocoder,215925,3.0148942985265856,2.72
152,Al Zahra Islamic Center,8152 Seville Ave,South Gate,CA,90280,33.963113026863,-118.222566955526,,1990,,http://masjidalzahra.com/about/,,80.0,,,867.0,census_geocoder,74651,12.662048979681446,3.63
153,ArRahmah Mosque,1117 West Manchester Boulevard,Inglewood,CA,90301,33.959946194807,-118.375616041379,,,,,52.0,77.0,,,4205.0,census_geocoder,65806,16.935438714373703,2.73
154,Islamic Center Of Inglewood,311 E Arbor Vitae St,Inglewood,CA,90301,33.952750456724,-118.350818730285,,1971,,https://islamiccenterofinglewood.org/about-us/,53.0,87.0,,,2288.0,census_geocoder,65806,16.935438714373703,2.73
155,Santa Monica Masjid,1231 4th Street,Santa Monica,CA,90401,34.018718178379,-118.497753884829,,,,,77.0,96.0,,,4073.0,census_geocoder,110385,17.659468850831473,1.51
156,Westside Community and Cultural Center,1235 4th Street,Santa Monica,CA,90401,34.018666767247,-118.497692467515,,,,,77.0,96.0,,,4038.0,census_geocoder,110385,17.659468850831473,1.51
157,Santa Monica Jamatkhana,3350 Ocean Park Boulevard,Santa Monica,CA,90405,34.021734248244,-118.450600350421,,,,,48.0,63.0,,,4039.0,census_geocoder,121241,7.844225008321313,1.89
158,ALSAJDAH FOUNDATION,1801 Cabrillo Avenue,Torrance,CA,90501,33.829560383288,-118.314326192635,,,,,41.0,92.0,,,4009.0,census_geocoder,92923,12.262612699021677,2.78
159,Darul Arqam Musalla,1801 Cabrillo Avenue,Torrance,CA,90501,33.829560383288,-118.314326192635,,,,,41.0,92.0,,,4018.0,census_geocoder,92923,12.262612699021677,2.78
160,Masjid Ishaque,3341 Torrance Boulevard,Torrance,CA,90503,33.837176028923,-118.343276603759,,,,,41.0,82.0,,,4020.0,census_geocoder,125912,7.399892721378763,2.51
161,Darul Ulum,18093 Prairie ave No.F,Torrance,CA,90504,33.866897563047,-118.343858420601,,1997,,https://duny.us/about-us/,50.0,81.0,,,1074.0,census_geocoder,107552,10.126119539389508,2.80
162,Imamia Educational Center,2150 Redondo Beach Boulevard,Torrance,CA,90504,33.88584906787,-118.316748673154,,,,,45.0,84.0,,,4019.0,census_geocoder,107552,10.126119539389508,2.80
163,Momin Lodge,1918 E Artesia Blvd,Torrance,CA,90504,33.872743569667,-118.311726654086,,1994,,"https://www.causeiq.com/organizations/momin-lodge,954483499/",38.0,76.0,,,2049.0,census_geocoder,107552,10.126119539389508,2.80
164,Islamic Center of Whittier,13222 Bailey St ,Whittier,CA,90601,33.980821531411,-118.034698795631,,-,No Basic Information,(626) 818-0855,,90.0,,,1374.0,census_geocoder,104052,9.790093476597585,2.77
165,Rose Hills Rainbow Chapel,Workman Mill Road,Whittier,CA,90601,33.9993014,-118.0552915,,,,,,72.0,,,4026.0,nominatim,104052,9.790093476597585,2.77
166,Tawheed Dawah Center,7151 Lincoln Avenue,Buena Park,CA,90620,33.8319501,-118.0134964,,,,,36.0,79.0,,,4143.0,nominatim,126094,7.680521386335188,3.48
167,Baitul Mukarram,12225 Centralia Street,Lakewood,CA,90623,33.838792453754,-118.071459736148,,-,Information Without Year,https://baitul-mukarram.org,,69.0,,,974.0,census_geocoder,116594,4.904614591389533,3.00
168,Al Burooj Academy,5631 Lincoln Avenue,Cypress,CA,90630,33.831827215449,-118.034905360365,,,,,32.0,67.0,,,4089.0,census_geocoder,130154,6.46655022543564,3.03
169,Islamic Center of Cypress,5900 Ball Road,Cypress,CA,90630,33.816951862508,-118.030214283903,,2012,,https://prayersconnect.com/mosques/84045736-islamic-center-of-cypress-cypress-california-united-states,29.0,63.0,,,1226.0,census_geocoder,130154,6.46655022543564,3.03
170,La Mirada Masjid,14225 Imperial Highway,La Mirada,CA,90638,33.917212769906,-118.028539919306,,2001,,http://www.masjidlamirada.org/,,77.0,,,617.0,census_geocoder,109649,6.15676164033406,2.94
171,Madinah Islamic Center,12500 Firestone Blvd,Norwalk,CA,90650,33.906992790532,-118.071427142209,,2001,,https://pakistanlink.org/Community/2015/Dec15/04/05.HTM,38.0,67.0,,,1535.0,census_geocoder,100085,9.349837027710366,3.60
172,Masroor Mosque,7419 Passons Boulevard,Pico Rivera,CA,90660,33.972867521046,-118.094430846396,,-,Information Without Year,(202) 779-3676,,65.0,,,619.0,census_geocoder,88201,10.336619057198417,3.55
173,Shia Ithnaasheri Islamic Center/Husseini Mosque, 7925 Serapis Ave,Pico Rivera,CA,90660,33.967948340675,-118.101802302127,,1981,,https://www.lajamaat.org/about-us/,,81.0,,,262.0,census_geocoder,88201,10.336619057198417,3.55
174,Baitul Mukarram Mosque,12213 Centralia Street,Lakewood,CA,90715,33.838788557617,-118.071719361675,,,,,,69.0,,,4206.0,census_geocoder,91875,7.361111111111112,3.13
175,AlSajdah Academy,1741 Lomita Boulevard,Lomita,CA,90717,33.797972528189,-118.309359858401,,,,,35.0,74.0,,,4183.0,census_geocoder,94241,13.317361894024804,2.77
176,Islamic Center of South Bay (LA Lomita - Masjid Al Noor),25816 Walnut Street,Lomita,CA,90717,33.788695359787,-118.31196588248,,,,,43.0,91.0,,,4164.0,census_geocoder,94241,13.317361894024804,2.77
177,Masjid Al-Noor,28516 Walnut Street,Lomita,CA,90717,33.8126008,-118.3117145,,1982,,https://masjidalnoor.org/about-us/,41.0,88.0,,,1730.0,nominatim,94241,13.317361894024804,2.77
178,International Institute of Tolerance (IIT),20932 Main Street,Carson,CA,90745,33.840133541125,-118.279690245353,,,,,,,,,4136.0,census_geocoder,107988,8.465227396490242,3.48
179,Long Beach Islamic Center,995 E 27th St,Signal Hill,CA,90755,33.8062559794,-118.180766248626,,2015,,https://www.longbeachislamiccenter.com/about/,56.0,70.0,,,1529.0,census_geocoder,113512,7.032679738562092,2.51
180,Masjid Al-Shareef,2104 Orange Ave,Long Beach,CA,90806,33.795284551726,-118.176250557403,,1972,,https://maslb.net/history-of-maslb/,52.0,75.0,,,1762.0,census_geocoder,79208,14.561689496605922,3.22
181,Masjid Al-Taqwa,2181 North Lake ave,Altadena,CA,91001,34.183423320789,-118.131674546088,,1999,,"https://en.wikipedia.org/wiki/Masjid_Al-Taqwa_(Altadena,_California)",,80.0,,,1764.0,census_geocoder,134903,7.415596564333701,2.76
182,Islamic Center of Arcadia,4105 East Live Oak Avenue,Arcadia,CA,91006,34.109696254699,-118.014656616803,,,,,,66.0,,,4117.0,census_geocoder,123533,7.953427873481171,3.08
183,Masjid Qurtubah,1121 Huntington Dr,Monrovia,CA,91010,34.139716415098,-117.980930589104,,-,Information Without Year,https://islamicvalley.com/mosque/390/masjid-qurtuba,41.0,84.0,,,355.0,census_geocoder,102705,7.813018013040115,3.07
184,Squaw Valley Islamic Settlement,2684 San Pablo Way,Bradbury,CA,91010,34.143079148592,-117.945042922091,,2003,,https://www.charitynavigator.org/ein/020662740,,44.0,,,2173.0,census_geocoder,102705,7.813018013040115,3.07
185,Masjid Qurtabah,1121 E Huntington Dr,Monrovia,CA,91016,34.139716415098,-117.980930589104,,1994,,"https://www.causeiq.com/organizations/masjid-qurtuba,954411578/",,78.0,,,1947.0,census_geocoder,96540,10.183239677498168,2.68
186,Masjid Al-Taqwa,573 North Lake Avenue,Pasadena,CA,91101,34.156039117349,-118.132512593245,,,,,63.0,88.0,,,3983.0,census_geocoder,87813,19.58249545149861,1.76
187,Islamic Center of Glendale,2711 Kennington Dr.,Glendale,CA,91206,34.163898394362,-118.21073025013,,2010,,"https://www.latimes.com/socal/glendale-news-press/opinion/tn-gnp-xpm-2012-07-23-tn-gnp-0723-intersections-a-new-mosque-connects-local-muslims-story.html#:~:text=Having%20spent%20years%20on%20the,changed%20things%20for%20Glendale's%20Muslims.",0.0,6.0,,,53.0,census_geocoder,89188,11.797008142397274,2.54
188,Fatima Islamic Society,7252 Remmet ave Suite 101,Canoga Park,CA,91303,34.201987185297,-118.600210844733,,1981,,https://cityclerk.lacity.org/onlinedocs/2021/21-0943_misc_6_08-19-21.pdf,53.0,89.0,,,1099.0,census_geocoder,74474,18.078981921018077,2.77
189,Islamic Society of West Valley (ISWV),7060 Owensmouth Avenue,Los Angeles,CA,91304,34.1984674,-118.6014594,,,,,55.0,86.0,,,4151.0,nominatim,90007,10.926425269645607,2.84
190,Al-Islam Mosque,9960 Canoga Avenue,Los Angeles,CA,91311,34.251093921815,-118.597236705036,,,,,52.0,61.0,,,4161.0,census_geocoder,119386,8.839411199053185,2.75
191,Islamic Center of Conejo Valley,2700 Borchard Rd,Newbury Park,CA,91320,34.178941495245,-118.933730981646,,1997,,"https://www.latimes.com/archives/la-xpm-1997-aug-10-me-21257-story.html#:~:text=A%20few%20also%20pray%20in,commitment%20to%20make%20necessary%20improvements.",19.0,61.0,,,1223.0,census_geocoder,148991,7.248616236162361,2.84
192,Unity Center of Santa Clarita,24352 Walnut st,Santa Clarita,CA,91321,34.379313047804,-118.529575739504,,2011,,"https://www.causeiq.com/organizations/unity-center-of-santa-clarita-holdings,273700528/",,93.0,,,2220.0,census_geocoder,91092,9.64396382723076,2.91
193,Islamic Center Northridge/Tampa Masjid,8424 Tampa Ave,Los Angeles,CA,91324,34.223237327637,-118.553486127089,,1993,,https://www.archnet.org/sites/10394,44.0,65.0,,,612.0,census_geocoder,99610,12.049965664955364,2.83
194,Centro Islamico de Pacoima,13070 1/2 Van Nuys Boulevard,Los Angeles,CA,91331,34.269235760842,-118.417683796225,,,,,54.0,76.0,,,4160.0,census_geocoder,84227,16.18186894433702,4.17
195,Islamic Center of Reseda,18206 Victory Blvd,Reseda,CA,91335,34.186545849837,-118.529580720012,,2012,,https://www.dailynews.com/2012/03/02/islamic-center-of-reseda-expands-to-serve-faithful/,51.0,51.0,,,1331.0,census_geocoder,80143,15.205236601663714,3.02
196,MTO Shahmaghsoudi (School of Islamic Sufism),18011 Sherman Way,Los Angeles,CA,91335,34.201303439392,-118.525470042613,,2008,,https://mto.org/center/los-angeles/,46.0,82.0,,,611.0,census_geocoder,80143,15.205236601663714,3.02
197,Spamosque,18855 Lemay Street,Los Angeles,CA,91335,34.192388833044,-118.543144734955,,,,,48.0,55.0,,,4181.0,census_geocoder,80143,15.205236601663714,3.02
198,Imam Bukhary Masjid,15716 Parthenia Street,Los Angeles,CA,91343,34.228262504692,-118.474613601269,,,,,43.0,63.0,,,4155.0,census_geocoder,81430,18.39707657456554,3.28
199,"Islamic Center of Northridge, Granada Hills Masjid",11439 Encino Ave,Granada Hills,CA,91344,34.278595551442,-118.515356607586,,1992,,https://www.archnet.org/sites/10394,22.0,18.0,,,2289.0,census_geocoder,119345,7.3526316796449,2.93
200,Al Umma Center of Santa Clarita,18015 Sierra Highway,Santa Clarita,CA,91351,34.42360433201,-118.450903806232,,,,,,47.0,,,4059.0,census_geocoder,115364,8.96310374996229,3.14
201,Islamic Center of Burbank,7838 San Fernando Rd,Los Angeles,CA,91352,34.213880062179,-118.360449063737,,2012,,https://www.burbankcenter.org/our-background/,42.0,64.0,,,614.0,census_geocoder,78239,16.149778784935794,3.67
202,Islamic Center of Santa Clarita Valley,26477 Ruether Ave,Santa Clarita,CA,91355,34.415665720595,-118.499641568474,,1989,,https://mindtrip.ai/attraction/santa-clarita-california/islamic-center-santa-clarita-valley/at-XiOp9ADi,,51.0,,,75.0,census_geocoder,115640,7.409223012010225,2.41
203,Dawoodi Bohra Al Masjid Al Ezzi Anjuman-e-Burhanee,5701 Platt Ave,Los Angeles,CA,91367,34.173054995859,-118.643473429347,,2015,,https://thedawoodibohrasusa.com/communities/los-angeles/,28.0,23.0,,,599.0,census_geocoder,108653,11.022625619095413,2.33
204,Islamic Center of North Hollywood,5645 Strohm Ave,North Hollywood,CA,91601,34.172811587977,-118.359444035272,,-,Information Without Year,,41.0,77.0,,,1307.0,census_geocoder,79607,15.826167159482408,1.92
205,Islamic Center of Inland Empire,9212 Base Line rd,Rancho Cucamonga,CA,91701,34.121608395739,-117.604137125691,,2000,,https://ranchomasjid.org/about/,20.0,71.0,,,1262.0,census_geocoder,114244,4.609530619541345,2.99
206,Al-Fatiha Islamic Center,210 N Citrus Ave,Azusa,CA,91702,34.124098115977,-117.890050154197,,1998,,https://www.masjidalfatiha.org/about-us,39.0,69.0,,,881.0,census_geocoder,92683,12.06691999518561,3.30
207,Baitul Hameed Mosque,11941 Ramona Avenue,Chino,CA,91710,34.036510715536,-117.706829657399,,1989,,https://en.wikipedia.org/wiki/Baitul_Hameed_Mosque,23.0,47.0,,,784.0,census_geocoder,103085,8.408129714823605,3.28
208,Chino Valley Islamic Center,5565 Daniels st,Chino,CA,91710,34.000783795474,-117.683547623942,,2010,,https://cvislamiccenter.org/about/,23.0,35.0,,,1030.0,census_geocoder,103085,8.408129714823605,3.28
209,h,2358 Cogswell Road,El Monte,CA,91732,34.054284427508,-118.028643692694,,,,,42.0,70.0,,,4078.0,census_geocoder,75108,16.45291251033585,3.68
210,Al Bayaan Islamic Center,15030 Fairgrove Avenue,La Puente,CA,91744,34.045262626556,-117.95388483155,,,,,,77.0,,,4214.0,census_geocoder,93557,10.394171638965414,4.17
211,Islamic Center of San Gabriel Valley (ICSGV),19164 E Walnut Dr N,Rowland Heights,CA,91748,33.995696980521,-117.884770674352,,2013,,https://al-talib.org/a-castle-with-humble-beginnings/,,53.0,,,2290.0,census_geocoder,83428,12.914596640643483,3.03
212,Masjid Darul Arqam,2012 Vivero Drive,Rowland Heights,CA,91748,33.982723726104,-117.90338085106,,,,,,69.0,,,3940.0,census_geocoder,83428,12.914596640643483,3.03
213,Islamic Center of Jurupa Valley,10900 50th St,Jurupa Valley,CA,91752,33.996281397455,-117.52170739108,,2012,,https://icjv.org/about-us/,,50.0,,,440.0,census_geocoder,115177,9.956709956709958,3.58
214,"Dawoodi Bohra Al Masjid Al Jamali Anjuman-e-Qutbi, Orange County",1027 East Philadelphia Street,Ontario,CA,91761,34.03398440734,-117.634391528347,,,,,20.0,46.0,,,3966.0,census_geocoder,100578,8.963857725650179,3.40
215,Al Nur Islamic Center,4959 Palo Verde st  Suite 205-C,Montclair,CA,91763,34.081353814091,-117.696232824561,,2004,,https://alnuric.org/history-2/,41.0,73.0,,,862.0,census_geocoder,78770,17.522795946198894,3.52
216,Islamic Center of Inland Valley,1555 E 3Rd st,Pomona,CA,91766,34.057618347385,-117.724586177032,,-,No Basic Information,,38.0,55.0,,,1263.0,census_geocoder,81991,14.092556861369351,3.46
217,Masjid  Al Sabereen,805 S Garey ave,Pomona,CA,91766,34.052340641724,-117.750014035595,,1998,,https://www.masjidsabireen.com/about-us,38.0,89.0,,,1563.0,census_geocoder,81991,14.092556861369351,3.46
218,Islamic Center of Claremont,3641 N Garey Ave,Pomona,CA,91767,34.108377760674,-117.748627969814,,1985,,https://www.gofundme.com/f/renovate-our-masjid-islamic-center-of-claremont,39.0,73.0,,,1221.0,census_geocoder,79245,14.47333264823759,3.18
219,Islamic Center of Claremont School (ICCS),3619 North Garey Avenue,Pomona,CA,91767,34.108106480307,-117.748634428893,,,,,39.0,73.0,,,3997.0,census_geocoder,79245,14.47333264823759,3.18
220,Zainabia Islamic Society,575 N Towne ave,Pomona,CA,91767,34.063539190667,-117.741666835773,,1993,,https://www.guidestar.org/profile/33-0575522,49.0,83.0,,,2248.0,census_geocoder,79245,14.47333264823759,3.18
221,Ahlul-Byet Mosque,2155 Murchison ave,Pomona,CA,91768,34.071160649513,-117.791158497489,,1985,,https://www.ummatin.com/o/Ahlul-Beyt-Mosque-Inc,32.0,12.0,,,850.0,census_geocoder,76041,14.518884038717026,3.51
222,Masjid Gibrael,1301 E Las Tunas Dr.,San Gabriel,CA,91776,34.103527424701,-118.079216701304,,1983,,https://www.masjidgibrael.org/,,62.0,,,1870.0,census_geocoder,82155,12.59164022321917,3.12
223,Middle Ground Mosque,870 North Mountain Avenue,Upland,CA,91786,34.10463193395,-117.670132241501,,,,,37.0,77.0,,,4031.0,census_geocoder,92458,10.548096210492076,2.80
224,Institute of Knowledge (IOK),1009 VÃƒÂ­a Sorella,Diamond Bar,CA,91789,,,,,,,,53.0,,,4086.0,,125720,9.245808666235511,3.17
225,Masjid Al-Furqan,659 Brea Canyon rd Suite 2-3,Walnut,CA,91789,34.006403318198,-117.8465699999,,-,No Basic Information,,,27.0,,,1669.0,census_geocoder,125720,9.245808666235511,3.17
226,Al-Nabi Mosque,1505 West Garvey Avenue North,West Covina,CA,91790,34.072783420108,-117.937751963638,,,,,,60.0,,,4028.0,census_geocoder,102927,9.559538068656918,3.41
227,Hejrat Foundation,1505 West Garvey Avenue North,West Covina,CA,91790,34.072783420108,-117.937751963638,,,,,,69.0,,,4027.0,census_geocoder,102927,9.559538068656918,3.41
228,Masjid Al-Nabi,1505 East Garvey Avenue North,West Covina,CA,91790,34.072783420108,-117.937751963638,,2000,,https://prayersconnect.com/mosques/84039674-al-nabi-mosque-hejrat-foundation-west-covina-california-united-states,,48.0,,,1729.0,census_geocoder,102927,9.559538068656918,3.41
229,Islamic Center of Chula Vista,1280 3rd Avenue,Chula Vista,CA,91911,32.60760024668,-117.066789486558,,,,,44.0,82.0,,,4134.0,census_geocoder,82350,10.399896436473192,3.34
230,Islamic Center Of Eastlake,821 Kuhn Drive,Chula Vista,CA,91914,32.65304975839,-116.966726509701,,,,,21.0,79.0,,,4135.0,census_geocoder,190786,4.609824020856787,3.49
231,Alrahma Islamic Center,7520 El Cajon Blvd.  Suite 108,La Mesa,CA,91941,32.768095078135,-117.035352459825,,2008,,https://www.bizprofile.net/ca/la-mesa/alrahma-islamic-center,48.0,76.0,,,929.0,census_geocoder,115381,7.2493122524864715,2.61
232,Masjid Usman,7126 Westview Pl,Lemon Grove,CA,91945,32.741149166407,-117.044686203789,,2015,,https://prayersconnect.com/mosques/84026872-masjid-uthman-lemon-grove-california-united-states,38.0,80.0,,,1996.0,census_geocoder,88016,9.175961256237159,3.00
233,Islamic Center Of EL Cajon (Masjid Al Firdaws),557 El Cajon Boulevard,El Cajon,CA,92020,32.790133796414,-116.97239122664,,,,,,,,,4082.0,census_geocoder,76032,15.792443182819966,2.88
234,Afghan Masjid,1324 East Main Street,El Cajon,CA,92021,32.797045380051,-116.933909431664,,,,,39.0,74.0,,,4084.0,census_geocoder,74013,18.549895003308116,2.97
235,Islamic Center of San Diego East County,833 Broadway,El Cajon,CA,92021,32.807635812785,-116.95192341303,,,,,36.0,57.0,,,4081.0,census_geocoder,74013,18.549895003308116,2.97
236,Masjid (Dawah and Tableegh),1324 Main,El Cajon,CA,92021,32.797045380051,-116.933909431664,,,,,,,,,4080.0,census_geocoder,74013,18.549895003308116,2.97
237,Masjid Ar-Rasheed,1324 East Main Street,El Cajon,CA,92021,32.797045380051,-116.933909431664,,,,,39.0,75.0,,,4079.0,census_geocoder,74013,18.549895003308116,2.97
238,Masjid Ashty,1357 Broadway,El Cajon,CA,92021,32.807646920868,-116.933564300806,,-,Information Without Year,https://prayersconnect.com/mosques/84098788-masjid-ashty-alsalam-el-cajon-california-united-states,38.0,80.0,,,1821.0,census_geocoder,74013,18.549895003308116,2.97
239,Al Nour Center,125 West Mission Avenue,Escondido,CA,92025,33.130136784356,-117.08586518536,,,,,48.0,89.0,,,4094.0,census_geocoder,81106,14.746590471558555,2.94
240,Islamic Center of Escondido (Masjid Dar Ul Arqam),318 W 6th Ave,Escondido,CA,92025,33.115690026362,-117.081321281415,,1992,,https://www.facebook.com/p/Dar-Ul-Arqam-Islamic-Center-100064562835034/,50.0,85.0,,,2754.0,census_geocoder,81106,14.746590471558555,2.94
241,Islamic Center Of Escondido (Masjid Dar Ul Arqam),318 West 6th Avenue,Escondido,CA,92025,33.115690026362,-117.081321281415,,,,,50.0,85.0,,,4109.0,census_geocoder,81106,14.746590471558555,2.94
242,Imam Ali Masjid,10390 Mountain View,Lakeside,CA,92040,32.864683208408,-116.956518836401,,1998,,https://www.mapquest.com/us/california/imam-ali-masjid-422963332,,12.0,,,267.0,census_geocoder,107937,8.52858481724461,2.97
243,Noor Collective,10390 Mountain View Lane,Lakeside,CA,92040,32.864683208408,-116.956518836401,,,,,,12.0,,,4212.0,census_geocoder,107937,8.52858481724461,2.97
244,Cece's Mosque,531 Roja Street,Oceanside,CA,92057,33.257878879963,-117.301679728534,,,,,38.0,51.0,,,3967.0,census_geocoder,108814,6.968444114633026,3.01
245,Tri City Islamic Center,2136 Industrial Court,Vista,CA,92081,33.168896,-117.218774,,,,,35.0,54.0,,,4030.0,nominatim,105379,8.78942731277533,2.57
246,Masjid Al Ittehad,925 Anza Ave,Vista,CA,92084,33.211379119104,-117.231957196876,,1992,,https://www.masjidalittehad.com/about-us.html,30.0,80.0,,,1603.0,census_geocoder,98577,10.795604574167733,3.18
247,SAIKCHAIL Dakshin Para Baitun Noor Jame Masjid,"San Diego, CA 92101, USA",San Diego,CA,92101,33.127887,-117.3112897,,,,,64.0,93.0,,,4002.0,nominatim,91566,17.60587535056393,1.53
248,Masjid Sunnah,4758 Federal Boulevard,San Diego,CA,92102,32.721496530671,-117.092616713428,,,,,46.0,72.0,,,3988.0,census_geocoder,77248,13.990333669328784,2.60
249,Masjid Al-Ansar,4014 Winona ave,San Diego,CA,92105,32.74980247473,-117.088049971866,,2001,,,55.0,91.0,,,135.0,census_geocoder,68563,20.344588769063336,3.08
250,Masjid An-Nur (Islamic Center Of Mid City),3872  50th St,San Diego,CA,92105,32.748023675808,-117.087041232541,,1989,,https://www.floridamemory.com/items/show/322759,55.0,89.0,,,1611.0,census_geocoder,68563,20.344588769063336,3.08
251,San Diego Salafi Dawah,4990 University Avenue,San Diego,CA,92105,32.749468092995,-117.087160307863,,,,,55.0,89.0,,,4052.0,census_geocoder,68563,20.344588769063336,3.08
252,Salaam USA,4615 Pico Street,San Diego,CA,92109,32.80564741597,-117.222833832496,,,,,56.0,77.0,,,4053.0,census_geocoder,122128,8.689331245806308,1.97
253,Islamic Center of San Diego (ICSD),7050 Eckstrom Avenue,San Diego,CA,92111,32.82025352265,-117.165475329057,,,,,36.0,60.0,,,3950.0,census_geocoder,99644,9.079633415255989,2.53
254,Mas-San Diego,7710 Balboa Ave #208C,San Diego,CA,92111,32.821801155603,-117.15732891337,,1993,,https://massandiego.org/about/,43.0,62.0,,,1560.0,census_geocoder,99644,9.079633415255989,2.53
255,Noor Collective,7969 Engineer Road,San Diego,CA,92111,32.825854822292,-117.1521067309,,,,,47.0,56.0,,,4037.0,census_geocoder,99644,9.079633415255989,2.53
256,Islamic Center of Logan Heights (Masjid Omar),3487 Ocean View Boulevard,San Diego,CA,92113,32.701179338115,-117.118975484954,,,,,51.0,66.0,,,3951.0,census_geocoder,61819,21.814295593135096,3.43
257,Islamic Community Center of Redlands,5077 Logan ave,San Diego,CA,92113,32.696703941895,-117.086000600919,,2007,,,51.0,73.0,,,119.0,census_geocoder,61819,21.814295593135096,3.43
258,Mariscos Guille,500-514 South 31st Street,San Diego,CA,92113,32.700990153238,-117.12740619342,,,,,53.0,80.0,,,3948.0,census_geocoder,61819,21.814295593135096,3.43
259,Masjidul Taqwa San Diego,2575 Imperial Avenue,San Diego,CA,92113,32.706297943427,-117.138666219339,,1949,,https://www.masjidultaqwasandiego.org/,62.0,90.0,,,388.0,census_geocoder,61819,21.814295593135096,3.43
260,Muhammad Mosque,6601 Imperial Avenue,San Diego,CA,92114,32.710714746326,-117.05618979586,,,,,49.0,66.0,,,4000.0,census_geocoder,97794,12.022354281491516,3.52
261,Al Rribat Al Aslami/Ar Rribat Islamic Center,7173 Saranac St,San Diego,CA,92115,32.770834536418,-117.043310156896,,1986,,https://prayersconnect.com/mosques/84057889-masjid-al-rribat-al-islami-san-diego-california-united-states,48.0,78.0,,,266.0,census_geocoder,79199,20.948110185778347,2.64
262,Masjid Al Huda [Huda Community Center],4175 Bonillo Drive,San Diego,CA,92115,32.753957547824,-117.059783537646,,,,,52.0,78.0,,,3947.0,census_geocoder,79199,20.948110185778347,2.64
263,Ahmadiyya Muslim Community,7576 Trade Street,San Diego,CA,92121,32.889044862481,-117.159424035141,,,,,16.0,42.0,,,3953.0,census_geocoder,135938,15.80669519254971,2.52
264,Darululoom San Diego Masjid (Crescent Academy),6916 Miramar Road,San Diego,CA,92121,32.878528017285,-117.16635734306,,,,,20.0,52.0,,,3952.0,census_geocoder,135938,15.80669519254971,2.52
265,Afghan Community Islamic Center,3333 Sandrock rd,San Diego,CA,92123,32.803333550849,-117.139228951555,,1994,,https://www.acicmasjidtawheed.com/about.html,34.0,80.0,,,1858.0,census_geocoder,132534,6.980980610102507,2.57
266,MAS Mosque,7310 Miramar Road,San Diego,CA,92126,32.882147009333,-117.156050107846,,,,,19.0,48.0,,,3949.0,census_geocoder,126913,6.986663858133993,2.96
267,Masjid Hamza/Islamic Center of Mira Mesa,9625 Black Mountain Rd # 204,San Diego,CA,92126,32.897791316177,-117.123231502448,,-,Information Without Year,https://www.masjidhamzasandiego.com/,22.0,79.0,,,1874.0,census_geocoder,126913,6.986663858133993,2.96
268,Muslim Community Center of Greater San Diego,14698 Via Fiesta,San Diego,CA,92127,32.990985231199,-117.163350108663,,2001,,https://mccgsdfoundation.org/,0.0,14.0,,,2090.0,census_geocoder,195520,4.222381407195161,3.05
269,Islamic Society of North County,7151 Primrose Ln,San Diego,CA,92129,32.961711852084,-117.163681308866,,,,,0.0,10.0,,,1476.0,census_geocoder,156321,4.345934905535488,2.84
270,Rivers of Life Project,81-944 California 111,Indio,CA,92201,33.714878,-116.233081,,,,,,26.0,,,4202.0,nominatim,66758,12.127594158339738,2.86
271,Islamic Center of Beaumont,1252 Beaumont Ave,Beaumont,CA,92223,33.941894756063,-116.977126916018,,2019,,https://prayersconnect.com/mosques/84042346-islamic-center-of-beaumont-beaumont-california-united-states,,58.0,,,2292.0,census_geocoder,102761,10.448890780946975,3.11
272,Islamic Center of Calexico,911 Emerson Avenue,Calexico,CA,92231,32.67659422611,-115.49998985447,,,,,,83.0,,,4141.0,census_geocoder,49742,19.759324859345696,3.82
273,Islamic Society of Palm Springs,84650 Ave 49,Coachella,CA,92236,33.692972579457,-116.187894450488,,1997,,"https://www.causeiq.com/organizations/islamic-society-of-palm,330439233/",,57.0,,,832.0,census_geocoder,68393,10.182018500241007,3.47
274,Imperial Valley Islamic Center,1195 Park ave,El Centro,CA,92243,32.795788229233,-115.565474222039,,2012,,"https://www.causeiq.com/organizations/imperial-valley-khaslsa-diwan,953689369/",,79.0,,,1153.0,census_geocoder,55057,21.1863530093311,3.38
275,Desert Islamic Society,69640 California 111,Rancho Mirage,CA,92270,33.77458269881,-116.448821150659,,,,,,37.0,,,3996.0,census_geocoder,107364,11.657760223048328,1.92
276,United Islamic Cemetery,12716 Purple Sage Road,Adelanto,CA,92301,34.6524953,-117.3677858,,,,,,0.0,,,4127.0,nominatim,68676,17.3388876627676,3.85
277,Iqra Islamic Center of Barstow,305 N 3Rd ave,Barstow,CA,92311,34.900685444754,-117.024377560239,,-,No Basic Information,,39.0,70.0,,,1162.0,census_geocoder,61862,20.067147992988087,2.75
278,Colton Jamat Khana Inland,1282 East Cooley Drive,Colton,CA,92324,34.054551795181,-117.307213408886,,,,,34.0,59.0,,,4132.0,census_geocoder,71078,13.536358204758725,3.17
279,Ar-Rahman Islamic Center,7641 Sierra ave,Fontana,CA,92336,34.115008063608,-117.435797375734,,2010,,https://www.pakistanlink.org/Community/2010/July10/09/08.HTM,38.0,63.0,,,9.0,census_geocoder,123363,7.776537804866416,3.60
280,Inland Valley Islamic Society - Dar Al-Taqwa,6556 Hemlock Avenue,Fontana,CA,92336,34.134898125637,-117.47544254741,,,,,18.0,6.0,,,4107.0,census_geocoder,123363,7.776537804866416,3.60
281,Masjid Dar Al-Taqwa,6556 Hemlock Avenue,Fontana,CA,92336,34.134898125637,-117.47544254741,,2015,,https://prayersconnect.com/mosques/84055646-inland-valley-islamic-society-fontana-california-united-states,18.0,6.0,,,773.0,census_geocoder,123363,7.776537804866416,3.60
282,The Academy of Islamic Knowledge,3606 East Highland Avenue,Highland,CA,92346,34.135844215579,-117.208582594031,,,,,31.0,67.0,,,4188.0,census_geocoder,85163,12.03405594905917,3.24
283,Islamic Community Center of Redlands,24769 Redlands Blvd  Suite A B C,Loma Linda,CA,92354,34.063011791784,-117.264069268538,,2007,,https://iccredlands.org/about/,39.0,43.0,,,88.0,census_geocoder,83847,13.580303940135801,2.69
284,Islamic Center of Redlands,11210 Alabama st,Redlands,CA,92373,34.050305764105,-117.208766830289,,2007,,https://iccredlands.org/about/,,68.0,,,1330.0,census_geocoder,101271,6.427827897293546,2.51
285,Islamic Community Center of Redlands (ICCR),26830 Beaumont Avenue,Redlands ,CA,92373,34.037534582326,-117.218130762358,,,,,14.0,3.0,,,4219.0,census_geocoder,101271,6.427827897293546,2.51
286,Islamic Society of California,627 Brookside,Redlands,CA,92373,34.052822728677,-117.190158420789,,2001,,"https://www.causeiq.com/organizations/islamic-society-of-california,330881787/",,80.0,,,1453.0,census_geocoder,101271,6.427827897293546,2.51
287,Peace Academy,26830 Beaumont Avenue,Redlands,CA,92373,34.037534582326,-117.218130762358,,,,,14.0,3.0,,,3995.0,census_geocoder,101271,6.427827897293546,2.51
288,ÃÂœÃÂ°Ã‘ÂÃÂ´ÃÂ¶ÃÂ¸ÃÂ´ ÃÂÃÂ¹Ã‘ÂˆÃÂ° ÃÂ±ÃÂ¸ÃÂ½Ã‘Â‚ ÃÂÃÂ±ÃÂ¸ ÃÂ‘ÃÂ°ÃÂºÃ‘Â€,1369 North Willow Avenue,Rialto,CA,92376,34.124392170718,-117.374744848053,,,,,30.0,68.0,,,3989.0,census_geocoder,79675,14.582161534687236,3.83
289,The Nation of Islam Muhammad Mosque #97,241 East Baseline Road,Rialto,CA,92376,34.121330291985,-117.367375015224,,,,,29.0,69.0,,,3990.0,census_geocoder,79675,14.582161534687236,3.83
290,High Desert Islamic Society,16793 Merrill st,Victorville,CA,92392,34.526277741098,-117.297722864201,,2001,,https://www.vvdailypress.com/story/news/local/desert-dispatch/2009/07/02/man-killed-in-fire-helped/37114448007/,37.0,71.0,,,1129.0,census_geocoder,87681,17.686256362795003,3.70
291,Islamic Center of Victor Valley,15112 Mojave Drive,Victorville,CA,92395,34.528718081114,-117.333806041001,,2013,,https://prayersconnect.com/mosques/84029880-islamic-center-of-victor-valley-victorville-california-united-states,37.0,72.0,,,823.0,census_geocoder,62102,19.996148414430607,3.02
292,Dar Al Uloom Al Islamiyah of America,2012 Mallory st,San Bernardino,CA,92405,34.143370378081,-117.336068844922,,1989,,https://www.facebook.com/people/Dar-Al-Uloom-Al-Islamiyah-of-America/61557841358733/,,17.0,,,1049.0,census_geocoder,66964,20.361830436324936,3.23
293,Nasantar Muslim California,1018 S Lincoln ave,San Bernardino,CA,92408,34.08591803221,-117.281001119454,,2014,,"https://www.causeiq.com/organizations/nusantara-muslim-california,273578111/",28.0,39.0,,,2111.0,census_geocoder,68333,21.836263043630506,3.34
294,Faizan-E-Madinah (Riverside) Masjid,12702 Magnolia Avenue,Riverside,CA,92503,33.8856285,-117.5058592,,,,,,62.0,,,3986.0,nominatim,96268,11.044445206340498,3.50
295,ÃÂœÃÂ°Ã‘ÂÃÂ´ÃÂ¶ÃÂ¸ÃÂ´ ÃÂÃ‘Â‚-ÃÂ¢ÃÂ°Ã‘ÂƒÃ‘Â…ÃÂ¸ÃÂ´,1433 West Linden Street,Riverside,CA,92507,33.97942639716,-117.342786066074,,,,,43.0,75.0,,,3985.0,census_geocoder,75303,18.739629239745213,2.91
296,Islamic Center of Riverside,1038 W Linden St bldg b,Riverside,CA,92521,33.97928645664,-117.33370851287,,1979,,https://www.islamiccenterofriverside.net/who-are-we,42.0,47.0,,,280.0,census_geocoder,-666666666,,-666666666.00
297,Islamic Society of Lake Elsinore,32391 Riverside Drive,Lake Elsinore,CA,92530,33.670656612863,-117.379113587496,,,,,,47.0,,,4210.0,census_geocoder,86862,11.783769769250712,3.49
298,Islamic Center of Hemet,44212 Florida Avenue,Hemet,CA,92544,33.747928398757,-116.889395502618,,2023,,"https://www.causeiq.com/organizations/islamic-center-of-hemet,884226098/",,30.0,,,1256.0,census_geocoder,73596,16.90074906367041,3.24
299,Islamic Development Center,"24436 Webster Ave,",Moreno Valley,CA,92553,33.937306396026,-117.236192106373,,1995,,https://islamicdevelopmentcenter.org/about-us/,33.0,58.0,,,261.0,census_geocoder,78246,15.744795526510813,3.70
300,Masjid Alrahma,12125 Day st  Suite R-101,Moreno Valley,CA,92557,33.94479234865,-117.279021183841,,2016,,https://www.facebook.com/mffie/posts/join-us-as-we-celebrate-10-years-of-strengthening-families-and-communities-the-1/1273145214982088/,35.0,67.0,,,1783.0,census_geocoder,94804,11.223863953164203,3.53
301,Masjid Alrahma,"12125 Day Street. Unit# R-101, Moreno Valley, CA 92557, USA",Moreno Valley,CA,92557,33.94479234865,-117.279021183841,,,,,35.0,67.0,,,4076.0,census_geocoder,94804,11.223863953164203,3.53
302,Madina Educational Center,40121 Torrey Pines Road,Murrieta,CA,92563,33.545055653724,-117.161943960088,,,,,22.0,46.0,,,3978.0,census_geocoder,125397,4.775086505190312,3.33
303,Shia Islamic Education Center Of Murrieta,38372 Innovation Court,Murrieta,CA,92563,33.560098515242,-117.133471436314,,,,,,42.0,,,3977.0,census_geocoder,125397,4.775086505190312,3.33
304,Perris Islamic Center,3895 N Perris Blvd,Perris,CA,92571,33.842679719054,-117.225990750985,,2000,,https://prayersconnect.com/mosques/84049659-islamic-center-of-perris-perris-california-united-states,,46.0,,,2131.0,census_geocoder,92309,9.710431835721236,4.29
305,Islamic Community of Menifee (JumuÃ¢Â€Â™ah @ 1 pm and Daily Ã¢Â€Â˜Isha),26805 Murrieta Road,Menifee,CA,92585,33.731663501921,-117.206321421274,,,,,,1.0,,,4176.0,census_geocoder,106667,9.07824077221127,3.55
306,Islamic Center of Temecula Valley,42188 Rio Nedo Suite A,Temecula,CA,92590,33.511932445093,-117.170847611137,,2011,,https://grokipedia.com/page/islamic-center-of-temecula-valley,15.0,35.0,,,1356.0,census_geocoder,85253,10.084695686428994,2.50
307,Rahma Center,27121 Towne Centre Drive,Lake Forest,CA,92610,33.680580836257,-117.677483700766,,,,,,46.0,,,4208.0,census_geocoder,195046,3.5458229426433916,2.72
308,Orange County Ismaili Jamatkhana,17965 Sky Park Circle,Irvine,CA,92614,33.689459159611,-117.860137363259,,,,,40.0,38.0,,,4215.0,census_geocoder,122821,15.087298870249915,2.51
309,New Horizon Irvine Community Center,10 Marconi,Irvine,CA,92618,33.642355703722,-117.71891526195,,,,,21.0,33.0,,,4216.0,census_geocoder,145731,8.203819333667562,2.59
310,ICOI Village,5530 Trabuco Road,Irvine,CA,92620,33.6970621,-117.7652074,,,,,32.0,66.0,,,4204.0,nominatim,146942,7.720140838214534,2.89
311,Islamic Center of Irvine (ICOI),2 Truman St,Irvine,CA,92620,33.696418467674,-117.76603202755,,2004,,https://www.icoi.net/about/,33.0,70.0,,,2293.0,census_geocoder,146942,7.720140838214534,2.89
312,Jannah Institute,5540 Trabuco Road,Irvine,CA,92620,33.6968613,-117.7649447,,,,,31.0,56.0,,,4217.0,nominatim,146942,7.720140838214534,2.89
313,Islamic Educational Center of Orange County,3194-B Airport Loop Dr,Costa Mesa,CA,92626,33.68541948096,-117.86500883567,,1999,,https://iecoc.org/about-us/start-of-iecoc/,40.0,37.0,,,1423.0,census_geocoder,114249,9.32097665300303,2.49
314,Anatolia Cultural Centers,25351 Commercentre Drive,Lake Forest,CA,92630,33.666830638257,-117.687877386232,,,,,,24.0,,,4209.0,census_geocoder,125853,9.98232950971877,2.86
315,Salaam Islamic Center,25351 Commercentre Drive,Lake Forest,CA,92630,33.666830638257,-117.687877386232,,,,,,24.0,,,4207.0,census_geocoder,125853,9.98232950971877,2.86
316,Tolerance Foundation,16541 Gothard Street,Huntington Beach,CA,92647,33.722461181484,-118.000259403904,,,,,,71.0,,,4187.0,census_geocoder,105110,11.048418619669958,2.72
317,The Majlis,23151 Plaza Pointe Drive,Laguna Hills,CA,92653,33.626778294059,-117.723187246203,,,,,23.0,61.0,,,4211.0,census_geocoder,133194,8.03677847777967,2.74
318,Al-Noor Foundation,14522 Goldenwest Street,Westminster,CA,92683,33.75145886857,-118.007009966653,,2000,,"https://www.devex.com/organizations/al-noor-foundation-29270#:~:text=Official%20Registration,Noor%20in%20Fountain%20Valley%2C%20California.",,71.0,,,651.0,census_geocoder,85585,14.3632983964884,3.18
319,Orange County Islamic Foundation,23581 Madero Dr.,Mission Viejo,CA,92691,33.62091861611,-117.675480770229,,1996,,https://ocif.org/the-organization/,,72.0,,,2126.0,census_geocoder,141045,5.123992288818787,2.77
320,Islamic Center of Santa Ana (ICSA - Indo-Chinese Muslim),1610 East 1st Street,Santa Ana,CA,92701,33.745401860392,-117.846678862328,,,,,46.0,82.0,,,4068.0,census_geocoder,70572,15.57113089600303,3.59
321,Masjid Santa Ana,1001 Grant st Suite No. B2,Santa Ana,CA,92701,33.738091453106,-117.855580504151,,2017,,https://icsamasjid.com/about-us/,46.0,51.0,,,1959.0,census_geocoder,70572,15.57113089600303,3.59
322,Masjid Al-Hedaye and Kavkaz Cultural Center,5109 E 5th st,Santa Ana,CA,92703,33.748819456366,-117.936500722309,,1960,,"https://www.causeiq.com/organizations/kavkaz-cultural-center-of-california,956050344/",54.0,98.0,,,1683.0,census_geocoder,84437,11.332844216189777,4.16
323,Imamia Education Center,2110 E 1St st Suite 120,Santa Ana,CA,92705,33.745415389597,-117.837128811456,,-,Information Without Year,,40.0,31.0,,,1150.0,census_geocoder,129331,10.499018493646037,2.97
324,Islamic Center of Fountain Valley,16551 Brookhurst Street,Fountain Valley,CA,92708,33.721869032292,-117.954754674948,,,,,33.0,65.0,,,4106.0,census_geocoder,115237,8.016146605461982,2.97
325,Darul Falah,14712 Bentley Cir,Tustin,CA,92780,33.714881434205,-117.806920558751,,1990,,https://tustinmasjid.com,46.0,48.0,,,1067.0,census_geocoder,101017,10.430705041815127,3.00
326,Jafaria Islamic Society,642 South B st,Tustin,CA,92780,33.739350486871,-117.826157809104,,1980,,,46.0,91.0,,,116.0,census_geocoder,101017,10.430705041815127,3.00
327,CAIR Los Angeles,2180 West Crescent Avenue,Anaheim,CA,92801,33.839703855936,-117.957926859341,,,,,37.0,65.0,,,4125.0,census_geocoder,83725,12.0062057920726,3.18
328,Der e Zahra,941 North Holly Street,Anaheim,CA,92801,33.844744310184,-117.954355964817,,,,,35.0,60.0,,,4124.0,census_geocoder,83725,12.0062057920726,3.18
329,Islamic Center of Anaheim,1136 N Brockhurst st,Anaheim,CA,92801,33.84784949878,-117.959074072359,,-,Information Without Year,,35.0,69.0,,,1198.0,census_geocoder,83725,12.0062057920726,3.18
330,Yaseen Educational Foundation Orange County,1139 North Anaheim Boulevard,Anaheim,CA,92801,33.849154787099,-117.919903125034,,,,,45.0,74.0,,,4119.0,census_geocoder,83725,12.0062057920726,3.18
331,Masjid Al-Ansar,1717 S Brookhurst st,Anaheim,CA,92804,33.8317059,-117.9588662,,1997,,,34.0,65.0,,,134.0,nominatim,76141,16.780053645452327,3.30
332,Masjid Al-Ansar,1717 South Brookhurst Street,Anaheim,CA,92804,33.8269431,-117.9589588,,,,,34.0,65.0,,,4128.0,nominatim,76141,16.780053645452327,3.30
333,West Coast Islamic Society,1717 South Brookhurst Street,Anaheim,CA,92804,33.8269431,-117.9589588,,,,,34.0,65.0,,,4121.0,nominatim,76141,16.780053645452327,3.30
334,Jafaria Shia Islamic Society,1546 East La Palma Avenue,Anaheim,CA,92805,33.847207615437,-117.895317344809,,,,,41.0,76.0,,,4122.0,census_geocoder,91252,14.098271772280583,3.33
335,Islamic Institute of Orange County,1220 North State College Boulevard,Anaheim,CA,92806,33.852942112798,-117.889001443159,,,,,41.0,77.0,,,4123.0,census_geocoder,97265,9.970158015752654,3.15
336,Masjid Omar Al Farouk,1220 N State College Blvd,Anaheim,CA,92806,33.852942112798,-117.889001443159,,1991,,https://commons.wikimedia.org/wiki/File:Islamic_Institute_of_Orange_County_(2021-06-15).jpeg,41.0,77.0,,,1940.0,census_geocoder,97265,9.970158015752654,3.15
337,Fullerton Masjid FMCC,515 West Valencia Drive,Fullerton,CA,92832,33.866701442943,-117.933525153756,,,,,46.0,65.0,,,4203.0,census_geocoder,94275,17.56951901358907,2.98
338,Fullerton Mosque/Fullerton Muslim Community Center (FMCC) ,515 E Valencia Dr. Suite H,Fullerton,CA,92832,33.866386441949,-117.915050885918,,1980,,https://fmccmasjid.org,46.0,59.0,,,1108.0,census_geocoder,94275,17.56951901358907,2.98
339,ICNA Relief Southern California So Cal Office,505 East Commonwealth Avenue,Fullerton,CA,92832,33.870458302648,-117.915382980133,,,,,48.0,82.0,,,4199.0,census_geocoder,94275,17.56951901358907,2.98
340,Jamaluddin Afghani Masjid,3635 West Valencia Drive,Fullerton,CA,92833,33.866464402705,-117.975397100213,,,,,34.0,68.0,,,4198.0,census_geocoder,114176,10.78334591487138,3.08
341,Bosphorus Center (Masjid),12642 Brookhurst Street,Garden Grove,CA,92840,33.779097302094,-117.958359149469,,,,,34.0,73.0,,,4197.0,census_geocoder,98881,9.90513804813229,3.40
342,Islamic Society of Orange County,1 Al-Rahman Plaza,Garden Grove,CA,92844,33.755797385531,-117.958980850993,,1976,,https://isocmasjid.org/about-us/,38.0,86.0,,,1480.0,census_geocoder,79701,16.201165927086052,3.33
343,Syed Jamaluddin Afgahni Islamic Center,546 E Ketella,Orange,CA,92861,,,,1983,,https://muslimlistings.org/listing/masjid-syed-jamal-uddin/,38.0,66.0,,,2182.0,,202245,7.826390099355065,2.96
344,Islamic Shura Council of Southern California,2854 North Santiago Boulevard,Orange,CA,92867,33.836028213236,-117.833951877553,,,,,38.0,66.0,,,3972.0,census_geocoder,130741,10.604503410258806,3.16
345,Maryam Masjid ICNA Center, 3764 S Ellis St,,CA,92879,33.875509758027,-117.524119559584,,1988,,https://prayersconnect.com/mosques/84022896-maryam-masjid-icna-center-corona-california-united-states,,58.0,,,439.0,census_geocoder,92229,11.13152844134101,3.31
346,MAS Corona Center,4234 Green River Road,Corona,CA,92880,33.879222434021,-117.647340893823,,,,,0.0,31.0,,,4147.0,census_geocoder,151155,4.2773747979534855,3.65
347,Islamic Center of Corona & Norco,465 Santana Way,Corona,CA,92881,33.851607854288,-117.561493282904,,2013,,https://www.pressenterprise.com/2013/11/27/corona-new-mosque-taking-shape/,19.0,54.0,,,1225.0,census_geocoder,134932,6.7688632291459285,3.33
348,Prime Years Academy,495 Santana Way,Corona,CA,92881,33.850942708299,-117.560894587336,,,,,19.0,39.0,,,4112.0,census_geocoder,134932,6.7688632291459285,3.33
349,Islamic Center of Yorba Linda,4382 Eureka Ave,Yorba Linda,CA,92886,33.897131720871,-117.819991246578,,2006,,https://www.icyl.org/about,,51.0,,,1381.0,census_geocoder,153397,7.101012977502949,2.93
350,The Suhbah OC,4382 Eureka Avenue,Yorba Linda,CA,92886,33.897131720871,-117.819991246578,,,,,,51.0,,,4022.0,census_geocoder,153397,7.101012977502949,2.93
351,salem media group,4880 Santa Rosa Road,Camarillo,CA,93012,34.21731486579,-119.005618442456,,,,,,69.0,,,4140.0,census_geocoder,135217,7.291486041269291,2.52
352,Masjid Omar Muhammad,702 Walnut Street,Moorpark,CA,93021,34.286515385455,-118.88081103539,,,,,,81.0,,,4170.0,census_geocoder,147636,5.155814878663307,3.20
353,Islamic Center of Ventura County,525 South A st,Oxnard,CA,93030,34.197077018579,-119.178647960301,,1993,,https://www.mapquest.com/us/california/islamic-center-of-ventura-county-442459932,,93.0,,,1366.0,census_geocoder,92958,11.647732215243828,3.75
354,Islamic Society of Simi Valley (ISSV),4343 Township Avenue,Simi Valley,CA,93063,34.293553439968,-118.70937720126,,,,,29.0,50.0,,,4017.0,census_geocoder,125098,5.084745762711865,2.75
355,Al Rasul,1954 Arcane Street,Simi Valley,CA,93065,34.260782779099,-118.759708333969,,,,,28.0,37.0,,,4011.0,census_geocoder,120519,7.288899786141418,2.84
356,Masjid Al-Rasool,1206 Erringer Road,Simi Valley,CA,93065,34.260848505526,-118.761277081318,,,,,28.0,54.0,,,4010.0,census_geocoder,120519,7.288899786141418,2.84
357,"First Church of Christ, Scientist, Santa Barbara",120 East Valerio Street,Santa Barbara,CA,93101,34.429316514474,-119.709388009286,,,,,49.0,89.0,,,4067.0,census_geocoder,90148,16.987455711960166,2.42
358,Goleta Presbyterian Church,6067 Shirrell Way,Goleta,CA,93117,34.44405552635,-119.833263415494,,,,,,65.0,,,4075.0,census_geocoder,90037,25.33108964552647,2.64
359,Good Shepherd Lutheran Church and Preschool,380 North Fairview Avenue,Goleta,CA,93117,34.445005145819,-119.830503128513,,,,,,70.0,,,4196.0,census_geocoder,90037,25.33108964552647,2.64
360,Islamic Society Of Santa Barbara,302 North Los Carneros Road,Goleta,CA,93117,34.443308181855,-119.853709549136,,2019,,https://www.independent.com/2019/07/02/mosque/,,29.0,,,430.0,census_geocoder,90037,25.33108964552647,2.64
361,Arvin Islamic Center- Masjid Alsalaam,804 Haven Drive,Arvin,CA,93203,35.205487350512,-118.833267430732,,,,,,73.0,,,4114.0,census_geocoder,49217,33.697977440684554,4.08
362,Islamic center,441 Sycamore Road,Arvin,CA,93203,35.194482759856,-118.826600362159,,,,,,20.0,,,4120.0,census_geocoder,49217,33.697977440684554,4.08
363,Masjid Abu Bakar,1130 Kensington st,Delano,CA,93215,35.77123878779,-119.243324020279,,1983,,https://bamcgroup14.weebly.com/,,88.0,,,128.0,census_geocoder,66204,16.80815297331372,3.69
364,Kings County Local Agency Comm,1400 West Lacey Boulevard,Hanford,CA,93230,36.3280039,-119.6611813,,,,,30.0,54.0,,,4201.0,nominatim,76023,14.87224031849439,3.04
365,Masjid Hanford,308 S 10th ave,Hanford,CA,93230,36.322969560918,-119.63704702739,,1949,,https://prayersconnect.com/mosques/84046076-masjid-hanford-hanford-california-united-states,25.0,60.0,,,1705.0,census_geocoder,76023,14.87224031849439,3.04
366,Masjid Huron,364656 Lassen Avenue,Huron,CA,93234,,,,,,,,61.0,,,4193.0,,52500,30.43411566191134,3.38
367,Masjid Porterville,289 N 3Rd st,Porterville,CA,93257,36.070568544657,-119.014184778833,,2004,,https://prayersconnect.com/mosques/84077624-masjid-porterville-porterville-california-united-states,,87.0,,,1943.0,census_geocoder,59704,19.39689477873088,3.28
368,Shafter Masjid,"Shafter, CA 93263, USA",Shafter,CA,93263,,,,,,,,4.0,,,4013.0,,71528,21.80613934530633,3.67
369,Shafter mosque,295 North Beech Avenue,Shafter,CA,93263,35.502631845698,-119.260555778495,,,,,,45.0,,,4012.0,census_geocoder,71528,21.80613934530633,3.67
370,Masjid Visalia,1317 S Divisadero st,Visalia,CA,93277,36.319162442536,-119.309918974001,,2003,,"https://www.causeiq.com/organizations/masjid-visalia,770440112/",,77.0,,,1998.0,census_geocoder,80548,11.899752010220185,2.88
371,Al-Farooq Islamic Center,615 Kentucky st,Bakersfield,CA,93305,35.379109836477,-118.993477178186,,2014,,https://prayersconnect.com/mosques/84027050-masjid-umar-ibn-al-khattab-al-farooq-islamic-center-bakersfield-california-united-states,33.0,67.0,,,877.0,census_geocoder,43244,34.90535771575233,3.22
372,Bagh kali,Kam Avenue,Bakersfield,CA,93307,,,,,,,,1.0,,,4129.0,,56446,23.818086286414854,3.68
373,Islamic Center of San Joaquin Valley,701 Ming Ave,Bakersfield,CA,93307,35.33940075608,-119.00973081127,,2009,,"https://en.halalguide.me/los-andzheles/mechet/islamic-center-of-san-joaquin-valley#:~:text=The%20Islamic%20Center%20of%20San,khutbah%20starts%20at%201%20pm.&text=%D0%9F%D0%BE%D0%B4%D0%B5%D0%BB%D0%B8%D1%82%D1%8C%D1%81%D1%8F:",,54.0,,,1338.0,census_geocoder,56446,23.818086286414854,3.68
374,"Dawoodi Bohra Al Masjid Al Fakhri, Anjuman-e-Hakimi Bakersfield",3852 Akers Road,Bakersfield,CA,93309,35.320629243684,-119.047743727261,,,,,27.0,39.0,,,4130.0,census_geocoder,63544,17.26818522834294,2.78
375,Imambargah Al Mehdi Shia Islamic Center.,136-1400 Easton Drive,Bakersfield,CA,93309,35.367728278537,-119.044362525604,,,,,36.0,47.0,,,4131.0,census_geocoder,63544,17.26818522834294,2.78
376,Islamic Center of Bakersfield,8740 Harris Rd Unit 301,Bakersfield,CA,93311,35.303478336411,-119.099133640621,,2013,,"https://www.causeiq.com/organizations/islamic-center-of-bakersfield,542100682/",22.0,47.0,,,1808.0,census_geocoder,116263,7.896514578882985,3.12
377,Islamic Centre of Bakersfield,202-8730 Harris Road,Bakersfield,CA,93311,35.303476640201,-119.099035048806,,,,,22.0,47.0,,,4146.0,census_geocoder,116263,7.896514578882985,3.12
378,Sunrise Community Center,3212 Jewetta Avenue,Bakersfield,CA,93312,35.388614127536,-119.127804523494,,,,,,27.0,,,4145.0,census_geocoder,114195,8.533776646405874,3.17
379,40 Prado Homeless Services Center,40 Prado Road,San Luis Obispo,CA,93401,35.256150309618,-120.672692732527,,,,,20.0,45.0,,,4046.0,census_geocoder,96824,15.391292271370045,2.10
380,Calvary SLO Church,4029 South Higuera Street,San Luis Obispo,CA,93401,35.24375961872,-120.675406135596,,,,,23.0,65.0,,,4055.0,census_geocoder,96824,15.391292271370045,2.10
381,Mosque of Nasreen,1136 Walnut st,San Luis Obispo,CA,93401,35.286257788785,-120.662350321449,,2008,,https://mosqpedia.org/masajid/mosque-of-nasreen/,38.0,88.0,,,191.0,census_geocoder,96824,15.391292271370045,2.10
382,Mt. Carmel Lutheran Church,1701 Fredericks Street,San Luis Obispo,CA,93405,35.293024407607,-120.65458467177,,,,,35.0,68.0,,,4056.0,census_geocoder,60399,43.473887165730574,2.65
383,Temple Ner Shalom,875 Laureate Lane,San Luis Obispo,CA,93405,35.286007779773,-120.710265333135,,,,,,3.0,,,4057.0,census_geocoder,60399,43.473887165730574,2.65
384,Five Cities Vineyard Church,330 Stanton Street,Arroyo Grande,CA,93420,35.074504293322,-120.551890101569,,,,,,0.0,,,4115.0,census_geocoder,110553,6.362702945517551,2.44
385,Central Coast Islamic Center of Santa Maria - Mosque / Masjid,712 East Chapel Street,Santa Maria,CA,93454,34.954261187319,-120.426513110538,,,,,,63.0,,,4058.0,census_geocoder,81522,16.45422943221321,3.42
386,Islamic Center of Santa Maria,325 E Plaza Dr. Suite 5,Santa Maria,CA,93454,34.937454563682,-120.433019908108,,2002,,https://ccicmasjid.org/about/,,72.0,,,1340.0,census_geocoder,81522,16.45422943221321,3.42
387,Islamic Center of North Valley,42554 4th st E,Lancaster,CA,93535,34.655899189131,-118.123281709648,,1996,,https://www.propertyshark.com/mason/Property/45511432/42554-4-St-E-Lancaster-CA-93535/,,16.0,,,1310.0,census_geocoder,70360,17.241158708224578,3.44
388,Masjid of Antelope Valley,1125 E Palmdale Blvd,Palmdale,CA,93550,34.579641077487,-118.109051927113,,1998,,https://aiiav.org/about,,77.0,,,265.0,census_geocoder,62078,21.52027027027027,3.53
389,Ridgecrest Islamic center,725 West Ridgecrest Boulevard,Ridgecrest,CA,93555,35.622444543328,-117.683929516854,,,,,,36.0,,,3987.0,census_geocoder,86700,12.926536731634183,2.48
390,American Islamic Institute of Antelope Valley,1305 118th Street West,Rosamond,CA,93560,,,,,,,,0.0,,,3999.0,,77431,18.562115175660992,3.15
391,Valley Crescent School,547 West Nees Avenue,Clovis,CA,93611,36.852190243245,-119.723734412743,,,,,30.0,64.0,,,4133.0,census_geocoder,110982,6.06534245088462,2.93
392,Dinuba Islamic Center Ã™Â…Ã˜Â³Ã˜Â¬Ã˜Â¯ Ã˜Â¯Ã™ÂŠÃ™Â†Ã™ÂˆÃ˜Â¨Ã˜Â§,669 West Nebraska Avenue,Dinuba,CA,93618,36.560207314433,-119.386806362607,,,,,,12.0,,,4085.0,census_geocoder,61977,28.17572830658981,3.77
393,Madera Islamic Center,16634 Road 26,Madera,CA,93638,37.0194261,-120.0743549,,2017,,"https://www.causeiq.com/organizations/madera-islamic-center,770410327/",,33.0,,,1532.0,nominatim,62374,25.384243984871652,4.14
394,Madera Islamic Center,16634 Road 26,Madera,CA,93638,37.0194261,-120.0743549,,,,,,33.0,,,4178.0,nominatim,62374,25.384243984871652,4.14
395,Iglesia Maranatha Reedley,1447 14th Street,Reedley,CA,93654,36.5911365,-119.4509535,,,,,,81.0,,,3992.0,nominatim,65574,22.21869745899819,3.41
396,Super Burger omar,1295 Manning Avenue,Reedley,CA,93654,36.604071656371,-119.435811007821,,,,,,82.0,,,3991.0,census_geocoder,65574,22.21869745899819,3.41
397,Hayward masjid,"Sanger, CA 93657, USA",Sanger,CA,93657,,,,,,,,89.0,,,4069.0,,78904,16.33077370886813,3.43
398,Selma Mosque,2415 Floral Avenue,Selma,CA,93662,36.576188715462,-119.618417717233,,,,,,66.0,,,4014.0,census_geocoder,61564,17.897376013188627,3.29
399,Islamic center Ã™Â…Ã˜Â³Ã˜Â¬Ã˜Â¯ Ã˜Â§Ã™Â„Ã˜Â±Ã˜Â­Ã™Â…Ã˜Â©,320 B Street,Fresno,CA,93706,36.721005592066,-119.791777634446,,,,,40.0,48.0,,,4097.0,census_geocoder,40930,37.91147271777264,3.32
400,Masjid Al-Aqaba,1528 Kern st,Fresno,CA,93706,36.729876889944,-119.793175708303,,2009,,"https://www.causeiq.com/organizations/masjid-al-aqabah,261427538/",53.0,86.0,,,1646.0,census_geocoder,40930,37.91147271777264,3.32
401,AIA School,1284 East Bullard Avenue,Fresno,CA,93710,36.823112942386,-119.766230779539,,,,,35.0,70.0,,,4098.0,census_geocoder,65851,22.907360652553894,2.56
402,Masjid Fresno Ã™Â…Ã˜Â³Ã˜Â¬Ã˜Â¯ Islamic Center,2111 East Shaw Avenue,Fresno,CA,93710,36.808539435827,-119.751639398827,,,,,40.0,76.0,,,4096.0,census_geocoder,65851,22.907360652553894,2.56
403,Masjid Fresno Islamic Center,2111 E Shaw Ave,Fresno,CA,93710,36.808539435827,-119.751639398827,,1979,,https://www.archnet.org/sites/10385,40.0,76.0,,,2285.0,census_geocoder,65851,22.907360652553894,2.56
404,My Deen Center,1284 East Bullard Avenue,Fresno,CA,93710,36.823112942386,-119.766230779539,,,,,35.0,70.0,,,4111.0,census_geocoder,65851,22.907360652553894,2.56
405,Prophet Muhammad (s) Center,320 West Bedford Avenue,Fresno,CA,93711,36.846042364101,-119.79669449986,,,,,50.0,66.0,,,4148.0,census_geocoder,104176,8.214130351339593,2.40
406,Islamic Cultural Center of Fresno,2111 E Nees ave,Fresno,CA,93720,36.851999924637,-119.74641612778,,2001,,https://icfresno.org,28.0,46.0,,,1409.0,census_geocoder,105050,7.197710277548223,2.66
407,Selma Layne Park,2065 East Shepherd Avenue,Fresno,CA,93720,36.866510033803,-119.74656925308,,,,,17.0,41.0,,,4169.0,census_geocoder,105050,7.197710277548223,2.66
408,Masjidut-Tauheed Islamic Center Fresno,1155 Fulton Street,Fresno,CA,93721,36.757207179367,-119.800340570414,,,,,47.0,87.0,,,4095.0,census_geocoder,40033,28.645481180978138,1.81
409,Badr Islamic Center,4222 E Alamos ave Suite 102,Fresno,CA,93722,36.805752658358,-119.753879303605,,2006,,https://fresnocountyca-web.tylerhost.net/web/search/DOCSEARCH377S1,41.0,75.0,,,13.0,census_geocoder,80285,16.174854443846893,3.19
410,Sierra Community Center,7150 North Milburn Avenue,Fresno,CA,93722,36.839403014249,-119.879003738093,,,,,26.0,46.0,,,4150.0,census_geocoder,80285,16.174854443846893,3.19
411,Islamic Community of Salinas,35 W Market St,Salinas,CA,93901,36.677670361291,-121.656406680803,,,,"https://www.causeiq.com/organizations/islamic-community-of-salinas,770521386/",51.0,93.0,,,1398.0,census_geocoder,91233,11.152517108205164,2.71
412,Lovers Point Majlis,227 Grand Avenue,Pacific Grove,CA,93950,36.620495338724,-121.917300391496,,,,,,94.0,,,3981.0,census_geocoder,106065,7.585644371941272,2.08
413,Masjid At-Taqwa/Islamic Society of Monterey County,405 Elm ave,Seaside,CA,93955,36.607865142116,-121.853548268724,,1965,,https://ismcca.org/,,85.0,,,1828.0,census_geocoder,85282,16.24426586849725,2.90
414,Yaseen Foundation,621 Masonic Way,Belmont,CA,94002,37.522766564427,-122.274536435369,,1999,,https://www.yaseen.org/about,,89.0,,,224.0,census_geocoder,203965,7.019227220725542,2.53
415,Yaseen Burlingame Center,1722 Gilbreth Road,Burlingame,CA,94010,37.598855488868,-122.373800886547,,,,,,49.0,,,4142.0,census_geocoder,196882,6.380439868975199,2.60
416,Daly City Islamic Center,7330 Mission Street,Daly City,CA,94014,37.6909877,-122.4653582,,,,,62.0,94.0,,,4088.0,nominatim,122966,7.829512259892006,3.20
417,Ã˜Â¬Ã˜Â§Ã™Â…Ã˜Â¹ Ã˜Â§Ã™Â„Ã˜Â§Ã˜Â®Ã™Â„Ã˜Â§Ã˜Âµ,488 Knoll Drive,Los Altos,CA,94024,37.360722595098,-122.103174107411,,,,,,37.0,,,4162.0,census_geocoder,250001,3.5055591890124265,2.88
418,Mahfid Dodoroh,910 Madonna Way,Los Altos,CA,94024,37.366293080574,-122.108437293248,,,,,,19.0,,,4163.0,census_geocoder,250001,3.5055591890124265,2.88
419,Waltham Islamic Society,475 El Camino Real,Millbrae,CA,94030,37.602844939415,-122.392706879019,,,,,,94.0,,,4174.0,census_geocoder,163476,5.96695907734782,2.76
420,Chitti kauri barkat kha ki masjid,"Mountain View, CA 94041, USA",Mountain View,CA,94041,,,,,,,55.0,80.0,,,4074.0,,178558,8.448675392998059,2.30
421,Peninsula Muslim Association,361 Villa st,Mountain View,CA,94041,37.391716642092,-122.073835020223,,-,Information Without Year,,57.0,87.0,,,1294.0,census_geocoder,178558,8.448675392998059,2.30
422,Mountain View-Palo Alto Mosque (MVPA Musalla),849 Independence Avenue,Mountain View,CA,94043,37.416611239304,-122.097106469988,,,,,36.0,74.0,,,4021.0,census_geocoder,203298,4.657062607592643,2.48
423,Peninsula Muslim Association Musallah - Jum'a player only,849 Independence Avenue,Mountain View,CA,94043,37.416611239304,-122.097106469988,,,,,32.0,84.0,,,3979.0,census_geocoder,203298,4.657062607592643,2.48
424,Diyanet Mosque,111 Hazel Avenue,Redwood City,CA,94061,37.474403644442,-122.22128909968,,,,,,90.0,,,3994.0,census_geocoder,146265,6.745234345299517,2.84
425,Ertugrul Gazi Masjid,111 Hazel Avenue,Redwood City,CA,94061,37.474403644442,-122.22128909968,,,,,,90.0,,,3993.0,census_geocoder,146265,6.745234345299517,2.84
426,Jerrahi Mosque,3644 Hoover st,Redwood City,CA,94063,37.483793952917,-122.186313231259,,-,Information Without Year,(650) 364-1699,,54.0,,,1514.0,census_geocoder,116760,9.456124178536381,2.92
427,Ahle Sunnat wal Jamaat of The Peninsula,204 A Street,South San Francisco,CA,94080,37.652148009358,-122.430727553867,,,,,,75.0,,,4007.0,census_geocoder,136733,6.690396966648611,2.91
428,Masjid Al-Jame,373 Alta Vista Dr.,South San Francisco,CA,94080,37.639955820902,-122.435213723544,,1974,,"https://www.calameo.com/books/00035017727006bf347c5#:~:text=Built%20in%201974%20)%20To%20All%20Fiji,always%20proud%20of%20what%20they%20have%20achieved.",,52.0,,,1703.0,census_geocoder,136733,6.690396966648611,2.91
429,Taha Services,1285 Hammerwood Avenue,Sunnyvale,CA,94089,37.409457556595,-121.990442021126,,2015,,https://prayersconnect.com/mosques/84035284-taha-islamic-center-sunnyvale-california-united-states,49.0,36.0,,,322.0,census_geocoder,158304,6.766353491244321,2.44
430,Al-Sabeel Masjid,48 Golden Gate ave,San Francisco,CA,94102,37.782273827616,-122.411389706663,,2002,,https://www.launchgood.com/v4/campaign/save_our_san_francisco_masjid_from_foreclosure,100.0,100.0,,,914.0,census_geocoder,60431,24.42932643652311,1.64
431,Alsabeel Masjid Noor Al Islam,118 Jones St,San Francisco,CA,94102,37.782291221612,-122.412192724465,,2002,,https://www.alsabeel.org/about-us,100.0,100.0,,,743.0,census_geocoder,60431,24.42932643652311,1.64
432,Islamic Society of San Francisco/Masjid Dar El Salam,20 Jones Street,San Francisco,CA,94102,37.781360491462,-122.411996449936,,1991,,https://www.archnet.org/sites/10411,100.0,100.0,,,450.0,census_geocoder,60431,24.42932643652311,1.64
433,San Francisco Muslim Community Center (SFMCC),762 Fulton Street,San Francisco,CA,94102,37.77806378527,-122.429169235632,,,,,93.0,97.0,,,4054.0,census_geocoder,60431,24.42932643652311,1.64
434,Abobo avocatier,"San Francisco, CA 94103, USA",San Francisco,CA,94103,,,,,,,100.0,98.0,,,4051.0,,116438,19.74025974025974,1.77
435,Darussalam Masjid,"San Francisco, CA 94103, USA",San Francisco,CA,94103,,,,,,,100.0,98.0,,,4050.0,,116438,19.74025974025974,1.77
436,Masjid Al Tawheed,1227 Sutter st,San Francisco,CA,94109,37.787647275955,-122.420502977184,,-,No Basic Information,,87.0,99.0,,,1632.0,census_geocoder,106018,13.82589202316458,1.65
437,Islamic Center of San Francisco,400 Crescent ave,San Francisco,CA,94110,37.734827914695,-122.416758559323,,1959,,https://directory.alfafaa.com/listing/islamic-center-of-san-francisco-icsf/,75.0,81.0,,,74.0,census_geocoder,158351,10.917762115335275,2.38
438,Mission Islamic Center of San Francisco,4760 Mission Street,San Francisco,CA,94112,37.7218945803,-122.436990997187,,,,,87.0,96.0,,,4048.0,census_geocoder,135119,9.258408028805638,3.37
439,Muslim Community Center,850 Divisadro Street,San Francisco,CA,94117,37.777258488129,-122.438132355985,,1978,,https://www.archnet.org/sites/10409,77.0,97.0,,,2087.0,census_geocoder,167066,9.537710163639936,1.99
440,Bayview Islamic Unity Center,1411 Thomas ave,San Francisco,CA,94124,37.728380446372,-122.387828889706,,1995,,https://bayviewislamicunitycenter.weebly.com,69.0,86.0,,,982.0,census_geocoder,80509,18.577994996218074,3.12
441,MSA SFSU Muslim Student Association,1650 Holloway Avenue,San Francisco,CA,94132,37.720926017958,-122.477621707914,,,,,67.0,92.0,,,4049.0,census_geocoder,112292,14.83120092470804,2.36
442,Hatemi Mosque,998 San Antonio Road,Palo Alto,CA,94303,37.422360099756,-122.101422232262,,,,,30.0,61.0,,,3982.0,census_geocoder,151609,7.0902492967726705,3.22
443,Stanford Mosque,520 Lasuen Mall,Stanford,CA,94305,37.426220287109,-122.168966515021,,,,,,60.0,,,4006.0,census_geocoder,83088,14.881605770738593,1.96
444,Masjid al-Jamil Naqshbandi Dergah,427 S California ave,Palo Alto,CA,94306,37.426074691798,-122.144840008224,,-,Information Without Year,(707) 287-8688,49.0,95.0,,,1512.0,census_geocoder,210000,8.868591632292281,2.55
445,Masjid Al Haq,228 N Ellsworth st,San Mateo,CA,94401,37.57084072541,-122.328864248314,,1984,,http://www.masjidulhaqq.org/brief-history.html,50.0,91.0,,,1595.0,census_geocoder,122227,12.15137169908173,2.64
446,Muslim Children's Garden,225 Tilton Avenue,San Mateo,CA,94401,37.568524970657,-122.327898459791,,,,,51.0,96.0,,,4072.0,census_geocoder,122227,12.15137169908173,2.64
447,Islamic Center of Alameda,901 Santa Clara Avenue,Alameda,CA,94501,37.773247985799,-122.270432960085,,1998,,https://www.archnet.org/sites/10406,49.0,89.0,,,624.0,census_geocoder,127906,8.151533488327654,2.48
448,Masjid Quba,707 Haight st,Alameda,CA,94501,37.774279045294,-122.276255001891,,1998,,https://www.archnet.org/sites/10406,49.0,92.0,,,1946.0,census_geocoder,127906,8.151533488327654,2.48
449,New American Mosque alameda,421 Camden Road,Alameda,CA,94501,37.75912464319,-122.257650102876,,,,,40.0,64.0,,,4126.0,census_geocoder,127906,8.151533488327654,2.48
450,Musallah Darul Arqum,3853 Broadway st,American Canyon,CA,94503,38.176376647861,-122.254435744184,,-,No Basic Information,,,69.0,,,2069.0,census_geocoder,121088,9.432398839939236,3.58
451,Islamic Center of Antioch (Masjid AbuBakr AlSaddiq),2001 West 10th Street,Antioch,CA,94509,38.012241923495,-121.827206091203,,,,,31.0,50.0,,,4118.0,census_geocoder,86196,13.421033714326791,2.97
452,Islamic Center of East Bay,311 W 18th St,Antioch,CA,94509,38.004894106101,-121.810254205892,,2000,,https://islamiccenterofeastbay.org/about.html,34.0,86.0,,,1232.0,census_geocoder,86196,13.421033714326791,2.97
453,Brentwood Muslim Community Center,181 Sand Creek rd Suite G,Brentwood,CA,94513,37.946766454923,-121.699452886771,,2011,,https://www.islamicity.org/4148/new-mosque-opens-in-brentwood/,,74.0,,,1013.0,census_geocoder,142223,7.997817471713285,3.10
454,Masjid Noor Islamic and Cultural Community Center,4035 Treat Boulevard,Concord,CA,94518,37.950646924044,-122.005632887703,,,,,21.0,38.0,,,4113.0,census_geocoder,112094,9.188208280868084,2.65
455,Masjid Omar Al-Farooq,2836 Clayton Rd,Concord,CA,94519,37.97450038584,-122.02539436014,,1986,,https://bamcgroup6.weebly.com/archive.html,57.0,86.0,,,1942.0,census_geocoder,122418,5.519325592492445,2.67
456,Islamic Center Of Fairfield,1945 Kidder Ave,Fairfield,CA,94533,38.264996882326,-122.030230912989,,1982,,https://www.fairfieldmasjid.com/about/,,68.0,,,1782.0,census_geocoder,87384,12.586705572192788,3.09
457,Afghan Islamic Center,37416 Joseph st,Fremont,CA,94536,37.555272585607,-122.006922475804,,-,No Basic Information,,42.0,81.0,,,847.0,census_geocoder,167662,6.110621857333599,2.77
458,Al-Medina Education Center,4673 Thornton ave Suite 6,Fremont,CA,94536,37.552501701421,-122.018212533422,,2009,,https://www.mec1.org/about/,37.0,69.0,,,905.0,census_geocoder,167662,6.110621857333599,2.77
459,Centerville Islamic Center,3667 Thornton Avenue,Fremont,CA,94536,37.562318815477,-122.010266324022,,,,,42.0,81.0,,,4104.0,census_geocoder,167662,6.110621857333599,2.77
460,Dawoodi Bohra Masjid/Masjid-E-Mohammedi,1121 Old Canyon Road,Fremont,CA,94536,37.582677727126,-121.963770151865,,2005,,"https://www.thedawoodibohras.com/muslims-and-jews-team-up-to-help-unhoused-in-fremont/#:~:text=Members%20of%20the%20Dawoodi%20Bohra,in%20the%20Western%20United%20States.",22.0,15.0,,,698.0,census_geocoder,167662,6.110621857333599,2.77
461,Albrae Street Mosque,42412 Albrae Street,Fremont,CA,94538,37.509999896236,-121.973398033647,,,,,31.0,50.0,,,4105.0,census_geocoder,147301,5.480553116115685,2.82
462,Islamic Center of Fremont (ICF-Albrae),42412 Albrae Street,Fremont,CA,94538,37.509999896236,-121.973398033647,,,,,31.0,50.0,,,4220.0,census_geocoder,147301,5.480553116115685,2.82
463,Islamic Center of Fremont (ICF-Irvington),4039 Irvington Avenue,Fremont,CA,94538,37.5311626772,-121.95965899869,,,,,38.0,94.0,,,4102.0,census_geocoder,147301,5.480553116115685,2.82
464,Masjid / Mosque | Habibiz,105 Fremont Boulevard,Fremont,CA,94538,37.4562636,-121.9265721,,,,,22.0,32.0,,,4101.0,nominatim,147301,5.480553116115685,2.82
465,Masjid Hamada,46560 Fremont Boulevard,Fremont,CA,94538,37.48302618803,-121.945573972448,,,,,22.0,32.0,,,4100.0,census_geocoder,147301,5.480553116115685,2.82
466,Masjid Zakariya (ICF-Albrae),42412-42472 Albrae Street,Fremont,CA,94538,37.509941967882,-121.973412515741,,,,,31.0,50.0,,,4099.0,census_geocoder,147301,5.480553116115685,2.82
467,Dar e Batool Shia Islamic Center,44920 Osgood Road,Fremont,CA,94539,37.506060884268,-121.937949311849,,,,,51.0,41.0,,,4103.0,census_geocoder,243552,3.9621627844506695,3.00
468,Ibrahim Khalilullah Islamic Center,43140 Osgood rd,Fremont,CA,94539,37.520662225718,-121.946632239959,,2006,,https://www.ikicenter.org/about.html,28.0,13.0,,,1135.0,census_geocoder,243552,3.9621627844506695,3.00
469,Alameda Muslim League (AML Masjid),731 A Street,Hayward,CA,94541,37.671969978491,-122.087164239006,,,,,62.0,95.0,,,4190.0,census_geocoder,105729,9.549552270359241,3.03
470,Fatimiyya Islamic Center,573 Bartlett Ave,Hayward,CA,94541,37.670584753398,-122.115471964492,,2013,,http://fatimiyya.net/v313/what-is-new/new-building/,41.0,74.0,,,1100.0,census_geocoder,105729,9.549552270359241,3.03
471,Masjid Furqan Hayward,492 C St,Hayward,CA,94541,37.66825505138,-122.09092451257,,2023,,https://hayward.masjidfurqaan.org/about-us/,64.0,83.0,,,2728.0,census_geocoder,105729,9.549552270359241,3.03
472,erican Muslim Association (A.M.A.)  Jame Masjid,26320 Gading rd,Hayward,CA,94544,37.643340179857,-122.081089304382,,2004,,https://www.gadingjamemasjid.org/about,33.0,51.0,,,1127.0,census_geocoder,107785,9.751916886923299,3.32
473,Masjid Abu Bakr Al-Siddiq,29414 Mission Blvd,Hayward,CA,94544,37.631423060006,-122.048732679148,,2001,,https://www.archnet.org/sites/10403,52.0,67.0,,,130.0,census_geocoder,107785,9.751916886923299,3.32
474,Masjid Muhajireen,185 Folsom ave,Hayward,CA,94544,37.628045199703,-122.058537964998,,1992,,https://www.masjidmuhajireen.org/,,46.0,,,1914.0,census_geocoder,107785,9.751916886923299,3.32
475,Virgin Mary Islamic Center,23575 Cabot Boulevard,Hayward,CA,94545,37.640215713464,-122.134724248347,,,,,,31.0,,,4189.0,census_geocoder,114356,9.690645941066675,3.21
476,Lafayette Masjid,3675 Mount Diablo Boulevard,Lafayette,CA,94549,37.890510072097,-122.128686407898,,,,,,78.0,,,4213.0,census_geocoder,234516,3.0250617719731734,2.65
477,Lamorinda Muslim Community Center,3435 Mount Diablo Boulevard,Lafayette,CA,94549,37.892898402834,-122.112072752439,,,,,,88.0,,,4218.0,census_geocoder,234516,3.0250617719731734,2.65
478,Islamic Center of Livermore,3820 East Ave,Livermore,CA,94550,37.680034325675,-121.754272024365,,1994,,https://www.independentnews.com/culture/islamic-center-opens-doors-and-minds/article_1ed6eb3a-e496-11ef-9ece-dfe65518e443.html,,77.0,,,779.0,census_geocoder,180295,4.829516642664449,2.80
479,Mci East Bay,65 Trevarno rd,Livermore,CA,94551,37.69096378433,-121.747662611588,,-,No Basic Information,,,34.0,,,2032.0,census_geocoder,145392,4.7683310841205575,2.68
480,Imam Ali Islamic Center,9875 Dublin Canyon rd,Castro Valley,CA,94552,,,,-,Information Without Year,,,0.0,,,1144.0,,212605,6.481545599335226,2.87
481,Islamic Society of East Bay,33330 Peace Terrace,Fremont,CA,94555,37.580277999607,-122.055370428658,,1998,,https://prayersconnect.com/mosques/84090629-lowry-masjid-islamic-society-of-east-bay-fremont-california-united-states,32.0,52.0,,,1459.0,census_geocoder,219938,4.611027997435349,3.16
482,American Muslim Society Musalla,2820 Jefferson St,Napa,CA,94558,38.314452256159,-122.297397144311,,2024,,https://napamosque.weebly.com/masjid-information.html,31.0,86.0,,,1484.0,census_geocoder,113269,8.46524651192389,2.55
483,Al-Medina Education Center (MEC Masjid),5880 Thornton Avenue,Newark,CA,94560,37.538364437986,-122.029252452814,,,,,,81.0,,,3976.0,census_geocoder,169064,4.316824050876855,3.07
484,Islamic Educational & Cultural Research Center,5758 Mowry School Road,Newark,CA,94560,37.521078067435,-121.992752581635,,,,,,81.0,,,3975.0,census_geocoder,169064,4.316824050876855,3.07
485,Rahma Community Center (Future Home),Oakley Road,Oakley,CA,94561,37.9978668,-121.7337408,,,,,,8.0,,,3968.0,nominatim,134678,6.532033125040542,3.28
486,Baitus Salaam Mosque,520 Pacifica Avenue,Bay Point,CA,94565,38.034008210759,-121.976280756539,,-,Information Without Year,(714) 262-3064,,23.0,,,622.0,census_geocoder,95556,11.978288787222088,3.27
487,Pittsburg Islamic Center,300 E 10th st,Pittsburg,CA,94565,38.027335241824,-121.883019548501,,1989,,https://en.wikipedia.org/wiki/Islamic_Center_of_Pittsburgh,,80.0,,,2133.0,census_geocoder,95556,11.978288787222088,3.27
488,Islamic Center of Zahra,1059 Serpentine Ln,Pleasanton,CA,94566,37.671347777079,-121.867564973575,,2009,,https://prayersconnect.com/mosques/84061679-islamic-center-of-zahra-icz-pleasanton-california-united-states,33.0,46.0,,,1384.0,census_geocoder,191155,4.635339629081807,2.75
489,Tawheed Islamic Center,7021 Village Parkway,Dublin,CA,94568,37.708464484964,-121.925493291084,,,,,,82.0,,,4091.0,census_geocoder,214385,4.526243437312625,2.83
490,Masjid Ar-Raheem,325 Rodeo Avenue,Rodeo,CA,94572,38.034011759508,-122.268383674703,,,,,,68.0,,,3984.0,census_geocoder,91484,8.416007134098763,2.97
491,Masjid Al-Farooq (San Leandro Islamic center Ã™Â…Ã˜Â³Ã˜Â¬Ã˜Â¯ Ã˜Â§Ã™Â„Ã™ÂÃ˜Â§Ã˜Â±Ã™ÂˆÃ™Â‚),16635 East 14th Street,San Leandro,CA,94578,37.692497772053,-122.110578264854,,,,,44.0,77.0,,,4040.0,census_geocoder,94084,11.665000121942297,2.94
492,San Ramon Mosque,2238 Camino Ramon,San Ramon,CA,94583,37.778477347091,-121.968429658569,,,,,,50.0,,,4070.0,census_geocoder,184898,3.6070975918884662,2.84
493,San Ramon Valley Islamic Center,2230 Camino Ramon,San Ramon,CA,94583,37.778692010396,-121.968569459738,,1992,,https://srvic.org/about/,,56.0,,,410.0,census_geocoder,184898,3.6070975918884662,2.84
494,Masjid Al-Huda Ã™Â…Ã˜Â³Ã˜Â¬Ã˜Â¯,3880 Smith Street,Union City,CA,94587,37.596404652326,-122.078550930997,,,,,,84.0,,,4033.0,census_geocoder,133715,7.219135848438361,3.13
495,Mustafa Institute of California,33527 Western Avenue,Union City,CA,94587,37.593039853595,-122.034418465802,,,,,,65.0,,,4032.0,census_geocoder,133715,7.219135848438361,3.13
496,Muslim Community Center of East Bay,5724 E Las Positas Blvd Suite 300,Pleasanton,CA,94588,37.686414145319,-121.890446575772,,2010,,https://mcceastbay.org/about/,35.0,38.0,,,2089.0,census_geocoder,191073,6.082696681635272,2.73
497,Islamic Center of Vallejo,1181 Lewis Ave,Vallejo,CA,94591,38.086269719886,-122.215643466201,,2012,,"https://www.islamiccenterofvallejo.org/about/history/#:~:text=The%20Islamic%20Center%20of%20Vallejo,home%20at%20727%20Sonoma%20Boulevard.",,47.0,,,1365.0,census_geocoder,104550,9.818100234709375,2.88
498,slamic Center of Walnut Creek (Darul-Islam Mosque),2449 Buena Vista ave,Concord,CA,94597,37.913267090532,-122.072313485866,,-,Information Without Year,,54.0,97.0,,,1070.0,census_geocoder,132063,8.057797448581098,2.13
499,Masjid Wahadah,4820 International Boulevard,Oakland,CA,94601,37.769815286205,-122.209229096618,,,,,57.0,93.0,,,3970.0,census_geocoder,72359,16.669195751138087,3.13
500,Masjid Waritheen,1652 47th Ave,Oakland,CA,94601,37.772030931021,-122.209537708358,,1992,,https://www.archnet.org/sites/10418,59.0,93.0,,,2001.0,census_geocoder,72359,16.669195751138087,3.13
501,Muhammad Mosque,5277 Foothill Boulevard,Oakland,CA,94601,37.772532744374,-122.201240090063,,,,,53.0,84.0,,,3969.0,census_geocoder,72359,16.669195751138087,3.13
502,Jammatus Salam,1529 MacArthur Blvd,Oakland,CA,94602,37.800800130754,-122.225377174312,,-,No Basic Information,(510) 395-1796,58.0,83.0,,,1513.0,census_geocoder,122263,8.440529750966352,2.52
503,Masjid Al Islam,8210 Macarthur,Oakland,CA,94605,37.762656009254,-122.164702994091,,1981,,https://www.launchgood.com/campaign/dont_let_the_masjid_close,55.0,71.0,,,1601.0,census_geocoder,106068,12.26903009728646,2.64
504,As-Salam Mosque,1005 7th St,Oakland,CA,94607,37.803073863679,-122.285219973827,,2020,,https://www.bizprofile.net/ca/oakland/as-salam-mosque-of,78.0,86.0,,,228.0,census_geocoder,94863,19.363200112087988,2.10
505,Masjid Abu Bakar,948 62Nd st,Emeryville,CA,94608,37.846195619772,-122.277334816071,,1983,,https://bamcgroup14.weebly.com,61.0,91.0,,,129.0,census_geocoder,120239,17.12903601818394,2.06
506,Eritrean Muslim Community of Northern California (EMCNC),3315 Telegraph Avenue,Oakland,CA,94609,37.821850868521,-122.266580779414,,,,,73.0,87.0,,,3973.0,census_geocoder,107834,10.183100386592464,2.13
507,Lighthouse Mosque,4606 Martin Luther King Way,Oakland,CA,94609,37.834320545416,-122.267204903131,,2007,,https://www.archnet.org/sites/10413,69.0,91.0,,,118.0,census_geocoder,107834,10.183100386592464,2.13
508,Masjid Al-Iman,5625 Shattuck ave,Oakland,CA,94609,37.841631371369,-122.264836110316,,2001,,"https://www.causeiq.com/organizations/masjid-al-iman-naqshbandi-sufi-order,943362957/",60.0,93.0,,,1696.0,census_geocoder,107834,10.183100386592464,2.13
509,Oakland Islamic Center,515 31st Street,Oakland,CA,94609,37.820002567756,-122.267476332058,,1992,,https://www.archnet.org/sites/10418,67.0,94.0,,,600.0,census_geocoder,107834,10.183100386592464,2.13
510,Islamic Cultural Center of Northern California (ICCNC),1433 Madison St,Oakland,CA,94612,37.801894695371,-122.2639483253,,1995,,https://www.archnet.org/sites/10408,86.0,97.0,,,2286.0,census_geocoder,74037,21.906861394323503,1.56
511,Masjid Al-Saleh,1669 83rd Avenue,Oakland,CA,94621,37.756531089403,-122.175740256738,,,,,56.0,71.0,,,3971.0,census_geocoder,52049,19.78240837073809,3.19
512,Berkeley Masjid,2716 Derby Street,Berkeley,CA,94705,37.862125622568,-122.252699408098,,1990,,https://berkeleymasjid.org/about.html,58.0,94.0,,,533.0,census_geocoder,167970,10.25306359219781,2.33
513,Masjid Noor,1330 Cutting Blvd,Richmond,CA,94801,37.925145743139,-122.356588254847,,2000,,https://www.masjidalnoorrichmond.com/,39.0,70.0,,,1926.0,census_geocoder,81728,14.491021542322747,3.14
514,Muslim Mission Center - Richmond Masjid Taqwa,322 Harbour Way,Richmond,CA,94801,37.935983479257,-122.359923032294,,,,,56.0,83.0,,,3964.0,census_geocoder,81728,14.491021542322747,3.14
515,Islamic Society Of West Contra Costa County,1110 36th Street,Richmond,CA,94804,37.949352883178,-122.332846118374,,1993,,https://prayersconnect.com/mosques/84088317-masjid-al-rahman-islamic-society-of-west-contra-costa-county-richmond-california-united-states,43.0,81.0,,,629.0,census_geocoder,91037,15.793361237325692,2.74
516,San Pablo,"San Pablo, CA 94806, USA",San Pablo,CA,94806,,,,,,,48.0,90.0,,,4071.0,,86034,12.552403634406145,2.98
517,Islamic Center of Mill Valley,62 Shell Rd,Mill Valley,CA,94941,37.906278645349,-122.52232818729,,1989,,https://www.mvmasjid.com/islamic_center_of_mill_valley/,,54.0,,,65.0,census_geocoder,209870,5.81760039357973,2.51
518,Islamic Center of North Marin,7078 Redwood Boulevard,Novato,CA,94945,38.099611595903,-122.566887729399,,,,,42.0,72.0,,,3980.0,census_geocoder,107790,8.385410748778547,2.47
519,Islamic Center of Petaluma,222 Bassett st,Petaluma,CA,94952,38.230401655767,-122.645319122496,,2000,,https://www.petalumanews.com/2017/03/23/petaluma-muslims-neighbors-connect-amid-tensions/,35.0,86.0,,,1320.0,census_geocoder,117343,6.735533467463439,2.37
520,Masjid Al Rasool,400 Budd ave,Campbell,CA,95008,37.279687972052,-121.957201215345,,-,No Basic Information,,46.0,67.0,,,1622.0,census_geocoder,141131,6.379177831785795,2.51
521,Islamic Center of Santa Cruz,4401 Capitola rd No.2,Capitola,CA,95010,36.973789386375,-121.959936726387,,1996,,https://scmasjid.org/,,85.0,,,1339.0,census_geocoder,105236,11.885245901639344,2.02
522,Islamic Center of Castroville in Castroville,11080 Cooper St,Castroville,CA,95012,36.768514053621,-121.760377443407,,2000,,"https://www.causeiq.com/organizations/islamic-center-of-castroville,770490104/",,65.0,,,370.0,census_geocoder,80288,16.34917699278713,4.11
523,West Valley Muslim Assoc.,16769 Farley Road,Los Gatos,CA,95032,37.240157264599,-121.963401989493,,,,,,80.0,,,4179.0,census_geocoder,203727,4.157078167916264,2.58
524,Ismaili Jamatkhana,691 South Milpitas Boulevard,Milpitas,CA,95035,37.422792307168,-121.893501444619,,,,,53.0,43.0,,,4173.0,census_geocoder,178654,5.863691915646046,3.06
525,Masjid Darus Salaam,374 Turquoise Street,Milpitas,CA,95035,37.426861528177,-121.896385611191,,1992,,https://alhilaal.org/a/about/,36.0,44.0,,,382.0,census_geocoder,178654,5.863691915646046,3.06
526,Milpitas Musallah,90 Dempsey Road,Milpitas,CA,95035,37.433978255237,-121.88636356329,,2020,,https://prayersconnect.com/mosques/84048680-milpitas-musallah-milpitas-california-united-states,31.0,79.0,,,377.0,census_geocoder,178654,5.863691915646046,3.06
527,The Milpitas Mosque - Baitul Baseer,926 Evans Road,Milpitas,CA,95035,37.448484081067,-121.886432551052,,,,,25.0,53.0,,,4172.0,census_geocoder,178654,5.863691915646046,3.06
528,South Valley Islamic Community,14770 Columbet ave,San Martin,CA,95046,37.109781276648,-121.602072848098,,2002,,https://www.guidestar.org/profile/91-2126635,,1.0,,,2170.0,census_geocoder,158550,8.625893566322478,3.37
529,Dar Us Salam Masjid,90 Dempsey Rd,Milpitas,CA,95050,37.433978255237,-121.88636356329,,2019,,https://dsmasjid.com/about-us,31.0,79.0,,,1059.0,census_geocoder,138466,12.674863317846969,2.45
530,Masjid Al-Noor,1755 Catherine St,Santa Clara,CA,95050,37.350193850752,-121.95535773836,,1984,,https://dome.mit.edu/handle/1721.3/62329?show=full,49.0,85.0,,,482.0,census_geocoder,138466,12.674863317846969,2.45
531,Muslim Community Association,1755 Catherine Street,Santa Clara,CA,95050,37.350193850752,-121.95535773836,,,,,49.0,85.0,,,4061.0,census_geocoder,138466,12.674863317846969,2.45
532,Rahman Islamic Services,2138 Main Street,Santa Clara,CA,95050,37.361889761444,-121.957656188642,,,,,36.0,63.0,,,4060.0,census_geocoder,138466,12.674863317846969,2.45
533,Muslim American Society,2322 Walsh Avenue,Santa Clara,CA,95051,37.369368761418,-121.96625928906,,,,,26.0,40.0,,,4063.0,census_geocoder,196690,6.909126113334193,2.55
534,CAIR San Francisco Bay Area (CAIR-SFBA),3350 Scott Boulevard,Santa Clara,CA,95054,37.380555761345,-121.978624434709,,,,,36.0,31.0,,,4066.0,census_geocoder,207895,5.21431380259536,2.54
535,ICNA SF Bay Area,2996 Scott Boulevard,Santa Clara,CA,95054,37.375929788671,-121.959711698998,,,,,27.0,41.0,,,4065.0,census_geocoder,207895,5.21431380259536,2.54
536,MCA 3.0,3082 Alfred Street,Santa Clara,CA,95054,37.379091773286,-121.958695047173,,,,,26.0,41.0,,,4064.0,census_geocoder,207895,5.21431380259536,2.54
537,Muslim Community Association,3003 Scott Boulevard,Santa Clara,CA,95054,37.376153457291,-121.959683154922,,1994,,https://www.mcabayarea.org/about-us/,26.0,42.0,,,436.0,census_geocoder,207895,5.21431380259536,2.54
538,Muslim Community Association,3003 Scott Boulevard,Santa Clara,CA,95054,37.376153457291,-121.959683154922,,,,,26.0,42.0,,,4062.0,census_geocoder,207895,5.21431380259536,2.54
539,Islamic Center of Santa Cruz,900 17th Ave,Live Oak,CA,95062,36.967443292148,-121.985127339038,,2012,,"https://scmasjid.org/about-us/#:~:text=The%20Santa%20Cruz%20Muslim%20community,owned%20building%20on%2017th%20Avenue.",29.0,68.0,,,294.0,census_geocoder,112106,12.198859283221248,2.23
540,Saratoga Center,12361 Saratoga Sunnyvale Road,Saratoga,CA,95070,37.289428698441,-122.032480914931,,,,,,67.0,,,4036.0,census_geocoder,250001,3.4182563052106008,2.79
541,Saratoga Prospect Center,19848 Prospect Road,Saratoga,CA,95070,37.2930665,-122.0208454,,,,,,23.0,,,4016.0,nominatim,250001,3.4182563052106008,2.79
542,West Valley Muslim Associatio,12372 Saratoga Sunnyvale Road,Saratoga,CA,95070,37.288596922283,-122.032246506374,,,,,,67.0,,,4015.0,census_geocoder,250001,3.4182563052106008,2.79
543,West Valley Muslim Association,12370 Saratoga Sunnyvale rd,Saratoga,CA,95070,37.288608721915,-122.032245745106,,2007,,https://www.zoominfo.com/c/west-valley-muslim-association/355834344,,67.0,,,223.0,census_geocoder,250001,3.4182563052106008,2.79
544,Islamic Center of Watsonville,734 East Lake Avenue,Watsonville,CA,95076,36.921135575184,-121.74725243237,,,,,32.0,79.0,,,4029.0,census_geocoder,91099,13.796974133723769,3.29
545,Afghan Islamic Association,32 Rancho Drive,San Jose,CA,95111,37.281975283198,-121.838277298814,,,,,53.0,71.0,,,4045.0,census_geocoder,101435,9.150613728554621,3.66
546,South Bay Afghan Islamic Community Centre,32 Rancho Drive,San Jose,CA,95111,37.281975283198,-121.838277298814,,,,,53.0,71.0,,,4041.0,census_geocoder,101435,9.150613728554621,3.66
547,Blossom Valley Muslim Community Center,5885 Santa Teresa Blvd Suite 113,San Jose,CA,95123,37.236801932376,-121.83329729182,,2008,,"https://www.causeiq.com/organizations/blossom-valley-muslim-community-center,113650295/",33.0,77.0,,,995.0,census_geocoder,144276,5.948821161587119,2.84
548,Abrahamic Alliance International,1930 Camden Avenue,San Jose,CA,95124,37.261683767793,-121.926208910913,,,,,34.0,86.0,,,4047.0,census_geocoder,185926,4.097286463151403,2.94
549,Arab American Cultural Center of Silicon Valley,3968 Twilight Drive,San Jose,CA,95124,37.256664598991,-121.943626685067,,,,,34.0,59.0,,,4043.0,census_geocoder,185926,4.097286463151403,2.94
550,Afghan Musallah,294 Barnard Avenue,San Jose,CA,95125,37.306228008739,-121.876029150785,,,,,53.0,50.0,,,4044.0,census_geocoder,160738,6.178888950758209,2.58
551,Masjid Al Rasool,552 S Bascan ave,San Jose,CA,95128,,,,1981,,https://www.archnet.org/sites/10419,,79.0,,,1623.0,,131152,9.877762686751451,2.33
552,Islamic Community of Bay Area Bosniaks,345 Northlake Dr,San Jose,CA,95129,37.321802272557,-121.968462093504,,1997,,https://prayersconnect.com/mosques/84063990-islamic-community-of-bay-area-bosniaks-san-jose-california-united-states,44.0,83.0,,,1393.0,census_geocoder,195708,4.319139093808585,2.91
553,South Bay Islamic Association,2345 Harris Way,San Jose,CA,95131,37.40357347893,-121.904892122573,,2013,,"https://sbia.info/history/#:~:text=2005:%20SBIA%20celebrated%20its%2025,Suffa%2C%20learning@SBIA%20initiative.",46.0,50.0,,,376.0,census_geocoder,170255,8.041879436040723,3.11
554,Saba,4415 Fortran Ct.,San Jose,CA,95134,37.420733816226,-121.957116891436,,2005,,https://www.saba-igc.org/general/about-saba,35.0,41.0,,,211.0,census_geocoder,203649,5.627719899775814,2.17
555,Silver Creek Musalla,5978 Silver Creek Valley Road,San Jose,CA,95138,37.258553960514,-121.78552640219,,,,,24.0,24.0,,,4042.0,census_geocoder,204476,5.763933036660309,3.38
556,Evergreen Islamic Center,2486 Ruby ave,San Jose,CA,95148,37.339301007484,-121.785799363677,,2012,,https://sbia.info/2012/06/groundbreaking-ceremony-sbia-evergreen-center/,14.0,6.0,,,29.0,census_geocoder,167257,6.213024356484272,3.68
557,Masjid Al Eman,2842 Country Club Boulevard,Stockton,CA,95203,37.963442303106,-121.338914956182,,2011,,https://prayersconnect.com/mosques/84075186-masjid-al-emaan-stockton-california-united-states,28.0,66.0,,,552.0,census_geocoder,63411,22.099412619213034,2.80
558,Iqra Center,1640 East Poplar Street,Stockton,CA,95205,37.965010745585,-121.271718505877,,,,,40.0,79.0,,,4004.0,census_geocoder,60325,22.68114651949439,3.69
559,Islamic Center of Stockton,1130 S Pilgrim st,Stockton,CA,95205,37.943946302926,-121.272341891448,,1979,,https://icstockton.org/,39.0,57.0,,,1352.0,census_geocoder,60325,22.68114651949439,3.69
560,Masjid As Sadiq,2065 E 8th st,Stockton,CA,95206,37.934293346701,-121.254065286071,,1998,,https://prayersconnect.com/mosques/84095246-masjid-us-sadiq-stockton-california-united-states,,55.0,,,1807.0,census_geocoder,83432,17.04061470911087,3.86
561,Masjid Al-Emaan,4212 N Pershing ave Suite B21,Stockton,CA,95207,37.98412897032,-121.319720242194,,-,No Basic Information,,37.0,74.0,,,1657.0,census_geocoder,69455,18.889840071598115,2.72
562,Stockton Student Mosque,1219 El Monte st,Stockton,CA,95207,37.984352356018,-121.318338021157,,1980,,https://www.recordnet.com/story/news/2000/11/26/twist-in-tongue-opens-islam/50803058007/,33.0,67.0,,,2175.0,census_geocoder,69455,18.889840071598115,2.72
563,Nur Center,9003 Davis Road,Stockton,CA,95209,38.032128630955,-121.331849365942,,,,,22.0,65.0,,,4003.0,census_geocoder,108675,8.510729429905341,3.36
564,Masjid Hamza,7170 West Lane,Stockton,CA,95210,38.014367045117,-121.294681022443,,,,,34.0,67.0,,,4001.0,census_geocoder,67991,20.244848484848486,3.44
565,Al Arqam Center,5038 East Washington Street,Stockton,CA,95215,37.9648776,-121.2277672,,,,,,21.0,,,4005.0,nominatim,71888,18.068002702094123,3.37
566,Madina Center of Stockton (MCS) - Masjid Umar Farooq,8606 CA-99,Stockton,CA,95215,37.9048159,-121.2230003,,2004,,https://www.facebook.com/hamadali888/,,22.0,,,260.0,nominatim,71888,18.068002702094123,3.37
567,Lodi Mosque,210 Poplar Street,lodi,CA,95240,38.119268709511,-121.268964669132,,1978,,"https://www.lodinews.com/news/article_04d5b8dd-19f8-5dda-87a4-f5335744492c.html#:~:text=Syed%20C.,at%20most%20of%20those%20prayers.",,60.0,,,806.0,census_geocoder,82137,14.41369059574981,3.07
568,Lodi Muslim Mosque,701 South Hutchins Street,Lodi,CA,95240,38.126168284001,-121.279148477669,,2024,,https://www.gofundme.com/f/help-convert-a-church-into-lodi-muslim-islamic-school,,81.0,,,446.0,census_geocoder,82137,14.41369059574981,3.07
569,Masjid Ya Rasool Allah,825 S Central ave,lodi,CA,95240,38.123988295803,-121.265212976027,,2003,,https://www.facebook.com/100092982279151/videos/,,75.0,,,259.0,census_geocoder,82137,14.41369059574981,3.07
570,California Islamic Center,12828 N Lower Sacramento rd,Lodi,CA,95242,38.095381644198,-121.310351217578,,2005,,https://www.lodinews.com/news/article_b48e8262-f366-5438-ad3c-585ac6409a8b.html,,12.0,,,1020.0,census_geocoder,104721,8.019432514257552,2.63
571,"Tracy Islamic Center (TIC) Masjid in Tracy, CA",11970 W Larch Rd,Tracy,CA,95304,37.764955234146,-121.452916391326,,1999,,https://www.tracyislamiccenter.org/TIC-Brochure_Rev3.pdf,,24.0,,,2287.0,census_geocoder,115007,8.315010993403957,3.03
572,Islamic Center of Lathrop,14368 Avon Avenue,Lathrop,CA,95330,37.830358758701,-121.282639205015,,,,,,54.0,,,4186.0,census_geocoder,125421,7.059908365271014,3.98
573,Islamic Center of Manteca,1058 Union Rd,Manteca,CA,95337,37.788677022908,-121.234255104941,,2008,,"https://www.causeiq.com/organizations/islamic-center-of-manteca,204980111/",,37.0,,,630.0,census_geocoder,117137,8.311917929318888,3.44
574,Manteca Islamic Center,1058 Union Rd,Manteca,CA,95337,37.788677022908,-121.234255104941,,2008,,"https://www.causeiq.com/organizations/islamic-center-of-manteca,204980111/",,37.0,,,1549.0,census_geocoder,117137,8.311917929318888,3.44
575,Noori Qudsi Academy,321 Sun West Place,Manteca,CA,95337,37.801444675323,-121.232383393776,,,,,,68.0,,,4177.0,census_geocoder,117137,8.311917929318888,3.44
576,Islamic Center of Merced,2322 North Ashby Road,Merced,CA,95348,37.322160840278,-120.539843515219,,1991,,https://prayersconnect.com/mosques/84039683-islamic-center-of-merced-merced-california-united-states,,10.0,,,561.0,census_geocoder,64944,22.10898001765508,3.22
577,La mera reata,1216 Avignon Drive,Merced,CA,95348,37.341117659363,-120.491357197687,,,,,,1.0,,,4175.0,census_geocoder,64944,22.10898001765508,3.22
578,Central Valley Crescent,5043 Tully Road,Modesto,CA,95356,37.711797760746,-121.013162277662,,,,,,8.0,,,4171.0,census_geocoder,96886,7.6367264262176136,2.85
579,Islamic Center of Modesto,1445 N Carpenter Rd,Modesto,CA,95358,37.622366570028,-121.030492524364,,2008,,https://www.stancounty.com/planning/pl/act-proj/NO.2006-19_EC.pdf,,58.0,,,1289.0,census_geocoder,76924,15.545810598199042,3.61
580,Masjid Al-tawheed - Patterson,16537 California 33,Patterson,CA,95363,,,,,,,,13.0,,,3998.0,,95679,10.53008829374776,3.74
581,Islamic Society of Tracy,350 N Corral Hollow rd,Tracy,CA,95376,37.733286245736,-121.452905610952,,2004,,"https://www.causeiq.com/organizations/islamic-society-of-tracy-islamic-society-of-tracy,201639089/",19.0,46.0,,,1654.0,census_geocoder,102555,10.512588098189015,3.20
582,Turlock Islamic Center,335 South Golden State Boulevard,Turlock,CA,95380,37.492803088632,-120.84396044485,,,,,34.0,87.0,,,4035.0,census_geocoder,74534,14.790039174360267,2.93
583,Mountain House Musalla,620 Escuela Drive,Mountain House,CA,95391,37.77245196242,-121.552234249564,,,,,,18.0,,,4110.0,census_geocoder,176952,5.045009784735812,3.60
584,Islamic Society of Santa Rosa,533 Mendocino Ave,Santa Rosa,CA,95401,38.443102932452,-122.716016026694,,2015,,https://islamicsocietysr.org/about-us,49.0,95.0,,,646.0,census_geocoder,93615,12.821908858278434,2.62
585,Salaam Center of Sonoma,252 West Spain Street,Sonoma,CA,95476,38.294209838473,-122.462052952167,,,,,,82.0,,,4008.0,census_geocoder,105374,10.399360566355513,2.31
586,Ukiah musallah/masjid,816 Waugh Lane,Ukiah,CA,95482,39.140993714635,-123.20135055184,,,,,,62.0,,,4034.0,census_geocoder,69772,18.27635151814367,2.71
587,Masjid,57 Belle Falor Court,Arcata,CA,95521,40.905657658419,-124.068578316435,,,,,,35.0,,,4116.0,census_geocoder,53114,24.424350232236385,2.19
588,Masjid,4836 Marconi Avenue,Carmichael,CA,95608,38.617376744636,-121.352118036585,,,,,,67.0,,,4139.0,census_geocoder,86563,12.758529402031835,2.34
589,Masjid Al Azhar,5715 Marconi Avenue,Carmichael,CA,95608,38.617257212078,-121.331830979276,,,,,,57.0,,,4138.0,census_geocoder,86563,12.758529402031835,2.34
590,Qoba Foundation Ã™Â…Ã˜Â¤Ã˜Â³Ã˜Â³Ã˜Â© Ã™ÂˆÃ˜Â­Ã˜Â³Ã™ÂŠÃ™Â†Ã™ÂŠÃ˜Â© Ã™Â‚Ã˜Â¨Ã˜Â§Ã˜Â¡,4836 Marconi Avenue,Carmichael,CA,95608,38.617376744636,-121.352118036585,,,,,,67.0,,,4137.0,census_geocoder,86563,12.758529402031835,2.34
591,Islamic Center of Davis,539 Russell Boulevard,Davis,CA,95616,38.546332238428,-121.755525728688,,2008,,https://localwiki.org/davis/Islamic_Center_of_Davis,52.0,68.0,,,531.0,census_geocoder,74359,31.75513698630137,2.52
592,Student Community Center,397 Hutchison Drive,Davis,CA,95616,,,,,,,,70.0,,,4087.0,,74359,31.75513698630137,2.52
593,Al-Misbaah,10277 Iron Rock Way,Elk Grove,CA,95624,38.384985888706,-121.358518908239,,,,,,12.0,,,4077.0,census_geocoder,125332,6.801456924106147,3.27
594,Masjid Al-Tawheed,9011 Elk Grove Florin rd,Elk Grove,CA,95624,38.432117718564,-121.371559163526,,2003,,https://www.instagram.com/masjidtawheedeg/?hl=en,,40.0,,,1771.0,census_geocoder,125332,6.801456924106147,3.27
595,Tarbiya House Elk Grove,10471 Grant Line Road,Elk Grove,CA,95624,38.378525091267,-121.358572738939,,,,,,25.0,,,4093.0,census_geocoder,125332,6.801456924106147,3.27
596,Al-Mumtaz Institute,5056 Sunrise Boulevard,Fair Oaks,CA,95628,38.658184476871,-121.272254531268,,2024,,https://almumtazinstitute.org/,,62.0,,,797.0,census_geocoder,115803,7.327702399137388,2.59
597,Masjid Bilal,1143 Sibley st,Folsom,CA,95630,38.660115272389,-121.169737655762,,1992,,https://en.halalguide.me/sakramento/mechet/islamic-society-of-folsom,,58.0,,,1842.0,census_geocoder,139642,5.350600126342388,2.64
598,Muslim Community of Folsom,104 Woodmere Road,Folsom,CA,95630,38.654911095995,-121.185993258679,,,,,,39.0,,,4108.0,census_geocoder,139642,5.350600126342388,2.64
599,California Hazara Community,3542 A Street,North Highlands,CA,95660,38.668460638237,-121.381296992939,,,,,35.0,64.0,,,3974.0,census_geocoder,68235,19.31669974482563,3.26
600,Islamic Jafaria Association,8149 Hazel ave,Orangevale,CA,95662,38.714617877765,-121.225855467926,,2004,,"https://www.causeiq.com/organizations/islamic-jafaria-association,943291971/",,3.0,,,1436.0,census_geocoder,96689,10.378495288119883,2.59
601,Islamic Society of Rancho Cordova,2934 Gold Pan Ct,Rancho Cordova,CA,95670,38.597239386283,-121.267216689511,,2006,,https://is-rc.org/about-us/,31.0,37.0,,,1482.0,census_geocoder,89484,11.525221540558963,2.66
602,Al-Tanzeel Academy,2007 Opportunity Drive,Roseville,CA,95678,38.742788512604,-121.306588131675,,,,,16.0,38.0,,,3963.0,census_geocoder,100554,7.663447663447663,2.49
603,Community of Sacramento Bosniaks - Dzemat Sacramento,319 5th Street,Roseville,CA,95678,38.738061595897,-121.293566894816,,,,,25.0,53.0,,,3958.0,census_geocoder,100554,7.663447663447663,2.49
604,Islamic Society of Placer County,616 Church Street,Roseville,CA,95678,38.748268553986,-121.291130695868,,,,,32.0,67.0,,,3942.0,census_geocoder,100554,7.663447663447663,2.49
605,Islamic Center of Vacaville,131 Bush st,Vacaville,CA,95688,38.357761740151,-121.982166346759,,1997,,https://www.vacavilleislamiccenter.com/about,30.0,92.0,,,81.0,census_geocoder,118186,7.972300692482688,2.82
606,West Sacramento Islamic Center,700 Glide ave,West Sacramento,CA,95691,38.5810909,-121.5452148,,1984,,"https://www.causeiq.com/organizations/islamic-center-of-sacramento,680003633/",29.0,61.0,,,2232.0,nominatim,104750,12.5624875024995,2.75
607,Faizan E Attar,1023 North Street,Woodland,CA,95695,38.679955228286,-121.767011954867,,,,,30.0,78.0,,,4025.0,census_geocoder,79486,9.253851306095111,2.62
608,Faizan-E-Attar Masjid Woodland CA,1023 North Street,Woodland,CA,95695,38.679955228286,-121.767011954867,,,,,30.0,78.0,,,4024.0,census_geocoder,79486,9.253851306095111,2.62
609,Muslim Mosque and Islamic Center of Woodland,1023 North st,Woodland,CA,95695,38.679955228286,-121.767011954867,,1974,,"https://www.dailydemocrat.com/2025/02/23/a-dream-realized-the-grand-ppening-of-our-mosque-clergy-corner/#:~:text=In%201957,%20Khushi%20Muhammad,%20a%20respected%20elder,the%20beginning%20of%20a%20growing,%20close-knit%20community.",30.0,78.0,,,2103.0,census_geocoder,79486,9.253851306095111,2.62
610,"Tarbiya Musallah, Granite Bay",6210 Douglas Boulevard,Granite Bay,CA,95746,38.743778501133,-121.184715624425,,,,,,30.0,,,4195.0,census_geocoder,183305,5.397353894681504,2.86
611,Tarbiya House Roseville,10031 Foothills Boulevard,Roseville,CA,95747,38.783200432582,-121.313694330975,,,,,15.0,23.0,,,3936.0,census_geocoder,136750,4.26177785214045,2.78
612,MAS Sacramento,3155 Dwight Road,Elk Grove,CA,95758,38.427678080593,-121.460183846329,,,,,,32.0,,,4083.0,census_geocoder,117017,7.8590537338530915,2.98
613,Muslim American Society,3551 Dwight Road,Elk Grove,CA,95758,38.434269480528,-121.461607011964,,,,,,6.0,,,4092.0,census_geocoder,117017,7.8590537338530915,2.98
614,Islamic Society of El Dorado Hills,995 Governor Dr. Suite 102,El Dorado Hills,CA,95762,38.686445946494,-121.08025169298,,-,Information Without Year,https://www.muslimguide.com/show/Islamic_Society_of_El_Dorado_Hills_4531,,21.0,,,1461.0,census_geocoder,165467,3.721145355926502,2.78
615,Islamic Center of Woodland,613 East Street,Woodland,CA,95776,38.673671026941,-121.765379762316,,,,,31.0,75.0,,,4023.0,census_geocoder,106698,6.010388325500866,3.26
616,Imam Abu Hanifa Masjid,650 El Camino Avenue,Sacramento,CA,95815,38.611071618613,-121.452078507424,,,,,47.0,88.0,,,3933.0,census_geocoder,60097,21.60365600332364,2.72
617,Muslim Mosque Association,411 V Street,Sacramento,CA,95818,38.56917671449,-121.506702995699,,,,,59.0,73.0,,,3945.0,census_geocoder,118196,10.161447706910316,2.06
618,Muslim Mosque Association/Jame-E-Masjid,411 V st,Sacramento,CA,95818,38.56917671449,-121.506702995699,,1947,,https://www.facebook.com/watch/?v=507871834898553,54.0,84.0,,,1505.0,census_geocoder,118196,10.161447706910316,2.06
619,Masjid Annur,6990 65th St,Sacramento,CA,95820,38.5007857,-121.4310363,,1982,,https://www.masjidannur.com/about-us,,52.0,,,258.0,nominatim,78436,17.095786309760108,2.59
620,Masjid As-Sabur,4926 15th Avenue,Sacramento,CA,95820,38.538486624393,-121.448095637035,,2014,,https://www.theobserver.media/news/new-oak-park-masjid-scheduled-to-open-539ac6a5/,37.0,74.0,,,676.0,census_geocoder,78436,17.095786309760108,2.59
621,CMI,2740 Fulton Avenue,Sacramento,CA,95821,38.61485820584,-121.401345511064,,,,,37.0,85.0,,,3938.0,census_geocoder,64963,17.689635205558773,2.44
622,Hamza Jamia Mosque,2721 Fulton Avenue,Sacramento,CA,95821,38.614665826939,-121.401493119296,,,,,37.0,71.0,,,3930.0,census_geocoder,64963,17.689635205558773,2.44
623,"Darul Uloom Al Sacramento, South Sacramento",7295 25th Street,Sacramento,CA,95822,38.492239213013,-121.480534485671,,,,,43.0,43.0,,,3937.0,census_geocoder,86801,11.883480857878677,2.76
624,South Sacramento Islamic Center,7285 25th St,Sacramento,CA,95822,38.492404796931,-121.480329867244,,1980,,https://www.cde.ca.gov/schooldirectory/details?cdscode=34674397094493,41.0,46.0,,,2169.0,census_geocoder,86801,11.883480857878677,2.76
625,Masjid Al Farooq,7486 Center Parkway,Sacramento,CA,95823,38.487019739712,-121.447189746556,,,,,,53.0,,,3941.0,census_geocoder,66895,19.472463001478737,3.41
626,Ar-Rahman Mosque,3421 Arden Way,Sacramento,CA,95825,38.595813982514,-121.384458138154,,,,,34.0,76.0,,,3939.0,census_geocoder,64602,24.32463142345823,2.24
627,Fulton Mosque,1852 Fulton Avenue,Sacramento,CA,95825,38.59925605859,-121.401351707838,,,,,35.0,55.0,,,3935.0,census_geocoder,64602,24.32463142345823,2.24
628,Masjid Al-Siddiq,2629 Alta Arden Expressway,Sacramento,CA,95825,38.599912716014,-121.400709751789,,,,,39.0,76.0,,,3944.0,census_geocoder,64602,24.32463142345823,2.24
629,SALAM Arden Center,985 Enterprise Drive,Sacramento,CA,95825,38.584078010276,-121.415868640687,,,,,32.0,65.0,,,3956.0,census_geocoder,64602,24.32463142345823,2.24
630,Masjid Ahlulbay,9261 Folsom Boulevard,Sacramento,CA,95826,38.562932292791,-121.355628365292,,,,,,52.0,,,3931.0,census_geocoder,82127,16.556574155469043,2.51
631,Masjid Imam-e-Azam (Rh),9261 Folsom Boulevard,Sacramento,CA,95826,38.562932292791,-121.355628365292,,,,,,52.0,,,3962.0,census_geocoder,82127,16.556574155469043,2.51
632,Masjid Salehin,9227 Folsom Boulevard,Sacramento,CA,95826,38.562182450249,-121.357129568489,,,,,,63.0,,,3946.0,census_geocoder,82127,16.556574155469043,2.51
633,Masjid Saliheen,9225 Folsom Boulevard,Sacramento,CA,95826,38.562138341864,-121.357217874559,,,,,,58.0,,,3961.0,census_geocoder,82127,16.556574155469043,2.51
634,Maunatul Muslimeen Society of CA (Islamic Center) - MMSC - Sacramento,7392 French Road,Sacramento,CA,95828,38.489132035974,-121.390484596106,,,,,,51.0,,,3960.0,census_geocoder,81778,14.081712315399129,3.42
635,Mosque,7040 Bandy Road,Sacramento,CA,95829,38.499165127336,-121.369857597671,,,,,,13.0,,,3959.0,census_geocoder,105395,12.052896725440807,3.37
636,Faizan e Madinah Masjid & Dar-Ul-Madinah (Islamic Elementary School),4110 North Freeway Boulevard,Sacramento,CA,95834,38.643927026067,-121.478950313828,,,,,,33.0,,,3943.0,census_geocoder,101260,12.020968409435785,2.77
637,Tarbiya House Natomas,3780 Rosin Court,Sacramento,CA,95834,38.637267082906,-121.475460320818,,,,,26.0,30.0,,,3954.0,census_geocoder,101260,12.020968409435785,2.77
638,Masjid Ibrahim,3449 Rio Linda Blvd,Sacramento,CA,95838,38.630804193871,-121.446150174843,,2013,,https://www.intellispect.co/organizations/455581246-masjid-ibrahim-islamic-center,32.0,43.0,,,1886.0,census_geocoder,68349,18.14955451319088,3.36
639,Hazrat Bilal Masjid,5330 Auburn Boulevard,Sacramento,CA,95841,38.666410781419,-121.340228976827,,,,,34.0,83.0,,,3934.0,census_geocoder,61054,16.37207465192061,2.45
640,Islamic Center of North Sacramento,5149 Madison Avenue,Sacramento,CA,95841,38.66086998692,-121.344877345717,,,,,33.0,83.0,,,3932.0,census_geocoder,61054,16.37207465192061,2.45
641,Salam Islamic Center,4541 College Oak Dr.,Sacramento,CA,95841,38.647031789904,-121.350653824746,,2011,,https://www.wrmea.org/2011-august/northern-california-chronicle-salam-masjid-and-center-for-higher-islamic-learning-opens-in-sacramento.html,36.0,31.0,,,2157.0,census_geocoder,61054,16.37207465192061,2.45
642,SALAM Islamic Center,4545 College Oak Drive,Sacramento,CA,95841,38.64707303109,-121.350653659776,,,,,36.0,31.0,,,3955.0,census_geocoder,61054,16.37207465192061,2.45
643,North highland,5675 Hillsdale Boulevard,Sacramento,CA,95842,38.671202720745,-121.358708140985,,,,,,64.0,,,3957.0,census_geocoder,68276,18.510009845749916,2.91
644,Bilal Islamic Center,1488 North Beale Road,Linda,CA,95901,39.127382809174,-121.562059810434,,,,,,51.0,,,4200.0,census_geocoder,69776,19.08470752538003,2.77
645,Islamic Center of Chicago,1316 Nord Ave,Chico,CA,95926,39.733059186525,-121.863296279221,,1979,,https://www.chicoislamiccenter.org/about-icc,,64.0,,,48.0,census_geocoder,61920,26.66106192365289,2.23
646,Islamic Center of Live Oak,2825 Fir Street,Live Oak,CA,95953,39.274105518972,-121.666184426116,,,,,,63.0,,,4184.0,census_geocoder,74786,15.362106803218728,3.18
647,Islamic Center of Yuba City,3636 Tierra Buena Rd,Yuba City,CA,95993,39.181204137797,-121.66232381353,,1994,,https://eastbayexpress.com/documentary-tells-story-of-first-mosque-destroyed-by-arson-1/,,0.0,,,1382.0,census_geocoder,93763,12.59746966176091,3.02
648,Islamic Center of Redding,2747 Bechelli Ln,Redding,CA,96002,40.567204539865,-122.362523828213,,-,Information Without Year,,22.0,60.0,,,1329.0,census_geocoder,73222,10.406351889868374,2.56
649,Burmese Islamic Association of Colorado (Masjid Al-Ansar),1395 Macon St,Aurora,CO,80010,39.738161667015,-104.855348999611,,2017,,"https://www.causeiq.com/organizations/burmese-association-of-colorado,815216250/",54.0,83.0,,,2730.0,census_geocoder,63579,21.231503579952268,2.92
650,"Masjid Bilal, Colorado Oromo Muslim Community Center",1591 Fulton St,Aurora,CO,80010,39.741776631115,-104.870611430296,,2017,,"https://www.causeiq.com/organizations/colorado-oromo-muslim-community-center,455153806/",52.0,88.0,,,2303.0,census_geocoder,63579,21.231503579952268,2.92
651,Al Mustafa Islamic Center,1880 Eagle St,Aurora,CO,80011,39.745212527485,-104.816994287076,,2011,,"https://www.causeiq.com/organizations/al-mustafa-islamic-center,271350207/",52.0,55.0,,,2307.0,census_geocoder,74022,16.410371955913554,2.88
652,Umar ibn Al-Khattab Mosque,16251 E Colfax Ave # 208,Aurora,CO,80011,39.740333863306,-104.798270138658,,2012,,https://www.facebook.com/ourcmcc.org/,42.0,49.0,,,2304.0,census_geocoder,74022,16.410371955913554,2.88
653,CMCC Colorado Muslims Community Center,15528 E Hampden Cir,Aurora,CO,80013,39.651590131101,-104.807573168502,,1964,,https://coloradomuslimsociety.org/cms-history/,36.0,76.0,,,2297.0,census_geocoder,101191,10.126911545254165,2.84
654,Islamic Center of Aurora CO - Masjid ArRahmah,16744 E Iliff Ave,Aurora,CO,80013,39.673610280815,-104.793483897953,,2022,,"https://www.causeiq.com/organizations/islamic-center-of-aurora-colorado,861636064/",33.0,69.0,,,2305.0,census_geocoder,101191,10.126911545254165,2.84
655,Masjid Al-Salam (Colorado Islamic Center),14201 E Evans Dr,Aurora,CO,80013,39.679880873361,-104.822726490742,,2001,,https://coislamiccenter.com/about-us/,43.0,39.0,,,2296.0,census_geocoder,101191,10.126911545254165,2.84
656,Masjid Boris Shamanov at CVA,10805 E Bethany Dr 1st Floor,Aurora,CO,80014,39.66322276001,-104.862427383594,,-,Information Without Year,https://www.mapquest.com/us/colorado/masjid-boris-shamanov-at-cva-528727084,44.0,77.0,,,2301.0,census_geocoder,73210,10.147081432890893,2.08
657,Majid Khadeeja,7007 S Clinton St,Greenwood Village,CO,80112,39.589475180485,-104.87861757585,,2008,,https://www.khadeejah.org/about-us,,47.0,,,1542.0,census_geocoder,108874,4.188569044639133,2.16
658,Masjid Al Taqwah,2505 E Bruce Randolph Av.E,Denver,CO,80205,39.765767870807,-104.957209431489,,-,No Basic Information,,42.0,73.0,,,1631.0,census_geocoder,104836,16.534009737893232,1.85
659,Masjid Shuhada (Downtown Denver Islamic Center),2958 N Downing St,Denver,CO,80205,39.758980347718,-104.973260079126,,2022,,https://www.theddic.org/wp-content/uploads/2025/04/DDIC-AnnualReport-FINAL-2024.pdf,56.0,91.0,,,182.0,census_geocoder,104836,16.534009737893232,1.85
660,Lady Fatima Center,2586 Colorado Blvd,Denver,CO,80207,39.75417857853,-104.940478107147,,2011,,https://denvermasjid.org/,44.0,65.0,,,2300.0,census_geocoder,115542,10.250269991078556,2.42
661,Northeast Denver Islamic Center,3400  Albion Street,Denver,CO,80207,39.764516869732,-104.939226862528,,1975,,https://northeastdenverislamiccenter.com/about-us,46.0,63.0,,,568.0,census_geocoder,115542,10.250269991078556,2.42
662,Bosnian Educational And Cultural Center,3550 Sheridan Blvd,Denver,CO,80212,39.766169427461,-105.053160209986,,2009,,https://www.guidestar.org/profile/26-3074816,41.0,76.0,,,1001.0,census_geocoder,124972,9.440627117003775,2.02
663,Masjid Ahl-Al-Bait,201 S Lowell Blvd,Denver,CO,80219,39.713317834766,-105.034973267412,,1990,,https://pluralismarchive.hsites.harvard.edu/masjid-ahl-ul-bait-shiite-mosque,41.0,78.0,,,1583.0,census_geocoder,68415,17.813491795529746,2.78
664,Denver Islamic Society- An-Nur Masjid,2124 S Birch St,Denver,CO,80222,39.677978924694,-104.936252466562,,1992,,"https://www.causeiq.com/organizations/denver-islamic-society,311363826/",52.0,81.0,,,2294.0,census_geocoder,86472,7.1493251692466915,2.01
665,IOCC (Islamic Outreach Center of Colorado),1582 S Parker Rd Suites 109-110,Denver,CO,80231,39.687446133096,-104.887006604146,,2021,,"https://www.causeiq.com/organizations/islamic-outreach-center-of-colorado,843499136/",,58.0,,,2306.0,census_geocoder,76502,15.391513928591447,2.18
666,Masjid Abu Bakr,2071 S Parker Rd,Denver,CO,80231,39.679047407395,-104.876226842538,,1983,,https://www.archnet.org/sites/10387,,74.0,,,1574.0,census_geocoder,76502,15.391513928591447,2.18
667,Rocky Mountain Islamic Center,8054 E Jewel ave,Denver,CO,80232,39.682344758752,-104.895135494381,,1964,,"https://coloradomuslimsociety.org/#:~:text=The%20Colorado%20Muslim%20Society%20(CMS)%20was%20established,to%20complete%20these%20projects%20and%20other%20repairs.",36.0,40.0,,,2152.0,census_geocoder,96217,9.184965294451478,2.39
668,Masjid Ikhlas | Metropolitan Denver North Islamic Center,11141 Irma Dr,Northglenn,CO,80233,39.898697933564,-104.966482584956,,1999,,https://thigmos.com/masjid-ikhlas-metropolitan-denver-north-islamic-center/about,38.0,48.0,,,2298.0,census_geocoder,88880,7.462375887262963,2.66
669,Al-Zahraa Islamic Center,2885 S Bryant St,Denver,CO,80236,39.664003278966,-105.018045446318,,2010,,"https://www.causeiq.com/organizations/alzahraa-center,262783311/",37.0,53.0,,,2302.0,census_geocoder,86115,9.128811449906658,2.59
670,Islamic Center of Boulder,3415 18 Street Northeast,Boulder,CO,80303,41.5947346,-93.4914875,,1981,,https://www.dailycamera.com/2011/02/14/boulder-county-muslims-raising-700000-to-build-new-mosque/,41.0,45.0,,,43.0,nominatim,78555,23.149461737461404,2.03
671,Islamic Center of Boulder (ICB),5495 Baseline Rd,Boulder,CO,80303,40.000197085466,-105.225457798953,,1970,,https://prayersconnect.com/mosques/84077544-islamic-center-of-boulder-boulder-colorado-united-states,31.0,46.0,,,2299.0,census_geocoder,78555,23.149461737461404,2.03
672,Islamic Center of Golden,1940 Ford St,Golden,CO,80401,39.750498989502,-105.213602409804,,1992,,https://prayersconnect.com/mosques/84055497-islamic-center-of-golden-golden-colorado-united-states,32.0,84.0,,,836.0,census_geocoder,118039,8.979263627281368,2.37
673,Islamic Centre of Fort Collins,925 West Lake Street,Fort Collins,CO,80521,40.568742868636,-105.093230039165,,2013,,https://www.coloradogives.org/organization/Icfc,45.0,66.0,,,510.0,census_geocoder,58082,32.646124523506984,2.20
674,Islamic Center of Fort Collins,925 W Lake Street,Fort Collins,CO,80524,40.568742868636,-105.093230039165,,2013,,https://www.coloradogives.org/organization/Icfc,45.0,66.0,,,1240.0,census_geocoder,85035,14.163165706523106,2.28
675,Islamic Center of Greeley,1600 8th Avenue,Greeley,CO,80631,40.413688761977,-104.690862670942,,-,Information Without Year,,,74.0,,,1252.0,census_geocoder,54591,22.535810523330024,2.77
676,Islamic Society of Colorado Springs| Masjid Al-Farooq,2125 N Chestnut St,Colorado Springs,CO,80907,38.863367414524,-104.836223921945,,1996,,"https://iscs.info/about-us/#:~:text=The%20Islamic%20Society%20of%20Colorado%20Springs%20(ICSS),teaching%20lessons%20*%20Provides%20information%20about%20Islam",30.0,24.0,,,2295.0,census_geocoder,74402,13.225913498764793,2.12
677,Pueblo Islamic Society,32 Martha Ln,Pueblo,CO,81001,38.301946233058,-104.591893167354,,-,Information Without Year,,,33.0,,,2141.0,census_geocoder,48417,19.783497553455327,2.37
678,Two Rivers Mosque,801 Gunnison Avenue,Grand Junction,CO,81501,39.073346623112,-108.559287869462,,2010,,https://prayersconnect.com/mosques/84047659-islamic-center-of-grand-junction-two-rivers-mosque-grand-junction-colorado-united-states,26.0,88.0,,,627.0,census_geocoder,53666,17.947979652557827,1.89
679,Farmington Valley American Muslim Center,35 Harris Road,Avon,CT,06001,41.765877480022,-72.858792717549,,2014,,"https://www.courant.com/2014/12/27/muslim-center-reaches-out-to-community-and-other-faiths/#:~:text=The%20center%20was%20established%20in,Valley%20Jewish%20Congregation%20Emek%20Shalom.",,6.0,,,31.0,census_geocoder,153664,4.765419082762256,2.45
680,Farmington Valley American Muslim Center Inc,35 Harris Rd,Avon,CT,06001,41.765877480022,-72.858792717549,,2013,,https://www.fvamc.org/about-fvamc/,,6.0,,,2311.0,census_geocoder,153664,4.765419082762256,2.45
681,Lighthouse for Humanity/Bloomfield Muslim Community Center,11 Mountain Ave #200,Bloomfield ,CT,06002,41.830923910594,-72.73857992692,,2012,,"https://www.causeiq.com/organizations/lighthouse-for-humanity,461424902/",,8.0,,,2767.0,census_geocoder,98162,5.8008094152672465,2.26
682,Daar-Ul-Ehsaan,739 Terryville ave,Bristol,CT,06010,41.681519900771,-72.975842058724,,1991,,"https://www.causeiq.com/organizations/daar-ul-ehsaan-usa,061319840/",,42.0,,,1041.0,census_geocoder,79314,10.69529249556825,2.49
683,Daar-ul-Ehsaan USA Headquarters,739 Terryville Avenue,Bristol,CT,06010,41.681519900771,-72.975842058724,,1991,,"https://www.guidestar.org/profile/06-1319840#:~:text=Mission,Bristol%2C%20CT%2006010%20United%20States",,42.0,,,746.0,census_geocoder,79314,10.69529249556825,2.49
684,Minhaj ul Quran Al-Noor Islamic Center,4 West Rd # 4,Ellington,CT,06029,41.870796654026,-72.464237997429,,2007,,https://prayersconnect.com/mosques/84024527-minhaj-ul-quran-al-noor-islamic-center-ellington-connecticut-united-states,,23.0,,,2769.0,census_geocoder,129331,2.4370631533370446,2.58
685,Minhaj-ul-Quran Al-Noor Islamic Center,4 West Road #4,Ellington,CT,06029,41.870796654026,-72.464237997429,,2007,,https://prayersconnect.com/mosques/84024527-minhaj-ul-quran-al-noor-islamic-center-ellington-connecticut-united-states,,23.0,,,745.0,census_geocoder,129331,2.4370631533370446,2.58
686,Islamic Association of Greater Hartford (Berlin Mosque),1781 Berlin Tpke,Berlin,CT,06037,41.603528692384,-72.751967514857,,1989,,https://www.berlinmosque.org/about-us/history/,,40.0,,,2312.0,census_geocoder,116042,3.4843023559525674,2.44
687,Bayt Ul-Mamur Mosque,56 Cottage st,Manchester,CT,06040,41.769578994425,-72.518638993005,,2011,,https://patch.com/connecticut/manchester/manchesters-first-mosque-still-a-couple-of-months-away,,87.0,,,656.0,census_geocoder,83422,10.932056982638986,2.36
688,Masjid Al Taqwa,47 Saint Clair ave,New Britain,CT,06051,41.685326196985,-72.759552741115,,-,Information Without Year,"https://www.yelp.com/biz/islamic-association-of-central-connecticut-new-britain#:~:text=ISLAMIC%20ASSOCIATION%20OF%20CENTRAL%20CONNECTICUT,%2C%20Connecticut%20%2D%20Phone%20Number%20%2D%20Yelp",47.0,36.0,,,1630.0,census_geocoder,51022,23.19934428468973,2.46
689,The Islamic Association of Central Connecticut,100 Arch St,New Britain,CT,06051,41.664376641066,-72.782094752926,,2008,,"https://www.causeiq.com/organizations/islamic-association-of-central-connecticut,800349115/",58.0,88.0,,,2308.0,census_geocoder,51022,23.19934428468973,2.46
690,Islamic Center Of Vernon,27 Naek rd,Vernon Rockville,CT,06066,41.839380062108,-72.491341122927,,2003,,https://us.mohid.co/ct/hartford/icov/masjid/online/vfr/campaign/build_a_majid_project,,43.0,,,82.0,census_geocoder,85356,13.394241234869225,2.22
691,Islamic Center of South Windsor,100 Long Hill Road,South Windsor,CT,06074,41.803689457076,-72.594365010457,,2019,,https://icswct.org/,,12.0,,,749.0,census_geocoder,144961,4.948169140129764,2.72
692,Madina Masjid (Islamic Center of Connecticut),140 White Rock Dr.,Hartford,CT,06095,41.810183563466,-72.671166602312,,1993,,https://www.archnet.org/sites/10388,,10.0,,,120.0,census_geocoder,105322,6.69343587300507,2.49
693,Ahl Al-Sunnah Center,5 National Dr.,Windsor Locks,CT,06096,41.924688800403,-72.669584166944,,2009,,"https://www.icwlct.org/about-us.html#:~:text=ABOUT%20US%20%2D%20Islamic%20Center%20of,Islamic%20centers%20around%20the%20area.",,47.0,,,849.0,census_geocoder,81205,10.935504469987228,2.38
694,Islamic Center of Windsor Locks,332 Elm Street,Windsor Locks,CT,06096,41.926455962756,-72.650268935456,,2009,,https://www.icwlct.org/about-us.html,,9.0,,,2762.0,census_geocoder,81205,10.935504469987228,2.38
695,Muhammad Islamic Center of Greater Hartford,"155,157 Hungerford Street",Hartford,CT,06106,41.75806545584,-72.685979789205,,1955,,https://micgh.org/,76.0,92.0,,,730.0,census_geocoder,46304,27.344609256561935,2.30
696,Islamic Institute of Ahl Al-Bait,994 Tolland st,East Hartford,CT,06108,41.787371491218,-72.59047059186,,-,No Basic Information,(860) 649-8074,,34.0,,,1434.0,census_geocoder,56663,13.80952380952381,2.50
697,Masjid Al Mustafa,20 Church st,East Hartford,CT,06108,41.778688929997,-72.609169945707,,-,Information Without Year,,84.0,97.0,,,1189.0,census_geocoder,56663,13.80952380952381,2.50
698,Bosnian-American Islamic Cultural Center,595 Franklin Avenue,Hartford,CT,06114,41.732099986142,-72.67452623902,,2004,,http://www.hartfordinfo.org/Issues/Documents/Neighborhoods/htfd_news_080107.asp,43.0,80.0,,,660.0,census_geocoder,52110,24.92267746000229,2.66
699,Masjid Umar Ibn Al Khattab,2017 Main Street,Hartford,CT,06120,41.781790695235,-72.676138597811,,2014,,https://masjidumarct.com/about,53.0,76.0,,,380.0,census_geocoder,34830,38.091922005571035,2.53
700,Muhammad Mosque #14 (Masjid Salam),2550 Main St,Hartford,CT,06120,41.788981377707,-72.671895609109,,2005,,"https://religionnews.com/2007/02/28/hartford-mosque-mirrors-evolution-of-american-islam/#:~:text=Christopher%20S.,when%20the%20mosque%20was%20formed.",44.0,69.0,,,2772.0,census_geocoder,34830,38.091922005571035,2.53
701,Islamic Center of Willimantic,6 Storrs Rd #3,Willimantic,CT,06226,41.728347368835,-72.201393793798,,-,Information Without Year,https://icwct.org/icw/,,47.0,,,735.0,census_geocoder,47162,22.996042294287907,2.36
702,Islamic Center at UConn,28 North Eagleville Road,Storrs,CT,06269,41.811489070549,-72.252021268222,,2000,,https://icuc.weebly.com/,,41.0,,,654.0,census_geocoder,-666666666,83.41708542713567,1.99
703,Islamic Center of University of Connecticut,28 N Eagleville Rd,Storrs,CT,06269,41.811489070549,-72.252021268222,,2001,,https://icuc.weebly.com/,,41.0,,,2314.0,census_geocoder,-666666666,83.41708542713567,1.99
704,Islamic Center of New London,16 Fort st,Groton,CT,06340,41.35478591304,-72.082594715064,,1994,,https://prayersconnect.com/mosques/84074159-islamic-center-of-new-london-groton-connecticut-united-states,,51.0,,,68.0,census_geocoder,81792,12.706206506764634,2.19
705,ICOP- Islamic Center of Preston (Norwich Masjid),128 CT-2,Preston,CT,06365,41.5020631,-72.0379425,,2024,,https://icopct.com/about/,,4.0,,,2765.0,nominatim,117045,2.40033395950741,2.47
706,Masjid Samiya,95 Bishop Williams Ct,Ansonia,CT,06401,41.337537789517,-73.076364922274,,2017,,http://ansoniamasjid.org,,72.0,,,2766.0,census_geocoder,86178,9.274506757806432,2.66
707,Masjid Al-Rawdah,189 East Main Street,Meriden,CT,06450,41.535478413574,-72.797094803005,,2011,,https://www.rawdatalquran.org/pages/about.php,48.0,84.0,,,753.0,census_geocoder,71250,13.134047646187167,2.40
708,Mosque Baitul Aman,410 Main Street,Meriden,CT,06451,41.520354048078,-72.840077545943,,2007,,https://themuslimtimes.info/2015/11/21/several-bullet-holes-were-found-inside-the-ahmadiyyas-baitul-aman-mosque-in-meriden/,21.0,44.0,,,2053.0,census_geocoder,71255,13.292317655630212,2.46
709,Islamic Center Middletown,1000 Newfield Street,Middletown,CT,06457,41.585660463437,-72.674083108389,,-,No Basic Information,,,27.0,,,2771.0,census_geocoder,79463,11.968419581722484,2.09
710,Omar Islamic Center,24 Broad Street,Middletown,CT,06457,41.557096199017,-72.649989257719,,2020,,https://www.middletownpress.com/middletown/article/Middletown-welcomes-new-mosque-and-congregation-15002706.php,,90.0,,,379.0,census_geocoder,79463,11.968419581722484,2.09
711,Islamic Community of Fairfield County Monroe Masjid,57 Pepper St,Monroe,CT,06468,41.32222052919,-73.259741529141,,1976,,"https://www.causeiq.com/organizations/islamic-community-of-fairfield-county,060934625/",,38.0,,,1507.0,census_geocoder,157250,2.637164385015388,3.04
712,Al-Hedaya Islamic Center and Mosque,115 Mt Pleasant Rd,Newtown,CT,06470,41.417131714027,-73.356748322293,,2009,,https://patch.com/connecticut/newtown/a-ramadan-dinner-for-the-whole-newtown-community,,28.0,,,2768.0,census_geocoder,153238,3.6751121667986277,2.78
713,New Haven Islamic Center - NHIC - Orange Masjid,254 Bull Hill Ln,Orange,CT,06477,41.274203611701,-72.987962765914,,1980,,https://nhicct.org/,,58.0,,,2313.0,census_geocoder,142325,3.948660401178286,2.65
714,Jafaria Association of Connecticut,1 Meriden,Rockfall,CT,06481,41.549130480372,-72.694393946627,,1997,,,,28.0,,,115.0,census_geocoder,84674,13.953488372093023,2.56
715,Islamic Center of Wallingford,164 S Whittlesey Ave,Wallingford,CT,06492,41.450493703092,-72.823187793721,,2019,,https://www.facebook.com/donate/2256165377762034/,,79.0,,,83.0,census_geocoder,105061,5.339154558064442,2.35
716,Masjid Al-Islam,624 George Street,New Haven,CT,06511,41.309242516504,-72.943109367012,,1987,,https://masjidal-islam.com/about,54.0,81.0,,,747.0,census_geocoder,59969,22.884760486979218,2.16
717,Diyanet Mosque of New Haven,531 Middletown Ave,New Haven,CT,06513,41.330408407671,-72.875159163123,,,,,42.0,51.0,,,2759.0,census_geocoder,48500,21.36630169685019,2.42
718,Abdul-Majid Karim Hasan Islamic Center,870 Dixwell Avenue,Hamden,CT,06514,41.336952289239,-72.935247167206,,1961,,"https://www.newhavenindependent.org/2019/11/05/muslim_peacemaker_dies_at_83/#:~:text=A%20former%20jazz%20musician%2C%20he,for%20Imam%20Hasan%20in%202010.",,74.0,,,577.0,census_geocoder,88900,10.572071722424901,2.38
719,Islamic Center of Hamden,60 Connolly Pkwy Suite 17-212,Hamden,CT,06514,41.366697868083,-72.918374042535,,1998,,"https://www.islamiccenterofhamden.org/about/history#:~:text=1998:%20First%20Steps%20Towards%20the,$500.00/month%20including%20all%20utilities.",,73.0,,,55.0,census_geocoder,88900,10.572071722424901,2.38
720,Mevlana Mosque & camii (CT Education Center),546 Ocean ave,West Haven,CT,06516,41.2400470444,-72.971775703232,,1993,,https://prayersconnect.com/mosques/84048947-mevlana-mosque-west-haven-connecticut-united-states,,22.0,,,2039.0,census_geocoder,74382,14.121399574714866,2.47
721,West Haven Masjid/New Haven Islamic Center,2 Pruden Street,West Haven,CT,06516,41.289302308568,-72.961725091985,,1978,,https://www.mapquest.com/us/connecticut/new-haven-islamic-center-403406219,,71.0,,,748.0,census_geocoder,74382,14.121399574714866,2.47
722,Islamic Center of Hamden,698 Newhall St,Hamden,CT,06517,41.342595099739,-72.926147056599,,2000,,http://www.islamiccenterofhamden.org/about/history,,54.0,,,2760.0,census_geocoder,104550,8.577910109173402,2.31
723,Al-Aziz Islamic Center,679 Fairfield Ave,Bridgeport,CT,06604,41.175025132107,-73.198130915151,,-,Information Without Year,https://www.yelp.com/biz/al-aziz-islamic-center-bridgeport,57.0,88.0,,,876.0,census_geocoder,50026,22.591811168985295,2.41
724,Islamic Community Center,703 State St,Bridgeport,CT,06604,41.173853319018,-73.197979185352,,2002,,https://www.mybicc.org/about/history/,56.0,88.0,,,269.0,census_geocoder,50026,22.591811168985295,2.41
725,University of Bridgeport Masjid,170 Lafayette st,Bridgeport,CT,06604,41.165695348987,-73.187235601334,,2002,,,41.0,63.0,,,2222.0,census_geocoder,50026,22.591811168985295,2.41
726,Bridgeport Islamic Community Center,525 Clinton ave,Bridgeport,CT,06605,41.174299643872,-73.209639171763,,2005,,https://www.mybicc.org/about/history/,45.0,78.0,,,20.0,census_geocoder,56179,25.66488330619524,2.47
727,Masjid An-Noor,1300 Fairfield ave,Bridgeport,CT,06605,41.173905921621,-73.20845539859,,1991,,http://anif.us/about-us/,45.0,83.0,,,154.0,census_geocoder,56179,25.66488330619524,2.47
728,Masjid Esa Bin Mariam,390 E Main st,Stratford,CT,06614,41.205223124821,-73.118457233116,,2003,,http://www.stratfordmasjid.com/,,74.0,,,1864.0,census_geocoder,110943,4.575144917291107,2.60
729,United Muslim Masjid CT,3125 North Main Street,Waterbury,CT,06704,41.59985046391,-73.02343741307,,1998,,https://www.ummct.com,26.0,7.0,,,2763.0,census_geocoder,48718,31.847822629385757,2.68
730,Al-Mustafa Mosque (Masjid Al-Mustafa & Academy),95 Schraffts Dr,Waterbury,CT,06705,41.540716183211,-72.989425963767,,2017,,https://iasconnect.org/,31.0,56.0,,,2309.0,census_geocoder,53954,19.217067605972062,2.33
731,Assalam Mosque,130 Scott Rd,Waterbury,CT,06705,41.5389016,-72.9925736,,2025,,https://waterburyicc.org/new-masjid-project/,30.0,63.0,,,2764.0,nominatim,53954,19.217067605972062,2.33
732,Masjid al-Mustafa,120 Schraffts Dr.,Waterbury,CT,06705,41.540609225258,-72.990923403742,,2017,,https://iasconnect.org/,31.0,56.0,,,147.0,census_geocoder,53954,19.217067605972062,2.33
733,Albanian American Muslim Community,38 Raymond Street,Waterbury,CT,06706,41.529634311759,-73.036027224464,,1969,,https://www.aac-ct.org/aboutus.html,32.0,58.0,,,744.0,census_geocoder,52242,25.62068743148256,2.81
734,Albanian American Cultural and Islamic Center,106 Columbia Blvd,Waterbury,CT,06710,41.568389952258,-73.042792607883,,1988,,,36.0,47.0,,,5.0,census_geocoder,37191,31.93112692030106,2.50
735,United Muslim Masjid,132 Prospect st,Waterbury,CT,06710,41.560190292609,-73.040179838258,,1991,,https://www.launchgood.com/v4/campaign/expansion_of_united_muslim_masjid_waterbury_ct_2,58.0,84.0,,,220.0,census_geocoder,37191,31.93112692030106,2.50
736,American Turkish Islamic Cultural Center,94 North Main Street,Thomaston,CT,06787,41.676097721106,-73.070828757972,,-,No Basic Information,,,60.0,,,2770.0,census_geocoder,103102,2.3373848003205557,2.42
737,Al Hedaya Islamic Center,18 Great Plain rd,Danbury,CT,06810,41.371791257142,-73.503244574202,,2009,,,,55.0,,,133.0,census_geocoder,76933,14.453032645266891,2.59
738,Baitul Mukarram Masjid,339 Main Street,Danbury,CT,06810,41.398104539231,-73.456203057536,,2011,,https://patch.com/connecticut/danbury/ramadan-begins-monday-with-prayers-at-new-main-street-mosque,,85.0,,,977.0,census_geocoder,76933,14.453032645266891,2.59
739,Baitul Mukarram Masjid - Islamic Center & Mosque in Danbury Connecticut,330 Main St,Danbury,CT,06810,41.39798476868,-73.456263817005,,2019,,https://www.newstimes.com/local/article/Danbury-mosque-aims-to-buy-to-bigger-space-14571842.php,,90.0,,,2761.0,census_geocoder,76933,14.453032645266891,2.59
740,Danbury Masjid - Islamic Society of Western Connecticut,388 Main St,Danbury,CT,06810,41.401813974079,-73.458989711291,,1995,,http://danburymasjid.com/about,,82.0,,,2315.0,census_geocoder,76933,14.453032645266891,2.59
741,Al Madany Islamic Center of Norwalk,1 Union Park S,Norwalk,CT,06850,41.115636873298,-73.417751137065,,1999,,https://www.ctpost.com/local/article/proposed-mosque-in-norwalk-draws-controversy-3462899.php,54.0,90.0,,,2310.0,census_geocoder,123633,8.102857727110067,2.40
742,Al-Madany Islamic Center of Norwalk,4 Elton Ct.,Norwalk,CT,06851,41.109037328876,-73.408094812588,,2016,,https://www.thehour.com/news/article/Power-struggle-at-Norwalk-mosque-13509663.php,56.0,60.0,,,2.0,census_geocoder,111341,8.132399653479643,2.43
743,ICCNY Islamic Center Masjid,1558 Washington Boulevard,Stamford,CT,06902,41.06085124803,-73.543949997892,,2001,,https://www.iccnystamford.com/,64.0,89.0,,,647.0,census_geocoder,94843,12.002261975366537,2.51
744,Islamic Society of Stamford,82 Harbor Dr.,Stamford,CT,06902,41.037640345795,-73.529658716569,,-,Information Without Year,(203) 323-4911,32.0,55.0,,,1488.0,census_geocoder,94843,12.002261975366537,2.51
745,Stamford Islamic Center,10 Outlook St,Stamford,CT,06902,41.041251313361,-73.559529971682,,1998,,https://www.stamfordadvocate.com/news/article/Stamford-Islamic-Center-mourns-the-loss-of-one-of-17275373.php,47.0,75.0,,,214.0,census_geocoder,94843,12.002261975366537,2.51
746,Stamford Islamic Center ,379 West Ave,Stamford,CT,06902,41.041610592509,-73.559031349183,,1998,,https://www.stamfordadvocate.com/news/article/Stamford-Muslims-mark-Ramadan-with-new-mosque-4653542.php,47.0,76.0,,,2755.0,census_geocoder,94843,12.002261975366537,2.51
747,Alhedayah Masjid & Islamic Center,20 Cushing Street,Stamford,CT,06907,41.093059369002,-73.517670320638,,-,No Basic Information,,41.0,76.0,,,369.0,census_geocoder,106379,9.879379666858128,2.46
748,Center DC,1426 9 Street Northwest,Washington,DC,20001,38.908887248588,-77.024042339183,,2015,,https://centerdc.org/who-we-are,85.0,95.0,,,,census_geocoder,138059,13.51672650324544,1.73
749,Masjid Muhammad,1519 4 Street Northwest,Washington,DC,20001,38.910145137474,-77.016087578983,,1960,,https://thenationsmosque.org/about/,82.0,71.0,,,,census_geocoder,138059,13.51672650324544,1.73
750,Ivy City Mosque,2001 Gallaudet Street Northeast,Washington,DC,20002,38.913635105418,-76.985084635115,,"
",Information Without Year,https://prayersconnect.com/mosques/84038553-ivy-city-masjid-washington-district-of-columbia-united-states,57.0,81.0,,,,census_geocoder,120337,14.245102454402161,1.97
751,American Fazl Mosque,2141 Leroy Place Northwest,Washington,DC,20008,38.915549570452,-77.047642436724,,1950,,https://fazlmosque.us/,77.0,96.0,,,,census_geocoder,125212,7.991963768856198,1.74
752,Islamic Center of Washington DC,2551 Massachesetts Avenue Northwest,Washington,DC,20008,38.916703209874,-77.056772030283,,1957,,https://www.archnet.org/sites/358,69.0,55.0,,,,census_geocoder,125212,7.991963768856198,1.74
753,First Hijrah Muslim Community Center,4324 Georgia Avenue Northwest,Washington,DC,20011,38.943202213939,-77.025933636356,,2010,,https://www.archnet.org/sites/10422,72.0,95.0,,,,census_geocoder,110309,12.559298266551302,2.40
754,Markaz Ahlul Qur'an Wal Hadeeth,3415 18 Street Northeast,Washington,DC,20018,38.932306039995,-76.979478445081,,2004,,https://www.18thstreetmasjid.com/,59.0,75.0,,,,census_geocoder,90639,14.940383618455158,2.10
755,Al-Islam Mosque,4603 Benning Road Southeast,Washington,DC,20019,38.886364119432,-76.936157938369,,"
",No Basic Information,"
",65.0,64.0,,,,census_geocoder,58296,26.168417372511005,2.37
756,Ar Rashidun Community Center,1605 Kenilworth Avenue Northeast,Washington,DC,20019,38.9113147,-76.9343543,,"
",Information Without Year,https://www.mapquest.com/us/district-of-columbia/ar-rashidun-community-center-380872647,64.0,47.0,,,,nominatim,58296,26.168417372511005,2.37
757,Muhammad Mosque #4,3160 Pennsylvania Avenue Southeast,Washington,DC,20020,38.869777282454,-76.961413077961,,1960,,"https://www.washingtoninformer.com/masjid-muhammad-renovation-dc/#:~:text=The%20mosque%20was%20founded%20in%201937%20by,*%20Boy%20Scouts%20troop%20*%20Chess%20club",62.0,74.0,,,,census_geocoder,54032,30.023103507532507,2.26
758,Georgetown University: Masjid Yarrow Mamout,1350 Tondorf Road,Washington,DC,20057,38.9083416,-77.0741068,,2023,,https://www.georgetown.edu/news/georgetown-opens-first-of-its-kind-mosque-on-a-u-s-college-campus/,67.0,83.0,,,,nominatim,-666666666,100.0,-666666666.00
759,Glasgow Mosque & Education Center,2555 Glasgow Ave,Newark,DE,19702,39.600163566242,-75.743271175105,,1980,,https://daglasgow.org/about-us/,,49.0,,,2325.0,census_geocoder,92446,7.8887270504036975,2.62
760,Masjid Isa ibn-e-Maryam Foundation,706 S Old Baltimore Pike,Newark,DE,19702,39.646018501344,-75.71579887104,,2011,,https://prayersconnect.com/mosques/84093249-masjid-isa-ibn-e-maryam-tarbiyah-school-newark-delaware-united-states,,36.0,,,1896.0,census_geocoder,92446,7.8887270504036975,2.62
761,Baitul Hidayah Mosque,3003 Philadelphia Pike,Claymont,DE,19703,39.796961476463,-75.464728468844,,2013,,https://masjidulhidayah.org/index.php/about-the-masjid-ul-hidayah/,,73.0,,,2328.0,census_geocoder,76939,10.084251458198315,2.21
762,MUNA Center of Delaware (MCD) Masjid Ar-Rahman,301 Commonwealth Ave,Claymont,DE,19703,39.801186916758,-75.466069541335,,2021,,"https://www.causeiq.com/organizations/muna-center-of-delaware,873524885/",,60.0,,,2329.0,census_geocoder,76939,10.084251458198315,2.21
763,Masjid Al-Noor-Middletown,486 Boyds Corner Rd,Middletown,DE,19709,39.511360961788,-75.703364852904,,2005,,https://masjidal-noor.org/About/About,,2.0,,,2731.0,census_geocoder,132956,5.049929756616168,2.85
764,Islamic Society of Delaware,28 Salem Church Rd #2934,Newark,DE,19713,39.6741435398,-75.697284726028,,1977,,https://spotlightdelaware.org/2025/04/03/our-delaware-islamic-society-of-delaware/,,49.0,,,2316.0,census_geocoder,76493,12.398514281957729,2.43
765,Rawdah Islamic Center of Delaware,18 Shea Way,Newark,DE,19713,39.652665550383,-75.727142586118,,2020,,https://www.rawdahislamiccenterofdelaware.com/about,,21.0,,,2323.0,census_geocoder,76493,12.398514281957729,2.43
766,Diyanet Mosque of Delaware,249 Appleby Rd #5403,New Castle,DE,19720,39.651705765931,-75.632608150838,,2013,,https://directory.alfafaa.com/listing/diyanet-mosque-of-delaware/,,23.0,,,2318.0,census_geocoder,75403,10.924887347229877,2.61
767,Masjid al-Ikhlaas,623-1/2 S Heald St,Wilmington,DE,19801,39.733483422884,-75.540855665882,,-,Information Without Year,,56.0,56.0,,,2322.0,census_geocoder,52810,25.37166728099275,1.96
768,Ar-Razzaaq Mosque,2800 N Market St,Wilmington,DE,19802,39.75525748347,-75.533971155929,,2005,,https://www.dncr.nc.gov/blog/2026/01/14/ar-razzaq-islamic-center-g-148,45.0,76.0,,,2319.0,census_geocoder,53812,22.04401494234205,2.35
769,Masjid Al Kauthar,2102 Northeast Blvd,Wilmington,DE,19802,39.746473043529,-75.530876719946,,1957,,https://en.wikipedia.org/wiki/Islam_in_Delaware,40.0,62.0,,,1606.0,census_geocoder,53812,22.04401494234205,2.35
770,Muhammad Mosque 35,2800 Washington St,Wilmington,DE,19802,39.758083484386,-75.536072650432,,-,No Basic Information,https://www.facebook.com/Mosque35/,45.0,75.0,,,2326.0,census_geocoder,53812,22.04401494234205,2.35
771,Tri-State Bab-ul-ilm Islamic Center of Delaware,1413 Lore Ave,Wilmington,DE,19809,39.75816741291,-75.494981904993,,1982,,https://banihashim.org/about/,,29.0,,,2327.0,census_geocoder,81288,12.162828368194942,2.32
772,Baitul Aman by MSD,2219 Naamans Rd,Wilmington,DE,19810,39.8256543984,-75.505916938533,,2000,,https://prayersconnect.com/mosques/84036539-masjid-baitul-aman-wilmington-delaware-united-states,,44.0,,,2324.0,census_geocoder,112775,4.58446164994851,2.47
773,Islamic Society of Central Delaware,777 S Little Creek Rd,Dover,DE,19901,39.157318447559,-75.506759603976,,2004,,"https://www.causeiq.com/organizations/islamic-society-of-centeral-delaware,582674082/",29.0,59.0,,,2317.0,census_geocoder,66388,14.197283200550237,2.50
774,Islamic Center of Eastern Shore,25159 Lewes Georgetown Hwy,Georgetown,DE,19947,38.721386832398,-75.29850268114,,2021,,"https://www.causeiq.com/organizations/islamic-center-of-eastern-shore,861435795/",,75.0,,,2320.0,census_geocoder,71229,11.677992681651855,2.87
775,Islamic Society of Smyrna,310 N Main St,Smyrna,DE,19977,39.303793203059,-75.610586164322,,2025,,https://www.smyrna.delaware.gov/DocumentCenter/View/3255/BOA-Agenda-11525?bidId=,,75.0,,,2321.0,census_geocoder,76826,9.499549320061137,2.74
776,Islamic Center of Lake City,7876 West US Highway 90,Lake City,FL,32055,30.195692567854,-82.758243380932,,-,No Basic Information,,,2.0,,,1271.0,census_geocoder,61111,18.166814028882992,2.57
777,Islamic Center of Orange Park,158 College Dr.,Orange Park,FL,32065,30.127935464031,-81.775405603011,,2013,,https://prayersconnect.com/mosques/84065068-islamic-center-of-orange-park-orange-park-florida-united-states,,48.0,,,1315.0,census_geocoder,97455,10.408454450920171,2.84
778,Islamic Center of st Augustine,1760 Sr-207,st Augustine,FL,32084,29.844723450363,-81.362927049117,,1995,,https://www.islamiccenterstaugustine.org/,,17.0,,,1350.0,census_geocoder,73837,15.017026740356165,2.34
779,Islamic Center of Palm Coast,4721 East Moody Boulevard,Bunnell,FL,32110,29.4748822,-81.2465848,,,,,,34.0,,,3065.0,nominatim,57485,16.65628891656289,2.64
780,Islamic Center of Daytona Beach,347 South Keech Street,Daytona Beach,FL,32114,29.200533785651,-81.034695849081,,1986,,https://www.islamiccenterofdaytonabeach.com/about,32.0,68.0,,,751.0,census_geocoder,41736,27.493840419483227,2.11
781,Mosque 66,3316 North Pearl Street,Jacksonville,FL,32206,30.358650560935,-81.658116356635,,,,,40.0,57.0,,,3091.0,census_geocoder,39242,32.512778332647905,2.31
782,Muhammed Mosque,320 Woodbine Street,Jacksonville,FL,32206,30.363073599884,-81.657861488528,,,,,41.0,59.0,,,3092.0,census_geocoder,39242,32.512778332647905,2.31
783,Islamic Community of Bosniaks In Jacksonville,2131 Art Museum Dr.,Jacksonville,FL,32207,30.301661847173,-81.614516847868,,2015,,"https://www.causeiq.com/organizations/islamic-community-of-bosniaks-al-hajj-feriz-delkic,593697668/",35.0,45.0,,,1394.0,census_geocoder,65234,13.014016776414655,2.18
784,Al Amir Islami Center,5045 Soutel Drive,Jacksonville,FL,32208,30.397291800724,-81.726093355094,,,,,36.0,45.0,,,3086.0,census_geocoder,41324,28.398110702929646,2.44
785,Jacksonville Masjid of Al-Islam,2242 Commonwealth Ave,Jacksonville,FL,32209,30.336506944388,-81.700450801439,,1996,,https://prayersconnect.com/mosques/84090654-masjid-of-al-islam-jacksonville-florida-united-states,33.0,38.0,,,1496.0,census_geocoder,30514,38.629357363054304,2.33
786,Al Zahra Islamic Center,707 Mill Creek Road,Jacksonville,FL,32211,30.326412706843,-81.560077411985,,,,,,32.0,,,3087.0,census_geocoder,57021,22.867768595041323,2.59
787,Masjid Al Imman,1730 Rogero Road,Jacksonville,FL,32211,30.339294752576,-81.589233882297,,,,,26.0,64.0,,,3089.0,census_geocoder,57021,22.867768595041323,2.59
788,Islamic Center of Orange Park,7821 Collins Road,Jacksonville,FL,32244,30.203931083194,-81.774018102167,,,,,0.0,6.0,,,3088.0,census_geocoder,62204,16.201524588345297,2.52
789,Dar Al-Hijra,3507 Southside Boulevard,Jacksonville,FL,32246,30.281493412115,-81.559221037073,,,,,,54.0,,,3090.0,census_geocoder,80963,11.585463386544676,2.50
790,Islamic Center of Northeast Florida,2333 St Johns Bluff Rd S,Jacksonville,FL,32246,30.307842718684,-81.52582854892,,1978,,https://findyourjax.com/discover-your-roots-the-middle-eastern-community-spotlight/,21.0,27.0,,,2331.0,census_geocoder,80963,11.585463386544676,2.50
791,NAC - Nabi Akram Center,1840 Anniston Road,Jacksonville,FL,32246,30.317985653946,-81.541835218472,,,,,,39.0,,,3093.0,census_geocoder,80963,11.585463386544676,2.50
792,Ahmadiyya Muslim Community Jacksonville,507 Cassat Avenue,Jacksonville,FL,32254,30.319786683273,-81.730716999134,,,,,34.0,62.0,,,3085.0,census_geocoder,34953,33.98655000361559,2.53
793,Baymeadows Islamic Center,8225 Dix Ellis Trail,Jacksonville,FL,32256,30.219789867972,-81.572834912366,,1996,,https://bicjax.com/sample-page/,33.0,39.0,,,680.0,census_geocoder,73570,9.452346092170396,2.06
794,Masjid Al-Ansar,9801 Old Baymeadows rd Bldg 2 Apt. 17,Jacksonville,FL,32256,30.219232189524,-81.555924253475,,-,No Basic Information,,33.0,78.0,,,1644.0,census_geocoder,73570,9.452346092170396,2.06
795,Momin Community Center,6192 Race Track Road,St. Johns County,FL,32259,30.102715084125,-81.488234922708,,2025,,https://www.momincc.org/,,22.0,,,438.0,census_geocoder,150736,2.8055465978716545,3.13
796,Masjid Al-Furqan,3617 Old Bainbridge rd,Tallahassee,FL,32303,30.501436237129,-84.338637526957,,2008,,https://prayersconnect.com/mosques/84088925-masjid-al-furqan-islamic-center-of-tallahassee-tallahassee-florida-united-states,28.0,20.0,,,1665.0,census_geocoder,62275,17.816731777422422,2.22
797,Al Ansar Mosque,1020 E Pensacola Ave,Tallahasse,FL,32304,,,,2008,,https://prayersconnect.com/mosques/84064187-masjid-al-ansar-islamic-center-of-tallahassee-tallahassee-florida-united-states,48.0,73.0,,,851.0,,32348,48.71594778660613,2.17
798,Masjid Al Nahal,115 Bragg Dr.,Tallahasse,FL,32304,30.403976751182,-84.284491111238,,1989,,,,45.0,,,1610.0,census_geocoder,32348,48.71594778660613,2.17
799,Masjid Al-Nahl,123 Bragg Drive,Tallahassee,FL,32305,30.404019403729,-84.284609631994,,,,,34.0,34.0,,,3048.0,census_geocoder,48045,20.99050417082,2.52
800,Masjid Al-Noor (Islamic Society of Tallahassee),7117 Beech Ridge Trail,Tallahassee,FL,32312,30.567267752667,-84.213694193595,,,,,,37.0,,,3047.0,census_geocoder,123032,5.226174791392182,2.58
801,Bay County Islamic Society,3312 Token rd,Panama City,FL,32405,30.20800372879,-85.670606777014,,1984,,https://www.facebook.com/BayCountyIslamicSoc/,,7.0,,,981.0,census_geocoder,73373,16.696784752292952,2.36
802,Al-Hidaya Mosque,16865-16995 Northwest Charlie Johns Street,Blountstown,FL,32424,30.44636815349,-85.049204803725,,-,No Basic Information,,,46.0,,,1684.0,census_geocoder,51398,20.082107423879574,2.47
803,ICNA Masjid Dawah,800 County Road 10,Bonifay,FL,32425,,,,,,,,8.0,,,3066.0,,46667,17.35216385860588,2.45
804,Al-Islam Dawah Center,1550 E Barrancas ave,Pensacola,FL,32504,30.408042757059,-87.234762615026,,1989,,https://www.bloomberg.com/profile/company/0015836D:US?embedded-checkout=true,,47.0,,,892.0,census_geocoder,72672,6.610401459854015,2.23
805,Islamic Center of Northwest Florida,3445 E Johnson ave,Pensacola,FL,32514,30.517105489437,-87.194773520319,,2000,,"https://www.causeiq.com/organizations/islamic-center-of-northwest-florida,593629924/",,12.0,,,71.0,census_geocoder,66644,14.244698534226567,2.24
806,Islamic Center of Gainesville,1010 E University Aveue,Gainesville,FL,32601,29.651998945184,-82.313104484221,,1984,,https://www.iqrasense.com/islam-in-america/muslims-in-gainesville-florida-usa-islamic-centers-and-mosques.html,,70.0,,,1245.0,census_geocoder,30352,48.47483237321749,2.01
807,Hoda Center,5220 SW 13th St,Gainesville,FL,32610,29.60445204068,-82.342101082031,,-,,https://www.mapquest.com/us/florida/hoda-academy-276296047,,9.0,,,311.0,census_geocoder,-666666666,,-666666666.00
808,Muslim Community Center of Apopka (MCCA),458 Oakland Avenue,Apopka,FL,32703,28.672231501879,-81.503184526376,,,,,37.0,68.0,,,3069.0,census_geocoder,72880,15.430943550307937,2.75
809,Islamic Center of Deltona,410 Summerhaven Dr,DeBary,FL,32713,28.89877517827,-81.284678944334,,2010,,https://prayersconnect.com/mosques/84064611-islamic-center-of-deltona-debary-florida-united-states,,38.0,,,2729.0,census_geocoder,88500,5.317980046587263,2.40
810,DeLand Islamic Center,1271 Keith Avenue,DeLand,FL,32720,29.006883651897,-81.320329900024,,,,,,21.0,,,3060.0,census_geocoder,68830,13.50441244774733,2.59
811,Masjid Al-Hakim,1350 Gilpin Ct.,Deltona,FL,32725,28.9007276441,-81.269665211345,,-,No Basic Information,,,32.0,,,1674.0,census_geocoder,73152,11.159122616648581,2.77
812,Tavares Islamic Center,2824 South Grove Street,Eustis,FL,32726,28.825625489051,-81.683951673346,,,,,,47.0,,,3058.0,census_geocoder,63152,11.062476772515176,2.27
813,HMCC Heathrow Muslim Community Center,1325 South International Parkway,Lake Mary,FL,32746,28.754526970676,-81.366723999344,,,,,,41.0,,,3082.0,census_geocoder,104775,5.923930610925547,2.43
814,American Muslim Community Center (AMCC),811 Wilma St,Longwood,FL,32750,28.695216858953,-81.34985202942,,2012,,https://amccenters.org/,,48.0,,,2337.0,census_geocoder,86125,7.802715002528298,2.48
815,Oviedo Musalla (Masjid),100 Alexandria Boulevard,Oviedo,FL,32765,28.652650373287,-81.207425428545,,,,,,51.0,,,3014.0,census_geocoder,102167,10.229031748538937,2.82
816,Husseini Islamic Center,1350 Tondorf Road,Sanford,FL,32773,,,,2017,,"https://www.orlandosentinel.com/2017/11/10/new-mosque-highlights-growth-of-muslim-community-in-central-florida/#:~:text=The%20mosque%20%E2%80%94%20one%20of%20the,low%20profile%2C%20would%20not%20comment.",28.0,72.0,,,38.0,,70442,11.48377358490566,2.53
817,Masjid Al Hayy,786 Myrtle Street,Sanford,FL,32773,28.734760535338,-81.275661542812,,2017,,https://www.jafferreachoutfoundation.org/masjid-al-hayy,,0.0,,,750.0,census_geocoder,70442,11.48377358490566,2.53
818,Masjid Al-Salam,2917 S Orlando Dr.,Sanford,FL,32773,28.772647068909,-81.278815055087,,1999,,https://iscf.org/masjid/masjid-al-alrahim/,23.0,50.0,,,1758.0,census_geocoder,70442,11.48377358490566,2.53
819,Masjid Al-Mumin,1011 Washington Avenue,Titusville,FL,32780,28.604135524774,-80.807592441629,,1999,,https://iscf.org/masjid/masjid-al-mumin/,,54.0,,,354.0,census_geocoder,67690,9.785418496674614,2.46
820,Masjid Al-Haq,545 E Central Blvd.,Orlando,FL,32801,28.542344252738,-81.370729650975,,-,No Basic Information,,62.0,95.0,,,1677.0,census_geocoder,80871,16.954128440366972,1.50
821,Mosque American Islamic Society,545 West Central Boulevard,Orlando,FL,32801,28.542063151431,-81.38587091448,,,,,69.0,89.0,,,3018.0,census_geocoder,80871,16.954128440366972,1.50
822,Masjid Al-Quddus,312 S Parramore Ave,Orlando,FL,32805,28.539060601061,-81.389069836541,,1994,,https://iscf.org/masjid/masijid-al-quddus/,64.0,86.0,,,821.0,census_geocoder,40515,20.179777671400455,2.47
823,Masjid Qubaa,3043 Curry Ford Road,Orlando,FL,32806,28.5243611661,-81.344714488047,,,,,29.0,80.0,,,3012.0,census_geocoder,89046,8.327507185582226,2.25
824,Islamic Society of Central Florida,1586 North Goldenrod Road,Orlando,FL,32807,,,,,,,,58.0,,,3010.0,,59971,12.769689528152956,2.68
825,Masjid Al Rahman,1089 N Goldenrod Rd,Orlando,FL,32807,28.558637338299,-81.28591549968,,1985,,https://www.archnet.org/sites/10395,,55.0,,,2332.0,census_geocoder,59971,12.769689528152956,2.68
826,AL-BUKHARI ISLAMIC CENTER,8009 S Orange Ave,Orlando,FL,32809,28.453018249916,-81.364092783308,,2017,,https://albukhari.org/,,42.0,,,2335.0,census_geocoder,57879,17.53910537870472,3.01
827,Masjid Al-Rahim,4962 Old Winter Garden Rd,Orlando,FL,32811,28.542505562828,-81.446273731169,,1999,,https://iscf.org/masjid/masjid-al-alrahim/,,46.0,,,616.0,census_geocoder,54082,17.261832707904613,2.79
828,Al-Malik Mosque,2042 Rouse Rd,Orlando,FL,32817,28.573283726924,-81.224222827519,,2007,,https://prfsc.org/wp-content/uploads/2016/11/History-of-Islamic-Society-of-Central-Florida.pdf,,39.0,,,2336.0,census_geocoder,80711,15.658029571073047,2.71
829,Islamic Education Center of Florida,2221 Harrell rd,Azalea Park,FL,32817,28.574845473843,-81.269546334592,,2009,,"https://www.influencewatch.org/non-profit/islamic-education-center-iec-of-florida/#:~:text=As%20its%20membership%20size%20grew,build%20at%20a%20gradual%20pace.",,18.0,,,650.0,census_geocoder,80711,15.658029571073047,2.71
830,Masjid Al-Malik,2018 Rouse rd,Orlando,FL,32817,28.57290485238,-81.224215709946,,2007,,https://prfsc.org/wp-content/uploads/2016/11/History-of-Islamic-Society-of-Central-Florida.pdf,,40.0,,,176.0,census_geocoder,80711,15.658029571073047,2.71
831,Majid al-Ihsaan,6309 Pershing Avenue,Orlando,FL,32822,28.499064960595,-81.29657285413,,1996,,https://www.facebook.com/Masjid.Al.Ihsaan.FL/,26.0,27.0,,,255.0,census_geocoder,56540,19.04590242730113,2.68
832,Islamic Center of Orlando - Jama Masjid,11543 Ruby Lake Road,Orlando,FL,32826,28.398169531554,-81.50308122664,,1990,,https://icorlando.org/about/,,41.0,,,790.0,census_geocoder,64755,19.94985518523322,2.30
833,Aisha Cultural Center,1311 Hancock Lone Palm Road,Orlando,FL,32828,28.556493866018,-81.178076788781,,,,,,13.0,,,3015.0,census_geocoder,101767,8.586428323498785,2.78
834,Islamic center of Orlando,11551 Ruby Lake Road,Orlando,FL,32836,28.397996079401,-81.50307896236,,,,,,41.0,,,3011.0,census_geocoder,111987,9.506286415210058,2.73
835,Al-Aziz Mosque,9501 Satellite Blvd,Orlando,FL,32837,28.421343390685,-81.401264241153,,1973,,https://iscf.org/aboutiscf/,,45.0,,,2339.0,census_geocoder,88848,11.816780693180965,2.91
836,Baitul-Aafiyat Mosque (Masjid),9501 Satellite Boulevard,Orlando,FL,32837,28.421343390685,-81.401264241153,,,,,,48.0,,,3009.0,census_geocoder,88848,11.816780693180965,2.91
837,Al - Eman Center,1905 Doctor Martin Luther King Junior Boulevard,Melbourne,FL,32901,,,,,,,,72.0,,,3053.0,,54651,20.212683681361177,2.21
838,Islamic Society of Brevard County,550 East Florida ave,Melbourne,FL,32901,28.056781089315,-80.611119832551,,1994,,https://www.isbcmelbourne.org/about/,,24.0,,,1451.0,census_geocoder,54651,20.212683681361177,2.21
839,Palm Bay Islamic Center,3590 Bayside Lakes Boulevard Southeast,Palm Bay,FL,32909,27.948617615548,-80.66051481075,,,,,,33.0,,,3013.0,census_geocoder,79977,11.760330181887987,3.00
840,Masjid Al-Furqan,190 Grant rd,Merritt Island,FL,32953,28.412745966295,-80.709998579882,,2007,,https://search.sunbiz.org/Inquiry/CorporationSearch/SearchResults?InquiryType=EntityName&InquiryDirectionType=ForwardRecord&SearchTerm=MASJID%20AL%20ANSAR&SearchNameOrder=MASJIDEAYESHA%20N130000054330&ListNameOrder=MASJIDALRAHMA%20N190000123920&Detail=FL.DOS.Corporations.Shared.Contracts.FilingRecord,,18.0,,,1666.0,census_geocoder,87262,11.822985468956407,2.52
841,Indian River Islamic Center,2015 E 9th st Sw,Vero Beach,FL,32962,27.587008889187,-80.406338217333,,2011,,https://www.charitynavigator.org/ein/270358711,,31.0,,,1154.0,census_geocoder,66664,10.589665176821141,2.53
842,Bait-un-Naseer Mosque,208 Northwest 7th Court,Hallandale Beach,FL,33009,25.993342253774,-80.150798686476,,,,,41.0,80.0,,,3072.0,census_geocoder,52079,20.239893581042995,2.13
843,Miami Mosque,102 West 5th Street,Hialeah,FL,33010,25.826171455958,-80.283562599104,,,,,46.0,85.0,,,3084.0,census_geocoder,46553,20.981078846247385,2.65
844,Islamic Jaffaria Association,10554 Nw 132Nd st,Hialeah Gardens,FL,33018,25.893248633077,-80.369181176236,,1998,,https://search.sunbiz.org/Inquiry/corporationsearch/SearchResultDetail?inquirytype=EntityName&directionType=PreviousList&searchNameOrder=ISLAMICJAFFARIAASSOCIATION%20N274090&aggregateId=domnp-n27409-37cba7b6-3603-4222-9f38-e1a7ed5f24ef&searchTerm=ISLAMIC%20SOCIETY%20OF%20BREVARD%20COUNTY%2C%20INC.&listNameOrder=ISLAMICHEALTH%20G731650,0.0,41.0,,,1437.0,census_geocoder,89639,9.713593493121051,3.24
845,AL-Hikmat Office ( Next To Darul Uloom Institute),120 Southwest 70th Avenue,Pembroke Pines,FL,33023,26.009321856481,-80.227761796846,,,,,,35.0,,,3017.0,census_geocoder,74709,11.584147424511546,3.39
846,Darul Uloom Institute,7050 Pines Blvd,Pembroke Pines,FL,33023,26.0075618,-80.374654,,1994,,https://www.alhikmat.com/darululoomflorida.html,30.0,46.0,,,2334.0,nominatim,74709,11.584147424511546,3.39
847,Masjid Al-Hijrah,6128 Sw 27th st,Miramar,FL,33023,25.985650490171,-80.209309658731,,-,No Basic Information,,39.0,78.0,,,1685.0,census_geocoder,74709,11.584147424511546,3.39
848,Islamic Movement of Florida,3201 Nw 74th ave,Hollywood,FL,33024,26.037857881945,-80.236685258981,,1990,,https://www.imof.org/,35.0,54.0,,,1442.0,census_geocoder,80061,12.168785218188965,3.04
849,Masjid Al-Muttaqeen,1010 Sw 196 ave,Hollywood,FL,33029,25.998281396748,-80.408673924198,,1995,,https://img1.wsimg.com/blobby/go/82366c29-c4c8-4c40-81a9-666f14e83867/BochureUpdate11.06.10.pdf,24.0,13.0,,,1728.0,census_geocoder,146237,4.462013813158851,3.21
850,Islamic Center of South Florida,1641 NW 15th St,Pompano Beach,FL,33030,26.245593868761,-80.146358207614,,2007,,https://www.cair.com/cair_in_the_news/cair-fl-man-sues-to-halt-mosque-construction/,33.0,35.0,,,1346.0,census_geocoder,46202,29.89398915858901,3.45
851,Masjid Ul Mumineen,12850 Sw 268 st,Homestead,FL,33032,25.518163104544,-80.399713017076,,1999,,"https://www.causeiq.com/organizations/masjid-ul-mumineen,650933139/",,17.0,,,1979.0,census_geocoder,73429,16.961841270823346,3.33
852,Islamic Center of Florida City,1213 Northwest 9th Avenue,Florida City,FL,33034,25.458953662148,-80.49152019821,,,,,,33.0,,,3057.0,census_geocoder,47170,31.396468699839485,3.25
853,Masjid Al-Malik,800 Emma st,Key West,FL,33040,24.550745617859,-81.804007751306,,2007,,,28.0,89.0,,,146.0,census_geocoder,86586,9.976103417499209,2.35
854,Islamic Center of Greater Miami,4305 NW 183rd St,Miami Gardens,FL,33055,25.939976787689,-80.271899558313,,1971,,https://icgm-fl.org/about/,45.0,61.0,,,2330.0,census_geocoder,62286,14.10181236673774,3.21
855,Masjid Umme Hani (RA),18215 Northwest 18th Avenue,Miami Gardens,FL,33056,25.940674498438,-80.231165511641,,,,,46.0,54.0,,,3028.0,census_geocoder,68583,13.86709921025341,3.14
856,American Islamic center of florida,507 Northeast 6th Street,Pompano Beach,FL,33060,26.237098149164,-80.118624143335,,,,,35.0,60.0,,,3021.0,census_geocoder,64819,17.932840503014265,2.73
857,Masjid Jamaat Al-Mumineen,3222 Holiday Springs Blvd,Margate,FL,33063,26.269093145067,-80.232628194759,,1995,,https://margatemasjid.org/about-us/,34.0,68.0,,,1899.0,census_geocoder,62918,11.895628257093225,2.28
858,Mosjid,3222 Holiday Springs Boulevard,Margate,FL,33063,26.269093145067,-80.232628194759,,,,,34.0,68.0,,,3074.0,census_geocoder,62918,11.895628257093225,2.28
859,The Islamic Center of Margate,8034 West Sample Road,Margate,FL,33063,26.272075812426,-80.233202579498,,,,,34.0,68.0,,,3073.0,census_geocoder,62918,11.895628257093225,2.28
860,Muhammad Mosque 82,9902 NW 20th Street,Coral Springs,FL,33071,26.257500238883,-80.258464641942,,2006,,https://search.sunbiz.org/Inquiry/CorporationSearch/SearchResults?InquiryType=EntityName&InquiryDirectionType=PreviousRecord&SearchTerm=MUHAL%20LLC&SearchNameOrder=MUHAMMADMOSQUE95%20N160000048880&ListNameOrder=MUHAMMADHASNAINN%20L240003184570&Detail=FL.DOS.Corporations.Shared.Contracts.FilingRecord,34.0,55.0,,,725.0,census_geocoder,106149,6.593432609673525,3.09
861,Islamic Learning Center of North Broward (ILCNB),4405 West Hillsboro Boulevard,Coconut Creek,FL,33073,26.317683490264,-80.184692101641,,,,,31.0,60.0,,,3064.0,census_geocoder,97412,9.990906335253106,2.71
862,ICCS,11050 Wiles Road,Coral Springs,FL,33076,26.287183063417,-80.273794038576,,,,,21.0,66.0,,,3063.0,census_geocoder,176641,4.023898165280782,3.36
863,Masjid Miami,7350 Nw 3Rd St,Miami,FL,33126,25.773611493453,-80.314638524468,,1974,,https://pluralismarchive.hsites.harvard.edu/masjid-miami-flagler-st,,,,,1911.0,census_geocoder,58210,16.224270418697717,2.50
864,Masjid Al-Ansar,5245 Nw 7th Ave,Miami,FL,33127,25.823516847581,-80.20803071037,,1966,,https://www.instagram.com/p/CmC-4f5u_2K/,49.0,80.0,,,1645.0,census_geocoder,41230,34.6772375441497,2.81
865,Musalla Al Faiza,28 North Miami Avenue,Miami,FL,33128,25.774420141485,-80.19369729961,,,,,100.0,98.0,,,3029.0,census_geocoder,42722,18.984838497033618,2.06
866,Masjid Al-Fayza,36 Ne 3Rd ave,Miami,FL,33132,25.774636565875,-80.188666295452,,1999,,https://pluralismarchive.hsites.harvard.edu/masjid-al-fayza-miami,100.0,98.0,,,1663.0,census_geocoder,109109,12.405469802134052,1.73
867,Ummah of Miami,7904 West Dr. Unit 6,Miami Beach,FL,33141,25.849437381073,-80.15973888689,,2010,,https://search.sunbiz.org/Inquiry/CorporationSearch/SearchResultDetail?inquirytype=EntityName&directionType=CurrentList&searchNameOrder=UMMAHMIAMI%20N100000021010&aggregateId=domnp-n10000002101-83965f94-18f4-41e2-b98c-fe50391e2ea5&searchTerm=UMMAH%20OF%20MIAMI%20INC&listNameOrder=UMMAHMIAMI%20N100000021010,,50.0,,,2214.0,census_geocoder,68738,13.497238948858117,2.14
868,Ershad Center,6669 Southwest 59th Place,South Miami,FL,33143,25.70911708931,-80.290608001622,,2006,,https://www.mapquest.com/us/florida/ershad-center-439080608,,91.0,,,1092.0,census_geocoder,83008,11.564504101416853,2.35
869,Nigerian Islamic Society,2410 Nw 93Rd st,Miami,FL,33147,25.858566890925,-80.238361095256,,1987,,https://pluralismarchive.hsites.harvard.edu/masjid-al-muhmin,43.0,67.0,,,2118.0,census_geocoder,50704,22.263550472401793,3.30
870,Masjid Ibrahim,6301 Nw 6th ave,Miami,FL,33150,25.833429542481,-80.206950397069,,2000,,"https://www.causeiq.com/organizations/masjid-ibrahim,650748608/",50.0,79.0,,,1888.0,census_geocoder,40873,29.542713731625437,2.77
871,Masjid Al-Ihsaan,10180 Sw 168th st,Miami,FL,33157,25.613524436041,-80.356135053986,,2001,,https://ky.halalguide.me/deyd/mechet/masjid-al-ihsaan/posts,,53.0,,,142.0,census_geocoder,81589,12.157684086703295,3.17
872,Islamic center of North Miami,560 Northeast 129th Street,North Miami,FL,33161,25.89382406644,-80.187395479018,,,,,47.0,88.0,,,3024.0,census_geocoder,58325,19.476104006490747,2.98
873,Musallah billal (Masjid Bilal),1025 Northeast 126th Street,North Miami,FL,33161,25.891547996547,-80.17788577139,,,,,45.0,80.0,,,3023.0,census_geocoder,58325,19.476104006490747,2.98
874,American Muslim Assoc of North America,183 Ne 166th st,Miami,FL,33162,25.92736923328,-80.19663895416,,1992,,https://pluralismarchive.hsites.harvard.edu/american-muslim-association-north-america-amana,46.0,85.0,,,937.0,census_geocoder,60692,15.216829036985946,3.20
875,Shamsuddin Masjid And Library,365 Ne 167th st,Miami,FL,33162,25.928450912725,-80.193032180301,,2000,,https://pluralismarchive.hsites.harvard.edu/north-miami-islamic-centeras-sunnah-nabawiyyah-formerly-masjid-shamsuddin,47.0,86.0,,,2162.0,census_geocoder,60692,15.216829036985946,3.20
876,Masjid As-Sunnah An-Nabawiyyah,560 Northwest 165th Street,Miami,FL,33169,25.923147052824,-80.20978063577,,,,,50.0,43.0,,,3030.0,census_geocoder,62562,13.605834698917535,3.11
877,Faizan E Madinah Miami Islamic Center ( Masjid),14219 Southwest 42nd Street,Miami,FL,33175,25.728964904824,-80.424045772736,,,,,,81.0,,,3035.0,census_geocoder,77841,10.514825134112362,2.81
878,Islamic School of Miami,11699 Southwest 147th Avenue,Miami,FL,33196,25.657950718707,-80.432012184804,,,,,22.0,65.0,,,3031.0,census_geocoder,94961,9.47711819364771,3.12
879,Masjid An-Nour,11699 Sw 147th ave,Miami,FL,33196,25.657950718707,-80.432012184804,,2012,,https://www.myisom.org/history.html,22.0,65.0,,,1790.0,census_geocoder,94961,9.47711819364771,3.12
880,The Islamic Center of Fort Lauderdale,2542 Franklin Dr,Fort Lauderdale,FL,33311,,,,1996,,https://masjidaliman.com/about-us,,53.0,,,2333.0,,53973,24.56277769524761,3.00
881,Anjuman E-Jamali,2830 Florida 84,Fort Lauderdale,FL,33312,26.086075698323,-80.177353383856,,,,,26.0,27.0,,,3056.0,census_geocoder,75952,13.88915314218307,2.86
882,Musallah Assultan Salahuddin,2820 Griffin rd,Fort Lauderdale,FL,33312,26.06230646562,-80.179075586789,,1995,,https://directory.alfafaa.com/listing/masjid-as-sultan-salahud-deen/,33.0,65.0,,,2068.0,census_geocoder,75952,13.88915314218307,2.86
883,Masjid-e-Khaleel,5870 Southwest 64th Avenue,Davie,FL,33314,26.047128665965,-80.231470488145,,,,,31.0,56.0,,,3061.0,census_geocoder,66100,17.498702646600933,2.61
884,Dar-E-Panjetan Center,5541 N State rd 7,Fort Lauderdale,FL,33319,,,,-,Information Without Year,,41.0,65.0,,,1063.0,,58388,12.949400798934754,2.52
885,Madinatul Uloom Institute,7515 West Oakland Park Boulevard,Lauderhill,FL,33319,26.166533382401,-80.249801162144,,,,,38.0,45.0,,,3077.0,census_geocoder,58388,12.949400798934754,2.52
886,Musala Asalam,1834-A N University Dr.,Plantation,FL,33322,26.149148492293,-80.256920507403,,2000,,"https://islammessage.org/ha/center/4926/Musalla-As-Salaam--1834-North-University-Drive,-Plantation,-FL-33322-",43.0,51.0,,,2065.0,census_geocoder,71755,10.90176937156803,2.24
887,Islamic Center of Weston,1960 North Commerce Parkway,Weston,FL,33326,26.093535672464,-80.365517710564,,,,,,40.0,,,3037.0,census_geocoder,117373,7.70459790520149,2.96
888,Masjid Nur Ul Islam,10600 Southwest 59th Street,Davie,FL,33328,26.045694393221,-80.287921736316,,,,,24.0,32.0,,,3070.0,census_geocoder,126380,5.9244951712028096,2.79
889,Nur Ul Islam Masjid,10600 Sw 59th st,Cooper City,FL,33328,26.045694393221,-80.287921736316,,1983,,https://nurulislam.org/about/,24.0,32.0,,,2123.0,census_geocoder,126380,5.9244951712028096,2.79
890,Islamic Center of Broward,9000 Nw 44th st,Fort Lauderdale,FL,33351,26.179043335944,-80.271848793747,,2009,,http://www.icbfl.com/1/about-us,26.0,61.0,,,1214.0,census_geocoder,77363,8.53956571813815,2.83
891,Islamic Center of Broward (ICB),9000 Northwest 44th Street,Sunrise,FL,33351,26.179043335944,-80.271848793747,,,,,26.0,61.0,,,3049.0,census_geocoder,77363,8.53956571813815,2.83
892,Islamic Foundation of South Florida,5455 NW108th Ave,Sunrise,FL,33351,26.191579623246,-80.292613594645,,1989,,"https://www.causeiq.com/organizations/islamic-foundation-of-south-florida,350522362/",26.0,35.0,,,1429.0,census_geocoder,77363,8.53956571813815,2.83
893,Isalmic Center of Palm Beach,101 Castlewood Dr.,North Palm Beach,FL,33408,26.803972646072,-80.054192636452,,1996,,https://mcpbc.org/our-history/,,82.0,,,1167.0,census_geocoder,92216,8.340024623949468,1.92
894,Islamic Institute of Palm beach County Masjid Al-Firdaus,1876 Donnell Road,West Palm Beach,FL,33409,26.705268456924,-80.105903514283,,,,,,69.0,,,3038.0,census_geocoder,67073,14.906367041198502,2.65
895,New Africa Muslim Community Center,3100 El Camino Real,West Palm Beach,FL,33409,26.744839056797,-80.102258546263,,1985,,https://mcpbc.org/our-history/,26.0,2.0,,,2114.0,census_geocoder,67073,14.906367041198502,2.65
896,Muslim Community of Palm Beach,4883 Purdy Lane,West Palm Beach,FL,33415,26.644492061564,-80.117988112075,,996,,https://mcpbc.org/our-history/,,40.0,,,1371.0,census_geocoder,61274,15.33794848890874,2.89
897,Al-Iman Mosque,500 Se 9th st,Belle Glade,FL,33430,26.681563574418,-80.658786886288,,2003,,https://pbcpao.gov/Property/Details?parcelId=04374341090050071,,51.0,,,891.0,census_geocoder,46523,26.972342761541277,2.99
898,Islamic Center of Boca Raton,3489 Nw 5th ave,Boca Raton,FL,33431,26.382011892207,-80.07857233471,,1998,,https://www.investigativeproject.org/activities/535/islamic-center-of-boca-raton-icbr,29.0,15.0,,,1207.0,census_geocoder,107896,12.589517384535547,2.46
899,Minaret Islamic Center of Boca Raton,3480 Northwest 5th Avenue,Boca Raton,FL,33431,26.381659266026,-80.093270383856,,,,,29.0,22.0,,,3068.0,census_geocoder,107896,12.589517384535547,2.46
900,American Islamic Center of Florida,807 N Federal Hwy,Boca Raton,FL,33432,26.357847412613,-80.085469564186,,2003,,https://www.mapquest.com/us/florida/american-islamic-center-of-florida-414306131,39.0,86.0,,,935.0,census_geocoder,107045,10.010551910813415,2.01
901,Assalam Center,1499 Northwest 4th Avenue,Boca Raton,FL,33432,26.364028461121,-80.093967664839,,2008,,"https://ummah.events/acbr#:~:text=The%20number%20of%20the%20students,the%20end%20of%20March%202008.",33.0,72.0,,,580.0,census_geocoder,107045,10.010551910813415,2.01
902,zahed Quran Academy,123 Northwest 13th Street,Boca Raton,FL,33432,26.362024458376,-80.08825418674,,,,,35.0,84.0,,,3067.0,census_geocoder,107045,10.010551910813415,2.01
903,Al-Amin Center of Florida,8101 South Military Trail,Boynton Beach,FL,33436,26.555205619011,-80.118049333492,,2009,,https://search.sunbiz.org/Inquiry/CorporationSearch/SearchResults?InquiryType=EntityName&InquiryDirectionType=PreviousRecord&SearchTerm=ALAMIN%20AUTO%20SUPPLY%20LLC&SearchNameOrder=ALAMINCENTERIFLORIDA%20N180000078570&ListNameOrder=ALAMINAUTOSUPPLY%20L190001096400&Detail=FL.DOS.Corporations.Shared.Contracts.FilingRecord,,45.0,,,870.0,census_geocoder,75789,8.652729384436702,2.41
904,MAQ Stadium Musalla,15621 U.S. 441,Delray Beach,FL,33446,,,,,,,,4.0,,,3059.0,,80187,7.953784916693085,1.97
905,Baitul Mukarram Masjid,4665 Kirk Road,Lake Worth Beach,FL,33461,26.607815473212,-80.105834494335,,,,,,32.0,,,3079.0,census_geocoder,61963,17.643339384420827,3.09
906,Al Ikhlas Mosque / Masjid Tawad,6240 South Congress Avenue,Palm Beach County,FL,33462,26.584008680668,-80.092509671241,,,,,,52.0,,,3016.0,census_geocoder,73997,9.99210350482901,2.50
907,Islamic Center of Brandon,613 E Morgan st,Brandon,FL,33510,27.939950215292,-82.27728502881,,1993,,,,66.0,,,44.0,census_geocoder,74245,12.11398277004639,2.62
908,Isra Mosque,8527 Richmond Street,Gibsonton,FL,33534,27.844137191216,-82.359223833699,,,,,,22.0,,,3054.0,census_geocoder,80484,17.965929602888085,3.10
909,Noor Center & MasjidAnNoor (wesley chapel masjid),2250 Ashley Oaks Circle,Wesley Chapel,FL,33544,28.189125565132,-82.361853849243,,,,,,44.0,,,3039.0,census_geocoder,104573,7.1301963145045315,3.00
910,Islamic Community of Wesley Chapel,19130 Livingston Avenue,Lutz,FL,33559,28.153923534583,-82.430442254208,,,,,,12.0,,,3075.0,census_geocoder,80185,12.067162124965593,2.55
911,Masjid Al Khaliq,1415 North Kingsway Road,Seffner,FL,33584,28.014466690795,-82.277728455665,,,,,,7.0,,,3034.0,census_geocoder,72267,11.291398869104064,2.72
912,Al-Rahma Mosque,9844 Skewlee Road,Thonotosassa,FL,33592,28.050812169648,-82.316147044011,,,,,,14.0,,,3042.0,census_geocoder,68802,14.735207584177838,2.77
913,Islamic Society of New Tampa/Dar-Us Salaam,15830 Morris Bridge Rd,Thonotosassa,FL,33592,28.147348265004,-82.279908722223,,2013,,https://www.newtampamasjid.org/,,30.0,,,2338.0,census_geocoder,68802,14.735207584177838,2.77
914,Islamic Society of Tampa Bay ISTABA,7326 E Sligh Ave,East Lake,FL,33592,28.0111656,-82.3736474,,2017,,https://tampahistorical.org/items/show/197,22.0,23.0,,,504.0,nominatim,68802,14.735207584177838,2.77
915,The Deen Center,2802 Florida 60,Valrico,FL,33594,,,,,,,,32.0,,,3040.0,,96628,9.901866151866152,2.80
916,Alhamdulillah Dawah and Community Education Center,722 West Doctor Martin Luther King Junior Boulevard,Tampa,FL,33603,27.981506024501,-82.468823187763,,,,,38.0,56.0,,,3046.0,census_geocoder,74081,13.785447572913512,2.27
917,Masjid An Nasr,905 East Skagway Avenue,Tampa,FL,33604,28.032120511738,-82.45115429177,,,,,46.0,66.0,,,3045.0,census_geocoder,58766,20.928310204899553,2.52
918,Islamic Education Center of Tampa,120 S Edison St,Tampa,FL,33606,27.944330063508,-82.469497996152,,1993,,"https://www.causeiq.com/organizations/islamic-education-center-tampa,593205048/",41.0,84.0,,,1422.0,census_geocoder,120729,7.157861569162903,1.92
919,Masjid Omar Al Mokhtar,1307 E North st B,Tampa,FL,33606,28.005103058899,-82.44490413534,,-,Information Without Year,https://www.masjidomaralmokhtar.org/about,37.0,48.0,,,1941.0,census_geocoder,120729,7.157861569162903,1.92
920,Omar Almoktar Mosque,1307 West North B Street,Tampa,FL,33606,27.946852121495,-82.473673952659,,,,,42.0,79.0,,,3044.0,census_geocoder,120729,7.157861569162903,1.92
921,Madinatul Ilm Islamic Center,5013 Garden Lane,Tampa,FL,33610,27.994226406671,-82.35236698248,,2009,,https://search.sunbiz.org/Inquiry/corporationsearch/SearchResultDetail?inquirytype=EntityName&directionType=PreviousList&searchNameOrder=MADINATULILM%20N090000005280&aggregateId=domnp-n09000000528-8094e4e7-ddfa-4e1d-9366-4a2c80edb69d&listNameOrder=MADINAT%20L130000592500,0.0,10.0,,,1536.0,census_geocoder,54209,21.503176951867005,2.74
922,Masjid Abu Bakr Al-Siddiq,11010 North 30th Street,Tampa,FL,33612,28.048282092564,-82.426245204392,,2013,,"https://www.causeiq.com/organizations/abu-bakr-islamic-center,264821416/",34.0,72.0,,,1576.0,census_geocoder,47199,29.392851957103446,2.52
923,IEC Masjid of Tampa,4450 West Ohio Avenue,Tampa,FL,33614,27.977625890765,-82.518283938662,,1987,,https://www.iecmasjid.org/,27.0,32.0,,,642.0,census_geocoder,50232,17.599777082350922,2.53
924,Masjid Al-Ansar,4334 E Waters ave,Tampa,FL,33614,28.025379515026,-82.515959172387,,1992,,https://www.investigativeproject.org/mosques/386/islamic-community-of-tampa-inc-al-qassam-mosque,37.0,51.0,,,1643.0,census_geocoder,50232,17.599777082350922,2.53
925,Masjid Al-Qassam,5910 E 130th ave,Tampa,FL,33617,28.064635093777,-82.392109932143,,1987,,https://www.investigativeproject.org/documents/case_docs/267.pdf,,61.0,,,1737.0,census_geocoder,50948,20.705455174202474,2.30
926,The Muslim Connection -TMC,8080 North 56th Street,Tampa,FL,33617,28.022620663157,-82.393508335664,,,,,34.0,63.0,,,3052.0,census_geocoder,50948,20.705455174202474,2.30
927,Umar Mosque,4801 East Busch Boulevard,Tampa,FL,33617,28.032579510525,-82.408211198916,,,,,31.0,78.0,,,3043.0,census_geocoder,50948,20.705455174202474,2.30
928,Islamic Center of Gunn Hwy,4119 Gunn Highway,Tampa,FL,33618,28.040561739425,-82.509086382732,,2026,,https://www.instagram.com/reel/DVuDhLYkXdM/,30.0,58.0,,,1254.0,census_geocoder,84788,6.3867208969990115,2.30
929,Ismaili Jamatkhana,14362 Carlson Circle,Tampa,FL,33626,28.064740791185,-82.648335374641,,-,No Basic Information,,,16.0,,,405.0,census_geocoder,127118,4.982322901662957,2.53
930,Islamic Society Of Saint Petersburg,2401 5th Street South,St. Petersburg,FL,33705,27.746613335031,-82.639609008002,,,,,38.0,56.0,,,3050.0,census_geocoder,73027,17.024714479820794,2.21
931,Masjid Al Sunnah,2401 6th st S,st Petersburg,FL,33705,27.746627892878,-82.640612160749,,1992,,"https://ispc-fl.org/index.php/about-us/#:~:text=The%20ISPC%20was%20founded%20in%201992%20by,which%20means%20%22the%20servants%20of%20the%20Most-Merciful%22",38.0,56.0,,,1629.0,census_geocoder,73027,17.024714479820794,2.21
932,St. Petersburg Islamic Center,3762 18th Avenue South,St. Petersburg,FL,33711,27.751910199211,-82.684865678897,,1990,,https://www.tampabay.com/archive/2010/09/08/islam-gains-ground-in-bay-area/,44.0,55.0,,,1724.0,census_geocoder,66540,19.12593444508338,2.42
933,Albanian Islamic Cultural Center of Clearwater,223 North Fort Harrison Avenue,Clearwater,FL,33755,27.968387449527,-82.799905164215,,2003,,https://prayersconnect.com/mosques/84079187-albanian-islamic-cultural-center-of-clearwater-clearwater-florida-united-states,51.0,72.0,,,923.0,census_geocoder,62886,20.985394780189612,2.47
934,Masjid Al-Hamza,560 Clearwater Largo rd N,Largo,FL,33770,27.921872867367,-82.796326747614,,-,No Basic Information,,36.0,71.0,,,1676.0,census_geocoder,59815,14.349543224159254,2.18
935,Islamic Society of Pinellas County,7100 142nd Avenue North,Largo,FL,33771,27.901085700552,-82.73444769731,,,,,,44.0,,,3078.0,census_geocoder,59993,11.03605284765246,2.02
936,Bosnian Mesdzid,10999 60th Street,Pinellas County,FL,33782,27.871423690435,-82.716526395219,,2006,,https://search.sunbiz.org/Inquiry/CorporationSearch/SearchResultDetail?inquirytype=EntityName&directionType=PreviousList&searchNameOrder=BOSANSKIMESDZID%20N060000096990&aggregateId=domnp-n06000009699-dd165c3f-66d1-4788-99b7-1d68c252ac85&searchTerm=BOSAR%2C%20LLLP&listNameOrder=BOSANET%20L200000694640,28.0,21.0,,,834.0,census_geocoder,66461,12.914691943127963,2.30
937,Masjid Ebad Ar-Rahman,9400 67th st N,Pinellas Park,FL,33782,27.8574641524,-82.729982828682,,1992,,"https://ispc-fl.org/index.php/about-us/#:~:text=The%20ISPC%20was%20founded%20in%201992%20by,which%20means%20%22the%20servants%20of%20the%20Most-Merciful%22",,25.0,,,1859.0,census_geocoder,66461,12.914691943127963,2.30
938,Masjid Aysha,1161 Blossom Cir S,Lakeland,FL,33805,28.065951801458,-81.973096298844,,2009,,"https://www.causeiq.com/organizations/islamic-center-of-lakeland,201171908/",,34.0,,,1833.0,census_geocoder,62661,18.18939888332971,2.60
939,Masjid Al-Nur,325 Lyle Pkwy,Bartow,FL,33830,27.912758553286,-81.845899234949,,2021,,https://alnurbartow.com/about-us/,,45.0,,,2727.0,census_geocoder,63918,18.06978379866059,2.80
940,Davenport Muslim Prayer,1624 Florida Development Road,Davenport,FL,33837,28.186738044685,-81.629259015834,,,,,,1.0,,,3062.0,census_geocoder,81276,13.28174552835215,2.92
941,Islamic Center of Lake Wales,218 East Orange Avenue,Lake Wales,FL,33853,27.90331138699,-81.587957973608,,,,,,60.0,,,3080.0,census_geocoder,44474,21.207442918664174,2.51
942,Masjid Al-Jabbar,5186 Shumacher rd,Sebring,FL,33872,27.514711180099,-81.51669423141,,-,Information Without Year,https://prayersconnect.com/mosques/84029138-masjid-al-jabbar-sebring-florida-united-states,,10.0,,,1702.0,census_geocoder,69578,8.60429108604291,2.14
943,ISCF Masjid Al Mutakaber,1011 State Highway 540,Winter Haven,FL,33880,28.003452430884,-81.760323929907,,,,,,56.0,,,3036.0,census_geocoder,56390,18.768559762435043,2.78
944,Islamic Center of Polk County,1763 Unity Way Ne,Winter Haven,FL,33881,,,,1993,,https://prayersconnect.com/mosques/84068465-islamic-center-of-polk-county-winter-haven-florida-united-states,,52.0,,,1325.0,,57024,16.731286889091944,2.69
945,Center for Islamic Culture Awareness,2371 Crawford st,Fort Myers,FL,33901,26.635396704993,-81.865282874166,,1999,,"https://search.sunbiz.org/Inquiry/CorporationSearch/SearchResults?InquiryType=EntityName&InquiryDirectionType=PreviousRecord&SearchTerm=CENTER%20FOR%20IMMIGRATION%20RIGHTS%2C%20LLC&SearchNameOrder=CENTERFORISLAMICCULTURALAWAREN%20N512080&ListNameOrder=CENTERFORINTERNATIONALPROJECTS%20S694661&Detail=FL.DOS.Corporations.Shared.Contracts.FilingRecord#:~:text=THE%20CENTER%20FOR%20ISLAM%20AND,Changed:%2004/22/2012",,70.0,,,1022.0,census_geocoder,51816,19.451607357744543,2.38
946,Islamic Center of Southwest Florida,3337 Broadway,Fort Myers,FL,33901,26.616441170132,-81.867735255511,,2000,,https://swfl.onemuslimvoice.com/en/Mosque/masjid%20ibrahim6ce2,,60.0,,,1887.0,census_geocoder,51816,19.451607357744543,2.38
947,"Masjid Jesus Son of Mary, Islamic Center of Lehigh Acres",5441 Lee Street,Lehigh Acres,FL,33971,26.616647348328,-81.741751418423,,,,,,22.0,,,3076.0,census_geocoder,77723,13.114325833523822,3.62
948,Islamic Community of SWF,25148 Harbor View Road,Port Charlotte,FL,33980,26.971750580444,-82.037477350235,,1995,,https://www.heraldtribune.com/story/news/2007/07/28/worshippers-hope-their-new-mosque-opens/28569206007/,,5.0,,,1399.0,census_geocoder,63591,11.377292235661335,2.11
949,Islamic Center of Cape Coral - Masjid Quba,1404 Del Prado Blvd S,Cape Coral,FL,33990,26.62639795641,-81.940929148696,,2023,,"https://www.causeiq.com/organizations/islamic-center-of-cape-coral-masjid-quba,934233942/",,75.0,,,406.0,census_geocoder,70665,14.334262809341233,2.52
950,U.A.M.A. Naples Mosque,6741 Golden Gate Parkway,Naples,FL,34105,26.174160568676,-81.744032948839,,,,,,9.0,,,3026.0,census_geocoder,92214,8.532757944291879,1.94
951,Islamic Center of Naples,2801 County Barn Rd,Naples,FL,34112,26.127875331436,-81.730133056487,,2000,,https://www.naplesnews.com/story/news/local/2017/08/06/muslim-congregation-thrives-after-year-first-imam/541587001/?gnt-cfr=1&gca-cat=p&gca-uir=false&gca-epti=z112780e112780v000056&gca-ft=155&gca-ds=sophi,,10.0,,,1299.0,census_geocoder,69842,11.371731716559303,1.91
952,Bonita Springs Islamic Center,25221 Bernwood Dr. Unit 8,Bonita Springs,FL,34135,26.368870761861,-81.799165011688,,2005,,https://www.wgcu.org/culture-and-connections/2025-03-28/bonita-springs-mosque-celebrates-20-years-of-ramadan-together,,48.0,,,997.0,census_geocoder,91380,10.502700457000415,2.27
953,Islamic Society of Sarasota and Bradenton,4350 N Lockwood Ridge rd,Sarasota,FL,34234,27.371833207747,-82.505587084013,,1999,,https://www.heraldtribune.com/story/news/2007/07/28/worshippers-hope-their-new-mosque-opens/28569206007/?gnt-cfr=1&gca-cat=p&gca-uir=true&gca-epti=z119039e002300v119039d--xx--b--xx--&gca-ft=184&gca-ds=sophi,26.0,19.0,,,110.0,census_geocoder,57288,19.16708252052806,2.38
954,North western algeirs,Barbarossa Avenue,Sarasota,FL,34235,27.3798695,-82.4914835,,,,,,5.0,,,3032.0,nominatim,78958,11.604507646900993,2.08
955,Islamic Center of Ocala,1410 Northeast 14th Street,Ocala,FL,34470,29.200501432414,-82.119679730973,,,,,,37.0,,,3022.0,census_geocoder,52083,16.699011599043192,2.24
956,Ocala Jamatkhana,3951 Northwest Blitchton Road,Ocala,FL,34475,29.2088695,-82.1898439,,,,,11.0,24.0,,,3020.0,nominatim,30174,45.31109475921838,2.52
957,Masjid Darul-Islam of Ocala,6915 FL-40,Ocala,FL,34482,29.186536256738,-82.233380651251,,-,No Basic Information,No Website,,6.0,,,1853.0,census_geocoder,65901,9.752856763220834,2.29
958,Islamic Center of Hernando County,6307 Barclay ave,Spring Hill,FL,34609,28.522962478313,-82.491825374912,,1984,,https://www.springhillmosque.com/,,1.0,,,56.0,census_geocoder,79442,9.665490712798062,2.68
959,Hanafi Islamic Center,3655 Universal Plaza,New Port Richey,FL,34652,28.211549883097,-82.74132606973,,,,,,51.0,,,3025.0,census_geocoder,56931,13.56916000438068,2.25
960,Islamic Center of New Port Richey,4715 Grand Blvd,New Port Richey,FL,34652,28.227479110845,-82.723345604898,,2003,,https://www.tampabay.com/archive/2003/10/29/first-mosque-in-the-county-close-to-reality/,,56.0,,,1301.0,census_geocoder,56931,13.56916000438068,2.25
961,Masjid Al Rahman,2577 Keystone Road,Tarpon Springs,FL,34688,28.151838380277,-82.713001025636,,2014,,https://prayersconnect.com/mosques/84080767-masjid-al-rahman-tarpon-springs-florida-united-states,,15.0,,,764.0,census_geocoder,112091,6.404520838238757,2.56
962,Masjid Al Salam,1218 New York ave,Dunedin,FL,34698,28.019887295683,-82.77986617508,,2011,,https://www.dunedinmasjid.org/about,,60.0,,,1626.0,census_geocoder,74078,8.976373758090721,2.07
963,Islamic Center of Clermont,15128 Lost Lake rd,Clermont,FL,34711,28.528551372814,-81.706147565815,,2014,,,,12.0,,,49.0,census_geocoder,90245,5.303952891958107,2.69
964,Florida Islamic Center,60 West Center Street,Minneola,FL,34715,28.57203695489,-81.749193192508,,,,,,55.0,,,3027.0,census_geocoder,105262,6.079261254328587,2.97
965,Islamic Center of South Lake County,18296 US-27,Clermont,FL,34715,28.6118649,-81.757967,,2013,,https://www.orlandosentinel.com/2013/09/07/muslims-seek-more-space-to-worship/,,4.0,,,1348.0,nominatim,105262,6.079261254328587,2.97
966,Masjid Taqwa,2417 N Central ave,Kissimmee,FL,34741,28.317959913594,-81.408847322723,,1998,,https://masjidtaqwa.org/about-masjid-taqwa.php/pdfs/authority-sunnah.pdf,,40.0,,,1971.0,census_geocoder,52409,21.23434210980365,2.93
967,Islamic Center of Poinciana,2934 Pleasant Hill Road,Kissimmee,FL,34746,28.212671496365,-81.440363801128,,,,,,32.0,,,3083.0,census_geocoder,70998,12.406351521580588,3.02
968,Jaffaria Islamic Center,1500 Old Vineland rd,Kissimmee,FL,34746,28.3119726,-81.459759,,-,No Basic Information,,34.0,43.0,,,1498.0,nominatim,70998,12.406351521580588,3.02
969,Masjid al Agha,4900 W Irlo Bronson Memorial Hwy,Kissimmee,FL,34746,28.332729414119,-81.479424775761,,-,Information Without Year,https://www.halaltrip.com/mosque-details/6739/masjid-al-agha-osceola-county/,,45.0,,,327.0,census_geocoder,70998,12.406351521580588,3.02
970,Masjid Al Noor,3496 Polynesian Isle Blvd,Kissimmee,FL,34746,28.34595250894,-81.487663480342,,-,Information Without Year,"https://islammessage.org/af/center/4961/Masjid-Al-Noor--3496-Polynesian-Isles-BlvdKissimmee,-FL-34746-",,62.0,,,1614.0,census_geocoder,70998,12.406351521580588,3.02
971,Masjid Assunah,1535 Pleasant Hill rd,Kissimmee,FL,34746,,,,2000,,https://prayersconnect.com/mosques/84070855-masjid-as-sunnah-kissimmee-florida-united-states,,50.0,,,1823.0,,70998,12.406351521580588,3.02
972,Masjid Darul Uloom,2350 Old Vineland Rd,Kissimmee,FL,34746,28.314380645909,-81.461514422553,,1995,,https://darululoomflorida.org/,,31.0,,,1852.0,census_geocoder,70998,12.406351521580588,3.02
973,Masjid Tawheed Kissimmee,4636 West Irlo Bronson Memorial Highway,Kissimmee,FL,34746,28.313910521462,-81.46780311119,,,,,,56.0,,,3081.0,census_geocoder,70998,12.406351521580588,3.02
974,Islamic Society Of Lake County,826 East Dixie Avenue,Leesburg,FL,34748,28.806601629385,-81.865842020633,,,,,,39.0,,,3071.0,census_geocoder,58192,13.07690687338066,2.19
975,Leesburg Islamic Center,2201 Montclair st,Leesburg,FL,34748,28.815960059469,-81.897190883115,,2008,,https://search.sunbiz.org/Inquiry/corporationsearch/SearchResultDetail?inquirytype=EntityName&directionType=Initial&searchNameOrder=LEESBURGISLAMICCENTER%20N080000032560&aggregateId=domnp-n08000003256-8acc9ed4-a74c-4599-a761-04aaddcf7bb0&searchTerm=LEESBURG%20HOUSE%20OF%20MEAT%20LLC&listNameOrder=LEESBURGHOUSEMEAT%20L200003661020,,29.0,,,1527.0,census_geocoder,58192,13.07690687338066,2.19
976,Masjid Al-Bir,4870 Old Tampa Hwy,Kissimmee,FL,34758,28.258161368644,-81.477900262938,,1999,,"https://www.causeiq.com/organizations/albir-islamic-association,593598351/",,17.0,,,1652.0,census_geocoder,66339,15.131819649198322,3.42
977,Masjidu Tazkiah,120 Floral Street,Ocoee,FL,34761,28.568123713774,-81.54557223402,,2002,,https://www.foundationoflights.com/construction-plans,,54.0,,,2020.0,census_geocoder,96415,10.891448069950949,3.08
978,Masjid Al Huda - Muslim Center of St Cloud,3720 5th Street,St. Cloud,FL,34769,28.253336494028,-81.310763922801,,,,,,68.0,,,3051.0,census_geocoder,67148,13.66507627175593,2.86
979,Masjid Al Fattah,5800 Cyrils Drive,St. Cloud,FL,34771,28.333614162348,-81.208299950805,,,,,,0.0,,,3033.0,census_geocoder,97415,6.633145843986137,3.05
980,Islamic Center of the Treasure Coast (ICTC),3550 NE Sugarhill Ave,Jensen Beach,FL,34957,27.24884096788,-80.238933107654,,-,Information Without Year,,,37.0,,,2750.0,census_geocoder,70403,12.198253723677452,2.09
981,Masjid Okeechobee,111 Northeast 11th Street,Okeechobee,FL,34972,27.25491425277,-80.82977592407,,,,,,22.0,,,3019.0,census_geocoder,61040,20.507666685809454,2.77
982,Islamic Center of Fort Pierce,1104 West Midway Road,Fort Pierce,FL,34982,27.374385968062,-80.338006919924,,2017,,https://www.icfp-fl.com/our-story.html,,36.0,,,1241.0,census_geocoder,54082,16.717801423069393,2.58
983,Muslim Friends Of Florida Mosqu,4000 S US Hwy 1,Ft. Pierce,FL,34982,27.388213207775,-80.325693206808,,2009,,https://assets.pewresearch.org/wp-content/uploads/sites/11/2012/09/2012Mosque-Map.pdf,,26.0,,,1296.0,census_geocoder,54082,16.717801423069393,2.58
984,Muslim Friends Of Florida Mosque,4000 South US Highway 1,Fort Pierce,FL,34982,27.388213207775,-80.325693206808,,,,,,26.0,,,3055.0,census_geocoder,54082,16.717801423069393,2.58
985,Stuart Masjid,2981 Se Dominica Terrace,Stuart,FL,34997,27.151008374709,-80.213809843935,,-,No Basic Information,,,41.0,,,2177.0,census_geocoder,78136,10.22999828679116,2.38
986,Ismaili Jamat Khana,685 Dekalb Industrial Way,Decatur,GA,03033,33.796226498542,-84.278182956301,,1989,,https://www.facebook.com/theismailiusa/posts/the-ismaili-jamatkhana-atlanta-with-the-increased-arrival-of-ismailis-into-atlan/753141531753255/,,73.0,,,4319.0,census_geocoder,171046,0.6276150627615062,3.13
987,Hamzah Islamic Center,665 Tidwell Road,Alpharetta,GA,30004,34.117745410926,-84.249756966665,,2009,,https://www.redfin.com/GA/Alpharetta/665-Tidwell-Rd-30004/home/24284293,13.0,6.0,,,1122.0,census_geocoder,156100,4.984709480122325,2.78
988,AHISKA MASJID,70 Technology Drive,Alpharetta,GA,30005,34.113985246556,-84.219548131279,,,,No website,,28.0,,,3239.0,census_geocoder,176957,1.922201183999233,2.89
989,Masjid of Alpharetta/Islamic Center of North Fulton,1265 Rucker rd,Alpharetta,GA,30009,34.074350288427,-84.324355999468,,1998,,https://www.icnf.org/old/,21.0,22.0,,,1935.0,census_geocoder,126510,7.842855775672312,2.40
990,Southeast Islamic Center,591 N Main St #400,Milton,GA,30009,34.091125595558,-84.292043229483,,2000,,"https://www.causeiq.com/organizations/southeast-islamic-community-center,582488376/",,64.0,,,426.0,census_geocoder,126510,7.842855775672312,2.40
991,Southeast Islamic Community Center,591 North Main Street #400,Milton,GA,30009,34.091125595558,-84.292043229483,,2000,,https://islamiccenterse.org/,,64.0,,,3195.0,census_geocoder,126510,7.842855775672312,2.40
992,Masjid As-Siddiq of Conyers,1116 Old Covington Highway Southeast,Conyers,GA,30012,33.658111276959,-84.010397120237,,,,Website link invalid,,34.0,,,3255.0,census_geocoder,66153,12.428343478517819,2.89
993,Masjid Zaid - Dacula Islamic Community Center,2300 Liam Avenue Northeast,Dacula,GA,30019,34.005083166272,-83.914029028071,,2026,,https://zaidcommunitycenter.org/,,49.0,,,3224.0,census_geocoder,116583,4.062206204951426,3.27
994,Masjid Al-Momineen,837 North Indian Creek Dr.,Clarkston,GA,30021,33.800966174563,-84.238019545645,,1989,,https://www.masjidalmomineen.com/history.html,,39.0,,,1717.0,census_geocoder,52278,29.349013325566155,3.86
995,Negashi Islamic Community Center of Atlanta,803 Jolly ave,Clarkson,GA,30021,33.800462885377,-84.241455075782,,1999,,https://negashicommunity.com/about/,,37.0,,,2113.0,census_geocoder,52278,29.349013325566155,3.86
996,Ummati Masjid,706 Jolly Avenue Apartment 3,Clarkston,GA,30021,33.798989364127,-84.241606059482,,,,No website,,19.0,,,3204.0,census_geocoder,52278,29.349013325566155,3.86
997,Masjid Jafar and Al-Rahmah Community Center.,11005 Jones Bridge Road,Johns Creek,GA,30022,34.049702448489,-84.220980590917,,2021,,https://www.masjidjafaratl.com/,,62.0,,,3250.0,census_geocoder,153294,5.5761676123963335,2.73
998,Gwinnett Islamic Circle,50 Old Peachtree Road Suite 211,Suwanee,GA,30024,,,,2015,,https://www.suwaneemasjid.org/our-history.php,,46.0,,,1119.0,,143879,5.682877475388218,2.97
999,Johns Creek Islamic Center,7770 McGinnis Ferry Road,Suwanee,GA,30024,34.055566642408,-84.129654188355,,2009,,https://www.jcislamiccenter.com/,,43.0,,,3210.0,census_geocoder,143879,5.682877475388218,2.97
1000,Suwanee Masjid / Gwinnett Islamic Circle (GIC),80 Celebration Drive,Suwanee,GA,30024,34.025346193109,-84.051385413756,,2004,,https://www.suwaneemasjid.org/our-history.php,,50.0,,,2342.0,census_geocoder,143879,5.682877475388218,2.97
1001,Assalafi,3280 Glenwood Road,Decatur,GA,30032,33.738720069522,-84.283896024386,,,,https://assalfi.com/,,51.0,,,3259.0,census_geocoder,62765,16.717642489562092,2.52
1002,Ismaili Jamat Khana,Carriage Place Court,Scottdale,GA,30033,33.7962463,-84.2778406,,1989,,https://www.facebook.com/theismailiusa/posts/the-ismaili-jamatkhana-atlanta-with-the-increased-arrival-of-ismailis-into-atlan/753141531753255/,,73.0,,,453.0,nominatim,111616,10.093520374081496,2.20
1003,Nazam Center Decatur,701 Reverend D L Edwards Drive,Decatur,GA,30033,33.799245570486,-84.274961393212,,,,https://www.najamcenterdecatur.com/,,61.0,,,3260.0,census_geocoder,111616,10.093520374081496,2.20
1004,Masjid Aboo Bakr As Siddeeq,2532 S Hairston Rd A,Decatur,GA,30035,33.718621192041,-84.212064970746,,-,Information Without Year,https://assalafi.wixsite.com/masjid/contact,,49.0,,,1573.0,census_geocoder,66799,21.501230897858704,3.07
1005,Masjid Al Madinah,1972 Wesley Chapel rd,Decatur,GA,30035,33.732414150231,-84.213803440444,,-,Information Without Year,https://prayersconnect.com/mosques/84015339-masjid-al-madinah-decatur-georgia-united-states,,39.0,,,1607.0,census_geocoder,66799,21.501230897858704,3.07
1006,Masjid Musab bin Umair/West Forsyth Islamic  Center,442 Canton Hwy,Cumming,GA,30040,34.216493393433,-84.149808607391,,2022,,https://projects.propublica.org/nonprofits/organizations/882505884,,35.0,,,399.0,census_geocoder,137211,4.980852287325805,2.95
1007,Al-Rahman Mosque,1235 Peachtree Parkway,Cumming,GA,30041,34.131044603881,-84.171835057338,,2010,,https://alrahmanmasjid.com/,,20.0,,,3256.0,census_geocoder,152564,3.284935541374945,2.96
1008,AYESHA COMMUNITY CENTER,3870 Lawrenceville Highway,Lawrenceville,GA,30044,33.907511202667,-84.109416539828,,,,https://www.facebook.com/profile.php?id=61584894941094&mibextid=wwXIfr&rdid=7u5b73FrgDbzbAQ3&share_url=https%3A%2F%2Fwww.facebook.com%2Fshare%2F18LydptY1V%2F%3Fmibextid%3DwwXIfr#,,64.0,,,3248.0,census_geocoder,77321,13.038579011357236,3.30
1009,Darus Salam Masjid,3122 Cruse rd Nw,Lawrenceville,GA,30044,33.93280757046,-84.096625124408,,2001,,https://darussalammasjidatl.org/about/,,27.0,,,1077.0,census_geocoder,77321,13.038579011357236,3.30
1010,Greenview Madani Center,3455 Greenview Dr. Nw,Lawrenceville,GA,30044,33.940312367314,-84.11754729698,,2005,,https://en.halalguide.me/atlanta/mechet/greenview-madani-center,,49.0,,,1116.0,census_geocoder,77321,13.038579011357236,3.30
1011,Masjid Nasrullah,2399 Lawrenceville Highway,Lawrenceville,GA,30044,33.926105825491,-84.061425505206,,2020,,https://www.masjidnasrullah.org/,,38.0,,,3247.0,census_geocoder,77321,13.038579011357236,3.30
1012,"Community of Bosniaks, Georgia",950 Grayson Hwy,Lawrenceville,GA,30045,33.925524171464,-83.974155422541,,2008,,https://prayersconnect.com/mosques/84095680-community-of-bosniaks-georgia-lawrenceville-georgia-united-states,0.0,28.0,,,595.0,census_geocoder,104350,9.282484239602592,3.28
1013,Georgia Islamic Institute,177 Simonton rd Sw,Lawrenceville,GA,30045,33.934113155511,-83.973320479607,,2000,,,15.0,8.0,,,1114.0,census_geocoder,104350,9.282484239602592,3.28
1014,Islamic Center Nur,1073 Lawrenceville Highway,Lawrenceville,GA,30045,33.939542645613,-84.016683062126,,-,Information Without Year,https://icnur.org/contact/,,42.0,,,760.0,census_geocoder,104350,9.282484239602592,3.28
1015,Al-Qasim Institute (Masjid),912 Killian Hill Road Southwest Suite 204,Lilburn,GA,30047,33.869123090006,-84.097974476361,,,,https://alqasiminstitute.com/,,40.0,,,3246.0,census_geocoder,88652,14.9811282846113,3.21
1016,Dar-E-Abbas,5064 Lawrenceville Hwy,Lilburn,GA,30047,33.889167245951,-84.147891339232,,2016,,https://www.ajc.com/news/local-govt--politics/lilburn-mosque-hopes-break-ground-next-year/YeCyyPWyPmPPp9vtFfOpfO/,,49.0,,,1061.0,census_geocoder,88652,14.9811282846113,3.21
1017,Faizan-e-Madinah,4991 Burns Rd NW,Lilburn,GA,30047,33.904736727534,-84.153691466387,,2016,,https://www.faizanemadinahusa.org/lilburn-center/about-us,,62.0,,,431.0,census_geocoder,88652,14.9811282846113,3.21
1018,Masjid Abdullah,805 Dickens rd Nw,Lilburn,GA,30047,33.903489134058,-84.159644532677,,-,No Basic Information,(470) 774-1377,,35.0,,,1569.0,census_geocoder,88652,14.9811282846113,3.21
1019,Masjid Ar-Rasool,476 Hillcrest Rd NW,Lilburn,GA,30047,33.895347166583,-84.145889036014,,2000,,"https://halalguide.me/atlanta/mechet/al-rasol-islamic-center/posts#:~:text=The%20Al-Rasol%20Islamic%20Center%20is%20a%20non-profit,American%20Muslims%20community%20of%20the%20Atlanta,%20GA",,46.0,,,1805.0,census_geocoder,88652,14.9811282846113,3.21
1020,Masjid E Imadi,695 Beaver Ruin Road,Lilburn,GA,30047,33.909949504873,-84.129232761365,,,,https://usa.thedawoodibohras.com/community/atlanta/,,48.0,,,3245.0,census_geocoder,88652,14.9811282846113,3.21
1021,Masjid Imam Ali (A.S.),675 Beaver Ruin Road,Lilburn,GA,30047,33.909557005111,-84.12862842674,,,,No website,,49.0,,,3244.0,census_geocoder,88652,14.9811282846113,3.21
1022,Masjid Omar Bin Abdul Aziz Mosque,955 Harbins rd Nw,Lilburn,GA,30047,33.899427607652,-84.169787626283,,1980,,https://masjidomar.org/about-us/history/,,13.0,,,180.0,census_geocoder,88652,14.9811282846113,3.21
1023,Masjid Omar Bin Abdul Aziz Mosque,955 Harbins Road Northwest,Lilburn,GA,30047,33.899427607652,-84.169787626283,,1980,,https://masjidomar.org/,,13.0,,,3243.0,census_geocoder,88652,14.9811282846113,3.21
1024,Najam Center Lilburn Masjid,5365 Five Forks Trickum Road Southwest,Lilburn,GA,30047,33.842682709996,-84.129487446288,,2015,,https://www.najamcenterlilburn.com/,,47.0,,,3225.0,census_geocoder,88652,14.9811282846113,3.21
1025,NASFAT Atlanta Masjid,432 Dogwood Drive Northwest,Lilburn,GA,30047,33.903247993677,-84.125999766685,,2003,,https://www.atlnasfat.org/,,49.0,,,3252.0,census_geocoder,88652,14.9811282846113,3.21
1026,Loganville Islamic Center,883 Lee Byrd Road,Loganville,GA,30052,33.850224356324,-83.890257952995,,1996,,https://www.georgiaislamicinstitute.com/index.html,,6.0,,,3206.0,census_geocoder,93764,7.765974873675323,3.08
1027,Masjid Ibraaheem,1920 Temple Johnson Road Southwest,Loganville,GA,30052,33.839855739102,-83.981946424203,,,,No website,,1.0,,,3201.0,census_geocoder,93764,7.765974873675323,3.08
1028,Masjid An Nur,1996 South Stone Mountain Lithonia Road,Lithonia,GA,30058,33.744975304706,-84.132467334393,,,,https://masjidannurlithonia.org/,,39.0,,,3229.0,census_geocoder,61684,18.266617346692613,2.83
1029,Masjid An-Nur,1996 South Stone Mountain Road,Lithonia,GA,30058,33.744975304706,-84.132467334393,,1997,,"https://www.causeiq.com/organizations/masjid-an-nur,582170755/",,59.0,,,1795.0,census_geocoder,61684,18.266617346692613,2.83
1030,East Cobb Islamic Center - ECIC,1111 Braswell Rd,Marietta,GA,30062,33.977583180281,-84.486536661522,,2008,,https://rocketreach.co/east-cobb-islamic-center-profile_b7cf2f7ac1127819,,27.0,,,2346.0,census_geocoder,132631,6.09078165031179,2.68
1031,Alhedaya Mosque,968 Powder Spring Street,Marietta,GA,30064,33.930540067422,-84.565307369073,,-,Information Without Year,,,32.0,,,1259.0,census_geocoder,122195,4.920153706528666,2.76
1032,Islamic Circle of North America ICNA Guest House,1018 Powder Springs st,Marietta,GA,30064,33.928082124053,-84.569267295469,,2012,,https://projects.propublica.org/nonprofits/organizations/271586134,25.0,50.0,,,1282.0,census_geocoder,122195,4.920153706528666,2.76
1033,Masjid Al-Furqan WCIC,3861 Ernest West Barrett Parkway Southwest,Marietta,GA,30064,33.934427761206,-84.629801494261,,,,https://www.wc-ic.org/,,12.0,,,3198.0,census_geocoder,122195,4.920153706528666,2.76
1034,Ibad-Ur-Rahman Dawah Center Inc.DBA: Masjid Ibad-ur-Rahman,2440 Sandy Plains Road Building 15 and 16,Marietta,GA,30066,34.018063127089,-84.491398820262,,2022,,https://www.ibad-ur-rahman.org/masjid-ibad-ur-rahman-new-location/,,53.0,,,3196.0,census_geocoder,116074,7.419070617412871,2.68
1035,Masjid Al Athar East Cobb Islamic Center Inc.,1180 Franklin Gateway Southeast,Marietta,GA,30067,33.9236858,-84.4925459,,2024,,https://www.masjidalathar.org/,29.0,45.0,,,3199.0,nominatim,83568,11.451760256655406,2.42
1036,Al Madina Masjid,6014 Goshen Springs Road North West,Norcross,GA,30071,33.91667125287,-84.203658327214,,1993,,https://prayersconnect.com/mosques/84088363-al-madinah-masjid-ne-atlanta-islamic-center-norcross-georgia-united-states,,52.0,,,860.0,census_geocoder,64515,15.172521224394423,2.69
1037,Al-Ikhlas Masjid ,815 South Peachtree Street,Norcross,GA,30071,33.933309682746,-84.223107015356,,,,https://ikmia.org/,,62.0,,,3194.0,census_geocoder,64515,15.172521224394423,2.69
1038,Al-Madinah Mosque of North Atlanta,6014 Goshen Springs Road,Norcross,GA,30071,33.91667125287,-84.203658327214,,1993,,https://www.almadinahatl.org/,,52.0,,,3191.0,census_geocoder,64515,15.172521224394423,2.69
1039,Roswell Community Masjid (RCM),345 Market Place,Roswell,GA,30075,34.030374787151,-84.340764798749,,2008,,https://patch.com/georgia/roswell/new-mosque-opens-in-roswell,31.0,66.0,,,2341.0,census_geocoder,157335,4.291976026478219,2.59
1040,Saheb Azzaman Islamic Center,4853 Old Mountain Park rd Ne,Roswell,GA,30075,34.068640318441,-84.421682645719,,1994,,http://sicoa.org/history.aspx,,42.0,,,2155.0,census_geocoder,157335,4.291976026478219,2.59
1041,Saheb Azzaman Islamic Center,4853 Old Mountain Park Road,Roswell,GA,30075,34.068640318441,-84.421682645719,,,,http://www.sicoa.org/,,42.0,,,3220.0,census_geocoder,157335,4.291976026478219,2.59
1042,Bosnian Community Center/Darulhuda Masjid,2755 Centerville Hwy Sw,Snellville,GA,30078,33.835408136823,-84.033208372023,,2005,,https://darulhudamasjid.com/about-darul-huda-masjid-snellville/,,4.0,,,999.0,census_geocoder,98257,9.290360159207845,3.10
1043,Darul Huda,2752 Main st,Snellville,GA,30078,33.855151886598,-84.027596911309,,2025,,https://www.facebook.com/watch/?v=490781717392363,,37.0,,,1069.0,census_geocoder,98257,9.290360159207845,3.10
1044,Jaffari Center of Atlanta,295 Patterson ave,Scottsdale,GA,30079,33.784442469017,-84.265717553428,,-,Information Without Year,https://www.jaffari.com/,,48.0,,,1497.0,census_geocoder,82500,21.506682867557718,3.08
1045,Jaffari Center of Atlanta,295 Patterson Avenue,Scottdale,GA,30079,33.784442469017,-84.265717553428,,,,https://www.jaffari.com/,,48.0,,,3186.0,census_geocoder,82500,21.506682867557718,3.08
1046,Al Iman Mosque,1820 Spring Road Southeast,Smyrna,GA,30080,33.883611709407,-84.500123316297,,,,http://www.alimanmasjid.com/,22.0,61.0,,,3219.0,census_geocoder,91957,10.82978803508904,2.13
1047,Masjid Assunnah & Dawah Center,4565 Elam rd,Stone Mountain,GA,30083,33.780421738567,-84.202082832315,,1994,,https://prayersconnect.com/mosques/84058831-masjid-assunnah-dawah-center-stone-mountain-georgia-united-states,,28.0,,,1825.0,census_geocoder,55307,18.101261758756863,3.02
1048,Masjid Attawheed,5848 Memorial Dr.,Stone Mountain,GA,30083,33.800305792526,-84.199154090988,,-,Information Without Year,https://www.mapquest.com/us/georgia/mosque-tawheed-451253383,,55.0,,,1832.0,census_geocoder,55307,18.101261758756863,3.02
1049,Masjid Rahman Islamic center,775 Rays Road,Stone Mountain,GA,30083,33.800891462657,-84.220442109999,,,,https://masjid-rahman.web.app/#/home,,67.0,,,3214.0,census_geocoder,55307,18.101261758756863,3.02
1050,Muad Bin Jabal Islamic Center - Masjid,6204 Memorial Drive Suite B,Stone Mountain,GA,30083,33.806297344481,-84.186996512229,,2019,,https://masjidmuad.com/,,69.0,,,3213.0,census_geocoder,55307,18.101261758756863,3.02
1051,Masjid Salman Al Farsi,2187 Fellowship Road,Tucker,GA,30084,33.847959664539,-84.217471662915,,,,https://masjidsalmanalfarsi.org/,39.0,65.0,,,3209.0,census_geocoder,81304,10.909813269765593,2.62
1052,Masjid Fatimah,1836 Rockbridge Road,Stone Mountain,GA,30087,33.824971195383,-84.122169403882,,2022,,http://www.fatimahmasjid.org/,,56.0,,,3215.0,census_geocoder,96491,7.612278533168521,2.92
1053,Fatemeh Zahra IEC,6991 Peachtree Industrial Boulevard,Norcross,GA,30092,33.933949692019,-84.25832196689,,,,No website,,39.0,,,3189.0,census_geocoder,79309,8.56207027231877,2.28
1054,Masjid Soumaya,6375 Spalding Drive,Norcross,GA,30092,33.968430099749,-84.257396594802,,2023,,https://www.masjidsoumaya.org/,,60.0,,,3203.0,census_geocoder,79309,8.56207027231877,2.28
1055,Muslim Community Center,6991 Peachtree Industrial Boulevard,Norcross,GA,30092,33.933949692019,-84.25832196689,,,,https://www.mccatlanta.org/,,39.0,,,3223.0,census_geocoder,79309,8.56207027231877,2.28
1056,Ahmadiyya Muslim Community,1800 Willow Trail Parkway,Norcross,GA,30093,33.930794541655,-84.169503202768,,,,https://trueislam.com/about-us/,,13.0,,,3192.0,census_geocoder,48404,18.939622804367527,2.49
1057,Bait-ul-Ata Mosque,1800 Willow Trail Parkway,Norcross,GA,30093,33.930794541655,-84.169503202768,,2014,,https://ahmadiyyamosque.blogspot.com/2016/01/baitul-ata-mosque-norcross-georgia-usa.html,,13.0,,,3190.0,census_geocoder,48404,18.939622804367527,2.49
1058,Islamic Center of Duluth/Masjid Maryam,3371 N Berkeley Lake rd,Duluth,GA,30096,33.984552859228,-84.170356207944,,-,Information Without Year,https://icdga.org,,53.0,,,1231.0,census_geocoder,74656,12.468094009345144,2.53
1059,Islamic Circle of North America GA,3650 Savannah Place Drive,Duluth,GA,30096,34.003099486807,-84.166852515254,,,,https://icnaga.org/,,51.0,,,3253.0,census_geocoder,74656,12.468094009345144,2.53
1060,Madina Institute USA of Duluth,3580 Sweetwater Rd,Duluth,GA,30096,33.943418418508,-84.12541486236,,1989,,https://madinainstitute.com/about,,67.0,,,2350.0,census_geocoder,74656,12.468094009345144,2.53
1061,Masjid Maryam Duluth,3650 Savannah PI Dr,Duluth,GA,30096,34.003099486807,-84.166852515254,,-,Information Without Year,,,51.0,,,2708.0,census_geocoder,74656,12.468094009345144,2.53
1062,Islamic Center of Cartersville/Masjid Quba,5698 GA-20,Cartersville,GA,30121,34.2143728,-84.7530739,,2009,,https://prayersconnect.com/mosques/84077877-masjid-quba-islamic-center-of-cartersville-cartersville-georgia-united-states,,13.0,,,1219.0,nominatim,78366,11.391552420952532,2.46
1063,Masjid Quba Mableton,6165 Mableton Pkwy SW Bldg 200,Mableton,GA,30126,33.803497926986,-84.56805026685,,2010,,https://www.atlantamuslim.com/directory/masjid-qubaa-islamic-center/,32.0,42.0,,,1279.0,census_geocoder,101891,9.42609195953397,2.64
1064,Masjid,3926 Bagley Forest Drive,Powder Springs,GA,30127,33.878192204562,-84.668403405376,,,,No website,,18.0,,,3222.0,census_geocoder,110904,8.057111569725814,2.92
1065,Islamic Center of Paulding County,481 Butler Industrial Drive,Dallas,GA,30132,33.902954949325,-84.801979319967,,2016,,https://www.facebook.com/icpcusa/,,33.0,,,3257.0,census_geocoder,109914,6.187290969899665,2.96
1066,Soubalo,,Douglasville,GA,30134,33.7514966,-84.7477136,,,,No website,,71.0,,,3261.0,nominatim,76574,11.858919382504288,2.90
1067,Islamic Center of West Georgia/Masjid As-Siddiq,4055 Anneewakee Rd,Douglasville,GA,30135,33.693991452594,-84.697045200417,,2002,,"https://www.causeiq.com/organizations/islamic-center-of-west-georgia,300032099/",,19.0,,,2340.0,census_geocoder,94526,9.68830503623134,2.96
1068,Masjid Suffah,6045 Pine Mountain Rd,Kennesaw,GA,30152,34.018309377899,-84.624867605231,,2015,,https://masjidsuffah.com/about/,,50.0,,,831.0,census_geocoder,126578,5.960724601983922,2.71
1069,Islamic Center of Rome,713 Shorter Avenue Northwest,Rome,GA,30165,34.26611233213,-85.20277104335,,,,https://www.romeislam.us/main/,,70.0,,,3221.0,census_geocoder,68089,15.92052791492594,2.69
1070,Allatoona Masjid & Community Center [AMCC],103 Victoria North Court,Woodstock,GA,30189,34.132370510291,-84.586351528783,,1990,,http://myamcc.org/,,31.0,,,3207.0,census_geocoder,114130,8.786621400729285,2.60
1071,ICCA-Islamic Community Center-Atlanta,288 E Lanier Ave,Fayetteville,GA,30214,33.448747819859,-84.450473122083,,2001,,https://www.iccatlanta.org/about/,,48.0,,,2347.0,census_geocoder,89912,7.228685258964143,2.65
1072,Griffin Islamic Center,315 North Third Street,Griffin,GA,30223,33.25271394523,-84.257165053126,,1976,,No website,,66.0,,,3188.0,census_geocoder,59054,18.744567078471146,2.54
1073,Masjid Fataran Nas,701 Randall st,Griffin,GA,30223,33.253413743663,-84.273462425406,,-,Information Without Year,https://prayersconnect.com/mosques/84089165-masjid-fataran-nas-griffin-georgia-united-states,,65.0,,,1865.0,census_geocoder,59054,18.744567078471146,2.54
1074,Griffin Muslim Center,315 N 3Rd St,Griffin,GA,30224,33.25271394523,-84.257165053126,,1976,,https://www.mapquest.com/us/georgia/islamic-community-ctr-griffin-379280032,,66.0,,,1117.0,census_geocoder,70216,18.376623376623378,2.67
1075,Masjid BILAL IBN RABAAH,696 Mount Zion Road,Jonesboro,GA,30236,33.572957823385,-84.366928297501,,,,https://www.masjidbilalibnrabaah.org/,,45.0,,,3249.0,census_geocoder,66973,13.898090213879687,2.76
1076,Bilal Ibn Rabah Islamic Center,120 Hamilton st,La Grange,GA,30240,32.973513498053,-85.128390114921,,,,,,0.0,,,989.0,census_geocoder,61584,13.420932208929855,2.61
1077,Darul Quran Academy and Masjid,1609 Georgia 155 North,McDonough,GA,30252,33.493930540751,-84.144827127881,,,,https://darulquranacademy.org/our-story/,,10.0,,,3202.0,census_geocoder,100770,4.3325313870974265,3.06
1078,"Newnan Masjid, ICCC Worship Center",80d Newnan Station Drive,Newnan,GA,30265,33.397956819171,-84.735304321309,,2001,,https://www.islamiccentercowetacounty.org/,,62.0,,,3193.0,census_geocoder,108144,6.077820229237885,2.66
1079,Henry County Islamic Center - Stockbridge Masjid,620 East Atlanta Road,Stockbridge,GA,30281,33.570125434981,-84.23237065023,,,,No website,,15.0,,,3217.0,census_geocoder,71213,10.002380518953132,2.57
1080,Islamic Society of South Atlanta - Stockbridge Masjid,4340 North Henry Boulevard,Stockbridge,GA,30281,33.543690474765,-84.221613150322,,2010,,https://issamasjid.com/,,35.0,,,3216.0,census_geocoder,71213,10.002380518953132,2.57
1081,Masjid Al Ihsaan,1585 E Fayetteville Rd,Riverdale,GA,30296,33.590183451321,-84.44050942345,,2000,,https://prayersconnect.com/mosques/84041018-masjid-al-ihsaan-riverdale-georgia-united-states,,11.0,,,2349.0,census_geocoder,63292,13.78809328664034,2.70
1082,5 Points Islamic Center (Masjid Jami Islamic Center),105 Broad Street Southwest,Atlanta,GA,30303,33.7518896956,-84.393343819708,,2016,,https://prayersconnect.com/mosques/84034713-five-points-islamic-center-atlanta-georgia-united-states,84.0,96.0,,,297.0,census_geocoder,-666666666,60.48999309868876,1.49
1083,Five Points Islamic Center,105 Broad St SW,Atlanta,GA,30303,33.7518896956,-84.393343819708,,2016,,https://prayersconnect.com/mosques/84034713-five-points-islamic-center-atlanta-georgia-united-states,84.0,96.0,,,2344.0,census_geocoder,-666666666,60.48999309868876,1.49
1084,Al-Etihad Mosque,568 Poole Place Southwest,Atlanta,GA,30310,33.7390542,-84.4133987,,,,http://www.masjidaletihad.com/,67.0,87.0,,,3237.0,nominatim,53037,23.365671641791046,2.12
1085,West End Community Masjid,547 West End Pl,Atlanta,GA,30310,33.739993477227,-84.424864845123,,1976,,https://prayersconnect.com/mosques/84097959-community-masjid-of-atlanta-atlanta-georgia-united-states,59.0,79.0,,,2231.0,census_geocoder,53037,23.365671641791046,2.12
1086,West End Islamic Center,1193 Lucile Avenue Southwest,Atlanta,GA,30310,33.742382152483,-84.42694826417,,1976,,https://communitymasjid.com/,48.0,68.0,,,3227.0,census_geocoder,53037,23.365671641791046,2.12
1087,Ar-Rahman Islamic Center,1631 Westhaven Drive Southwest,Atlanta,GA,30311,33.732625726522,-84.441341043262,,,,No website,38.0,59.0,,,3235.0,census_geocoder,50649,25.28249805917364,2.29
1088,Khayra,1631 Westhaven Drive Southwest,Atlanta,GA,30311,33.732625726522,-84.441341043262,,,,No website,38.0,59.0,,,3234.0,census_geocoder,50649,25.28249805917364,2.29
1089,MUHAMMAD'S TEMPLE,3040 Campbellton Road Southwest,Atlanta,GA,30311,33.695022979595,-84.487409317972,,,,No website,44.0,55.0,,,3233.0,census_geocoder,50649,25.28249805917364,2.29
1090,Vine City Mosque,146 Graves Street Northwest,Atlanta,GA,30314,33.758628246005,-84.407318826846,,,,No website,61.0,56.0,,,3228.0,census_geocoder,42089,32.56130049475344,2.30
1091,Al-Mu'minun Mosque,1127 Hank Aaron Dr SW,Atlanta,GA,30315,33.724154126304,-84.388137186842,,-,Information Without Year,https://www.masjidalmuminunatlanta.org/about-us-2,42.0,69.0,,,2343.0,census_geocoder,50822,28.155522163786628,2.37
1092,Masjid Al-Quran,500 McDonough Boulevard Southeast,Atlanta,GA,30315,33.713897868217,-84.36998592431,,2006,,https://web.archive.org/web/20250712081507/http://masjidalquranatl.com/new-about/,39.0,41.0,,,538.0,census_geocoder,50822,28.155522163786628,2.37
1093,Muhammad Mosque #15,2175 Metropolitan Parkway Southwest,Atlanta,GA,30315,33.694644453419,-84.408202296622,,,,https://noiatlanta.org/,41.0,58.0,,,3231.0,census_geocoder,50822,28.155522163786628,2.37
1094,Atlanta Masjid of Al Islam,560 Fayetteville Rd Se,Atlanta,GA,30316,33.7226117,-84.3282271,,1990,,"https://pluralismarchive.hsites.harvard.edu/atlanta-masjid-al-islam#:~:text=Five%20daily%20prayers;%20weekly%20Friday,themselves%2C%20creating%20the%20current%20Masjid.",,60.0,,,963.0,nominatim,102891,14.309047424604795,2.15
1095,Al-Farooq Masjid of Atlanta,442 14th Street Northwest,Atlanta,GA,30318,33.786147320896,-84.401607755709,,1980,,https://alfarooqmasjid.org/about-us/history/,52.0,88.0,,,537.0,census_geocoder,83116,17.86443188180685,2.01
1096,Al-Farooq Mosque,442 14th Street Northwest,Atlanta,GA,30318,33.786147320896,-84.401607755709,,1980,,https://alfarooqmasjid.org/,52.0,88.0,,,3236.0,census_geocoder,83116,17.86443188180685,2.01
1097,Masjid Abu Bakr,1775 Briarwood Rd NE,Atlanta,GA,30329,33.84293993339,-84.32285155166,,2006,,https://abubakrmasjid.org/about-us/,41.0,61.0,,,1575.0,census_geocoder,76579,15.075433041534737,2.27
1098,Masjid As-Salam,2860 Cambellton rd Se,Atlanta,GA,30331,,,,2000,,"https://www.assalammasjid.org/about/#:~:text=The%20mosque%20was%20founded%20in%202000%20and,community%20*%20Participate%20in%20community%20service%20activities",41.0,54.0,,,1814.0,,62623,16.577334146419744,2.54
1099,Masjid Al-Bayyinah,3270 East Main Street,College Park,GA,30337,33.666210335786,-84.444605467561,,2004,,https://www.masjidalbayyinah.com/,,71.0,,,3242.0,census_geocoder,51388,21.1010898158587,2.22
1100,Masjid Uthman (Dunwoody Community Center),11 Dunwoody Park,Dunwoody,GA,30338,33.924840024949,-84.310953873632,,2014,,https://masjiduthmanatlanta.org/,26.0,67.0,,,3254.0,census_geocoder,135148,4.439928879857759,2.41
1101,NW Ismaili Center & Jamatkhana - Atlanta NW,120 Interstate North Parkway East Southeast #168,Atlanta,GA,30339,33.903262181402,-84.465724809096,,,,https://the.ismaili/,29.0,36.0,,,3230.0,census_geocoder,103277,6.276707134165322,1.78
1102,Mosque/Masjid Ussakki,3274 Buckeye Road,Chamblee,GA,30341,33.884650902579,-84.25772906538,,,,https://www.ussakiorder.com/,,64.0,,,3240.0,census_geocoder,86313,14.783461807988788,2.51
1103,Masjid Sidq wa Ikhlas,1677 Dorsey Avenue,East Point,GA,30344,33.677365564661,-84.443947558085,,,,No website,63.0,71.0,,,3251.0,census_geocoder,68380,21.082919914953933,2.39
1104,Masjid Badrudeen Inc,1350 Crystal Lake Road,Atlanta,GA,30349,33.608085071192,-84.434337828991,,2014,,https://badrudeen.net/,,61.0,,,3232.0,census_geocoder,67023,13.384453201475866,2.56
1105,Masjid Ibn Abbas (Upon the Salaf),2051 Godby Road #20,College Park,GA,30349,33.615911727902,-84.4566348129,,,,https://masjidibnabbas.org/,,50.0,,,3241.0,census_geocoder,67023,13.384453201475866,2.56
1106,Zainabia Islamic Education Center,1100 Hope rd,Atlanta,GA,30350,33.989769856552,-84.349207189619,,1997,,https://www.facebook.com/zainabiacenter/,33.0,67.0,,,2246.0,census_geocoder,88118,10.276623598383516,1.96
1107,Masjid Ash-Shura,3095 Jonesboro rd Se,Atlanta,GA,30354,33.671856060966,-84.372432806353,,-,Information Without Year,https://www.masjidash-shura.org/,38.0,8.0,,,1818.0,census_geocoder,63189,18.16775949523692,2.42
1108,At-Taqwa Mosque,2674 Woodwin Rd,Doraville,GA,30360,33.918819866979,-84.278378168529,,2005,,https://masjidattaqwaatlanta.org/our-masjid/,,37.0,,,2345.0,census_geocoder,97543,12.947543713572024,2.85
1109,Bulloch County Islamic Center,1500 Morgan Way,Statesboro,GA,30461,32.466163337365,-81.76250467636,,,,No website,,8.0,,,3218.0,census_geocoder,80224,12.213785390546825,2.51
1110,Gainesville Community Mosque, 694 East East Butler Pkwy,Gainesville,GA,30501,,,,1994,,https://pluralism.org/news/gainesville-islamic-center-expands-meet-needs,,79.0,,,1109.0,,64175,19.26352865834134,2.65
1111,Gainesville Islamic Cultural Center,694 East Butler Parkway,Gainesville,GA,30501,,,,2007,,https://www.facebook.com/GainesvilleIslamicCulturalCenter/,,79.0,,,3185.0,,64175,19.26352865834134,2.65
1112,Gainsvile Islamic Culture Center,694 EE Butler Pkwy,Gainsville,GA,30501,,,,2007,,https://pluralism.org/news/gainesville-islamic-center-expands-meet-needs,,79.0,,,1110.0,,64175,19.26352865834134,2.65
1113,Al-Quba Mosque,1400 Buford Highway Northeast,Sugar Hill,GA,30518,34.094367379638,-84.014937157024,,,,https://www.masjidalquba.net/,,50.0,,,3212.0,census_geocoder,96936,10.482710806829013,3.08
1114,Sugar Hill Masjid / Darun Naeim Institute,826 Buford Highway Northeast,Sugar Hill,GA,30518,34.128296637207,-83.981509529454,,,,https://www.darunnaeiminstitute.org/,,17.0,,,3211.0,census_geocoder,96936,10.482710806829013,3.08
1115,Masjid Alzubair,78 Dawson Village Way North,Dawsonville,GA,30534,34.389805066594,-83.988339561811,,,,https://masjidalzubair.org/,,40.0,,,3262.0,census_geocoder,95341,7.933908466150022,2.73
1116,Al Huda Islamic Center. Inc.,2022 S Milledge Ave,Athens,GA,30605,33.9245314,-83.3791477,,1987,,https://www.alhudaislamiccenterofathens.org/about.html,,56.0,,,855.0,nominatim,50062,27.835106382978726,2.14
1117,Athens Islamic Community Center,445 Tallassee Road,Athens,GA,30606,33.96946759608,-83.440412697053,,,,https://athensislamiccommunity.org/contact/,,13.0,,,3238.0,census_geocoder,63328,21.82590505464481,2.16
1118,Dalton Islamic Center,2054 Dug Gap rd,Dalton,GA,30720,34.731826824164,-84.998060472316,,2007,,https://www.daltonislamic.com/about-us,,4.0,,,1043.0,census_geocoder,69369,15.421695893114704,2.70
1119,Masjid Al-Huda,1839 Ellis Street,Augusta,GA,30904,33.483958834201,-81.99514084422,,2016,,"https://www.causeiq.com/organizations/masjid-al-huda-of-augusta-georgia,861090396/",,71.0,,,1689.0,census_geocoder,46696,23.819157357727153,2.33
1120,Muslim Community Center,1821 Slayton Street,Augusta,GA,30904,33.4649568,-82.000858,,2012,,"https://isaugusta.com/isa_history/#:~:text=ISA%20was%20established%20in%201976%20to%20serve,the%20%E2%80%9CFirst%20Islamic%20Center%E2%80%9D%20Facebook%20page%20at",,40.0,,,2085.0,nominatim,46696,23.819157357727153,2.33
1121,Masjid Ibrahim(Friday Prayer service),26503 Barnes Avenue,Augusta,GA,30905,33.4227977,-82.1502545,,,,No website,,32.0,,,3226.0,nominatim,74688,10.486891385767791,3.81
1122,Islamic Center of Augusta,3416 Middleton st,Augusta,GA,30907,33.512948836671,-82.073275546408,,2012,,https://isaugusta.com/isa_history/,,37.0,,,1203.0,census_geocoder,81912,8.945768950905277,2.55
1123,Islamic Society of Augusta,1 Islamic Center Drive,Martinez,GA,30907,,,,1976,,https://isaugusta.com/,,34.0,,,3197.0,,81912,8.945768950905277,2.55
1124,Islamic Center of Middle Georgia,2501 Elberta rd,Centerville,GA,31028,32.6328427,-83.6679528,,2010,,https://www.macon.com/news/local/article254381288.html,,12.0,,,64.0,nominatim,76342,13.063199274266706,2.79
1125,Muhammad Mosque #93,1695 Third Street,Macon,GA,31201,32.821055065538,-83.639689044212,,,,No website,,34.0,,,3200.0,census_geocoder,29420,40.02010338885698,1.76
1126,Islamic center of Macon,1655 Eisenhower Pkwy,Macon,GA,31206,32.814795021297,-83.673622713808,,2007,,https://islamiccenterofmacon.com/,,47.0,,,2348.0,census_geocoder,30042,37.477567714202245,2.87
1127,Islamic center of pooler,200 Governor Treutlen Drive Suite Number 9,Pooler,GA,31322,32.113208123432,-81.24069737711,,,,No website,,41.0,,,3205.0,census_geocoder,91344,7.522524031215461,2.44
1128,Masjid Jihad,117 East 34th Street,Savannah,GA,31401,32.059214424972,-81.097826272325,,1983,,"https://www.masjidjihad.com/about-us#:~:text=By%20spring%201972%2C%20Reginal%20X,Street%2C%20establishing%20what%20would%20later",,93.0,,,174.0,census_geocoder,52509,35.79733752738303,2.09
1129,Islamic Center of Savannah,1030 Dutchtown rd,Savanna,GA,31419,31.9893402,-81.1617441,,2002,,https://www.atlantamuslim.com/directory/islamic-center-savannah/,,35.0,,,76.0,nominatim,69635,13.100476053087132,2.46
1130,Islamic Center of Savannah,1030 Dutchtown Road,Savannah,GA,31419,31.9893402,-81.1617441,,2002,,https://islamiccenterofsavannah.com/,,35.0,,,3187.0,nominatim,69635,13.100476053087132,2.46
1131,Muslim Cultural Center,420 West Street,Valdosta,GA,31601,30.831766857504,-83.290844820649,,1986,,https://www.facebook.com/MuslimCulturalCenterValdosta/,,45.0,,,2098.0,census_geocoder,36111,27.23984603132466,2.47
1132,Valdosta Islamic Center and Mosque,4004 Coleman Road North,Valdosta,GA,31602,30.89802935677,-83.350311873359,,,,,,20.0,,,3041.0,census_geocoder,56939,24.13101020972105,2.36
1133,Valdosta Islamic Center and Mosque,4004 Coleman Road North,Valdosta,GA,31602,30.89802935677,-83.350311873359,,,,https://www.valdostaislamiccenter.org/,,20.0,,,3208.0,census_geocoder,56939,24.13101020972105,2.36
1134,Albany Masjid of Al-Islam,831 West Highland Avenue,Albany,GA,31705,31.573846815549,-84.168658833885,,1999,,https://qpublic.schneidercorp.com/Application.aspx?AppID=762&LayerID=11798&PageTypeID=4&PageID=5588&Q=459712831&KeyValue=000DD%2f00007%2f001,,47.0,,,925.0,census_geocoder,42972,31.896642643698364,2.59
1135,Islamic Center of Albany,712 W Oglethorpe Blvd,Albany,GA,31707,31.575230738032,-84.166038715303,,-,No Basic Information,,,46.0,,,1196.0,census_geocoder,50862,19.85343402296796,2.04
1136,Ibrahim's Masjed,1649 Elvan Avenue,Columbus,GA,31903,32.421511939849,-84.947243692778,,,,No website,,64.0,,,3258.0,census_geocoder,32401,35.37821297429621,2.57
1137,Masjid Abdullah Bin Masud,1640 5th Ave,Columbus,GA,31903,32.477418156312,-84.986039961234,,2007,,https://www.facebook.com/AbdullahBinMasudColumbus/,,40.0,,,1570.0,census_geocoder,32401,35.37821297429621,2.57
1138,Marsid An Nur,753 Church ave,Columbus,GA,31906,32.460304702425,-84.953434849103,,-,No Basic Information,,,46.0,,,1551.0,census_geocoder,44965,25.391295814729403,2.32
1139,Masjid Al Jannah,6550 Forrest Rd,Columbus,GA,31907,32.488328504033,-84.878411453897,,1988,,https://www.atlantamuslim.com/directory/masjid-al-jannah/,,8.0,,,1605.0,census_geocoder,54453,17.44691419346827,2.41
1140,Islamic Center of Hawaii,688 Kinoole St #101,Hilo,HI,96720,19.719113778117,-155.085271285864,,2015,,https://www.facebook.com/IslamicCenterHawaii/,,84.0,,,2351.0,census_geocoder,80938,14.289353031074887,2.76
1141,Islamic Center of Maui (Maui Mosque/Masjid),270 Lalo St #105,Kahului,HI,96732,20.884697861629,-156.457277016608,,-,Information Without Year,,,60.0,,,2733.0,census_geocoder,101739,7.084711742184886,3.22
1142,Maui Islamic Center,170 Kaahumanu ave,Kahului,HI,96732,20.890297104678,-156.470199938282,,-,No Basic Information,,,66.0,,,2030.0,census_geocoder,101739,7.084711742184886,3.22
1143,Islamic Center of Hawaii-2 ,79-7430 Mamalahoa Hwy unit C4,Kealakekua,HI,96750,19.530563263748,-155.925315580616,,-,Information Without Year,,,55.0,,,2734.0,census_geocoder,92576,5.034832172260924,3.23
1144,The Honolulu Mosque - Ahmadiyya Muslim Community of Hawai’i,650 Kohou St #1b,Honolulu,HI,96817,21.322966620314,-157.872369494426,,2023,,https://ahmadiyyafactcheckblog.com/2024/04/21/the-history-of-ahmadiyya-in-hawaii/,69.0,86.0,,,2732.0,census_geocoder,75476,16.783836147246056,2.70
1145,Muslim Association of Hawaii,1935 Aleo Place,Honolulu,HI,96822,21.30888419767,-157.821222053469,,1979,,https://www.hawaiimasjid.com/about-mah,36.0,32.0,,,470.0,census_geocoder,95947,10.508094402184513,2.21
1146,Darul Arqum Islamic Centre,1212 Iowa Avenue,Ames,IA,50014,42.033672443167,-93.659211039207,,2002,,https://www.arqum.org/about-us,,13.0,,,677.0,census_geocoder,60731,29.245857504567162,2.31
1147,"Islamic and Cultural Center ""Bosniak"" - Es Selam Mosque",17630 Bosniak lane,Granger,IA,50109,41.780842906568,-93.867367469947,,2025,,https://comparisonproject.wp.drake.edu/islamic-and-cultural-center-bosniak-2/,,0.0,,,1171.0,census_geocoder,118669,2.0054694621695535,2.66
1148,"Islamic and Cultural Center ""Bosniak"" - Es Selam Mosque",17630 Bosniak lane,Granger,IA,50109,41.780842906568,-93.867367469947,,2004,,https://iccbosniak.com/about/,,0.0,,,2380.0,census_geocoder,118669,2.0054694621695535,2.66
1149,Masjid Rahmat-e-Alam,5006 EP True Pkwy,West Des Moines,IA,50265,41.571703338329,-93.77246752878,,2018,,https://www.rahmatealam-ia.org/,,56.0,,,2381.0,census_geocoder,85915,7.882055297873622,2.25
1150,Muslim Community Organization (masjid annour),1117 42nd St,Des Moines,IA,50311,41.598857754246,-93.674323436521,,1983,,https://www.dmmco.org/about-us/,36.0,78.0,,,2379.0,census_geocoder,61957,18.766650995141827,1.99
1151,Tawba Islamic Center,1411 21st St,Des Moines,IA,50311,41.604299155896,-93.645233153429,,2018,,"https://www.causeiq.com/organizations/tawba-islamic-center,465180333/",41.0,80.0,,,2378.0,census_geocoder,61957,18.766650995141827,1.99
1152,Bosnian Islamic Center ZemZem,3500 2nd Ave,Des Moines,IA,50313,41.626828002965,-93.620022172865,,2005,,https://comparisonproject.wp.drake.edu/islamic-and-cultural-center-bosniak-2/,36.0,79.0,,,2384.0,census_geocoder,68361,15.379961277831558,2.41
1153,"Islamic and Education Center ""Ezan""",6206 Douglas Avenue,Des Moines,IA,50322,41.629336251845,-93.702679922936,,2009,,https://www.facebook.com/ICEzanDSM/,38.0,84.0,,,459.0,census_geocoder,92085,9.617513999177449,2.44
1154,Islamic Center of Des Moines,6201 Franklin ave,Des Moines,IA,50322,41.611324846122,-93.702646677386,,1975,,,25.0,58.0,,,1229.0,census_geocoder,92085,9.617513999177449,2.44
1155,Sahabah Mosque,1350 NW 138th St,Clive,IA,50325,41.602443509658,-93.806389939311,,2013,,https://www.masjidsahabah.com/about/,,24.0,,,2382.0,census_geocoder,132121,7.337992376111817,2.69
1156,Shafia Islamic and Cultural Center,1425 University Avenue,Des Moines,IA,50325,41.600481013416,-93.636456032756,,2014,,"https://comparisonproject.wp.drake.edu/9-14-meet-my-religious-neighbor-shafia-islamic-and-cultural-center/#:~:text=The%20visit%20will%20be%20held,the%20congregation%20who%20worships%20there.",46.0,65.0,,,761.0,census_geocoder,132121,7.337992376111817,2.69
1157,BIAW,3411 Marigold Dr,Waterloo,IA,50701,42.434007025116,-92.290905752957,,-,No Basic Information,,18.0,8.0,,,2385.0,census_geocoder,61475,16.615960683360637,2.19
1158,Islamic Foundation of Iowa,330 South st,Waterloo,IA,50701,42.493861642248,-92.346373240283,,2006,,"https://www.causeiq.com/organizations/islamic-foundation-of-iowa,202941534/",33.0,78.0,,,1428.0,census_geocoder,61475,16.615960683360637,2.19
1159,Masjid Al Noor,2110 Sager ave,Waterloo,IA,50701,42.498121622327,-92.394203925834,,1984,,https://masjidalnooriowa.org/history/,26.0,39.0,,,1612.0,census_geocoder,61475,16.615960683360637,2.19
1160,Mosque of Sioux City,1219 Jones st,Sioux City,IA,51105,42.503549781582,-96.400990008259,,2000,,"https://www.causeiq.com/organizations/mosque-of-sioux-city,421500653/",35.0,73.0,,,2060.0,census_geocoder,51786,21.565234112104605,2.89
1161,Tri-State Islamic Center (TIC Mosque in Dubuque),4980 Radford Ct,Dubuque,IA,52002,42.504774188966,-90.749432585331,,2016,,https://tristateislamic.center/about/,19.0,33.0,,,2383.0,census_geocoder,91036,6.901041666666667,2.40
1162,Iowa City Mosque (Masjid Al-Iman),1812 West Benton Street,Iowa City,IA,52246,41.649695133757,-91.565120834193,,1999,,https://www.iowacitymosque.org/about-us.html,33.0,40.0,,,763.0,census_geocoder,62521,24.10529700923416,2.25
1163,Muslim American Society of Iowa,2121 North Towne Lane Ne,Cedar Rapids,IA,52402,42.032909403973,-91.671021705155,,1993,,https://masiowa.org/about-us,22.0,63.0,,,2075.0,census_geocoder,73439,9.124618292860259,2.18
1164,Islamic Center of Cedar Rapids,2999 1st Avenue West,Cedar Rapids,IA,52405,41.968797820219,-91.710697622467,,1972,,https://www.crmosque.org/history,26.0,46.0,,,702.0,census_geocoder,70123,12.78855740470895,2.27
1165,Mother Mosque of America,1335 Ninth St Nw,Cedar Rapids,IA,52405,41.985854883112,-91.684471718338,,1934,,https://mothermosque.org/,18.0,29.0,,,192.0,census_geocoder,70123,12.78855740470895,2.27
1166,Muslim Community of Quad Cities,2115 Kimberly Rd,Bettendorf,IA,52722,41.54146831285,-90.522437407003,,1999,,"https://www.causeiq.com/organizations/the-muslim-community-of-the-quad-cities,421482262/",,50.0,,,2095.0,census_geocoder,101546,6.548434442270058,2.41
1167,Islamic Society of Clinton County,1500 2nd ave S,Clinton,IA,52732,41.844642811167,-90.221593478288,,2000,,https://www.causeiq.com/directory/islamic-organizations-list/iowa-state/#search_section,23.0,18.0,,,1457.0,census_geocoder,61105,17.50764222478066,2.25
1168,Pocatello Mosque,343 S 4th st No.3,Pocatello,ID,83201,42.864034617813,-112.442473231807,,2014,,https://www.idahostatejournal.com/members/southeast-idaho-muslims-fill-new-mosque/article_238249f4-4b86-11e4-83ae-539af4b376d1.html,,90.0,,,2136.0,census_geocoder,66357,13.149325476818111,2.56
1169,Pocatello Mosque (Islamic Society of SE Idaho INC.),1513 S 5th Ave,Pocatello,ID,83201,42.855842131834,-112.431227179429,,1983,,"https://www.causeiq.com/organizations/islamic-society-of-north-america-islamic-society-o,820464954/",,45.0,,,2353.0,census_geocoder,66357,13.149325476818111,2.56
1170,Islamic Center of Twin Falls,455 Addison ave,Twin Falls,ID,83301,42.563175283372,-114.471925516255,,2015,,https://www.gofundme.com/f/8bsfn68f,,65.0,,,1363.0,census_geocoder,62647,11.521025230276331,2.59
1171,Idaho Falls Muslims,2060 S Woodruff Ave,Idaho Falls,ID,83404,43.478697728447,-112.000907720271,,2001,,https://realmo.com/property/2060-woodruff-ave-idaho-falls-id-83404-6396/us27-0311096,,57.0,,,2354.0,census_geocoder,82103,8.316347329800244,2.88
1172,Islamic Center of Boise,1605 Kenilworth Avenue Northeast,Boise,ID,83704,,,,1996,,"https://pluralismarchive.hsites.harvard.edu/islamic-center-boise#:~:text=Today%2C%20the%20Boise%20Mosque%20and,all%20different%20types%20of%20cultures.",47.0,89.0,,,42.0,,73390,9.283826003364576,2.37
1173,Imam Hussain Islamic Center,348 N Orchard St,Boise,ID,83706,43.6075126,-116.243385854097,,2015,,"https://www.causeiq.com/organizations/imam-hussain-islamic-center,471055568/",28.0,80.0,,,2355.0,census_geocoder,82893,18.937381404174573,2.13
1174,Islamic Community of Bosniaks in Boise,6250 S Cloverdale Rd,Boise,ID,83709,43.546180768659,-116.334257957301,,2010,,http://30masjids.ca/30mosques-com-day-20-idaho-the-islamic-community-of-bosniaks-in-boise/,,35.0,,,2356.0,census_geocoder,92786,7.42689259360481,2.71
1175,Islamic Society of Idaho - Abu Bakr Mosque,5813 W Franklin St,Boise,ID,83709,43.603244940972,-116.253876010654,,1991,,https://boisemuslims.org/about-us/,25.0,52.0,,,2352.0,census_geocoder,92786,7.42689259360481,2.71
1176,Imam Al-Mahdi Islamic Center,4243 N Colverdale rd,Boise,ID,83713,43.643411452673,-116.334384841984,,2000,,https://www.imams.us/structure/general-members/,17.0,18.0,,,1140.0,census_geocoder,91295,7.0367897230436585,2.63
1177,Masjid Omar/Islamic Center of Moscow,316 S Lilly St,Moscow,ID,83843,46.732160378228,-117.00658048475,,2016,,"https://www.causeiq.com/organizations/islamic-association-of-moscow-idaho,462477440/",,88.0,,,1939.0,census_geocoder,59444,22.779291553133515,2.23
1178,Al-Aqsa Islamic Community Center,17940 Bronk rd,Plainfield,IL,50586,41.557088888809,-88.190469057181,,2010,,https://plainfieldmasjid.com/,,21.0,,,874.0,census_geocoder,55375,18.38235294117647,2.21
1179,Islamic Society of Northwest Suburbs,1200 Hicks Rd,Rolling Meadows,IL,60008,42.132946421324,-88.033980866043,,2016,,https://isns.org/masjid-info/history/,,27.0,,,1479.0,census_geocoder,94336,8.998317243822514,2.52
1180,Al-Azhar Islamic Foundation,160 Hawthorne rd,Barrington,IL,60010,42.118725600941,-88.170658037285,,1995,,https://prayersconnect.com/mosques/84073461-al-azhar-islamic-foundation-barrington-illinois-united-states,,0.0,,,875.0,census_geocoder,177566,4.111823974248738,2.75
1181,Islamic Center of McHenry County (ICMC),5800 East Crystal Lake Avenue,Crystal Lake,IL,60014,42.2412607,-88.3087142,,2016,,https://icmc-us.org/,,27.0,,,4221.0,nominatim,109016,7.219782950873996,2.74
1182,Islamic Center of McLean County,5800 E Crystal Lake ave,Crystal Lake,IL,60014,42.2412003,-88.3142522,,2016,,,,27.0,,,63.0,nominatim,109016,7.219782950873996,2.74
1183,DDM Masjid & DDM Academy,733 Lee Street,Des Plaines,IL,60016,42.039562451533,-87.88922668938,,,,https://www.ddmasjid.org/,50.0,89.0,,,4272.0,census_geocoder,86571,8.814706176460785,2.51
1184,Islamic Community Center of Des Plains,480 Potter Road,Des Plains,IL,60016,42.045739310231,-87.860078320012,,1989,,https://iccdmasjid.org/about/,39.0,74.0,,,1389.0,census_geocoder,86571,8.814706176460785,2.51
1185,Islamic Information Center of America,PO Box 4052,Des Plaines,IL,60016,42.0244342,-87.8994116,,1982,,https://www.iica.org/about,50.0,91.0,,,1433.0,nominatim,86571,8.814706176460785,2.51
1186,Ismaili Jamatkhana Center,100 Shermer Road,Glenview,IL,60025,42.05698345353,-87.813452416513,,2008,,https://ismailimail.blog/2008/07/26/ismaili-house-of-worship-glenview-illinois/,30.0,27.0,,,722.0,census_geocoder,126904,8.76853486853245,2.55
1187,Islamic Foundation North,1751 N O Plaine rd,Libertyville,IL,60048,42.328212149894,-87.914540121757,,2004,,https://ifnonline.com/Welcome,,84.0,,,96.0,census_geocoder,173975,4.325620179278715,2.71
1188,Libertyville Mosque,1751 O'Plaine Road,Libertyville,IL,60048,42.328212149894,-87.914540121757,,2004,,https://ifnonline.com/,0.0,8.0,,,4226.0,census_geocoder,173975,4.325620179278715,2.71
1189,Becker,5005 West Orchard Drive,McCullom Lake,IL,60050,42.366303915024,-88.295514933127,,,,No website,,23.0,,,4228.0,census_geocoder,88812,5.518357503252626,2.39
1190,Islamic Education Center,8601 Menard Avenue,Morton Grove,IL,60053,42.037356349236,-87.771515629412,,1969,,https://mccchicago.org/mcc-past-and-present/,40.0,79.0,,,199.0,census_geocoder,111116,7.349620201190721,2.65
1191,Muslim Education Center / Masjid / MCC Academy,8601 Menard Avenue,Morton Groven,IL,60053,42.037356349236,-87.771515629412,,1969,,https://mccchicago.org/,40.0,79.0,,,4233.0,census_geocoder,111116,7.349620201190721,2.65
1192,Unity Islamic Center,8944 Austin Avenue,Morton Grove,IL,60053,42.04354237773,-87.77636958159,,2017,,https://uicmg.org/,40.0,76.0,,,4230.0,census_geocoder,111116,7.349620201190721,2.65
1193,Islamic Society of Midwest,501 Midway Dr,Mt Prospect,IL,60056,42.0253455,-87.9435,,2006,,"https://www.causeiq.com/organizations/islamic-society-of-midwest,205837494/",40.0,65.0,,,2365.0,nominatim,101922,6.731324953041468,2.56
1194,Islamic Society of Midwest,501 Midway Drive,Mount Prospect,IL,60056,42.0253455,-87.9435,,2006,,https://islamicsom.org/,40.0,65.0,,,4225.0,nominatim,101922,6.731324953041468,2.56
1195,MOUNT PROSPECT CULTURAL CENTER - MPCC,960 East Northwest Highway,Mount Prospect,IL,60056,42.057721558282,-87.923640872613,,,,No website,34.0,60.0,,,4231.0,census_geocoder,101922,6.731324953041468,2.56
1196,AMPO,25667 Hillview Court,Mundelein,IL,60060,42.236542080075,-88.053077869037,,2013,,https://ampoonline.com/,,26.0,,,4232.0,census_geocoder,110335,8.853590787734959,2.74
1197,Islamic Cultural Center of Greater Chicago,1810 N Pfingsten Rd,Northbrook,IL,60062,42.1197712818,-87.848890363578,,1976,,https://www.archnet.org/sites/10399,32.0,53.0,,,92.0,census_geocoder,143323,4.964364102690571,2.51
1198,Islamic Cultural Center of Greater Chicago,1800 Pfingsten Road,Northbrook,IL,60062,42.119845950783,-87.848888398597,,1976,,https://www.iccgreaterchicago.com/,0.0,33.0,,,4224.0,census_geocoder,143323,4.964364102690571,2.51
1199,Kaleemullah Masjid,4255 Main Street,Stokie,IL,60076,42.033453829966,-87.734425006153,,,,https://www.facebook.com/p/Kaleemullah-Masjid-100071577763655/,45.0,75.0,,,4249.0,census_geocoder,113818,6.489306525917564,2.81
1200,Masjid Inaam,7401 Lincoln Avenue,Skokie,IL,60076,42.015457120925,-87.744019406501,,,,Website link invalid,,50.0,,,4250.0,census_geocoder,113818,6.489306525917564,2.81
1201,Masjid-E-Suffah,masji,Skokie,IL,60076,,,,-,Information Without Year,https://suffaheducational.org/contact-us/,47.0,63.0,,,483.0,,113818,6.489306525917564,2.81
1202,Masjid As-Sunnah,5144 Main Street,Skokie,IL,60077,42.033648285589,-87.756260556678,,2020,,https://masjidsunnahchi.org/,52.0,74.0,,,791.0,census_geocoder,78523,14.556758495015544,2.52
1203,Waukegan Islamic Center & Ummah Relief USA,3210 West Duggald Avenue,Waukegan,IL,60085,42.373192958663,-87.878650566277,,2019,,https://www.waukeganislamiccenter.com/,27.0,58.0,,,4253.0,census_geocoder,66793,16.50462180137527,2.76
1204,Ahmadiyya Movement In Islam/Fath-e-Azeem Mosque,2700 Lewis Ave,Zion,IL,60099,42.4458642,-87.8552266,,2022,,https://www.alislam.org/articles/opening-of-mosque-of-grand-victory-in-zion-symbol-of-true-religious-freedom/ https://www.alislam.org/video/fath-e-azeem-mosque-inaugural-session-zion-illinois/ AND https://muslimsunrise.com/2023/01/15/inauguration-of-the-fath-e-azeem-mosque/,,16.0,,,232.0,nominatim,66109,14.073708456729186,2.69
1205,Al-Jameel Masjid,4 N 251 North Swift rd,Addison,IL,60101,41.931930525439,-88.042057105918,,2000,,https://prayersconnect.com/mosques/84071186-masjid-al-jameel-addison-illinois-united-states,,46.0,,,894.0,census_geocoder,90800,9.25802228337831,2.75
1206,Islamic Society Of Addison,1000 North Rohlwing Road,Addison,IL,60101,41.9327510342,-88.03226330407,,2024,,https://www.isamasjid.org/,,55.0,,,4283.0,census_geocoder,90800,9.25802228337831,2.75
1207,American Muslim Community Organization,1548 E Algonquin rd No.511,Algonquin,IL,60102,42.159668384387,-88.27304002555,,2011,,https://www.causeiq.com/directory/islamic-organizations-list/illinois-state/,,64.0,,,940.0,census_geocoder,132949,3.9581197377823347,2.75
1208,Masjid Bait-ul-Ilm,485 South Bartlett Road,Streamwood,IL,60107,42.023867023383,-88.18165152686,,2005,,https://www.baitulilm.org/about-us,,57.0,,,14.0,census_geocoder,101100,10.192516689954976,2.97
1209,Islamic Center of DeKalb,801 Normal Rd,DeKalb,IL,60115,41.942505652329,-88.765842805138,,2015,,https://islamiccenterofdekalb.org/,44.0,40.0,,,2362.0,census_geocoder,47043,25.225532361271373,2.21
1210,"Academy Of Islamic Education, AIE",37W437 Huntley Road,Dundee Township,IL,60118,,,,2016,,https://www.aiehuntley.org/,,2.0,,,4271.0,,106912,5.172413793103448,2.38
1211,Insitutue of Islamic Education,1048 Bluff City Blvd,Elgin,IL,60120,42.019508008418,-88.251297947279,,1989,,https://islamicedu.org/introduction/,24.0,17.0,,,1158.0,census_geocoder,82449,12.79696349905601,3.06
1212,Masjid Al-Wājidi,210 Academy Place,Elgin,IL,60120,42.041014104996,-88.278259497929,,,,Dedicated place for prayer for academy,47.0,87.0,,,4244.0,census_geocoder,82449,12.79696349905601,3.06
1213,Masjid-ul-Islam,"1290 Bluff City Blvd,",Elgin,IL,60120,42.018880221807,-88.242759212582,,1989,,"https://islamicedu.org/#:~:text=%E2%80%8BIn%201989%2C%20Shaykh%20al,respected%20Islamic%20institutes%20in%20America.",23.0,10.0,,,828.0,census_geocoder,82449,12.79696349905601,3.06
1214,Al-Bukhari Islamic Center of Chicago,1121 Van Street,Elgin,IL,60123,42.033180019227,-88.306227116671,,,,https://albukhari.inclusivetec.com/updates,34.0,63.0,,,4245.0,census_geocoder,87693,9.499058863791923,2.66
1215,Masjid Salam,339 West River Road,Elgin,IL,60123,42.065853855411,-88.282898218242,,,,No website,,6.0,,,4243.0,census_geocoder,87693,9.499058863791923,2.66
1216,Muslim Community Center,345 Heine st,Elgin,IL,60123,42.042674289034,-88.313197575101,,2004,,https://prayersconnect.com/mosques/84039958-islamic-community-center-elgin-illinois-united-states,33.0,63.0,,,85.0,census_geocoder,87693,9.499058863791923,2.66
1217,Uzbek American Association of Chicago,1111 Van Street,Elgin,IL,60123,42.033181654365,-88.30600800648,,2009,,https://www.linkedin.com/company/uzbek-american-association-of-chicago/,34.0,63.0,,,230.0,census_geocoder,87693,9.499058863791923,2.66
1218,SABAH Islamic Cultural Center,9920 West Grand Avenue,Franklin Park,IL,60131,41.930029527093,-87.873658924902,,2019,,https://sabahchicago.com/language/en/history/,35.0,80.0,,,809.0,census_geocoder,76658,9.44151153098083,3.03
1219,Sulaymani Jamaat Khana,10200 Pacific Avenue,Franklin Park,IL,60131,41.941280792945,-87.880350606843,,,,No website,35.0,42.0,,,4240.0,census_geocoder,76658,9.44151153098083,3.03
1220,Sabur,7458 Jensen Boulevard,Hanover Park,IL,60133,42.007643461675,-88.148616076487,,2006,,https://bcc-sabur.com/,,72.0,,,4237.0,census_geocoder,91763,12.54335260115607,3.27
1221,Baitul Jaamay Mosque,2S510 IL 53,Glen Ellyn,IL,60137,41.83466916643,-88.054209133157,,2003,,https://grokipedia.com/page/baitul_jaamay_mosque,,27.0,,,785.0,census_geocoder,137658,5.449174720804291,2.71
1222,Bait-ul-Jaamay Mosque,2S510 Illinois 53 ,Glen Ellyn,IL,60137,41.83466916643,-88.054209133157,,2003,,https://www.ahmadiyya.us/members/,,27.0,,,4238.0,census_geocoder,137658,5.449174720804291,2.71
1223,Islamic Education Center,1269 Goodrich ave,Glendale Heights,IL,60139,41.906246741576,-88.05755513594,,1993,,https://www.iechusaini.org/about-us/,,44.0,,,93.0,census_geocoder,86372,10.275307589231332,2.93
1224,Muslim Society,1785 Bloomingdale Rd,Glendale Hights,IL,60139,41.924300352998,-88.081288865952,,1990,,https://projects.propublica.org/nonprofits/organizations/363605387,,37.0,,,2104.0,census_geocoder,86372,10.275307589231332,2.93
1225,Masjid Ummah,207 East Center Street,Itasca ,IL,60143,41.97314460155,-88.011678584553,,2024,,https://masjidofummah.com/,,52.0,,,4236.0,census_geocoder,114420,1.9227329636916473,2.51
1226,Al-Masjidul-Huq,1620 S Highland ave,Lombard,IL,60148,41.852258762045,-88.012010296109,,2011,,https://legallysociable.com/2011/06/29/small-islamic-mosque-in-unincorporated-lombard-approved-by-dupage-county-board/,,48.0,,,904.0,census_geocoder,100616,7.586805555555555,2.54
1227,Masjid Darussalam,21 W 525 North Ave,Lombard,IL,60148,41.903736933276,-88.046811778251,,2013,,https://masjidds.org/masjid/about-us/,0.0,33.0,,,27.0,census_geocoder,100616,7.586805555555555,2.54
1228,Masjid Uthman,1208 Lawler Ave,Lombard,IL,60148,41.859009878825,-88.036965310063,,2017,,"https://masjiduthman.org/wp-content/uploads/2025/03/AnnualReport2023.pdf#:~:text=Masjid%20Uthman%20obtained%20a%20new,maktab%20and%20hifz%20program%20by",,52.0,,,808.0,census_geocoder,100616,7.586805555555555,2.54
1229,The American Muslim Community Organization,108 North Lakewood Rd,Lake in the Hills,IL,60156,42.17378352671,-88.38391066787,,2011,,https://prayersconnect.com/mosques/84021642-american-muslim-community-organization-lake-in-the-hills-illinois-united-states,,41.0,,,316.0,census_geocoder,117151,4.137379079963812,2.97
1230,Albanian-American Islamic Center,5825 St Charles Rd,Berkeley,IL,60163,41.889644504887,-87.913829605666,,1962,,https://www.archnet.org/sites/10603,,50.0,,,2360.0,census_geocoder,85823,17.480223808605054,2.88
1231,LIMRA ISLAMIC CENTER,1595 Della Drive,Hoffman Estates,IL,60169,42.056946303753,-88.119993592618,,,,http://limraislamiccenter.com/,,57.0,,,4235.0,census_geocoder,90774,8.433115626511853,2.71
1232,Ali Yun Wali Allah Shia Islamic Center,951 North Plum Grove Road Suite F and G,Schaumburg,IL,60173,42.046558635965,-88.059966771945,,,,https://www.facebook.com/AliYunWaliAllahCenter/,,44.0,,,4262.0,census_geocoder,104390,2.971462194763166,2.08
1233,Place of 5 times prayer,Belinder Lane,Schaumburg,IL,60173,42.076776,-88.0600147,,,,No website,,31.0,,,4261.0,nominatim,104390,2.971462194763166,2.08
1234,Islamic Center of Kane County (ICKC),2315 Dean Street #600 Suite,Saint Charles,IL,60175,41.919129924453,-88.341693503365,,,,https://www.ickc.info/,,0.0,,,4259.0,census_geocoder,181352,3.245947568541125,2.88
1235,ICNA Center & Mosque,1S270 Summit Ave,Oakbrook Terrace,IL,60181,41.855377247873,-87.972842827826,,1968,,https://www.linkedin.com/company/icna-chicago-illinois-organization/about/,,66.0,,,2366.0,census_geocoder,92142,6.093060040862057,2.65
1236,Islamic Foundation North,300 E Highridge,Villa Park,IL,60181,41.866995467395,-87.992992390461,,1981,,https://www.islamicfoundation.org/about,31.0,47.0,,,95.0,census_geocoder,92142,6.093060040862057,2.65
1237,Summit Mosque,1S270 Summit Avenue,Oakbrook Terrace,IL,60181,41.855377247873,-87.972842827826,,2017,,https://prayersconnect.com/mosques/84043258-islamic-center-of-oakbrook-terrace-oakbrook-terrace-illinois-united-states,,67.0,,,4248.0,census_geocoder,92142,6.093060040862057,2.65
1238,Islamic Center of Western Suburbs,28W774 Army Trail rd,West Chicago,IL,60185,,,,1993,,https://www.icwsmasjid.org/about-icws/,,3.0,,,1372.0,,107194,11.504344949935351,3.14
1239,Wheaton Islamic Center,900 E Geneva Road,Wheaton,IL,60187,41.888255349824,-88.094957628132,,2013,,https://icwonline.org/,17.0,61.0,,,560.0,census_geocoder,119769,8.417708953742308,2.51
1240,Al Hira Community Center,140 Commercial st,Wood Dale,IL,60191,41.964498899923,-87.977022418004,,2008,,https://alhiracommunitycenter.org/about.html,,58.0,,,853.0,census_geocoder,91333,6.484380435538857,2.62
1241,Ribat Institute,342 Illinois 19,Wood Dale,IL,60191,,,,,,https://ribat.org/,,66.0,,,4256.0,,91333,6.484380435538857,2.62
1242,Masjid Al Huda Midwest Islamic Center,1081 Irving Park Road,Schaumburg ,IL,60193,41.9975304117,-88.119555909005,,1992,,https://masjidalhuda.org/,,56.0,,,4266.0,census_geocoder,95972,6.791961760804825,2.52
1243,Masjid Al-Huda,1081 East Irving Park Road,Schaumburg,IL,60193,41.9975304117,-88.119555909005,,2000,,https://www.chicagotribune.com/2000/04/14/muslims-build-place-of-faith/,,41.0,,,139.0,census_geocoder,95972,6.791961760804825,2.52
1244,Dar-Ul-Ilm Foundation,2360 Lakewood Boulevard,Hoffman Estates,IL,60195,42.074366259931,-88.139076882508,,2025,,https://www.darulilmfoundation.org/contact-1,,35.0,,,511.0,census_geocoder,90174,6.367978166932,2.05
1245,Dar-us-Sunnah Mosque,2045 Brown Ave,Evanston,IL,60201,42.054878147859,-87.700328426171,,2010,,https://www.chicagoreligions.com/profiles/dar-us-sunnah-masjid-evanston,48.0,75.0,,,2364.0,census_geocoder,90545,14.110774672418874,2.10
1246,Baitul Huda (House of Guidance),1138 Wesley Avenue,Evanston,IL,60202,42.038928403642,-87.692205901238,,,,No website,53.0,77.0,,,4241.0,census_geocoder,98989,8.992794436927724,2.25
1247,Oak Park Muslim Community,405 South Euclid Avenue,Oak Park,IL,60302,41.88137332265,-87.792741333203,,,,https://www.oakparkmuslims.org/,65.0,84.0,,,4260.0,census_geocoder,100680,7.081004728858319,2.20
1248,Ojala Islamic Center,1900 South Oak Park Avenue,Berwyn,IL,60402,41.853992160697,-87.793511770414,,2018,,https://ojalafoundation.org/,48.0,80.0,,,4285.0,census_geocoder,77718,10.847580251962064,2.74
1249,American Islamic Association,8860 E st Francis rd,Frankfort,IL,60423,41.521416304269,-87.833283647961,,2005,,https://www.aiamasjid.org/about-us/,,3.0,,,933.0,census_geocoder,136730,4.467700970041923,2.93
1250,Light of Islam Mosque (New),301 South Cottage Grove Avenue,Glenwood,IL,60425,41.542575906677,-87.59724174159,,2026,,https://masjidlightofislam.com/about-1/,,36.0,,,820.0,census_geocoder,77174,10.894669310626385,2.62
1251,Center For Islamic Teachings and Community Development,15240 Main S,Harvey,IL,60426,41.612432739417,-87.643038406722,,2012,,https://www.facebook.com/CITCD/posts/center-for-islamic-teachings-and-community-development-15214-main-street-harveyi/1184964667129382/,56.0,59.0,,,2691.0,census_geocoder,42196,21.388724537232694,2.68
1252,Ghousia Islamic Center,188 East 147th Street,Harvey,IL,60426,41.622558895548,-87.646188124516,,2005,,https://gicharvey.com/index.php/about-us/#,49.0,52.0,,,802.0,census_geocoder,42196,21.388724537232694,2.68
1253,Harvey Islamic Center,163 East 154th Street,Harvey,IL,60426,41.609983489126,-87.646366587538,,-,Information Without Year,,56.0,51.0,,,1126.0,census_geocoder,42196,21.388724537232694,2.68
1254,"Light of Islam Masjid (Old, existing)",46 East 147th Street,Harvey,IL,60426,41.622558895951,-87.65348712237,,2005,,https://masjidlightofislam.com/about-1/,41.0,41.0,,,810.0,census_geocoder,42196,21.388724537232694,2.68
1255,South Suburban Islamic Center Of Harvey (Harvey Masjid),15200 Broadway Avenue,Harvey,IL,60426,41.613504897027,-87.644662907263,,1995,,https://harveymasjid.com/#/about,56.0,58.0,,,770.0,census_geocoder,42196,21.388724537232694,2.68
1256,Joliet Islamic Center,2313A Oak Leaf Street,Joliet,IL,60436,41.513186027494,-88.138534400529,,,,https://jolietislamiccenter.com/,27.0,27.0,,,4246.0,census_geocoder,62961,17.242693082240244,2.78
1257,Masjid Al-Islam,560 East North Frontage Road,Bolingbrook,IL,60440,41.697435632437,-88.044988842971,,1993,,https://bolingbrookmasjid.com/about/,,27.0,,,145.0,census_geocoder,93494,10.138087746897394,2.99
1258,Masjid Furqaan - Bolingbrook,401 West Boughton Road,Bolingbrook,IL,60440,41.708177285079,-88.082636090573,,,,https://bolingbrook.masjidfurqaan.org/,,63.0,,,4287.0,census_geocoder,93494,10.138087746897394,2.99
1259,Masjid Sahl - Lockport IL,700 East Ninth Street,Lockport,IL,60441,41.587532180958,-88.048431510105,,2026,,https://masjidsahl.org/,,76.0,,,4227.0,census_geocoder,103374,7.154495199301716,2.65
1260,Furqaan Dawah Center,642 Forestwood Drive,Romeoville,IL,60446,41.653110823333,-88.071642655267,,2003,,https://furqaan.org/,,36.0,,,4269.0,census_geocoder,106258,5.458084925173379,3.04
1261,Morris Islamic Community Center,1802 North Division Street,Morris,IL,60450,41.377101063871,-88.422202681788,,,,https://miccmasjid.org/,,50.0,,,4229.0,census_geocoder,81777,6.169564790254445,2.34
1262,MAS Chicago,9210 South Oketo Avenue,Bridgeview,IL,60455,41.724056990619,-87.803689964875,,1993,,https://www.maschicago.org/,,64.0,,,4288.0,census_geocoder,66745,12.800644681378625,2.68
1263,Mosque Foundation Community Center,7260 West 93rd Street,Bridgeview ,IL,60455,41.722591271817,-87.800291574046,,1981,,https://mosquefoundation.org/main-photo-gallery/educational-center/,,66.0,,,4291.0,census_geocoder,66745,12.800644681378625,2.68
1264,Mosque Foundation Education Center,7360 West 93rd Street,Bridgeview,IL,60455,41.7228509,-87.802954,,1981,,https://mosquefoundation.org/main-photo-gallery/educational-center/,,63.0,,,4281.0,nominatim,66745,12.800644681378625,2.68
1265,Mosque Foundation of Chicago,7360 E 93Rd st,Bridgeview,IL,60455,,,,1981,,https://mosquefoundation.org/history-timeline/,,80.0,,,2054.0,,66745,12.800644681378625,2.68
1266,Mosque Harlem Center,Frontage Road,Bridgeview,IL,60455,41.7168777,-87.7984052,,,,No website,,38.0,,,4280.0,nominatim,66745,12.800644681378625,2.68
1267,Hometown Mercy Mosque,8925 South Kostner Avenue,Hometown,IL,60456,41.730227793632,-87.733820490117,,1992,,https://www.instagram.com/p/DOzorLPjWT2/,,58.0,,,509.0,census_geocoder,61101,6.927639383155397,2.38
1268,Masjid Al-Istiqamah,7950 South Central Avenue,Burbank,IL,60459,41.747620978579,-87.760837951897,,2021,,https://www.youtube.com/watch?v=37J5W6F-hAc,,75.0,,,799.0,census_geocoder,80116,12.91023842917251,2.99
1269,Palos Islamic Center,12300 South 80th Avenue,Palos Park,IL,60464,41.666709856268,-87.81596449092,,2021,,"https://southwestregionalpublishing.com/2025/10/01/community-gets-warm-welcome-at-palos-islamic-center-open-house/#:~:text=Maureen%20Dring%20said%20she%20appreciated,open%20house%20in%20Palos%20Park.",,29.0,,,814.0,census_geocoder,126087,6.0152703260420965,2.42
1270,Orland Park Prayer Center,th,Orland Park,IL,60467,41.630663,-87.8536288,,2004,,https://orlandparkprayercenter.org/the-honorable-journey-twenty-years-of-service/,,78.0,,,2363.0,nominatim,114812,2.8720843363492987,2.52
1271,Orland Park Prayer Center,16530 104th Avenue,Orland Park,IL,60467,41.589436180514,-87.871890428368,,,,https://orlandparkprayercenter.org/,,20.0,,,4263.0,census_geocoder,114812,2.8720843363492987,2.52
1272,Ansar-Ud-Deen Society Of Usa,15435 South Park Avenue,South Holland,IL,60473,41.614702576703,-87.607322031565,,2005,,https://www.ansaruddeen-northamerica.org/adsna-chicago/,35.0,48.0,,,4251.0,census_geocoder,85659,14.160019337684313,2.78
1273,Al-Nahda Mosque,1250 10555 Southwest Highway,Worth,IL,60482,41.699816954115,-87.794610880712,,1990,,https://nahda.us/,,78.0,,,4257.0,census_geocoder,55709,21.39120858952005,2.37
1274,Worth Masjid & Islamic Center,11512 S Normandy Ave,Worth,IL,60482,41.682482360488,-87.786140223762,,2023,,https://www.facebook.com/100090851354079/&ved=2ahUKEwiH3KaMtpmTAxUMHDQIHU_UOzMQFnoECDkQAQ&usg=AOvVaw1IYvrd-KLC5E_8lEJ4c8Ag,,46.0,,,2358.0,census_geocoder,55709,21.39120858952005,2.37
1275,Masjid Al-Jumu'ah,351 Veterans Pkwy,Bolingbrook,IL,60490,41.688797936297,-88.116829836425,,2014,,https://bolingbrookmasjid.com/about/,,47.0,,,625.0,census_geocoder,150531,7.002484752654167,3.29
1276,Masjid Al-Abraar,431 South Farnsworth Avenue,Aurora,IL,60505,41.747078895547,-88.281504770474,,,,https://masjidalabraar.com/,,44.0,,,4284.0,census_geocoder,73284,12.825216517030322,3.32
1277,Fox Vally Muslim Community Center,1187 Timberlake Dr.,Aurora,IL,60506,41.780739675927,-88.353497712929,,1995,,https://prayersconnect.com/mosques/84062980-fox-valley-muslim-community-center-aurora-illinois-united-states,20.0,38.0,,,1106.0,census_geocoder,79517,11.759794738128207,2.74
1278,Masjid Hidayath (Islamic Center of Aurora),543 S Lake St,Aurora,IL,60506,41.751453868677,-88.32970202409,,2022,,https://www.masjidhidayath.org/,24.0,64.0,,,2359.0,census_geocoder,79517,11.759794738128207,2.74
1279,Batavia Islamic Center,222 South Batavia Avenue,Batavia,IL,60510,41.846595512963,-88.311735384352,,1983,,http://www.bataviaislamiccenter.com/aboutus.html,,83.0,,,16.0,census_geocoder,121622,5.501820072802912,2.54
1280,Anjuman-e-Saifee Chicago,10S252 Kingery Highway,Willowbrook,IL,60527,41.725203994277,-87.94398450727,,1950,,https://www.chicagojamaat.org,,41.0,,,634.0,census_geocoder,106543,9.409312022237664,2.37
1281,Mecca Center,16W560 91st Street,Willowbrook,IL,60527,41.723237920469,-87.947982980142,,2006,,https://meccacenter.org/about/history-of-mecca/,,52.0,,,771.0,census_geocoder,106543,9.409312022237664,2.37
1282,Islamic Center of Naperville (ICN) Al Hilal- Ogden,2844 West Ogden Avenue,Naperville,IL,60540,41.7408882,-88.2455179,,1991,,https://icnmasjid.org/,29.0,60.0,,,4247.0,nominatim,157102,3.6719915845096263,2.69
1283,Islamic Center of Naperville-Al-Hidayah,450 S Olson Dr,Naperville,IL,60540,,,,1991,,https://icnmasjid.org/olesen,0.0,41.0,,,1297.0,,157102,3.6719915845096263,2.69
1284,Islamic Center of Naperville-Al-Hilal,2844 East Ogden Avenue,Naperville,IL,60540,41.794339,-88.1258219,,2007,,https://icnmasjid.org/ogden,27.0,64.0,,,1298.0,nominatim,157102,3.6719915845096263,2.69
1285,MADINA Community - Oswego,3525 Walter Payton Memorial Highway,Oswego ,IL,60543,,,,2024,,https://www.madinacommunity.org/,,45.0,,,4264.0,,119371,3.0996895642228606,2.97
1286,Oswego Masjid Abu Bakr,197 East Washington Street,Oswego,IL,60543,41.679244024453,-88.349241849019,,,,https://oswegomasjid.org/,,79.0,,,4265.0,census_geocoder,119371,3.0996895642228606,2.97
1287,Islamic Center of Romeville IL,14455 S Budler Rd,Plainfield,IL,60544,41.6334905,-88.1545764,,2014,,https://thfoundation.com/about.php,,13.0,,,2694.0,nominatim,108304,7.02026927060216,2.72
1288,Islamic Foundation of Southwest Suburbs,23616 W Main St,Plainfield,IL,60544,41.617840933087,-88.193415870597,,2007,,https://prayersconnect.com/mosques/84036870-masjid-meraj-islamic-foundation-of-southwest-suburbs-plainfield-illinois-united-states,,21.0,,,1430.0,census_geocoder,108304,7.02026927060216,2.72
1289,Madani Masjid,40 North Lincoln Street,Westmont,IL,60559,41.796588862189,-87.976853135896,,2016,,https://www.madanimasjid.org/,37.0,79.0,,,4254.0,census_geocoder,90963,9.138523422441967,2.26
1290,Masjid al-Mustafa,300 East 55th Street,Westmont,IL,60559,41.7883949,-87.9653767,,2005,,https://masjidalmustafa.weebly.com/,30.0,45.0,,,4255.0,nominatim,90963,9.138523422441967,2.26
1291,Masjid Furqaan Darien,8141 South Cass Avenue,Darien,IL,60561,41.742931714846,-87.97348737682,,2003,,https://darien.masjidfurqaan.org/,,52.0,,,4301.0,census_geocoder,112549,4.020318673208005,2.51
1292,A Noor Islamic Center of Naperville (ICN)- 248th,3540 248th Ave,Naperville,IL,60564,41.7085031,-88.225129,,2024,,https://icnmasjid.org/248,13.0,21.0,,,2697.0,nominatim,181382,5.134338558797147,2.96
1293,Islamic Center of Naperville,25W530 75th Street,Naperville,IL,60565,41.74868614764,-88.11988249774,,2018,,https://icnmasjid.org/75th,,56.0,,,543.0,census_geocoder,164447,3.042571158909145,2.86
1294,Downtown Islamic Center,231 S State st 4Th Fl.,Chicago,IL,60604,41.879045714045,-87.627622751317,,1976,,"https://sites.northwestern.edu/reportingislam/student-reporting/rishika-dugyala-downtown-islamic-center-hopes-expand-past-pray-station-role-draw-young-muslims/#:~:text=The%20mosque%2C%20or%20masjid%2C%20was,carry%20on%20with%20their%20day.",100.0,100.0,,,28.0,census_geocoder,81658,12.5,1.58
1295,Downtown Islamic Center,231 South State Street #4,Chicago,IL,60604,41.879045714045,-87.627622751317,,1976,,https://dicchicago.org/,71.0,94.0,,,4274.0,census_geocoder,81658,12.5,1.58
1296,Sacred Roots Muslim Community,1758 West 21st Place ,Chicago,IL,60608,41.853232965836,-87.669958030606,,,,https://www.sacredrootscommunity.org/,66.0,90.0,,,4296.0,census_geocoder,73366,18.815191412348202,2.35
1297,Taleef Collective Chicago,1945 South Halsted Street,Chicago,IL,60608,41.855784598707,-87.646510457211,,2005,,https://www.taleefcollective.org/,66.0,93.0,,,4292.0,census_geocoder,73366,18.815191412348202,2.35
1298,Haske Rasuloolah Center,4819 South Ashland Avenue,Chicago,IL,60609,41.806414203911,-87.664835864808,,1976,,https://www.haskerasuloolah.org/,59.0,86.0,,,4273.0,census_geocoder,58896,26.289794993036885,2.70
1299,Masjid Ummiyyina,,Chicago,IL,60609,41.8755616,-87.6244212,,,,No website,100.0,100.0,,,4318.0,nominatim,58896,26.289794993036885,2.70
1300,mosque of bulsho,211 West Walton Street,Chicago,IL,60610,41.899695847272,-87.634959473766,,,,No website,88.0,97.0,,,4304.0,census_geocoder,105226,12.5224602626123,1.52
1301,New Zaiqa Musalla,1312 North Clybourn Avenue,Chicago,IL,60610,41.905751804089,-87.642441858762,,,,Website link invalid,83.0,94.0,,,4294.0,census_geocoder,105226,12.5224602626123,1.52
1302,Masjid Muminun,3003 E Harrison,Chicago,IL,60612,41.873685855412,-87.701135594026,,-,Information Without Year,https://masjidalmumineenchi.com/,100.0,99.0,,,1919.0,census_geocoder,60922,25.236647352418107,2.24
1303,Masjid Al-Hafeez,461 E 83Rd st,Chicago,IL,60613,41.743797872778,-87.612226478035,,-,No Basic Information,,63.0,72.0,,,1673.0,census_geocoder,95572,9.117056597946105,1.76
1304,The Nigerian Islamic Center of Chicago,932 West Sheridan Road,Chicago,IL,60613,41.952748430619,-87.653461675574,,1994,,https://nigeriaislamicassociation.org/about,81.0,94.0,,,329.0,census_geocoder,95572,9.117056597946105,1.76
1305,Masjid Al Faatir,1200 E 47th St,Chicago,IL,60615,41.809702451987,-87.596755397263,,1983,,https://masjidal-faatir.com/legacy/,63.0,79.0,,,1588.0,census_geocoder,63876,22.345106713415063,1.87
1306,Masjid Al-Ihsan,227 E 51St st,Chicago,IL,60615,41.801987506825,-87.61996923719,,-,,https://www.masjidihsan.org/,75.0,81.0,,,1691.0,census_geocoder,63876,22.345106713415063,1.87
1307,Masjid Al-Taqwa,8211 S Exchange Ave,Chicago,IL,60617,41.746252471035,-87.552713598254,,2014,,https://prayersconnect.com/mosques/84099271-masjid-al-taqwa-chicago-illinois-united-states,64.0,64.0,,,1767.0,census_geocoder,51778,24.385013756271242,2.52
1308,Masjid Furqaan - Chicago AKA Furqaan Dawah Center,7920 South Kingston Avenue ,Chicago,IL,60617,41.750950781375,-87.562657724643,,2010,,https://chicago.masjidfurqaan.org/,63.0,72.0,,,4316.0,census_geocoder,51778,24.385013756271242,2.52
1309,Taqwa Islamic Center/Masjid Al-Taqwa,9333 S Escanaba Ave,Chicago,IL,60617,41.725435168576,-87.553829649553,,2014,,https://www.guidestar.org/profile/45-4740075,62.0,75.0,,,2186.0,census_geocoder,51778,24.385013756271242,2.52
1310,Chicago Central Mosque & Islamic Center,3617 West Belle Plaine Avenue,Chicago,IL,60618,41.955540842378,-87.718557761546,,2011,,https://salaamalykum.com/?/article/1686,71.0,91.0,,,477.0,census_geocoder,106384,8.724744161637366,2.41
1311,Chicago Merkez Camii,3617 West Belle Plaine Avenue,Chicago,IL,60618,41.955540842378,-87.718557761546,,,,No website,70.0,90.0,,,4276.0,census_geocoder,106384,8.724744161637366,2.41
1312,Islamic Oasis Center and Mosque,4201 North Monticello Avenue,Chicago,IL,60618,41.957484008366,-87.719071846206,,,,https://islamicoasis.org/,69.0,72.0,,,4307.0,census_geocoder,106384,8.724744161637366,2.41
1313,Masjid At-Tawheed Chicago,8726 S Halsted st,Chicago,IL,60620,41.735172119069,-87.643667701967,,1997,,https://www.masjidattawheedchicag.org/about-us,56.0,63.0,,,1830.0,census_geocoder,48146,24.83397250023384,2.52
1314,Masjed NationWide,4420 West 5th Avenue,Chicago,IL,60624,41.870130208967,-87.735946414118,,,,No website,70.0,57.0,,,4311.0,census_geocoder,34030,33.67425649230066,2.58
1315,Masjid Al Mina,3840 West Roosevelt Road,Chicago,IL,60624,41.86627644922,-87.721630535942,,,,https://www.masjidalmina.com/,68.0,74.0,,,4314.0,census_geocoder,34030,33.67425649230066,2.58
1316,Masjid Dawah,210 N Homan ave,Chicago,IL,60624,41.885032252845,-87.711205525308,,2005,,"https://www.causeiq.com/organizations/masjid-dawah,364298712/",74.0,74.0,,,1854.0,census_geocoder,34030,33.67425649230066,2.58
1317,Madinah Masjid (sunni sufi qadri),4850 North Saint Louis Avenue,Chicago,IL,60625,41.969523708776,-87.715916625797,,2018,,https://prayersconnect.com/mosques/84020434-madinah-masjid-chicago-illinois-united-states,66.0,88.0,,,478.0,census_geocoder,85703,11.886837945722935,2.35
1318,Makki Masjid,3418 E Ainslie st,Chicago,IL,60625,41.970271431035,-87.714560653091,,1997,,https://www.makkimasjid.com/about-us/history,66.0,92.0,,,125.0,census_geocoder,85703,11.886837945722935,2.35
1319,Makki Masjid,3418 West Ainslie Street,Chicago,IL,60625,41.970271431035,-87.714560653091,,1997,,https://www.makkimasjid.com/,66.0,92.0,,,4310.0,census_geocoder,85703,11.886837945722935,2.35
1320,Masjid E Faizan E Madeena,6305 N Ridge Blvd,Chicago,IL,60626,41.995725284319,-87.675708024563,,1981,,https://www.dawateislamiusa.org/,66.0,81.0,,,1857.0,census_geocoder,59713,18.064307293914545,1.90
1321,Al-Ansar Mosque,2506 West 63rd Street,Chicago,IL,60629,41.779272657169,-87.686398585388,,-,,No website,60.0,77.0,,,4279.0,census_geocoder,60826,19.004083905698906,3.20
1322,Chicago Islamic Center/Masjid Al-Qassam,3357 West 63rd Street,Chicago,IL,60629,41.778854342889,-87.706934356179,,1987,,https://www.facebook.com/icconline/,58.0,78.0,,,2367.0,census_geocoder,60826,19.004083905698906,3.20
1323,IMAN Prayer Space (Musalla),6313 South California Avenue,Chicago,IL,60629,41.778735307685,-87.693306922451,,1996,,https://imancentral.org/,61.0,78.0,,,4290.0,census_geocoder,60826,19.004083905698906,3.20
1324,Masjid Al-Ansar,2506 E 63Rd st,Chicago,IL,60629,41.779272657169,-87.686398585388,,-,Information Without Year,https://prayersconnect.com/mosques/84030129-al-ansar-mosque-chicago-illinois-united-states,71.0,64.0,,,1641.0,census_geocoder,60826,19.004083905698906,3.20
1325,The Ephraim Bahar Cultural Center,2525 E 71St st,Chicago,IL,60629,41.766228385385,-87.562314978134,,1994,,https://ebaharcenter.com/,62.0,79.0,,,2195.0,census_geocoder,60826,19.004083905698906,3.20
1326,The Ephraim Bahar Cultural Center,2525 West 71st Street,Chicago,IL,60629,41.764585936857,-87.686717126465,,1994,,https://ebaharcenter.com/,57.0,73.0,,,4223.0,census_geocoder,60826,19.004083905698906,3.20
1327,Dar Al-Hadith,4809 North Elston Avenue,Chicago,IL,60630,41.968374604997,-87.740466497861,,2014,,https://nadignewspapers.com/residents-unhappy-with-mosques-alley-location/,67.0,88.0,,,474.0,census_geocoder,98860,7.817554258452754,2.48
1328,MASJID AL RAHMAN,4846 North Elston Avenue,Chicago,IL,60630,41.969232963505,-87.742108946479,,,,https://icislam.org/,67.0,84.0,,,4308.0,census_geocoder,98860,7.817554258452754,2.48
1329,MASOM,4353 West Lawrence Avenue,Chicago,IL,60630,41.968085221361,-87.737045724216,,1975,,"https://www.causeiq.com/organizations/midwest-association-of-shia-organized-muslims,361210130/",66.0,88.0,,,473.0,census_geocoder,98860,7.817554258452754,2.48
1330,Rumija Islamic Center,6023 North Northwest Highway,Chicago,IL,60631,41.990693686893,-87.79605291568,,2016,,https://www.rumijaic.com/about-us,52.0,82.0,,,476.0,census_geocoder,115000,6.183466947036404,2.48
1331,Islamic Community Center of Illinois (ICCI),6435 E Belmont ave,Chicago,IL,60634,41.938239796113,-87.787344886405,,2001,,https://iccicenter.org/about-us/,21.0,59.0,,,86.0,census_geocoder,88533,9.34018851756641,2.68
1332,Muslim Community Center,6111 E Addison St,Chicago,IL,60634,41.945685847455,-87.779247950499,,1969,,https://mccchicago.org/mcc-past-and-present/,58.0,79.0,,,189.0,census_geocoder,88533,9.34018851756641,2.68
1333,Turkish American Cultural Alliance,3845 North Harlem Ave,Chicago,IL,60634,41.94972997115,-87.807083383977,,1964,,https://www.ataa.org/about/history-of-ataa/,54.0,73.0,,,2208.0,census_geocoder,88533,9.34018851756641,2.68
1334,Western Bosnian Islamic Community Center,2944 N Narragansett ave,Chicago,IL,60634,41.933656958855,-87.785852315614,,1906,,https://becca-chicago.com/en/about-us/,56.0,81.0,,,2233.0,census_geocoder,88533,9.34018851756641,2.68
1335,Barakah Chicago,5235 North Kenmore Avenue,Chicago,IL,60640,41.977025720923,-87.656355696088,,2005,,https://www.barakahchicago.org/,78.0,90.0,,,4277.0,census_geocoder,73254,17.51470611181326,1.67
1336,MCC,4025 West Montrose Avenue,Chicago,IL,60641,41.960877842047,-87.728942881697,,1969,,https://mccchicago.org/,65.0,85.0,,,4312.0,census_geocoder,83758,14.05213929183073,2.65
1337,Muslim Community Center (MCC Chicago),4380 North Elston Ave,Chicago,IL,60641,41.960096029521,-87.72860664226,,1969,,https://mccchicago.org/about-us/,68.0,85.0,,,2361.0,census_geocoder,83758,14.05213929183073,2.65
1338,Bosnian Educational & Cultural Center of America,7022 North Western Avenue,Chicago,IL,60645,42.009311622026,-87.690255488724,,2002,,"https://becca-chicago.com/en/about-us/#:~:text=History%20of%20the%20Bosniak%20Chicago,was%20succeeded%20by%20Kemal%20ef.",54.0,87.0,,,492.0,census_geocoder,76045,20.033998614871244,2.78
1339,Bosnian Islamic Cultural Center,7022 N Western ave,Chicago,IL,60645,42.009311622026,-87.690255488724,,1925,,,54.0,87.0,,,1005.0,census_geocoder,76045,20.033998614871244,2.78
1340,Faizan-e-madina - West Ridge,6821 North Western Avenue,Chicago,IL,60645,42.005251583365,-87.690000226206,,1981,,https://www.dawateislamiusa.org/,51.0,86.0,,,4286.0,census_geocoder,76045,20.033998614871244,2.78
1341,Faizan-e-Madinah Mosque,6821 North Western Avenue,Chicago,IL,60645,42.005251583365,-87.690000226206,,2013,,https://www.faizanemadinahusa.org/chicago-center/about-us,51.0,86.0,,,491.0,census_geocoder,76045,20.033998614871244,2.78
1342,Madina Islamic Academy,6409 North Claremont Avenue,Chicago,IL,60645,41.998122951156,-87.688596145766,,2017,,https://madinaislamicacademy.com/about-us/,53.0,92.0,,,897.0,census_geocoder,76045,20.033998614871244,2.78
1343,Masjid-E-Rahmat,6412 N Talman ave,Chicago,IL,60645,41.998029833864,-87.696075815204,,1970,,"https://www.chicagohistory.org/ramadan/#:~:text=Today%2C%20there%20are%20about%20100,mosque%20in%20the%20western%20suburbs.",56.0,92.0,,,2011.0,census_geocoder,76045,20.033998614871244,2.78
1344,Mehdavia Islamic Center of Chicago,7419 North Western Avenue,Chicago,IL,60645,42.01628147066,-87.69013140841,,1990,,https://www.miccusa.org/about-us,62.0,90.0,,,494.0,census_geocoder,76045,20.033998614871244,2.78
1345,Rahmat E Alam Foundation,7045 North Western Avenue,Chicago,IL,60645,42.010183596213,-87.690122178694,,1998,,https://rahmatealam.org/about-us/,55.0,88.0,,,493.0,census_geocoder,76045,20.033998614871244,2.78
1346,Sri Lanka Jummah Masjid,6412 N Hamilton ave,Chicago,IL,60645,41.998476085703,-87.683887514134,,2014,,https://www.facebook.com/groups/slmcchicago/,54.0,87.0,,,2174.0,census_geocoder,76045,20.033998614871244,2.78
1347,Tahoora Masjid,6534 North Seeley Avenue,Chicago,IL,60645,42.000439658607,-87.681520662285,,,,No website,54.0,67.0,,,4298.0,census_geocoder,76045,20.033998614871244,2.78
1348,Chicago Mosque,6201 West Peterson Avenue,Chicago,IL,60646,41.989901,-87.7831292,,2015,,"https://nadignewspapers.com/islamic-foundation-acquires-faith-lutheran-church-building-at-peterson-and-melvina-avenues/#:~:text=Peterson%20Ave.%2C%20was%20sold%20last,property%20was%20listed%20as%20$990%2C000.&text=landscaped%20grounds.%22%20The%20site%20includes,Child%20Care%20and%20Pre%2Dschool.",48.0,83.0,,,475.0,nominatim,112525,6.769955030916246,2.49
1349,Al-Farooq Mosque,8950 S Stony Island,Chicago,IL,60649,41.732343950165,-87.585628456422,,2002,,https://southsideweekly.com/to-purchase-the-heart/,59.0,79.0,,,878.0,census_geocoder,44175,27.469057307561883,1.95
1350,Mosque Maryam,7351 South Stony Island Avenue,Chicago,IL,60649,41.761043128149,-87.585713970203,,1988,,"https://en.wikipedia.org/wiki/Mosque_Maryam#:~:text=Farrakhan%20named%20the%20building%20Mosque,was%20opened%20the%20same%20year.",65.0,82.0,,,484.0,census_geocoder,44175,27.469057307561883,1.95
1351,Nation of Islam,7351 South Stony Island Avenue,Chicago,IL,60649,41.761043128149,-87.585713970203,,,,https://noi.org/,65.0,82.0,,,4293.0,census_geocoder,44175,27.469057307561883,1.95
1352,Masjid Al Muhajireen,3777 E Columbus ave,Chicago,IL,60652,41.739951105634,-87.715825177235,,1985,,https://muhajireen.org/en,56.0,75.0,,,148.0,census_geocoder,80020,11.523671899875088,3.11
1353,Masjid An-Nasr,3936 West 82nd Place,Chicago,IL,60652,41.74318347025,-87.719965908175,,,,No website,56.0,75.0,,,4315.0,census_geocoder,80020,11.523671899875088,3.11
1354,Al Sadiq Mosque,4448 South Wabash Avenue,Chicago,IL,60653,41.813907332735,-87.624665543452,,1922,,https://en.wikipedia.org/wiki/Al-Sadiq_Mosque,76.0,69.0,,,605.0,census_geocoder,40666,30.326551650950545,2.00
1355,Masjid,323 East Pershing Road,Chicago,IL,60653,41.823753859378,-87.618430886986,,,,No website,68.0,66.0,,,4313.0,census_geocoder,40666,30.326551650950545,2.00
1356,Masjid Al-Faatir,1200 East 47th Street,Chicago,IL,60653,41.809702451987,-87.596755397263,,1987,,https://www.archnet.org/sites/10390,63.0,79.0,,,472.0,census_geocoder,40666,30.326551650950545,2.00
1357,Masjid-Al-Ihsan,3911 South Calumet Avenue,Chicago,IL,60653,41.823272390072,-87.618458544419,,-,,https://www.masjidihsan.org/,69.0,81.0,,,4306.0,census_geocoder,40666,30.326551650950545,2.00
1358,Masjid-e-Abubakr (Roscoe Masjid),1017 West Roscoe Street,Chicago,IL,60657,41.943500957562,-87.655102275518,,1982,,"https://www.wbez.org/reset-with-sasha-ann-simons/2022/04/14/whats-that-building-abu-bakr-masjid#:~:text=Since%201872%2C%20this%20building%20has,the%20chapel%2C%E2%80%9D%20Foster%20said.",85.0,96.0,,,497.0,census_geocoder,110939,7.8147692995196065,1.76
1359,Baitullah Masjid,2540 West Peterson Avenue,Chicago,IL,60659,41.9905304264,-87.693550473059,,,,No website,54.0,85.0,,,4278.0,census_geocoder,68704,16.274012323305545,3.01
1360,Dar ul Eimaan Islamic Community Center,2315 West Devon Avenue,Chicago,IL,60659,41.997701343133,-87.688052547614,,-,No Basic Information,https://rakwa.com/listting/dar-ul-eimaan-islamic-community-center,53.0,93.0,,,489.0,census_geocoder,68704,16.274012323305545,3.01
1361,Dar-Ut-Tawheed,6351 North Western Avenue,Chicago,IL,60659,41.99661664303,-87.689768582306,,,,https://www.daruttawheed.com/,53.0,95.0,,,4275.0,census_geocoder,68704,16.274012323305545,3.01
1362,Icna-Chicago,6224 N California ave,Chicago,IL,60659,41.994442794896,-87.699607455902,,2015,,"https://www.causeiq.com/organizations/icna-chicago-illinois-organization,473342673/",56.0,93.0,,,1136.0,census_geocoder,68704,16.274012323305545,3.01
1363,Islamic Center of Chicago (AlTakaful),5933 N Lincoln ave,Chicago,IL,60659,41.989095858951,-87.705084605171,,1987,,https://www.icconline.org/about/,56.0,88.0,,,47.0,census_geocoder,68704,16.274012323305545,3.01
1364,Jamia Masjid of Chicago,6340 North Campbell Avenue,Chicago,IL,60659,41.9970338,-87.6929139,,1996,,https://jamiamasjidchicago.com/about-us/,54.0,94.0,,,490.0,nominatim,68704,16.274012323305545,3.01
1365,Lakeshore Muslim Community Center,2150 W Devon Ave #1w,Chicago,IL,60659,41.997881615539,-87.684184897841,,1993,,https://www.islamicfinder.org/world/view-place/59470/,54.0,84.0,,,1523.0,census_geocoder,68704,16.274012323305545,3.01
1366,"Mahdavia Association, Dairah of North America",2600 West Peterson Avenue,Chicago,IL,60659,41.99053042646,-87.694613307286,,,,https://mahdavia.com/?fbclid=IwY2xjawRqOrdleHRuA2FlbQIxMABicmlkETFpNVBIWG1nVkFYVDRLcmxUc3J0YwZhcHBfaWQQMjIyMDM5MTc4ODIwMDg5MgABHpmcYEApMDipS0XGv2CSJgKGwOFjJYMxxwcKeN0sChNykwi_5KImZbDt6OHV_aem_USJ8VeyBgAHzfqgs13PEvg,54.0,85.0,,,4309.0,census_geocoder,68704,16.274012323305545,3.01
1367,Masjid Darul-Qur'an,2514 West Thorndale Avenue,Chicago,IL,60659,41.988667426673,-87.692727805773,,1997,,https://www.chicagoquran.com/about,53.0,83.0,,,488.0,census_geocoder,68704,16.274012323305545,3.01
1368,Masjid Rahmat-e-Alam,6201 North California Avenue,Chicago,IL,60659,41.994032480636,-87.699442071847,,1998,,https://rahmatealam.org/,58.0,91.0,,,4317.0,census_geocoder,68704,16.274012323305545,3.01
1369,Masjid-E-Ayesha,2409-B E Devon Ave,Chicago,IL,60659,41.997661348907,-87.690310528319,,2017,,"https://www.causeiq.com/organizations/turabi-muslim-community-center,814054280/",39.0,49.0,,,2008.0,census_geocoder,68704,16.274012323305545,3.01
1370,NURRANI MUSALLA ISLAMIC COMMUNITY CENTER,6344 North Claremont Avenue,Chicago,IL,60659,41.996550772714,-87.688703865935,,,,No website,53.0,91.0,,,4299.0,census_geocoder,68704,16.274012323305545,3.01
1371,Rafat masjid,2737 West Devon Avenue,Chicago,IL,60659,41.997519589537,-87.698595401163,,,,No website,58.0,94.0,,,4305.0,census_geocoder,68704,16.274012323305545,3.01
1372,Sabeelur Rashaad Educational Foundation,3114 West Devon Avenue,Chicago,IL,60659,41.997479266062,-87.707519505474,,,,https://sabeelurrashaad.org/,57.0,87.0,,,4295.0,census_geocoder,68704,16.274012323305545,3.01
1373,Sunni Centre Chicago,2835 West Devon Avenue,Chicago,IL,60659,41.99749028634,-87.7005784547,,,,No website,58.0,92.0,,,4297.0,census_geocoder,68704,16.274012323305545,3.01
1374,Ismaili Center,6259 North Broadway,Chicago,IL,60660,41.99579987049,-87.660364762494,,-,No Basic Information,(773) 262-1616,73.0,95.0,,,498.0,census_geocoder,67479,17.42499050512723,1.80
1375,Masjid E Faizan E Madeena,6305 North Ridge Boulevard,Chicago,IL,60660,41.995725284319,-87.675708024563,,1981,,https://www.dawateislamiusa.org/,66.0,81.0,,,4222.0,census_geocoder,67479,17.42499050512723,1.80
1376,Masjid e Noor,6151 North Greenview Avenue,Chicago,IL,60660,41.994240747516,-87.667637180347,,-,No Basic Information,(872) 760-3296,73.0,90.0,,,496.0,census_geocoder,67479,17.42499050512723,1.80
1377,Masjid Hameedia,1460 E Elmdale ave,Chicago,IL,60660,41.990896267633,-87.666639138184,,-,Information Without Year,https://www.chamberofcommerce.com/business-directory/illinois/chicago/mosque/2030328499-masjid-hameedia,72.0,88.0,,,1871.0,census_geocoder,67479,17.42499050512723,1.80
1378,Masjid Noor,6151 N Greenview,Chicago,IL,60660,41.994240747516,-87.667637180347,,-,Information Without Year,https://prayersconnect.com/mosques/84085240-masjid-e-noor-chicago-illinois-united-states,73.0,90.0,,,1928.0,census_geocoder,67479,17.42499050512723,1.80
1379,Midwest Masoom Assocation,4353 E Laurence ave,Chicago,IL,60660,,,,1975,,"https://islamichorizons.net/fifty-years-of-preservation-protection-and-leadership/#:~:text=Part%20of%20this%20vision%20is%20to%20also,a%20young%2C%20knowledgeable%20Imam%20and%20youth%20director.",100.0,100.0,,,2044.0,,67479,17.42499050512723,1.80
1380,Sacred Learning Center,3900 West Devon Avenue,Lincolnwood,IL,60712,41.997307427087,-87.726522805411,,2019,,https://www.sacredlearning.org/center/,44.0,82.0,,,719.0,census_geocoder,109731,6.277056277056277,2.80
1381,Kankakee islamic center,920 Kennedy Drive,Kankakee,IL,60901,41.130841683537,-87.878099829975,,1976,,https://www.kankakeeislamiccenter.com/,,77.0,,,4234.0,census_geocoder,58309,20.16848364717542,2.48
1382,Sauk Valley Islamic Center,202 East Fellows Street,Dixon,IL,61021,41.849646541638,-89.483777135882,,,,No website,,74.0,,,4282.0,census_geocoder,69127,13.710767382489863,2.24
1383,ICNA Rockford,1110 Arthur Avenue,Rockford,IL,61101,42.286426335633,-89.106278697009,,,,https://www.icnarockford.org/,,67.0,,,4268.0,census_geocoder,46163,30.856253243383495,2.46
1384,Muslim Community Center of Rockford,5921 Darlene Dr.,Rockford,IL,61109,42.236429597477,-89.002064559637,,2011,,https://www.rrstar.com/story/news/2010/08/18/rockford-s-first-mosque-expected/44627968007/,,37.0,,,2092.0,census_geocoder,62973,17.551798937841276,2.38
1385,Islamic Center of the Quad Cities,6005 34th ave,Moline,IL,61244,41.478299087632,-90.456759835299,,2004,,http://icqconline.org/about-icqc/,36.0,23.0,,,661.0,census_geocoder,63819,17.98997265268915,2.27
1386,Islamic Center of Macomb,601 Wigwam Hollow Rd,Macomb,IL,61455,40.466227391137,-90.694839086337,,2002,,https://www.gofundme.com/f/save-the-islamic-center-of-macomb-keep-our-masjid-alive,,26.0,,,652.0,census_geocoder,48679,22.379412557262192,1.93
1387,Muhammad ✨🌙 Ma Maryam,601 South Henry Street,Eureka,IL,61530,40.716620295974,-89.265926301531,,,,No website,,31.0,,,4242.0,census_geocoder,68536,8.485772357723578,2.18
1388,Islamic Center of Peoria,1716 N North st,Peoria,IL,61605,40.708243480958,-89.598690090615,,2015,,https://icpeoria.org/about/phase-4/,38.0,61.0,,,1318.0,census_geocoder,26392,40.241718889883614,2.29
1389,MSA Masjid,1315 West Main Street,Peoria,IL,61606,40.699857908969,-89.61347893572,,,,No website,35.0,78.0,,,4267.0,census_geocoder,39196,25.799877725697982,1.95
1390,Muslim Student Association House,1315 East Main Street,Peoria,IL,61606,40.699857908969,-89.61347893572,,1963,,"https://www.msanational.org/about#:~:text=The%20Muslim%20Students%20Association%20of%20the%20U.S.,at%20the%20University%20of%20Illinois%20at%20Urbana-Champaign.",,14.0,,,2106.0,census_geocoder,39196,25.799877725697982,1.95
1391,Masjid As-Salaam,823 E Salaam Dr.,Peoria,IL,61615,40.786033187283,-89.60696144457,,2000,,https://www.facebook.com/IFPeoria/,26.0,49.0,,,1812.0,census_geocoder,79817,11.166295598561398,2.14
1392,Islamic Center of Mclean County,421 Olympia Drive,Bloomington,IL,61704,40.471913870757,-88.908124469922,,2016,,https://icmclean.org/,0.0,23.0,,,4289.0,census_geocoder,95027,6.245118896938034,2.35
1393,Masjid Ibrahim,2407 E Washington st,Bloomington,IL,61704,40.47986376111,-88.950200488385,,2007,,"https://www.causeiq.com/organizations/masjid-ibrahim,134319226/",30.0,63.0,,,1884.0,census_geocoder,95027,6.245118896938034,2.35
1394,Central Illinois Mosque & Islamic Center,106 S Lincoln Ave,Urbana,IL,61801,40.112115347943,-88.219253145788,,1983,,https://www.cimic.org/about-us/,66.0,87.0,,,2357.0,census_geocoder,36180,34.22170549568484,2.00
1395,DMCC - Danville Masjid and Community Center,14 Ridgeview Street,Danville,IL,61832,40.167034150768,-87.628945933571,,2014,,https://prayersconnect.com/mosques/84016092-danville-masjid-and-community-center-dmcc-danville-illinois-united-states,,62.0,,,4300.0,census_geocoder,47332,23.052454114578364,2.23
1396,Masjid Al-Ghuraba,21-A Kettle River rd,Edwardsville,IL,62034,38.780330708525,-89.960816137309,,-,Information Without Year,https://www.facebook.com/people/Masjid-Al-Ghuraba/100081295695601/?mibextid=LQQJ4d,,40.0,,,1671.0,census_geocoder,101260,4.703308722996992,2.34
1397,Masjid-Al-Ghurabaa,21A Kettle River Drive,Glen Carbon,IL,62034,38.780330708525,-89.960816137309,,,,https://islamville.org/?fbclid=IwY2xjawRqIdVleHRuA2FlbQIxMABicmlkETFNMVFWdG96dnNMYUtjQWpmc3J0YwZhcHBfaWQQMjIyMDM5MTc4ODIwMDg5MgABHovlJ2806JsYJOTZptHT0iiXjZPLcNY5gbNW9uHKMeQkSVjwo5wTO9sZxUDD_aem_4Mrj_8KCoW8tmPa6LAoMDA,,40.0,,,4239.0,census_geocoder,101260,4.703308722996992,2.34
1398,Muhammad's Mosque 28 B,2216 State Street,East Saint Louis,IL,62205,38.617296826899,-90.130431694155,,,,No website,53.0,61.0,,,4258.0,census_geocoder,45672,41.587251991876265,2.83
1399,Belleville Masjid & Islamic Education Center,4525 Old Collinsville Road,Belleville,IL,62226,38.564366314603,-89.964800171222,,2001,,https://stclairil.devnetwedge.com/parcel/view/08020100024/2024,,6.0,,,303.0,census_geocoder,70797,14.109143476689557,2.32
1400,Islamic Center of Quincy,2433 North 12th Street,Quincy,IL,62305,39.961024562901,-91.396456466184,,,,https://www.facebook.com/profile.php?id=61580432772989&sk=about,,21.0,,,4270.0,census_geocoder,83598,7.162461733347408,2.37
1401,decater islamic center,1635 Huston Drive,Decatur,IL,62526,39.879639570694,-88.935269018566,,,,https://masjidwh.org/,,38.0,,,4303.0,census_geocoder,49062,18.20245274070059,2.10
1402,Masjid e Ummah,499-401 West Sawyer Street,Decatur,IL,62526,39.860790743384,-88.960860496501,,,,No website,,57.0,,,4302.0,census_geocoder,49062,18.20245274070059,2.10
1403,Masjid Wali Hasan,1635 Huston Dr.,Decatur,IL,62526,39.879639570694,-88.935269018566,,-,Information Without Year,www.homes.com/property/1635-huston-dr-decatur-il/ly651dgsgtqkx/,,38.0,,,2000.0,census_geocoder,49062,18.20245274070059,2.10
1404,Islamic Society of Springfield,3000 Stanton st,Springfield,IL,62703,39.762327105368,-89.624975125978,,1999,,https://www.sj-r.com/story/news/local/2016/09/09/islamic-society-looks-to-open/25479187007/,30.0,41.0,,,109.0,census_geocoder,45009,29.099264705882355,2.19
1405,An-Noor Islamic Community Center,3255 Mathers Road,Springfield ,IL,62711,39.737553939526,-89.707644206389,,1981,,https://isogs.org/,21.0,15.0,,,4252.0,census_geocoder,124816,3.0740619188272618,2.37
1406,Islamic Center of Greater Centralia,224 S Broadway,Centralia,IL,62801,38.545290805389,-89.129581183547,,-,No Basic Information,,,44.0,,,1248.0,census_geocoder,52017,20.21018136617888,2.26
1407,Islamic Center of Carbondale,511 S Popular,Carbondale,IL,62901,37.722830013876,-89.221533521253,,2000,,https://carbondalemuslimcenter.com/about-us/,,80.0,,,1218.0,census_geocoder,35089,33.91846273695144,1.94
1408,Masjid An-Nur,504 S Wall,Carbondale,IL,62901,37.722159488483,-89.208775315325,,2000,,https://carbondalemuslimcenter.com/about-us/,,74.0,,,1792.0,census_geocoder,35089,33.91846273695144,1.94
1409,Anderson Islamic Center,510 East 29th Street,Anderson,IN,46016,40.08735465664,-85.6727090611,,2025,,https://andersonislamiccenter.org/about-us/#,,63.0,,,2822.0,census_geocoder,36029,26.91219799646435,2.41
1410,Inspyred,12400 North Meridian Street Suite 150,Carmel,IN,46032,39.956296625313,-86.158001218438,,-,Information Without Year,,,46.0,,,2837.0,census_geocoder,132085,4.865541942302423,2.49
1411,Alhuda Foundation,12201 Lantern Rd,Fishers,IN,46038,39.9647269,-86.0128753,,2005,,https://alhudafoundation.org/about-us/,,70.0,,,2368.0,nominatim,106886,4.796555138508301,2.52
1412,Alhuda Islamic Center of Indiana (AICI),12213 Lantern Road,Fishers,IN,46038,39.9655474,-86.0129375,,2005,,https://alhudafoundation.org/about-us/,,39.0,,,769.0,nominatim,106886,4.796555138508301,2.52
1413,Geist Community Center,14500 East 96th Street,McCordsville ,IN,46055,39.928588848724,-85.903313570702,,2016,,https://geistcommunitycenter.org,,1.0,,,2833.0,census_geocoder,113784,1.2339461092923696,2.61
1414,Al Azhar Foundation,16616 Southpark Drive,Westfield,IN,46074,40.028432375637,-86.13833293444,,2025,,https://www.instagram.com/p/DMyp-FTpTEg/,,19.0,,,2823.0,census_geocoder,126724,5.07030075961875,2.74
1415,Islamic Society of North America (ISNA),6555 S County Rd 750 E,Plainfield,IN,46168,39.667035559158,-86.389071840587,,1981,,https://www.archnet.org/sites/891,,0.0,,,2373.0,census_geocoder,90000,8.489859414611661,2.51
1416,Masjid As-Salaf As-Salih,2020 E 46th St,Indianapolis,IN,46201,39.840277724638,-86.126846982204,,2014,,https://maps.indy.gov/AssessorPropertyCards.Reports.Service/ReportPage.aspx?ParcelNumber=8013799,32.0,70.0,,,1813.0,census_geocoder,49195,26.28381742738589,2.21
1417,Al Mumineen Mosque,4088 Millersville Rd,Indianapolis,IN,46205,39.830163513685,-86.120711169883,,2001,,https://masjidmumineen.com/about,39.0,53.0,,,2371.0,census_geocoder,72417,13.369289566739292,2.24
1418,Bait-ur-Raheem Ahmadiyya Muslim Community Mosque,3520 North Washington Boulevard,Indianapolis,IN,46205,39.819609028275,-86.152148936905,,-,No Basic Information,,49.0,51.0,,,2821.0,census_geocoder,72417,13.369289566739292,2.24
1419,Nur-Allah Islamic Center,2040 E 46th st,Indianapolis,IN,46205,39.840277724611,-86.12629312911,,1992,,https://indyencyclopedia.org/nur-allah-islamic-center/,31.0,71.0,,,206.0,census_geocoder,72417,13.369289566739292,2.24
1420,Muhammad Mosque #74,2248 East 38th Street,Indianapolis,IN,46218,39.825481884257,-86.123873338748,,1970,,https://maps.indy.gov/AssessorPropertyCards.Reports.Service/ReportPage.aspx?ParcelNumber=8022695,40.0,62.0,,,694.0,census_geocoder,38063,31.028522039757995,2.33
1421,Dar Al-Zikr,2900 S Tibbs,Indianapolis,IN,46221,39.723781543036,-86.217611630612,,2002,,"https://www.causeiq.com/organizations/dar-uz-zikr,352146433/",19.0,27.0,,,1052.0,census_geocoder,65280,18.40926064227035,2.66
1422,Al-Fajr Mosque/Indianapolis Muslim Community Association,2846 Cold Spring Rd,Indianapolis,IN,46222,39.807717347801,-86.203217152624,,1991,,https://www.facebook.com/masjidalfajr/about/,33.0,26.0,,,2369.0,census_geocoder,50783,22.307897545357523,2.78
1423,Al-Rahmah Foundation,3639 Commercial Drive,Indianapolis,IN,46222,39.82165881507,-86.22841276528,,2014,,https://prayersconnect.com/mosques/84093523-al-rahmah-foundation-indianapolis-indiana-united-states,30.0,59.0,,,2828.0,census_geocoder,50783,22.307897545357523,2.78
1424,Muslim Community Center - Masjid Al-Taqwa,4836 Mt Vernon Dr,Indianapolis,IN,46227,39.695178665754,-86.145806999368,,2002,,https://prayersconnect.com/mosques/84073412-masjid-al-taqwa-muslim-community-center-indianapolis-indiana-united-states,27.0,52.0,,,2370.0,census_geocoder,53629,16.688820232792068,2.33
1425,Al Hikmah Islamic Center,1800 W 57th St,Indianapolis,IN,46228,39.85747566407,-86.193088853507,,2017,,"https://www.causeiq.com/organizations/al-hikmah-islamic-center,462313516/",25.0,42.0,,,2372.0,census_geocoder,91156,8.311043179212838,2.57
1426,Nur-Allah Islamic Center,830 North Mitthoefer Road,Indianapolis,IN,46229,39.780643036381,-85.990445375081,,2020,,https://indyencyclopedia.org/nur-allah-islamic-center/,41.0,57.0,,,2819.0,census_geocoder,61388,11.324801350116026,2.48
1427,Masjid Sabeel'ul Faoz,9033 Crawfordsville Road,Indianapolis,IN,46234,39.815687135229,-86.322165640183,,2016,,https://sabeelulfaoz.org/about-us/,,51.0,,,2820.0,census_geocoder,83190,9.374444957550354,2.63
1428,Masjid As-Sahaba,711 S High School Rd,Indianapolis,IN,46241,39.754644813027,-86.269767266148,,2003,,https://masjidassahaba.org/,30.0,44.0,,,2374.0,census_geocoder,53653,27.265702274975272,2.91
1429,Al-Haqq Foundation,5554 Georgetown rd,Indianapolis,IN,46254,39.851868800221,-86.240360093044,,2006,,https://www.linkedin.com/company/al-haqq-foundation/about/,25.0,69.0,,,882.0,census_geocoder,60287,18.65987071108901,2.41
1430,Masjid An-Nur,5250 Lafayette rd,Indianapolis,IN,46254,39.846631701035,-86.257185569881,,-,Information Without Year,https://www.facebook.com/Masjidalnoorindy/directory_links,11.0,42.0,,,1794.0,census_geocoder,60287,18.65987071108901,2.41
1431,Masjid E Noor,5355 Lafayette Road,Indianapolis,IN,46254,39.848677025712,-86.259014028659,,2015,,"https://www.causeiq.com/organizations/masjid-e-noor-corporation,272328473/",0.0,47.0,,,2824.0,census_geocoder,60287,18.65987071108901,2.41
1432,Zainabia Center For Momin,4444 E 56th st,Indianapolis,IN,46254,39.855109720269,-86.093904159451,,1990,,https://halalguide.me/indianapolis/mechet/zainabia-community-center,10.0,45.0,,,2244.0,census_geocoder,60287,18.65987071108901,2.41
1433,Al Salam Foundation,9551 Valparaiso Ct,Indianapolis,IN,46268,39.925616453678,-86.226363412109,,2012,,https://alsalamfoundation.org/,24.0,49.0,,,2375.0,census_geocoder,68631,11.404810245197563,2.28
1434,Alhussnain Seminary/Masjid Alhidayah,6620 Network Way,Indianapolis,IN,46278,39.876546091205,-86.277202713261,,2013,,https://masjidulhidayah.org/index.php/about-the-masjid-ul-hidayah/,25.0,23.0,,,2829.0,census_geocoder,158648,4.831833254381809,2.63
1435,Northwest Indiana Islamic Center,9803 Colarado St,Crown Point,IN,46307,41.440300493583,-87.296845324695,,1992,,https://nwiic.org/our-community/,,4.0,,,204.0,census_geocoder,107800,6.487750301222101,2.76
1436,Northwest Indiana Islamic Center,9803 South Colorado Street,Crown Point,IN,46307,41.440300493583,-87.296845324695,,1991,,https://nwiic.org/our-community/,,4.0,,,2818.0,census_geocoder,107800,6.487750301222101,2.76
1437,Al-Haq Masjid,1627 South Cline Avenue,Griffith,IN,46319,41.496081353927,-87.43217500814,,-,No Basic Information,,,21.0,,,2832.0,census_geocoder,74662,6.849238036326829,2.34
1438,Illiana Islamic Association,9606 Spring st,Highland,IN,46322,41.539238946113,-87.468922467668,,1998,,https://prayersconnect.com/mosques/84030432-illiana-islamic-association-highland-indiana-united-states,,59.0,,,1139.0,census_geocoder,78062,11.557554414697272,2.27
1439,Illiana Islamic Association,9608 Spring Street,Highland,IN,46322,41.539202768814,-87.468912538343,,1998,,https://www.zabihah.com/mosques/13487f85-776a-11ef-95ae-6045bdeb9f57/illiana-islamic-association-highland-in,,58.0,,,2825.0,census_geocoder,78062,11.557554414697272,2.27
1440,Islamic Center of Michigan City,1606 N 500 E,Michigan City,IN,46360,41.666578349899,-86.971180552341,,1924,,https://www.islamiccenterofmichigancity.org/about,,4.0,,,1284.0,census_geocoder,59266,17.3259338939957,2.24
1441,Islamic Center of Michigan City,1606 North 500 East,Michigan City,IN,46360,41.666578349899,-86.971180552341,,1969,,https://edward-curtis.com/2017/03/27/indianas-first-mosque-syrian-shia-muslims-in-michigan-city/,,4.0,,,2827.0,census_geocoder,59266,17.3259338939957,2.24
1442,Shia Islamic Center of Michigan City,613 Greentree Dr.,Trail Creek,IN,46360,41.690747867005,-86.855792886731,,1970,,https://www.facebook.com/TheIslamicCenterOfMichiganCity/,,38.0,,,2165.0,census_geocoder,59266,17.3259338939957,2.24
1443,Al-Amin Masjid,3702 W 11th Avenue,Gary,IN,46404,41.591587477838,-87.382977768103,,1952,,https://www.facebook.com/masjid.alamin.98/,,20.0,,,2834.0,census_geocoder,42256,28.399050507714623,2.60
1444,Masjid Al- Amin,3702 E 11th Ave,Gary,IN,46404,41.591587477838,-87.382977768103,,1987,,https://www.chicagotribune.com/obituaries/herman-paris-brock-otway-barefield-gary-in/,,25.0,,,1634.0,census_geocoder,42256,28.399050507714623,2.60
1445,Gary Muslim Center,1473 E 15th Ave,Gary,IN,46407,41.587755885593,-87.355357698792,,2009,,"https://indyencyclopedia.org/muslims/#:~:text=In%20the%201970s%2C%20Indianapolis%20became,In%201982%2C%20that%20group%20established/ https://www.charitynavigator.org/ein/351403119",,12.0,,,1113.0,census_geocoder,28526,39.087488240827845,2.25
1446,Gary Muslim Center,1473 W 15th Avenue,Gary,IN,46407,41.587755885593,-87.355357698792,,-,Information Without Year,,,58.0,,,2835.0,census_geocoder,28526,39.087488240827845,2.25
1447,Islamic Society of Michiana/Masjid Noor,3310 Hepler Street,South Bend,IN,46635,41.701886198354,-86.202979848056,,1994,,Personal communication,,30.0,,,628.0,census_geocoder,81944,6.586256149817489,2.31
1448,Angola Islamic Center,406 S Darling st,Angola,IN,46703,41.631707297301,-85.004008186366,,1995,,https://prayersconnect.com/mosques/84030560-angola-islamic-center-angola-indiana-united-states,,62.0,,,946.0,census_geocoder,74569,12.2661975960129,2.36
1449,Kendallville Masjid,802 N Sawyer rd,Kendallville,IN,46755,41.453885510368,-85.294451328401,,2008,,https://amsdearborn.org/branches/,,24.0,,,1518.0,census_geocoder,66717,12.315983175604627,2.37
1450,Islamic Center of Fort Wayne,1109 Chute Street,Fort Wayne,IN,46803,41.077256870422,-85.12263649659,,1987,,https://www.gudsy.org/nonprofits/islamic-center-of-fort-wayne-incorporated-fort-wayne-in,45.0,41.0,,,2826.0,census_geocoder,34381,36.480647237289695,2.57
1451,Masjid Al-Quds,1109 Chute st,Ft. Wayne,IN,46803,41.077256870422,-85.12263649659,,2015,,https://www.wane.com/news/fort-wayne-mosque-makes-history-around-the-world/,45.0,41.0,,,1740.0,census_geocoder,34381,36.480647237289695,2.57
1452,Al-Hidayaa Center/Fort Wayne Islamic Center,836 Lagro Dr,Fort Wayne,IN,46804,41.077810785038,-85.20503603202,,1995,,https://www.acimap.us/website/prc/021205302002000074.pdf,27.0,46.0,,,884.0,census_geocoder,85833,8.260958763591603,2.25
1453,Ahlus-Sunnah Mosque,1724 Lake Ave,Fort Wayne,IN,46805,41.08952711181,-85.116172908602,,2014,,https://www.wane.com/news/fort-wayne-mosque-makes-history-around-the-world/,37.0,63.0,,,2377.0,census_geocoder,52154,17.540643542862654,2.15
1454,Bosnian Islamic Cultural Center,3828 Mobile Ave,Fort Wayne,IN,46805,41.112395532704,-85.143690653403,,2012,,"https://www.causeiq.com/organizations/bosnian-islamic-cultural-center,273714730/",40.0,50.0,,,776.0,census_geocoder,52154,17.540643542862654,2.15
1455,Universal Education Foundation,2223 Goshen Road,Fort Wayne,IN,46808,41.107675181837,-85.169483689517,,2007,,"https://www.causeiq.com/organizations/universal-education-foundation,203707254/",27.0,25.0,,,742.0,census_geocoder,53359,19.32434526576786,2.22
1456,Alansaar Mosque,6810 South Hanna Street,Fort Wayne,IN,46816,41.022766424895,-85.126786237741,,-,No Basic Information,,36.0,31.0,,,2831.0,census_geocoder,45343,26.335461766080048,2.56
1457,Burmese Muslim Education & Community Center,2121 Seddlemeyer Avenue,Fort Wayne,IN,46816,41.020162667852,-85.108921045688,,2015,,https://www.bmeccfw.org/center/index.php/about-us,36.0,26.0,,,777.0,census_geocoder,45343,26.335461766080048,2.56
1458,Islamic Association of Kokomo,1135 South Main St,Kokomo,IN,46902,40.474184245461,-86.131134212623,,2015,,http://www.masjidkokomo.org,,67.0,,,1179.0,census_geocoder,62126,13.652380562156846,2.24
1459,Islamic Society of Columbus Indiana,2310 Chestnut St,Columbus,IN,47201,39.22135264292,-85.915557648565,,2007,,"https://www.causeiq.com/organizations/islamic-society-of-columbus-indiana,204259510/",,56.0,,,2376.0,census_geocoder,83958,11.030066579025487,2.42
1460,Islamic Center of Muncie,5141 Hessler Rd,Muncie,IN,47304,40.219023285326,-85.445978221134,,1969,,https://icmuncie.org/services,,47.0,,,731.0,census_geocoder,63215,15.993576602432691,2.15
1461,Islamic Center of Bloomington,1925 Atwater Ave,Bloomington,IN,47401,39.163153868839,-86.510602661234,,1993,,https://www.archnet.org/sites/10400,31.0,63.0,,,752.0,census_geocoder,66906,19.887186523363063,2.00
1462,Islamic Center of Evansville,4200 Grimm rd,Newburgh,IN,47630,37.974863810651,-87.432024790496,,2010,,https://www.courierpress.com/story/news/local/2020/01/13/islamic-society-evansville-adding-new-facilities-meet-growth/4419982002/?gnt-cfr=1&gca-cat=p&gca-uir=true&gca-epti=z115242v115242d--52--b--52--&gca-ft=179&gca-ds=sophi,,10.0,,,52.0,census_geocoder,94162,6.148619306715712,2.53
1463,As-Sunnah Mosque,728 Court Street,Evansville,IN,47708,37.975939190571,-87.569594483547,,2024,,https://www.youtube.com/watch?v=e8S73qMkvNY,,63.0,,,2836.0,census_geocoder,55377,27.40740740740741,1.17
1464,Islamic Center of Terre Haute,1319 S 6th st,Terre Haute,IN,47802,39.453289077858,-87.409963909378,,1980,,https://www.islamiccenterofterrehaute.org/,25.0,75.0,,,1358.0,census_geocoder,57395,15.451982086581523,2.29
1465,Islamic Educational Center of Lafayette,1744 Everett Street,Lafayette,IN,47905,40.413333018137,-86.875114456144,,-,No Basic Information,,35.0,72.0,,,2830.0,census_geocoder,65861,14.630097437748105,2.36
1466,Islamic Society of Greater Lafayette,1022 1st st,West Lafayette,IN,47906,40.42525965873,-86.917988361221,,2003,,https://prayersconnect.com/mosques/84047394-islamic-society-of-greater-lafayette-west-lafayette-indiana-united-states,38.0,33.0,,,1464.0,census_geocoder,53103,28.558187265173707,2.21
1467,Islamic Center of Lawrence,1917 Naismith Dr.,Lawrence,KS,66046,38.949333073676,-95.251321710476,,1998,,https://ummahplaces.com/listing/islamic-center-of-lawrence/,,63.0,,,57.0,census_geocoder,65478,17.260738308352312,2.14
1468,Islamic Center of Leavenworth,545 Oregon Street,Leavenworth,KS,66048,39.283183488729,-94.910400956885,,2006,,https://leavenworthmuslims.weebly.com/masjid-information.html,,37.0,,,1277.0,census_geocoder,72734,11.461386612430461,2.34
1469,Islamic Center of Kansas (ICK),14750 West 143rd Street,Olathe,KS,66062,38.869131117315,-94.75624335494,,2005,,https://ickansas.org/aboutick/,0.0,15.0,,,2386.0,census_geocoder,117585,4.892667429806171,2.66
1470,Bait-ur-Raheem Mosque,1000 County Line Road,Kansas City,KS,66103,39.044120324969,-94.635304827508,,,,,15.0,50.0,,,2859.0,census_geocoder,52479,18.24037706205813,2.14
1471,Kansas City Islamic Center (KCIC),923 South Bethany Street,Kansas City,KS,66105,39.081859351557,-94.638633677625,,2023,,https://kcic.org/nl/,16.0,50.0,,,2387.0,census_geocoder,34397,29.93705743509048,2.72
1472,Az-Zahra Islamic Center,8350 Leavenworth road,Kansas City,KS,66109,39.143165316178,-94.772125838739,,2002,,"https://www.causeiq.com/organizations/az-zahra-center,481249208/#:~:text=501(c)(3),not%20available%20for%20this%20organization",17.0,15.0,,,966.0,census_geocoder,102593,4.50479233226837,2.90
1473,Shawnee Mission Education Islamic Center (Masjid Maryam),4849 England St,Merriam,KS,66203,39.040842917746,-94.692912338371,,2011,,https://www.mapquest.com/us/kansas/masjid-maryam-shawnee-mission-islamic-education-center-smiec-427723647,,40.0,,,2391.0,census_geocoder,75869,8.897666441453147,2.25
1474,Shawnee Mission Islamic Education Center,13420 Oak st,Shawnee Mission,KS,66215,38.960046961002,-94.739937807268,,2020,,https://johnsoncountypost.com/2020/11/05/new-mosque-in-former-merriam-church-has-signed-vandalized-in-first-month-105840/,,72.0,,,2163.0,census_geocoder,88232,5.90816486444131,2.24
1475,Islamic Center of Johnson County,9005 West 151st Street,Overland Park,KS,66221,38.854547826626,-94.689883736424,,1991,,https://www.virtualtourist.com/travel/North_America/United_States_of_America/Kansas/Overland_Park-785475/Things_To_Do-Overland_Park-Islamic_Center_of_Johnson_County-BR-1.html,0.0,55.0,,,554.0,census_geocoder,190000,2.953619554998433,2.94
1476,Islamic Center of Manhattan,1224 Hylton Hights Road,Manhattan,KS,66502,39.19201028833,-96.604456126797,,1982,,https://ummahplaces.com/listing/islamic-center-of-manhattan/,,76.0,,,61.0,census_geocoder,54833,25.904326000295292,2.15
1477,Islamic Center of Topeka,1115 Southeast 27th Street,Topeka,KS,66605,39.018877797633,-95.66327495251,,1992,,http://topekamosque.org/hello-world/about/,25.0,43.0,,,78.0,census_geocoder,59106,14.26242868785656,2.52
1478,Islamic Center of Emporia,1125 Mechanic Street,Emporia,KS,66801,38.411388663273,-96.17886568432,,1999,,https://islamiccenteremporia.org,,86.0,,,1234.0,census_geocoder,56794,15.87051224275199,2.26
1479,Islamic Society of Wichita Falls,1701 Trigg Lane,Wichita Falls,KS,67206,,,,1996,,https://i-cwf.org/,,36.0,,,1491.0,,82252,13.061128434429605,2.11
1480,Ahlul Bayt Islamic Center,1317 West McCormick Street,Wichita,KS,67213,37.673205307831,-97.356410752802,,2014,,https://www.guidestar.org/profile/46-4666693,27.0,58.0,,,2394.0,census_geocoder,50170,17.317569013481705,2.38
1481,Islamic Assoc. of Mid Kansas,3406 West Taft Street,Wichita,KS,67213,37.67678526491,-97.382892613926,,1960,,https://www.facebook.com/islamicassociationmidkansas/,27.0,62.0,,,1174.0,census_geocoder,50170,17.317569013481705,2.38
1482,Masjid Al-Noor,3104 East 17th Street North,Wichita,KS,67214,37.715551456506,-97.300094506932,,1983,,https://almawa.org/construction/project,28.0,66.0,,,1731.0,census_geocoder,35192,33.908507223113965,2.52
1483,Masjid Daru Salam/Islamic Society of Wichita,6655 East 34th Street North,Wichita,KS,67226,37.746672472373,-97.259400620499,,1996,,"https://myisw.org/about/#:~:text=Here%20are%20some%20milestones%20in%20the%20history,Annoor%20Islamic%20School%20expansion%20project%20was%20completed",17.0,55.0,,,1849.0,census_geocoder,92341,10.048318243655299,2.37
1484,Masjid Imam Hussain,527 West 16th Street,Hays,KS,67601,38.879140590172,-99.335111770476,,,,,,0.0,,,2858.0,census_geocoder,61417,18.513189448441246,2.21
1485,Mosque of Hays,1409 Pine Street,Hays,KS,67601,38.873579538349,-99.325418296017,,-,No Basic Information,,,76.0,,,2393.0,census_geocoder,61417,18.513189448441246,2.21
1486,Masjid Al-Taqwa,1216 East Wyatt Earp Boulevard,Dodge City,KS,67801,37.752433409133,-100.00088534086,,-,No Basic Information,No website,,31.0,,,1766.0,census_geocoder,71821,14.557655891830837,2.91
1487,Somali Mosque In Garden City Ks,312 West Mary Street,Garden City,KS,67846,37.989458275703,-100.872129340278,,-,No Basic Information,,,42.0,,,1246.0,census_geocoder,73218,11.098279588996476,2.76
1488,Al Nur Mosque,2815 South 4th Street,Louisville,KY,40205,38.208790379504,-85.764852137626,,2008,,https://www.alnurmasjid.org/about-1,44.0,75.0,,,863.0,census_geocoder,99966,7.0956882040657785,2.21
1489,Islamic Cultural Center of Louisville/River Road Mosque,4007 River Road,St Matthews,KY,40207,38.291144950643,-85.679915233604,,1980,,https://www.louisvilleislamiccenter.org/,0.0,3.0,,,2397.0,census_geocoder,101898,5.65400550081816,2.09
1490,Islamic Center of Louisville,1715 South 4th Street,Louisville,KY,40208,38.2232157626,-85.762322254046,,,,,47.0,78.0,,,2866.0,census_geocoder,39560,31.984664328248634,2.10
1491,Masjid,2825 South 4th Street,Louisville,KY,40208,38.20866877536,-85.764872855376,,,,,43.0,76.0,,,2867.0,census_geocoder,39560,31.984664328248634,2.10
1492,Abdullah Muhammad Islamic Center,1917 E Magazine st,Louisville,KY,40210,38.250486007503,-85.78336471706,,-,No Basic Information,,48.0,64.0,,,839.0,census_geocoder,35347,37.791868705706825,2.35
1493,Masjid Bilal,1701 Dumesnil Street,Louisville,KY,40210,38.236070309816,-85.783077531915,,2019,,"https://www.causeiq.com/organizations/masjid-bilal-islamic-center-incorporated,832357499/",39.0,59.0,,,2405.0,census_geocoder,35347,37.791868705706825,2.35
1494,Abubakar Islamic Center of Louisville,1536 South 7th Street,Louisville,KY,40214,38.225122893698,-85.770170724529,,2008,,https://masjidabubakarlouisville.org/about/,42.0,63.0,,,842.0,census_geocoder,54931,18.78244350688078,2.46
1495,Al-Hidaya Center,5309 Mitscher Avenue,Louisville,KY,40214,38.171572417958,-85.770591261962,,,,,32.0,68.0,,,2863.0,census_geocoder,54931,18.78244350688078,2.46
1496,Southside Islamic Center,6200 South 3rd Street,Louisville,KY,40214,38.166423848073,-85.768961315253,,-,No Basic Information,,32.0,58.0,,,2403.0,census_geocoder,54931,18.78244350688078,2.46
1497,Alzahrah Islamic Center,4010 Bishop Lane,Louisville,KY,40218,38.188684894493,-85.692927612676,,1996,,https://azky.org/,27.0,33.0,,,578.0,census_geocoder,58811,14.027869541714216,2.48
1498,ATFA,4711 Progress Boulevard,Louisville,KY,40218,38.180944399895,-85.653635056081,,,,,33.0,10.0,,,2864.0,census_geocoder,58811,14.027869541714216,2.48
1499,Bosniak American Islamic Center of Louisville,5927 Six Mile Ln,Louisville,KY,40218,38.196079949708,-85.650511460008,,2001,,https://pluralism.org/news/louisville-house-transformed-bosniak-american-islamic-center,32.0,56.0,,,2402.0,census_geocoder,58811,14.027869541714216,2.48
1500,Diyanet Mosque of Kentucky Ahiska Turks,4604 Bardstown Road,Louisville,KY,40218,38.180856058265,-85.626337653892,,-,No Basic Information,,27.0,49.0,,,2401.0,census_geocoder,58811,14.027869541714216,2.48
1501,Guiding Light Islamic Center/Bosnian-American Islamic Center,6500 6 Mile Lane,Louisville,KY,40218,38.2001291,-85.6167183,,2010,,https://www.guidinglightcenter.org/blank,31.0,30.0,,,2399.0,nominatim,58811,14.027869541714216,2.48
1502,HIRA Institute,3819 Bardstown Road,Louisville,KY,40218,38.196714244013,-85.655583863756,,,,,35.0,62.0,,,2865.0,census_geocoder,58811,14.027869541714216,2.48
1503,Islamic Cultural Association of Louisville,1911 Buechel Bank rd,Louisville,KY,40218,38.178728584519,-85.648671193152,,1974,,https://www.mapquest.com/us/kentucky/the-louisville-mosque-est1974-463383240,33.0,10.0,,,1403.0,census_geocoder,58811,14.027869541714216,2.48
1504,Sengal Masjid,4000 Bardstown Road,Louisville,KY,40218,38.193052124287,-85.64897405377,,-,No Basic Information,,30.0,62.0,,,1521.0,census_geocoder,58811,14.027869541714216,2.48
1505,The Muslim Community Center of Louisville,8215 Old Westport Road,Louisville,KY,40222,38.278266020596,-85.600168654631,,2015,,https://www.mcclou.org/our-history,22.0,30.0,,,2398.0,census_geocoder,82511,6.061757719714964,2.10
1506,Masjid Muhammad Iqbal,956 South Main Street,Nicholasville,KY,40356,37.865966674859,-84.578683237285,,,,,,56.0,,,2869.0,census_geocoder,74495,11.142122497417754,2.63
1507,Islamic Society of Danville,1414 Hustonville Road,Danville,KY,40422,37.623576071655,-84.774590368638,,-,Information Without Year,,,55.0,,,2707.0,census_geocoder,59615,15.123887628686091,2.30
1508,Mosque of Richmond & Richmond Community Center,1048 Center Drive,Richmond,KY,40475,37.731168279991,-84.270212402124,,2006,,https://masjidofrichmond.org/about,,6.0,,,2406.0,census_geocoder,63050,15.126349699706992,2.36
1509,Ahlulbayt Center of Lexington,1451 Bryan Avenue,Lexington,KY,40505,38.059300394455,-84.467517299798,,,,,30.0,70.0,,,2861.0,census_geocoder,58206,17.130537044296354,2.28
1510,Masjid Bilal Ibn Rabah,1541 Russell Cave Road,Lexington,KY,40505,38.073545607554,-84.474669267637,,2004,,https://masjidbilalky.org/about,34.0,61.0,,,739.0,census_geocoder,58206,17.130537044296354,2.28
1511,Islamic Center of Lexington,649 S Limestone St,Lexington,KY,40508,38.036193587408,-84.507934416028,,1982,,https://www.facebook.com/iclky/,77.0,77.0,,,58.0,census_geocoder,29440,37.19157047548449,1.89
1512,South Side Mussalla,1031 Wellington Way,Lexington,KY,40513,38.005314343668,-84.569700268562,,,,,,49.0,,,2862.0,census_geocoder,128013,3.4149895273654494,2.41
1513,Lexington Islamic Center (Armstrong mill),1240 Armstrong Mill Road,Lexington,KY,40517,37.978340236859,-84.485218540541,,-,No Basic Information,,26.0,46.0,,,2400.0,census_geocoder,53670,21.56573116691285,2.05
1514,Islamic Center of Frankfort,160 Flynn Avenue,Frankfort,KY,40601,38.187396516546,-84.84358587624,,2002,,https://islamiccenterfrankfortky.org,,3.0,,,1244.0,census_geocoder,65732,13.439649157779328,2.19
1515,Islamic Educational Services of London,133 Park Wells Road,London,KY,40744,37.082775827416,-84.051706221894,,-,No Basic Information,https://www.facebook.com/p/Islamic-Education-Services-of-London-IESL-61576665324703/,,16.0,,,1424.0,census_geocoder,64369,21.584486960128586,2.62
1516,Islamic Association of Northern Kentucky,1418 Garrard Street,Covington,KY,41011,39.075265781275,-84.502920289804,,2011,,https://linknky.com/uncategorized/2014/10/06/islamic-centers-status-be-considered-covington-board/,36.0,67.0,,,1183.0,census_geocoder,69970,15.929895065862915,2.16
1517,Al Hilal Islamic Center,7009 Burlington Pike,Florence,KY,41042,39.006839523432,-84.630377871689,,2020,,https://alhilalmasjid.org/,30.0,64.0,,,2404.0,census_geocoder,79712,8.924340546517138,2.50
1518,ICNK Community Center,8020 Action Blvd,Florence,KY,41042,39.001645512027,-84.650096866502,,2003,,https://en.halalguide.me/luisvill/mechet/islamic-center-of-northern-kentucky,28.0,52.0,,,517.0,census_geocoder,79712,8.924340546517138,2.50
1519,Islamic Center of Elizabethtown,2710 Ring Road,Elizabethtown,KY,41042,37.724763886779,-85.838771119462,,1985,,https://www.archnet.org/sites/10402,,24.0,,,51.0,census_geocoder,79712,8.924340546517138,2.50
1520,Islamic Center of Northern Kentucky,8020 Action Blvd,Florence,KY,41042,39.001645512027,-84.650096866502,,2012,,https://www.compass.com/homedetails/8020-Action-Blvd-Florence-KY-41042/25YFFM_pid/,28.0,52.0,,,1312.0,census_geocoder,79712,8.924340546517138,2.50
1521,Masjid Al Farooq,8 Masjid avenue,Prestonsburg,KY,41653,37.673352450301,-82.803251848379,,1999,,https://icekmasjidalfarooq.org/about-us/,,0.0,,,1591.0,census_geocoder,40542,30.999907158109743,2.21
1522,Islamic Center of Paducah,760 Berger Road,Paducah,KY,42003,37.056502996223,-88.627916618512,,,,,,16.0,,,2872.0,census_geocoder,55791,17.29232259627028,2.46
1523,Islamic Center of Murray,814 Coldwater Road,Murray,KY,42071,36.618411824742,-88.32625851423,,,,,,22.0,,,2868.0,census_geocoder,50198,18.877115630777983,2.31
1524,Al Dawah Islamic Center of Bowling Green KY,115 Dishman Lane,Bowling Green,KY,42101,36.960655917375,-86.490239093689,,1998,,https://www.archnet.org/sites/14813?media_content_id=99790,,43.0,,,1004.0,census_geocoder,48217,25.208180667510494,2.47
1525,Bosnian Islamic Center of Bowling Green,396 Blue Level Road,Bowling Green,KY,42101,36.955757668651,-86.511918699747,,,,,,2.0,,,2860.0,census_geocoder,48217,25.208180667510494,2.47
1526,Bowling Green Islamic Society,802 Lain ave,Bowling Green,KY,42101,36.985592315413,-86.431759016154,,2005,,https://www.archnet.org/sites/14813?media_content_id=99790,,67.0,,,1011.0,census_geocoder,48217,25.208180667510494,2.47
1527,Islamic Center of Bowling Green,2140 Morgantown Road,Bowling Green,KY,42101,36.990980372128,-86.498462681951,,2005,,https://www.archnet.org/sites/14813,,20.0,,,1210.0,census_geocoder,48217,25.208180667510494,2.47
1528,Burmese Muslim Islamic Center of Owensboro,1924 Triplett Street,Owensboro,KY,42303,37.757436986321,-87.102746614409,,,,,,70.0,,,2870.0,census_geocoder,64773,17.867908344565617,2.37
1529,Islamic Center of Owensboro,3131 Alvey Park Dr W,Ownsboro,KY,42303,37.752557864934,-87.066274318633,,2004,,"https://www.causeiq.com/organizations/islamic-center-of-owensboro,412104984/",,49.0,,,1316.0,census_geocoder,64773,17.867908344565617,2.37
1530,Islamic Center of Owensboro,3131 Alvery Park Drive West,Owensboro,KY,42303,37.752557864934,-87.066274318633,,,,,,49.0,,,2871.0,census_geocoder,64773,17.867908344565617,2.37
1531,Islamic Center of Somerset,125 Office Park Dr.,Somerset,KY,42501,37.041273554608,-84.625753714841,,2001,,https://www.archnet.org/sites/14803,,49.0,,,1343.0,census_geocoder,48965,24.323862665831577,2.50
1532,The Islamic Message Foundation Center,3929 W Metairie Ave,Metairie,LA,70001,29.982361692619,-90.17092062708,,1999,,"https://www.causeiq.com/organizations/islamic-message-foundation-of-new-orleans,721417833/",,46.0,,,2412.0,census_geocoder,67923,13.734623500952184,2.19
1533,Abu Bakr Al Siddiq,4425 David Dr.,Metairie,LA,70003,30.017977492646,-90.225395675085,,1988,,https://www.archnet.org/sites/14715,,41.0,,,840.0,census_geocoder,76261,11.68761496014715,2.41
1534,Masjid Yaseen,7527 E Judge Perez Dr.,Arabi,LA,70032,29.959155134625,-89.992924929255,,1985,,"https://en.wikipedia.org/wiki/Burhani_Mosque#:~:text=From%20the%2090s%20to%20the,the%20protection%20of%20the%20MUIS.",,13.0,,,2004.0,census_geocoder,56813,21.72972972972973,2.43
1535,Omar Mosque,1528 Pietro Ct,Harvey,LA,70058,29.873402894751,-90.045761034079,,1992,,"https://www.causeiq.com/organizations/west-bank-muslim-association,721144213/",,60.0,,,2408.0,census_geocoder,62416,20.672405474721312,2.68
1536,Ahmadiyya Muslim Community Center Kenner,2113 38th St,Kenner,LA,70065,30.025091320838,-90.238165498912,,2013,,https://themuslimtimes.info/2013/11/16/the-ahmadiyya-muslim-community-celebrates-its-new-cultural-outpost-in-kenner-louisiana/,,86.0,,,2744.0,census_geocoder,67285,12.610067432412924,2.43
1537,Faizane madina New Orleans La,10932 River Rd,St Rose,LA,70087,29.957486862835,-90.306563012289,,-,No Basic Information,,,42.0,,,2414.0,census_geocoder,73406,8.326497128794093,2.95
1538,New Orleans Masjid of Al Islam,2625-32 Magnolia st,New Orleans,LA,70113,29.940934964022,-90.091302726498,,1960,,https://pluralismarchive.hsites.harvard.edu/masjid-al-islam-3,47.0,80.0,,,2115.0,census_geocoder,39333,30.24197846711438,2.41
1539,Bilal Ibn Rabah Islamic Center,717 Teche St,New Orleans,LA,70114,29.94832793126,-90.052446580918,,1987,,"https://pluralismarchive.hsites.harvard.edu/masjid-bilal-ibn-rabah-center#:~:text=Turn%20right%20on%20Teche%20St.%20and%20proceed,after%20you%20pass%20All%20Saints%20Catholic%20Church.",53.0,70.0,,,990.0,census_geocoder,43493,25.54410588966865,2.36
1540,Islamic Center/Islamic Center of New Orleans,1911 St Claude Ave,New Orleans,LA,70116,29.968371723722,-90.06022711221,,1988,,https://pluralismarchive.hsites.harvard.edu/masjid-abu-bakr-al-siddiq-jefferson-muslim-association,60.0,94.0,,,2407.0,census_geocoder,52306,21.876212650368647,1.73
1541,Ur-Rahim Mosque,1238 N Johnson St,New Orleans,LA,70116,29.970740651661,-90.073044637937,,1988,,https://en.halalguide.me/novyy-orlean/mechet/masjid-ur-rahim,58.0,80.0,,,2415.0,census_geocoder,52306,21.876212650368647,1.73
1542,Masjid Al-Rahma,7103 Burthe St,New Orleans,LA,70118,29.939374962371,-90.124114501218,,1983,,"https://www.causeiq.com/organizations/masjid-ar-rahma-msa-of-tulane,721422304/",53.0,72.0,,,1744.0,census_geocoder,63750,24.905560341970972,2.35
1543,Muhammad Mosque #46,4201 Downman Rd,New Orleans,LA,70126,30.013112158208,-90.021124088615,,-,No Basic Information,,43.0,43.0,,,2413.0,census_geocoder,41709,27.190411782386537,2.65
1544,Islamic Center of Houma,2100 Industrial Blvd,Houma,LA,70363,29.572319124598,-90.69603822256,,-,No Basic Information,,,31.0,,,2741.0,census_geocoder,46748,23.235859124866597,2.56
1545,Masjid AnNoor/North Shore Muslim Association,2235 9th St,Mandeville,LA,70471,30.39774131407,-90.089739608544,,2019,,https://masjidannoor2.wixsite.com/mandeville/about,,57.0,,,2740.0,census_geocoder,96501,5.95535565550558,2.49
1546,Islamic Center of Lafayette,700 Tulane,Lafayette,LA,70503,30.211923749137,-92.014133565547,,1995,,https://thecurrentla.com/2018/community-service/,,80.0,,,1270.0,census_geocoder,94688,9.477499461709609,2.33
1547,Umar Opelousas Mosque,1759 Montgomery Rd,Opelousas,LA,70570,30.461936806233,-92.101172294407,,-,No Basic Information,,,0.0,,,2745.0,census_geocoder,44612,28.585373789961764,2.40
1548,Islamic Society of Lake Charles,612 College Manor Dr,Lake Charles,LA,70607,30.180286834553,-93.213753087282,,1984,,https://www.guidestar.org/profile/72-1161394,,56.0,,,2409.0,census_geocoder,60351,24.577527423658466,2.69
1549,Masjid Rajilun,24125 Church st,Plauemine,LA,70764,30.285566022378,-91.229976405803,,-,Information Without Year,https://prayersconnect.com/mosques/84023887-masjid-rajilun-plaquemine-louisiana-united-states,,57.0,,,1950.0,census_geocoder,55352,16.92104898015818,2.28
1550,Masjid Al Islahi,1779 Government St,Baton Rouge,LA,70802,30.44384114792,-91.170503675214,,2021,,https://www.masjidalislahi.org/about/,,79.0,,,2743.0,census_geocoder,34458,33.94227600169499,2.09
1551,Masjid Al Noor,820 E Chimes,Baton Rouge,LA,70802,30.417900818725,-91.185994668302,,1978,,https://www.facebook.com/4icbr/,,65.0,,,1613.0,census_geocoder,34458,33.94227600169499,2.09
1552,Masjid Sabiqun,740 E Washington,Baton Rouge,LA,70802,30.431064600964,-91.177387279352,,2002,,"https://www.causeiq.com/organizations/america-muslim-mission,300074046/",,82.0,,,1953.0,census_geocoder,34458,33.94227600169499,2.09
1553,Masjid Abdur Raqeeb,5241 Prescott Rd,Baton Rouge,LA,70805,30.487705376051,-91.137722485107,,1994,,https://www.facebook.com/WorshipAtPrescott786/,,37.0,,,1572.0,census_geocoder,25397,42.505265872845285,2.57
1554,Masjid Muhammad Mosque #65,2600 Plank Rd,Baton Rouge,LA,70805,30.471303265261,-91.163016350828,,1989,,https://sites.google.com/view/muhammad-mosque-no-65/home,,65.0,,,2742.0,census_geocoder,25397,42.505265872845285,2.57
1555,Islamic Center of Baton Rouge/Masjid Al Rahman,285 East Airport Avenue,Baton Rouge,LA,70806,30.449092681187,-91.102514941322,,2006,,https://icbrsite.org/founding-story-brief-history/,,24.0,,,641.0,census_geocoder,55642,23.417698134121558,2.27
1556,Masjid Baitul Furan,285 E Airport Ave,Baton Rouge,LA,70806,30.449092681187,-91.102514941322,,1978,,https://www.facebook.com/4icbr/,,24.0,,,1835.0,census_geocoder,55642,23.417698134121558,2.27
1557,Al-Hablulmateen Islamic Center,11056 N Harrells Ferry Rd,Baton Rouge,LA,70816,30.432927600046,-91.06196734679,,2015,,"https://www.causeiq.com/organizations/al-hablulmateen-islamic-center,461356874/",,53.0,,,2411.0,census_geocoder,67353,15.684280344903826,2.52
1558,Seera Association of Baton Rouge,2215 W Broadwalk Dr,Baton Rouge,LA,70816,30.432616923242,-91.060402721038,,2024,,https://www.bizapedia.com/pro-search-subscription.aspx?id=b&prlbdi=503069,,64.0,,,2747.0,census_geocoder,67353,15.684280344903826,2.52
1559,Yaseen Mosque,3769 Youree Dr,Shreveport,LA,71105,32.469509437337,-93.722030059227,,1985,,https://masjidyaseen.org/,,60.0,,,2416.0,census_geocoder,67968,14.639964220046714,2.15
1560,Masjid Ul Taqwa,5403 Virginia Ave+B2004:H2004,Shreveport,LA,71108,32.460025924517,-93.77745740781,,-,No Basic Information,,,69.0,,,1981.0,census_geocoder,32055,35.19809650287738,2.57
1561,Islamic Association of Greater Shreveport/Alnoor Mosque,1000 Delhi Street,Bossier City,LA,71111,32.514848890283,-93.728989837122,,1983,,"https://www.causeiq.com/organizations/islamic-association-of-greater-shreveport,721213245/",,48.0,,,1733.0,census_geocoder,65292,17.925959990802482,2.40
1562,MCS Islamic Center,9204 Youree Dr,Shreveport,LA,71115,32.407022616423,-93.697763304317,,-,Information Without Year,,,27.0,,,2410.0,census_geocoder,65509,12.474703671581382,2.08
1563,Masjid Muhammad,2414 Oak st,Monroe,LA,71202,32.511718911975,-92.094041415414,,-,Information Without Year, (800) 355-3699,,29.0,,,177.0,census_geocoder,28213,48.59028960817717,2.70
1564,Muhammad Mosque #99,418 Winnsboro Road,Monroe,LA,71202,32.482502572998,-92.100374846471,,1959,,https://new.finalcall.com/2022/10/25/the-best-of-ministers-mosque-no-99-honors-nation-of-islam-pioneer-minister-abdul-bey-muhammad/,,54.0,,,2746.0,census_geocoder,28213,48.59028960817717,2.70
1565,Islamic Center of Northeastern Louisiana,7617 Hwy 165 N,Monroe,LA,71203,32.665464310842,-92.046479953765,,2002,,https://www.charitynavigator.org/ein/721455371,,35.0,,,1311.0,census_geocoder,52326,20.677793007068182,2.46
1566,Islamic Center-Northeast LA,7617 US-165,Monroe,LA,71203,32.665464310842,-92.046479953765,,-,No Basic Information,,,13.0,,,2737.0,census_geocoder,52326,20.677793007068182,2.46
1567,Islamic Center of Farmerville,409 Thomas St,Farmerville,LA,71241,32.771463376666,-92.402239104129,,2021,,https://www.facebook.com/groups/178002459295411/posts/1198047303957583/,,54.0,,,2739.0,census_geocoder,44128,26.879441466151356,2.20
1568,Islamic Center of North Louisiana,203 S Homer St,Ruston,LA,71270,32.527737247626,-92.64401698858,,2018,,https://icnlruston.net/about.html,,79.0,,,69.0,census_geocoder,36791,34.677117162128404,2.44
1569,Islamic Center of North Louisiana,100 W California Ave,Ruston,LA,71270,32.523741857018,-92.638501708549,,2018,,http://www.icnlruston.net/,,73.0,,,2738.0,census_geocoder,36791,34.677117162128404,2.44
1570,Islamic Society of Central Louisiana,398 Windermere Blvd,Alexandria,LA,71303,31.287866098646,-92.490818598196,,2011,,https://www.islamincenla.com/,,20.0,,,104.0,census_geocoder,67156,18.705125030948256,2.51
1571,Islamic Center of Natchitoches,125 Caspari st,Natchitoches,LA,71457,31.754361462039,-93.094210821914,,2001,,https://islamicvalley.com/mosque/GoW/islamic-center-of-natchitoches,,58.0,,,67.0,census_geocoder,46668,26.7466925905575,2.38
1572,Hampshire Mosque,1 East Pleasant Street Suite 47,Amherst,MA,01002,42.379274643157,-72.519674745807,,-,,https://hampshiremosque.org,,91.0,,,1121.0,census_geocoder,70818,22.621308927646346,2.24
1573,Hampshire Mosque,1 East Pleasant Street,Amherst,MA,01002,42.379274643157,-72.519674745807,,2004,,https://hampshiremosque.org/,,91.0,,,3504.0,census_geocoder,70818,22.621308927646346,2.24
1574,Hampshire Mosque,451 Russell Street,Hadley,MA,01035,42.363040894082,-72.540157029784,,2004,,https://omidcenter.com/,,50.0,,,3494.0,census_geocoder,119259,6.4422518862449225,2.27
1575,Al-Falah Mosque,66 South Broad Street,Westfield,MA,01085,42.111429256619,-72.747773725702,,,,,,46.0,,,3492.0,census_geocoder,88728,10.497582280455466,2.38
1576,Diyanet Mosque of Springfield Ahiskan Turks,407 Park Street,West Springfield,MA,01089,42.10114539233,-72.627182256192,,,,http://walthamislamicsociety.org/about.php,43.0,63.0,,,3491.0,census_geocoder,69371,11.895315653929144,2.25
1577,Islamic Center of West Massachusetts,377 Amostown Road,West Springfield,MA,01105,42.115447944511,-72.642552069751,,1983,,https://www.archnet.org/sites/10601,33.0,15.0,,,1370.0,census_geocoder,24036,50.23526392334674,2.29
1578,Masjid Alnur,43 Spring Street,Springfield,MA,01105,42.105582455814,-72.583146318954,,,,https://www.cpsusa.net/,77.0,83.0,,,3485.0,census_geocoder,24036,50.23526392334674,2.29
1579,Baitus Salaam Mosque,148 Fort Pleasant Street,Springfield,MA,01108,42.086806363374,-72.575183710643,,1994,,https://masjidbaitussalaam.org/,59.0,72.0,,,852.0,census_geocoder,50661,31.78788544642203,2.60
1580,At-Tawhid Masjid,111 Oak Street,Springfield,MA,01109,42.106133520616,-72.573443657523,,-,No Basic Information,,64.0,80.0,,,962.0,census_geocoder,48415,24.873442717122032,2.92
1581,Muhammad Mosque #13,727 State Street,Springfield,MA,01109,42.110339888667,-72.567884587002,,,,,,,,,3487.0,census_geocoder,48415,24.873442717122032,2.92
1582,Diyanet Imam Buhari Mosque Cami,50 Pinevale Street,Orchard,MA,01151,42.158596340206,-72.501325174726,,,,https://www.facebook.com/p/Masjid-Al-Nur-MA-61574555554551/,,,,,3486.0,census_geocoder,55324,17.71017814355662,2.64
1583,Turkish American Society,50-52 Pinevale st,Indian Orchard,MA,01151,42.158539301177,-72.501334681233,,1999,,https://www.guidestar.org/profile/shared/e8a0f016-e9b5-48ee-b3fc-0fd0756e8559,35.0,62.0,,,2209.0,census_geocoder,55324,17.71017814355662,2.64
1584,Al Khalil Islamic Center,40 Melville Street,Pittsfield,MA,01201,42.452570267438,-73.250755391576,,2019,,"https://www.causeiq.com/organizations/al-khalil-cultural-center,832236621/",36.0,94.0,,,500.0,census_geocoder,71093,14.717220735634271,2.17
1585,Fitchburg Islamic Center (Al-Noor Masjid),283 Main Street,Fitchburg,MA,01420,42.582052860212,-71.796208310612,,-,Information Without Year,978-502-7846,43.0,84.0,,,445.0,census_geocoder,72780,15.728938458474406,2.40
1586,Masjid Bait-ul-zikr,360 Main Street,Fitchburg,MA,01420,42.582464541785,-71.797659258549,,-,Information Without Year,(917) 385-6063,48.0,84.0,,,613.0,census_geocoder,72780,15.728938458474406,2.40
1587,Boroughs Islamic Society,6 Bellows Road,Westborough,MA,01581,42.2843138,-71.6013167,,2021,,https://spectrumnews1.com/ma/worcester/news/2023/12/31/boroughs-islamic-center-opens-new-mosque-in-westborough-,,55.0,,,2440.0,nominatim,141944,6.284469574083515,2.69
1588,Islamic Society of Greater Worcester,57 Laurel st,Worcester,MA,01605,42.268616702119,-71.791563251732,,2007,,https://isgw.us/isgw_history.html,55.0,83.0,,,1469.0,census_geocoder,54642,21.443493496866363,2.51
1589,Worcester Islamic Center,248 Mountain St E,Worcester,MA,01606,42.316220212005,-71.774077041207,,2002,,https://www.wicmasjid.org/history,34.0,25.0,,,385.0,census_geocoder,92105,9.205968558486543,2.44
1590,Islamic Society of Framingham (Masjid E Basheer ),234 Union Avenue,Framingham,MA,01702,42.284509229141,-71.42124272767,,1999,,https://pluralism.org/islamic-society-framingham-and-masjid-e-basheer,39.0,71.0,,,2439.0,census_geocoder,82496,15.127785674059375,2.59
1591,ABRICC- Acton Boxborough Regional Islamic Community Center- Acton Masjid,30 Nagog Park,Acton,MA,01720,42.524266879945,-71.432807925761,,,,https://www.nimatullahi.org/visit-a-center,,41.0,,,3496.0,census_geocoder,159010,3.5101237104576,2.56
1592,Islamic Masumeen Center of New England,115 Wood st,Hopkinton,MA,01748,42.229317979417,-71.547985832725,,1995,,https://islamicmasumeen.org/about-imcne/,,10.0,,,1439.0,census_geocoder,222801,2.530264456798462,2.88
1593,Masjid Al-Ikhlaas - ISGM (Islamic Society of Greater Milford),2 West Elm Street,Hopkinton,MA,01748,42.21133840491,-71.550482792348,,,,https://isnslynn.org/,,44.0,,,3481.0,census_geocoder,222801,2.530264456798462,2.88
1594,NEJAF Islamic Center,49 Cedar Street,Milford,MA,01757,42.151423186059,-71.510466683686,,,,https://www.readingmosque.org/,,57.0,,,3477.0,census_geocoder,96621,7.673488279829405,2.68
1595,Islamic Center of Boston (Wayland),126 Boston Post Road,Wayland,MA,01778,42.360395957966,-71.342927192633,,1986,,https://icbwayland.org/about.html,,34.0,,,2432.0,census_geocoder,219375,4.991406473789746,2.73
1596,Islamic Center of Burlington,130 Lexington Street,Burlington,MA,01803,42.48698319302,-71.212082209182,,2004,,https://www.icburlington.org/about/,,55.0,,,291.0,census_geocoder,146436,5.859853121175031,2.61
1597,Andover Islamic Center,204 Andover Street,Andover,MA,01810,42.626732787648,-71.158888971914,,2019,,https://www.andoverislamiccenter.org/aic/data/AIC-ImamJobDescription.pdf,,32.0,,,423.0,census_geocoder,172606,2.9270934275779514,2.62
1598,Billerica Islamic Center,880 Boston Road,Billerica,MA,01821,42.527682237494,-71.226229660356,,,,https://islamiccenterofcapecod.org/,,46.0,,,3498.0,census_geocoder,149042,5.251947014577647,2.65
1599,ISGL - Islamic Society of Greater Lowell,5 Courthouse Lane,Chelmsford,MA,01824,42.623953697964,-71.359839863168,,1993,,https://isgl.org/mission-statement/,,73.0,,,1466.0,census_geocoder,140050,5.3634785234392695,2.68
1600,Islamic Society of Greater Haverhill,36 Amesbury Road,Haverhill,MA,01830,42.794505173101,-71.066130246907,,,,No website,21.0,8.0,,,3475.0,census_geocoder,78571,14.66336863260416,2.43
1601,Selimiye Masjid,105A Oakland ave,Methuen,MA,01844,42.720248928879,-71.190694504626,,1995,,https://www.facebook.com/p/Selimiye-Mosque-100066770243356/,,63.0,,,2160.0,census_geocoder,113212,7.860839345748498,2.83
1602,Selimiye Mosque,105-A Oakland Avenue,Methuen,MA,01844,42.720248928879,-71.190694504626,,,,https://www.nejaf.org/,,63.0,,,3478.0,census_geocoder,113212,7.860839345748498,2.83
1603,Dawoodi Bohra Anjuman-e-Ezzi (Boston),246 Rangeway Road,Billerica,MA,01862,42.563898179069,-71.31830084328,,,,https://bictr.org/,,5.0,,,3499.0,census_geocoder,138571,5.921406782702315,2.55
1604,NAFIS Reading Mosque,25 Haven Street,Reading,MA,01867,42.522162352707,-71.106655776697,,,,https://haverhillmasjid.org/,,86.0,,,3476.0,census_geocoder,165912,3.1564070351758797,2.60
1605,North Shore Islamic Center,130;132 Essex Street,Lynn,MA,01901,42.47287375214,-70.931725016522,,2000,,https://prayersconnect.com/mosques/84027476-lynn-mosque-north-shore-islamic-center-lynn-massachusetts-united-states,40.0,82.0,,,499.0,census_geocoder,36119,39.192003331945024,1.57
1606,Alsalam-Islamic Society of the North Shore,35 Lynnfield Street,Lynn,MA,01904,42.485785862241,-70.961932478581,,,,,27.0,66.0,,,3480.0,census_geocoder,99614,6.974962899133515,2.92
1607,Northshore Islamic Center,430 Boston Street,Topsfield,MA,01983,42.660762413917,-70.930862714871,,,,,,25.0,,,3489.0,census_geocoder,195718,7.544836116264688,2.92
1608,Islamic Center of New England Mosque (ICNE) at Sharon,74 Chase Drive,Sharon,MA,02067,42.093923586772,-71.194393297038,,1993,,https://icne.net/icne-masjids/,,7.0,,,2433.0,census_geocoder,192314,3.8501165880375248,2.89
1609,Dar al-Islam of Boston,138 Tremont Street,Boston,MA,02111,42.355851188416,-71.062590009679,,1999,,,100.0,99.0,,,3502.0,census_geocoder,87404,24.72436604189636,1.92
1610,Nimatullahi Sufi Order,84 Pembroke Street,Boston,MA,02118,42.341890686771,-71.076325392361,,,,https://hampshiremosque.org/,94.0,98.0,,,3495.0,census_geocoder,98224,23.238407527533237,1.87
1611,An Nur Mosque (Boston Markaz),28 Circuit Street,Boston,MA,02119,42.323473864974,-71.085741248043,,1992,,,82.0,51.0,,,1732.0,census_geocoder,48488,25.713970263506553,2.25
1612,Boston Islamic Center,2870 Washington Street,Boston,MA,02119,42.320076428347,-71.093932122478,,1980,,https://isbcc.org/our-history/,76.0,75.0,,,1010.0,census_geocoder,48488,25.713970263506553,2.25
1613,Mosque for Praising Allah,724 Shawmut Avenue,Boston,MA,02119,42.332775208897,-71.08335129673,,1970,,https://mosquepraiseallah.org/about-us/,91.0,90.0,,,2438.0,census_geocoder,48488,25.713970263506553,2.25
1614,Islamic Society of Boston Cultural Center,100 Malcolm X Boulevard,Boston,MA,02120,42.3309021,-71.0933788,,2009,,https://www.archnet.org/sites/9144,94.0,85.0,,,99.0,nominatim,64289,33.02183195037461,2.65
1615,Al-Quran Mosque,35 Intervale Street #37,Boston,MA,02121,42.311689058486,-71.080434458648,,1957,,https://usa.thedawoodibohras.com/community/boston/,73.0,84.0,,,3500.0,census_geocoder,43136,25.029532346605514,2.68
1616,Alrowda Mosque,5 Creston Street,Boston,MA,02121,42.312501104852,-71.079858610144,,2016,,https://www.masjidalquran.org/,73.0,84.0,,,3501.0,census_geocoder,43136,25.029532346605514,2.68
1617,Islamic Society of Boston,204 Prospect Street,Cambridge,MA,02121,42.370399080111,-71.100168059069,,1995,,"https://pluralism.org/islamic-society-boston#:~:text=History:%20The%20Islamic%20Society%20of,the%20ISB%20and%20the%20ISBCC.",71.0,97.0,,,102.0,census_geocoder,43136,25.029532346605514,2.68
1618,Masjid Al-Quran,35 Interval Street,Dorchester,MA,02121,42.311689058486,-71.080434458648,,1957,,https://roxbury.fandom.com/wiki/Masjid_Al_Quran,73.0,86.0,,,1741.0,census_geocoder,43136,25.029532346605514,2.68
1619,Masjid Al-Rahman,396 Harvard st,Boston,MA,02124,42.290645370114,-71.091632822737,,-,No Basic Information,,60.0,69.0,,,1748.0,census_geocoder,81923,16.963167126033575,2.74
1620,Allston Brighton Islamic Center,95 Clevemont Avenue,Boston,MA,02134,42.354439111337,-71.138174087892,,1998,,http://halalguide.me/boston/mechet/allston-brighton-islamic-center/posts,65.0,97.0,,,927.0,census_geocoder,78679,21.483245449906445,2.14
1621,Arabic Jumaa Mosque,41 Quint Avenue,Boston,MA,02134,42.35165185773,-71.134070164096,,2000,,https://prayersconnect.com/mosques/84073541-arabic-jummah-mosque-boston-islamic-seminary-boston-massachusetts-united-states,67.0,98.0,,,448.0,census_geocoder,78679,21.483245449906445,2.14
1622,Yusuf Mosque,186 Chestnut Hill Avenue,Brighton,MA,02135,42.341124442993,-71.154702666527,,2009,,https://themimbarproject.wordpress.com/2015/01/09/yusuf-mosque-in-the-city-of-brighton-massachusetts/,74.0,83.0,,,225.0,census_geocoder,90829,18.401469255354673,1.97
1623,Islamic Center of Rindge Ave,388 Rindge Avenue,Cambridge,MA,02140,42.393888525395,-71.139209664635,,2004,,"https://icra-ios.soft112.com/#:~:text=With%20the%20blessing%20of%20Allah,our%20congregants%20and%20surrounding%20community.",68.0,80.0,,,290.0,census_geocoder,135286,11.097964978703265,2.13
1624,Islamic Center of Rindge Ave,388 Rindge Avenue,Cambridge,MA,02140,42.393888525395,-71.139209664635,,2004,,https://www.icracambridge.org/home/our-story,68.0,80.0,,,3505.0,census_geocoder,135286,11.097964978703265,2.13
1625,At-Taqwa Society Mosque,88 Broadway,Malden,MA,02148,42.423511039261,-71.042806401195,,,,https://us.mohid.co/ma/lowell/selimiyemosque,44.0,74.0,,,3479.0,census_geocoder,100606,11.367854209133226,2.52
1626,Malden Islamic Center,405 Pearl St # 1,Malden,MA,02148,42.416607827486,-71.077745595254,,2020,,https://maldenislamiccenter.org/about,,75.0,,,2434.0,census_geocoder,100606,11.367854209133226,2.52
1627,American Muslim Center,82 Spring St,Everett,MA,02149,42.402630964277,-71.052022982041,,2011,,https://projects.propublica.org/nonprofits/organizations/274647824,57.0,88.0,,,939.0,census_geocoder,85218,14.667175664543612,2.86
1628,Association of Islamic Charitable Projects - Revere,41 Marble Street,Revere,MA,02151,42.42872647068,-71.021301432971,,,,,47.0,76.0,,,3482.0,census_geocoder,86969,11.547713165906911,2.69
1629,Bosniaks Society of Boston,101 Atlantic Avenue,Revere,MA,02151,42.400191515088,-70.989913107541,,,,https://aicpma.org/,57.0,82.0,,,3483.0,census_geocoder,86969,11.547713165906911,2.69
1630,Revere Street Mosque,500 Revere Street,Revere,MA,02151,42.418721082735,-70.991669553459,,2001,,https://www.gudsy.org/nonprofits/boston-dialogue-foundation-inc-revere-ma,67.0,77.0,,,1009.0,census_geocoder,86969,11.547713165906911,2.69
1631,Islamic Culture Center of Medford,43 High Street,Medford,MA,02155,42.41860211592,-71.110818763149,,2015,,"https://www.causeiq.com/organizations/bangladesh-islamic-center-of-massachusetts,473050302/",58.0,94.0,,,2437.0,census_geocoder,129700,7.596221133659902,2.34
1632,Muslim House At Tufts University,176 Curtis Street,Medford,MA,02155,42.416292468963,-71.117644162531,,2002,,https://www.tuftsdaily.com/article/2002/10/islamic-center-looks-to-incorporate-muslim-house,64.0,79.0,,,2101.0,census_geocoder,129700,7.596221133659902,2.34
1633,Iman Islamic Center,5 Altamont rd,Quincy,MA,02169,42.2403488659,-70.989573406597,,2008,,https://www.patriotledger.com/story/news/2016/11/25/at-quincy-mosque-muslims-find/24479096007/,41.0,70.0,,,1152.0,census_geocoder,96290,11.186689659577185,2.17
1634,Islamic Center of New England,470 South St,Quincy,MA,02169,42.243020983199,-70.979345678753,,1964,,https://www.icne.net/about/masjids,38.0,76.0,,,1300.0,census_geocoder,96290,11.186689659577185,2.17
1635,Islamic Center of Boston University,775 Commonwealth Avenue,Boston,MA,02215,42.350606048145,-71.110107527267,,2015,,http://diboston.org/,77.0,91.0,,,3503.0,census_geocoder,72095,28.444480678297733,1.51
1636,Lexington Mosque,166 Spring Street,Lexington,MA,02421,42.421036614963,-71.251249103726,,2025,,https://lexobserver.org/2025/05/08/lexington-home-to-be-renovated-into-mosque/,23.0,17.0,,,2436.0,census_geocoder,227813,6.356381494503041,2.61
1637,Center for Peace & Spirituality USA,391 Totten Pond Road,Waltham,MA,02451,42.397572621432,-71.253224727928,,,,https://www.bosniaksboston.org/,26.0,49.0,,,3484.0,census_geocoder,122335,8.29039541480924,2.30
1638,Waltham Islamic Society,313 Moody Street,Waltham,MA,02453,42.370699154136,-71.237094949423,,2015,,http://walthamislamicsociety.org,43.0,97.0,,,3490.0,census_geocoder,115366,9.144010961274969,2.19
1639,Omid Center,320 Boston Post Road,Weston,MA,02493,42.367846321602,-71.293937176165,,,,,,32.0,,,3493.0,census_geocoder,250001,2.8658875904284917,2.85
1640,Islamic Center of Cape Cod,762 Falmouth Road,Barnstable,MA,02601,41.660935855819,-70.315411622237,,2009,,https://churbuck.com/2009/12/01/a-mosque-for-the-mills-52-churches/,21.0,32.0,,,1216.0,census_geocoder,61143,14.62225832656377,2.09
1641,Islamic Center of Cape Cod,3072 Falmouth Road,Barnstable,MA,02655,41.653587112975,-70.396368040853,,1997,,https://islamiccenterofcapecod.org/about-us/who-are-we/,0.0,35.0,,,3497.0,census_geocoder,118750,5.082623935903856,2.21
1642,The Islamic Center Of Greater Attleboro (Masjid Yaseen),272 County St suite a & b,Attleboro,MA,02703,41.934715138309,-71.298952618437,,2020,,"https://www.causeiq.com/organizations/the-islamic-center-of-greater-attleboro-masjid-yas,842727676/",26.0,68.0,,,2604.0,census_geocoder,99152,8.650623770296859,2.58
1643,Islamic Center of South Coast Massachusetts,239 Bedford Street,Fall River,MA,02720,41.701109798303,-71.151075713546,,2021,,https://www.heraldnews.com/story/news/2021/07/14/islamic-center-south-coast-massachusetts-opens-mosque-fall-river/7947132002/,46.0,89.0,,,2435.0,census_geocoder,62196,17.5796812749004,2.08
1644,Islamic Society of South Dartmouth (Masjid Al Ehsan),2 Cove Road,South Dartmouth,MA,02748,,,,2001,,https://www.southcoasttoday.com/story/news/2001/11/27/new-home-ready-in-time/50334930007/,,78.0,,,1655.0,,97361,7.406412323123769,2.28
1645,IQRA Islamic Center,309 Whittenton Street,Taunton,MA,02780,41.923308698756,-71.101032012541,,,,,,58.0,,,3488.0,census_geocoder,74471,13.48291283754458,2.45
1646,Waldorf Mosque,3574 Old Washington Road,Waldorf,MD,20602,38.614406445779,-76.918659918084,,,,,,38.0,,,3318.0,census_geocoder,107360,11.554264664210825,2.80
1647,Masjid Abdul-Moghni,111 Howard St,Laplata,MD,20646,38.528426005367,-76.979670496216,,1997,,"https://www.causeiq.com/organizations/masjid-abdul-moghni,522048341/",,69.0,,,1716.0,census_geocoder,131974,5.607476635514018,2.68
1648,Islamic Center of Lexington Park,46118 Thompson Court,Lexington Park,MD,20653,38.286141971063,-76.480508217515,,2013,,https://www.iclpmd.org/about/,,46.0,,,711.0,census_geocoder,103048,15.047611878505023,2.41
1649,Southern Maryland Islamic Center,1046 Solomons Island rd,Prince Frederick,MD,20678,38.559271516488,-76.598802369512,,1987,,https://www.archnet.org/sites/14716,,47.0,,,213.0,census_geocoder,125732,7.508996401439425,2.56
1650,DCA Cafe,9610 Good Luck Road,Lanham,MD,20706,38.981676451366,-76.84543617925,,,,,35.0,31.0,,,3298.0,census_geocoder,104523,9.757305596830115,3.22
1651,Diyanet Center of America,9610 Good Luck Road,Lanham,MD,20706,38.981676451366,-76.84543617925,,1993,,https://diyanetamerica.org/about-us/what-is-dca/,35.0,31.0,,,621.0,census_geocoder,104523,9.757305596830115,3.22
1652,IMAAM Center,3160 Pennsylvania Avenue Southeast,Lanham,MD,20706,,,,2014,,"https://www.somdnews.com/archive/news/silver-spring-indonesian-muslim-community-celebrates-new-imaam-center/article_3dcaab87-2f2c-5ba1-b658-cb001202c1b1.html#:~:text=Silver%20Spring%20Indonesian%20Muslim%20community%20celebrates%20new,Sep%2030%2C%202014.%20*%20Sep%2030%2C%202014.",62.0,74.0,,,40.0,,104523,9.757305596830115,3.22
1653,Masjid Ibn Taymiyyah,8000 Mlk Hwy,Lanham,MD,20706,,,,2015,,https://prayersconnect.com/mosques/84062568-masjid-ibn-taymiyyah-glenarden-maryland-united-states,,45.0,,,1882.0,,104523,9.757305596830115,3.22
1654,Prince Georges Muslim Association,9150 Lanham-Severn rd,Lanham,MD,20706,38.966774177714,-76.856157240286,,1994,,https://pgmamd.org/,,45.0,,,207.0,census_geocoder,104523,9.757305596830115,3.22
1655,Islamic Comm. Ctr. of Laural,7306 Contee rd,Laural,MD,20707,39.0807162409,-76.881419100051,,1990,,https://www.archnet.org/sites/10602,35.0,28.0,,,1387.0,census_geocoder,107706,6.987502028891414,2.50
1656,Avondale Islamic Center,4637 Eastern ave,Mt. Rainier,MD,20712,38.944654286883,-76.975456125732,,-,Information Without Year,https://www.avondaleislamiccenter.org/donate,54.0,70.0,,,965.0,census_geocoder,68846,5.926860025220681,2.18
1657,Brentwood Islamic Community Center,4411 41St st,Brentwood,MD,20722,38.941663720626,-76.950935156586,,2011,,https://givebutter.com/OLfILY,,64.0,,,1012.0,census_geocoder,91875,10.619031939413896,2.81
1658,Masjidul Ghurabaa,8220 Washington Street South,Laurel,MD,20724,39.122778515254,-76.794550948852,,-,,https://www.archnet.org/sites/10602,,16.0,,,2021.0,census_geocoder,118115,8.796104434314133,2.61
1659,Ansarudeen Society of Nigeria,6124 Baltimore Avenue,Riverdale Park,MD,20737,38.962444000994,-76.939503502832,,,,,,83.0,,,3325.0,census_geocoder,86951,19.631901840490798,3.48
1660,Dar-Us-Salaam,5301 Edgewood Rd,College Park,MD,20740,39.015398371734,-76.911401252729,,1990,,https://darussalaam.org/about-us/,61.0,45.0,,,1065.0,census_geocoder,77317,28.76123485736616,2.66
1661,UMD MSA,2126 Campus Drive,College Park,MD,20742,38.9877167,-76.9395891,,,,,42.0,73.0,,,3362.0,nominatim,-666666666,100.0,1.75
1662,Grand Mosque America,10700 Indian Head Highway,Fort Washington,MD,20744,38.749952277577,-76.992426099576,,,,,21.0,30.0,,,3351.0,census_geocoder,124190,4.195346401316774,2.75
1663,Masjid Al-Hikma,11064 Livingston rd Unit L (101),Fort Washington,MD,20744,38.738911764288,-76.99614986865,,2007,,https://masjidalhikma.org/about,20.0,37.0,,,1686.0,census_geocoder,124190,4.195346401316774,2.75
1664,Masjid Hikmah - Islamic Center,11064 Livingston Road,Fort Washington,MD,20744,38.738911764288,-76.99614986865,,,,,20.0,37.0,,,3350.0,census_geocoder,124190,4.195346401316774,2.75
1665,Masjid Khadija,3402 Captain Wendell Pruitt Way,Fort Washington,MD,20744,38.795175418319,-76.949419502375,,,,,23.0,4.0,,,3331.0,census_geocoder,124190,4.195346401316774,2.75
1666,Sami,11064 Livingston Road,Fort Washington,MD,20744,38.738911764288,-76.99614986865,,,,,21.0,33.0,,,3340.0,census_geocoder,124190,4.195346401316774,2.75
1667,Ali Khan Islamic Center,4831 Silver Hill Road,Suitland,MD,20746,38.849889628955,-76.923448236135,,1994,,https://prayersconnect.com/mosques/84096187-ali-khan-islamic-center-suitland-maryland-united-states,64.0,76.0,,,387.0,census_geocoder,79330,13.006451612903225,2.05
1668,Masjid E Bilal Mosque,4814 Saint Barnabas Road,Temple Hills,MD,20748,38.823299017888,-76.949973606054,,,,,,59.0,,,3321.0,census_geocoder,83162,12.883695435519234,2.44
1669,Mosque,5000 Saint Barnabas Road,Marlow Heights,MD,20748,38.8208763,-76.9558895,,,,,,46.0,,,3296.0,nominatim,83162,12.883695435519234,2.44
1670,Jamil-ul-Jalil,10845 Lanham Severn Road,Glenn Dale,MD,20769,38.986651186811,-76.820647096345,,,,,,55.0,,,3306.0,census_geocoder,139773,1.1858279103398408,2.91
1671,First Hijrah Foundation,3215 Powder Mill Road,Adelphi,MD,20783,39.033486755931,-76.950341867145,,2006,,"https://www.causeiq.com/organizations/first-hijra-foundation-fhf,542022387/",,16.0,,,508.0,census_geocoder,86737,19.941402303495657,3.63
1672,Lutifullahi International,3906 Thornwood Road,Hyattsville,MD,20784,38.939871063425,-76.892514956104,,,,,,33.0,,,3301.0,census_geocoder,86509,8.82871047681605,3.18
1673,Sierra Leone Muslim Jamaat,3307 Hubbard Road,Hyattsville,MD,20785,38.93089646997,-76.875419222498,,,,,,47.0,,,3300.0,census_geocoder,85994,15.178840550587763,2.62
1674,Islamic-American Zakat Foundation,4641 Montgomery Avenue,Bethesda,MD,20814,38.983845810991,-77.092932524077,,,,,66.0,98.0,,,3345.0,census_geocoder,150996,4.380078798325536,2.18
1675,Maqaame Ibrahim,7805 Old Georgetown Road,Bethesda,MD,20814,38.987613884718,-77.098881367329,,,,,65.0,99.0,,,3330.0,census_geocoder,150996,4.380078798325536,2.18
1676,Maqaame Ibrahim - Jummah Only,6601 Bradley Boulevard,Bethesda,MD,20817,39.00135584285,-77.132381104632,,,,,31.0,13.0,,,3346.0,census_geocoder,249332,4.036210729303372,2.73
1677,Imam Mahdi Education Center,25450 Old Hundred Road,Dickerson,MD,20842,39.273489512009,-77.338452749658,,2004,,https://www.imammahdicenter.org,,0.0,,,2703.0,census_geocoder,204013,1.2241452089489235,2.95
1678,Indonesian Muslim Association In America,1611 Veirs Mill rd,Rockville,MD,20851,39.076870156249,-77.12357355045,,1993,,https://imaamcenter.org/about-us,45.0,75.0,,,1155.0,census_geocoder,126411,9.112806101967081,2.89
1679,Alsabeel Community Center,6155 Executive Boulevard,Rockville,MD,20852,39.048689789635,-77.124728683193,,,,,57.0,77.0,,,3324.0,census_geocoder,122472,6.814259859421693,2.18
1680,Islamic Community Center of Potomac,10601 River Road,Potomac,MD,20854,39.024083278149,-77.217704603306,,2013,,https://iccpmd.org/about-us/,,36.0,,,2430.0,census_geocoder,250001,2.5954564526763773,2.98
1681,Islamic Education Center,7917 Motrose Rd,Potomac,MD,20854,39.057110935697,-77.163527541559,,1980,,https://www.archnet.org/sites/14729,,40.0,,,1415.0,census_geocoder,250001,2.5954564526763773,2.98
1682,masjid,10601 Maryland 190,Potomac,MD,20854,38.999698,-77.175467,,,,,,36.0,,,3326.0,nominatim,250001,2.5954564526763773,2.98
1683,Anjuman-E-Ezzi,18728 New Hampshire Avenue,Ashton,MD,20861,39.163977084436,-77.015341950209,,-,Information Without Year,(301) 260-2999,,3.0,,,815.0,census_geocoder,163438,6.499826207855405,3.14
1684,Idara Jaferia Islamic Center,3140 Spencerville Road,Burtonsville,MD,20866,39.109017501462,-76.946527740384,,1990,,https://montgomerycollege.galaxydigital.com/agency/detail/?agency_id=95454,,34.0,,,2429.0,census_geocoder,140308,5.633624509431574,3.15
1685,Clarksburg Islamic Center (CIC),23320 Clarksburg Road,Clarksburg,MD,20871,39.238059700859,-77.282404111376,,,,,,61.0,,,3348.0,census_geocoder,177523,3.8438558056164114,3.22
1686,Islamic Society of Germantown,19900 Brandermill rd,Germantown,MD,20874,39.181775027154,-77.234196304668,,2014,,"https://us.mohid.co/md/germantown/isg#:~:text=History,please%20visit%20our%20construction%202014).",37.0,54.0,,,107.0,census_geocoder,115022,8.33652190549072,2.77
1687,The Noor Center,20500 Boland Farm Road,Germantown,MD,20876,39.191734792753,-77.249852445142,,,,,45.0,47.0,,,3307.0,census_geocoder,119731,9.790183305559763,3.00
1688,Muslim Dreamers,12 South Summit Avenue,Gaithersburg,MD,20877,39.140651339814,-77.193727434359,,,,,49.0,81.0,,,3309.0,census_geocoder,92800,12.02348357203033,3.06
1689,Aminah Mosque,18243 Flower Hill Way,Gaithersburg,MD,20879,39.155402718456,-77.164454302261,,,,,,44.0,,,3314.0,census_geocoder,112104,7.548739895387542,2.91
1690,Islamic Center of Maryland,19401 Woodfield Rd,Gaithersburg,MD,20879,39.173816190678,-77.151778860793,,1991,,,,43.0,,,62.0,census_geocoder,112104,7.548739895387542,2.91
1691,Islamic Education Center of Md,11504 Veirs Mill rd,Silver Spring,MD,20902,39.044223375218,-77.063691836807,,2014,,"https://wwEcauseiq.com/organizations/islamic-education-society-of-maryland,270604985/",62.0,51.0,,,1419.0,census_geocoder,114486,12.578123542471223,2.95
1692,Silver Spring Islamic Community Center,1523 Forest Glen Road,Silver Spring,MD,20902,39.016097872686,-77.034505705441,,,,,,48.0,,,3322.0,census_geocoder,114486,12.578123542471223,2.95
1693,cmi,12531 Montclair Drive,Silver Spring,MD,20904,39.061150215342,-76.985527670941,,,,,,22.0,,,3328.0,census_geocoder,96025,9.264944293056466,2.73
1694,Muslim Community Center,15200 New Hampshire Avenue,Silver Spring,MD,20904,39.104775054149,-77.00282691812,,1981,,https://www.mccmd.org/about-us,,36.0,,,195.0,census_geocoder,96025,9.264944293056466,2.73
1695,Bait-ur-Rahman Mosque,15000 Good Hope Road,Silver Spring,MD,20905,39.102185059343,-76.981988822938,,1994,,https://en.wikipedia.org/wiki/Baitur_Rehman_Mosque,,9.0,,,774.0,census_geocoder,159740,5.652680652680653,3.22
1696,Bait-ur-Rehman Mosque,15000 Good Hope Road,Silver Spring,MD,20905,39.102185059343,-76.981988822938,,,,,,9.0,,,3323.0,census_geocoder,159740,5.652680652680653,3.22
1697,Islamic Society of the Washington Area (ISWA),2701 Briggs Chaney Road,Silver Spring,MD,20905,39.086070165624,-76.954223163724,,1984,,"https://www.causeiq.com/organizations/islamic-society-of-the-washington-area,521294196/",,18.0,,,2427.0,census_geocoder,159740,5.652680652680653,3.22
1698,IMAAM Center,9100 Georgia Ave,Silver Spring,MD,20910,39.004152618291,-77.037127235341,,1993,,https://imaamcenter.org/about-us,68.0,85.0,,,2424.0,census_geocoder,112134,7.381803907885555,2.07
1699,Harford County Education Society (Masjid Al Falaah),3014 Philadelphia Road,,MD,21009,39.452993904925,-76.287681784984,,2005,,https://prayersconnect.com/mosques/84091743-masjid-al-falaah-harford-county-education-society-abingdon-maryland-united-states,,7.0,,,691.0,census_geocoder,121660,4.269162210338681,2.60
1700,Harford Islamic Center,2215 Creswell Road,Bel Air,MD,21015,39.503305025118,-76.266924018735,,,,,,9.0,,,3344.0,census_geocoder,137281,4.990937772705914,2.72
1701,Nebraska-Islamic-Society-,6339 Ten Oaks Road,Columbia,MD,21029,39.206362121915,-76.944895229963,,,,,19.0,44.0,,,3358.0,census_geocoder,243542,1.0951855935317898,3.35
1702,Al-Salaam Academy,10035 Baltimore National Pike,Ellicott City,MD,21042,39.279098546638,-76.857353590904,,,,,0.0,49.0,,,3354.0,census_geocoder,190061,3.3070317939197027,2.86
1703,Dar Al-Taqwa Mosque,10740 MD-108,Columbia,MD,21042,39.2352552,-76.8858689,,1992,,https://www.google.com/url?sa=t&source=web&rct=j&opi=89978449&url=https://taqwa.net/about-us/&ved=2ahUKEwjtjcrupY6TAxUknWoFHUv4Ck4QFnoECDUQAQ&usg=AOvVaw0p_zp-6U44JDTqgSQFzEU6,11.0,11.0,,,2426.0,nominatim,190061,3.3070317939197027,2.86
1704,Dar Al-Taqwa Mosque,10740 Maryland 108,Ellicott City,MD,21042,39.2673646,-76.7951436,,,,,11.0,11.0,,,3356.0,nominatim,190061,3.3070317939197027,2.86
1705,INK Foundation,10194 Baltimore National Pike,Ellicott City,MD,21042,39.27991672027,-76.864157650941,,,,,0.0,65.0,,,3353.0,census_geocoder,190061,3.3070317939197027,2.86
1706,Masjid Al-Taqwa,10740 Clarksville Pike,Ellicott City,MD,21042,39.235387326222,-76.884817880711,,2005,,https://www.baltimoresun.com/2005/11/04/dar-al-taqwa-mosque-nears-completion/,16.0,15.0,,,468.0,census_geocoder,190061,3.3070317939197027,2.86
1707,Al Salaam Musalla,8381 Governors Run,Ellicott City,MD,21043,39.28234594422,-76.794488092612,,,,,19.0,5.0,,,3355.0,census_geocoder,148125,3.8972118185601334,2.74
1708,Muslim Family Center,5796 Waterloo Road,Columbia,MD,21045,39.210952565357,-76.800295855301,,,,,30.0,59.0,,,3359.0,census_geocoder,118563,8.564623291964397,2.59
1709,Islamic Society of RS,7174 Columbia Gateway Drive,Columbia,MD,21046,39.178363815449,-76.80706919754,,,,,31.0,26.0,,,3361.0,census_geocoder,127813,8.403198761769637,2.52
1710,MFC Gateway,7168 Columbia Gateway Drive,Columbia,MD,21046,39.178255819808,-76.807102578834,,,,,31.0,28.0,,,3360.0,census_geocoder,127813,8.403198761769637,2.52
1711,Alrahman Mosque,405 Wilgis Road,Fallston,MD,21047,39.485131363626,-76.39765880913,,,,,,37.0,,,3352.0,census_geocoder,157500,4.273813835566823,2.88
1712,Makkah Learning Center,814 Brandy Farms Lane,Gambrills,MD,21054,39.043251803392,-76.662300697941,,,,,,20.0,,,3308.0,census_geocoder,163825,3.1628822841671282,2.97
1713,Makkah Learning Center/Islamic Society of Anapolis,814 Brandy Farms Lane,Gambrills,MD,21054,39.043251803392,-76.662300697941,,-,Information Without Year,https://www.isamd.org/,,20.0,,,1543.0,census_geocoder,163825,3.1628822841671282,2.97
1714,Islamic Society of Northern Baltimore,495 West Padonia Road,Lutherville,MD,21093,39.453450498882,-76.657275600374,,2019,,https://isnb.org/isnb-%7C-about-us,,9.0,,,555.0,census_geocoder,125528,4.902650715458598,2.44
1715,Lesbrak Islamic Center,3342 West Joppa Road,Timonium,MD,21093,,,,,,,,36.0,,,3319.0,,125528,4.902650715458598,2.44
1716,Masjid Al-Kareem,495 West Padonia Road,LUTHVLE TIMON,MD,21093,39.453450498882,-76.657275600374,,,,,51.0,56.0,,,3299.0,census_geocoder,125528,4.902650715458598,2.44
1717,Maryum Islamic Center,11424 Old Frederick Road,Howard County,MD,21104,39.319170481805,-76.907964015931,,,,,,14.0,,,3302.0,census_geocoder,191804,2.7125372146873965,2.88
1718,Islamic Center of Owings Mills (ICOM),11436 Cronhill Drive unit 2-3,Owings Mills,MD,21117,39.435934615976,-76.772879309576,,2017,,"https://www.causeiq.com/organizations/islamic-center-of-owings-mills-icom,814917626/",16.0,47.0,,,2431.0,census_geocoder,101831,5.728017908285874,2.43
1719,Randallstown Islamic Center,9019 Marcella Dr.,Randallstown,MD,21133,39.366574715337,-76.79545541332,,2009,,https://www.ricbaltimore.org/about-us/,41.0,42.0,,,210.0,census_geocoder,80480,9.31777147278824,2.52
1720,The Tazkia Center,9633 Liberty rd Unit E,Randallstown,MD,21133,39.378772877851,-76.818295173557,,2000,,https://www.ricbaltimore.org/about-us/,34.0,45.0,,,2202.0,census_geocoder,80480,9.31777147278824,2.52
1721,ISLAMIC SOCIETY OF CARROLL COUNTY,3100-B Littlestown Pike,Westminster,MD,21158,39.659328866946,-77.012853540051,,,,,,8.0,,,3317.0,census_geocoder,109827,6.239460370994941,2.59
1722,Us Salaam Mosque,240 North Howard Street,Baltimore,MD,21201,39.292516413462,-76.619786021828,,2000,,https://prayersconnect.com/mosques/84053631-masjid-us-salam-baltimore-maryland-united-states,100.0,99.0,,,183.0,census_geocoder,45640,28.832964915263844,1.55
1723,Al-Madina Masjid,"1502 Woodlawn Dr suite # 102,",Woodlawn,MD,21207,39.306292392747,-76.734224819873,,2015,,,56.0,46.0,,,4.0,census_geocoder,67060,13.524405667859977,2.46
1724,Faizan E Madinah Baltimore,1109 Ingleside Ave,Woodlawn,MD,21207,39.293019076715,-76.730969912946,,2007,,https://www.facebook.com/faizanemadinahbaltimore/,47.0,73.0,,,30.0,census_geocoder,67060,13.524405667859977,2.46
1725,Gwynn Oak Islamic Community,2551 Massachesetts Avenue Northwest,Gwynn Oak,MD,21207,,,,2016,,https://www.baltimoresun.com/2016/03/05/gwynn-oak-islamic-community-celebrates-opening-of-new-mosque/,56.0,57.0,,,36.0,,67060,13.524405667859977,2.46
1726,Masjid Al-Akram,1724 Woodlawn Drive,Gwynn Oak,MD,21207,39.31591023117,-76.736781505755,,-,Information Without Year,https://www.masjidalkaram.com/about,57.0,47.0,,,293.0,census_geocoder,67060,13.524405667859977,2.46
1727,Mosque,1107 Ingleside Avenue,Woodlawn,MD,21207,39.292990834495,-76.731012276276,,,,,48.0,76.0,,,3315.0,census_geocoder,67060,13.524405667859977,2.46
1728,NASFAT BALTIMORE BRANCH,6711 Windsor Mill Road,Lochearn,MD,21207,39.325535191193,-76.733066564729,,,,,41.0,44.0,,,3297.0,census_geocoder,67060,13.524405667859977,2.46
1729,NASFAT BALTIMORE CITY BRANCH,5115 Liberty Heights Avenue,Baltimore,MD,21207,39.333263424051,-76.701775197885,,,,,52.0,64.0,,,3338.0,census_geocoder,67060,13.524405667859977,2.46
1730,Umar Mosque,6709 Whitestone Road,Baltimore,MD,21207,39.318473073141,-76.743158481328,,,,,41.0,45.0,,,3341.0,census_geocoder,67060,13.524405667859977,2.46
1731,Jamaat al-Muslimeen,4624 York Road,Baltimore,MD,21212,39.344988526171,-76.60972513737,,2003,,https://www.investigativeproject.org/2412/accused-bomb-plotter-mosque-tied-to-radical-group,57.0,75.0,,,572.0,census_geocoder,96685,9.10768460888875,2.46
1732,Masjid Muminun,2642 Hartford Rd,Baltimore,MD,21213,39.319879596974,-76.592188338671,,-,Information Without Year,https://prayersconnect.com/mosques/84091957-jamaaatu-masjid-al-muminiin-baltimore-maryland-united-states,71.0,73.0,,,1920.0,census_geocoder,51344,24.549613954818415,2.33
1733,Dahira Touba-Baltimore,3019-3199 Ailsa Avenue,Baltimore,MD,21214,39.345635638013,-76.563937416183,,,,,56.0,80.0,,,3334.0,census_geocoder,86366,10.661500932701966,2.46
1734,Dahira Touba-Baltimore/Baltimore Masjid,3019 Ailsa Avenue,Baltimore,MD,21214,39.346560357595,-76.565868043718,,-,No Basic Information,,56.0,78.0,,,571.0,census_geocoder,86366,10.661500932701966,2.46
1735,MASJID NNE HAKEEM '26,4604 Harford Road,Baltimore,MD,21214,39.342386078601,-76.569988453224,,,,,44.0,76.0,,,3337.0,census_geocoder,86366,10.661500932701966,2.46
1736,Hasbuna Allahu Islamic Center,3306 Liberty Heights Avenue,Baltimore,MD,21215,39.324483739869,-76.672256456422,,2017,,https://haicbaltimore.org/history/,65.0,69.0,,,576.0,census_geocoder,51587,21.358958896648318,2.35
1737,Masjid Khalifah,4432 A Parkheights,Baltimore,MD,21215,39.340460095831,-76.667156485432,,-,No Basic Information,,71.0,80.0,,,1906.0,census_geocoder,51587,21.358958896648318,2.35
1738,Muhammad Mosque Number Six,3306 Garrison Boulevard,Baltimore,MD,21216,39.32649149443,-76.682689818446,,1957,,https://explore.baltimoreheritage.org/items/show/661,61.0,72.0,,,579.0,census_geocoder,42031,26.961533120399945,2.34
1739,Muslim Community Cultural Center of Baltimore,3401 E North ave,Baltimore,MD,21216,39.308801361389,-76.674192904993,,1990,,"https://collectingthesetimes.org/s/contributions/item?sort_by=created&sort_order=desc&page=2#:~:text=The%20Muslim%20Community%20Cultural%20Center%20of%20Baltimore,Leakin%20Park%2C%20it%20is%20associated%20with%20the",64.0,69.0,,,2093.0,census_geocoder,42031,26.961533120399945,2.34
1740,Masjid Ad Da'wah Ilat Tawheed,1125 Appleton Street,Baltimore,MD,21217,39.301033771433,-76.648461136119,,2017,,https://prayersconnect.com/mosques/84044815-masjid-ad-dawah-ilat-at-tawheed-baltimore-maryland-united-states,78.0,79.0,,,532.0,census_geocoder,38409,31.585124576640624,1.94
1741,Masjid as-Saffat,1335 West North Avenue,Baltimore,MD,21217,39.310128918246,-76.639487439986,,1971,,https://cityseeker.com/baltimore/339433-mosque-masjid-saffat,83.0,91.0,,,574.0,census_geocoder,38409,31.585124576640624,1.94
1742,"Masjid ul Haqq, Inc.",514 Islamic Way,Baltimore,MD,21217,39.30504797181,-76.632701970318,,2003,,https://explore.baltimoreheritage.org/items/show/661,86.0,92.0,,,2425.0,census_geocoder,38409,31.585124576640624,1.94
1743,Jamaa'atu Mosque Al Muminiin,2642 Harford Road,Baltimore,MD,21218,39.319879596974,-76.592188338671,,,,,71.0,73.0,,,3336.0,census_geocoder,62488,21.61478300874099,2.09
1744,Al-Ilm Institute of Higher Islamic Education,8A Dunmanway,Baltimore,MD,21222,39.256675696028,-76.521517583661,,,,,55.0,76.0,,,3332.0,census_geocoder,64141,16.991327325699572,2.63
1745,Masjid Zamzam Dundalk Community Center,1510 Lynch Road,Dundalk,MD,21222,39.27224800975,-76.494270799988,,2009,,https://www.mapquest.com/us/maryland/mosque-zam-zam-267714246,29.0,73.0,,,558.0,census_geocoder,64141,16.991327325699572,2.63
1746,Quba Mosque,8A Dunmanway,Baltimore,MD,21222,39.256675696028,-76.521517583661,,,,,55.0,80.0,,,3339.0,census_geocoder,64141,16.991327325699572,2.63
1747,Bait-Allah,1409 West Pratt Street,Baltimore,MD,21223,39.285426230156,-76.640156372669,,,,,77.0,92.0,,,3333.0,census_geocoder,45840,24.843758070347604,2.26
1748,Masjid Bait Allah,200 South Calhoun Street,Baltimore,MD,21223,39.285461945858,-76.639476452359,,2007,,https://www.mbabaltimore.org/about,77.0,91.0,,,575.0,census_geocoder,45840,24.843758070347604,2.26
1749,Salaam Center of Baltimore,429 South Conkling Street,Baltimore,MD,21224,39.287327003631,-76.567135815331,,,,,71.0,97.0,,,3347.0,census_geocoder,89017,14.05425047560011,2.25
1750,Chesapeake Arts Center,194 Hammonds Lane,Brooklyn Park,MD,21225,39.215627482173,-76.618492735523,,,,,,57.0,,,3349.0,census_geocoder,54020,20.40683578735734,2.62
1751,E Bilal Mosque - Baltimore,3733 South Hanover Street,Baltimore,MD,21225,39.236874809777,-76.610310862477,,,,,57.0,88.0,,,3335.0,census_geocoder,54020,20.40683578735734,2.62
1752,Masjid Bilal,3735 South Hanover Street,Baltimore,MD,21225,39.236868247671,-76.610314223557,,2015,,https://www.masjidbilalmd.org/about,57.0,88.0,,,573.0,census_geocoder,54020,20.40683578735734,2.62
1753,BAB-E-KHADIJA ISLAMIC CENTER,3761 Commerce Drive,Baltimore County,MD,21227,39.249143284299,-76.672778291863,,,,,44.0,42.0,,,3342.0,census_geocoder,85986,15.67918029465397,2.59
1754,Mustafa Mosque,3308 Hollins Ferry Road,Baltimore County,MD,21227,39.250153921848,-76.647308469131,,,,,,80.0,,,3343.0,census_geocoder,85986,15.67918029465397,2.59
1755,Fatima Mosque,1928 Powers Ln,Catonsville,MD,21228,39.285751808422,-76.755455111443,,2014,,https://masjidalfatima.com/our-history/,48.0,81.0,,,2428.0,census_geocoder,112656,8.144888562930367,2.47
1756,Imam Mahdi Islamic Education Center of Baltimore,2406 Putty Hill Avenue,Parkville,MD,21234,39.390338198119,-76.543581383921,,2003,,https://en.wikipedia.org/wiki/Imam_Mahdi_Islamic_Education_Center_of_Baltimore,34.0,73.0,,,556.0,census_geocoder,83517,8.352130707797354,2.38
1757,An-Nur Foundation,8020 Corporate Dr,Nottingham,MD,21236,39.367323094313,-76.473435373363,,2008,,https://annurfoundation.org/about-us,,48.0,,,945.0,census_geocoder,95149,10.986387647297846,2.52
1758,Omar AlFarouq Mosque,8701 Cottington Road,Perry Hall,MD,21236,39.3885305,-76.4713261,,,,,25.0,25.0,,,3327.0,nominatim,95149,10.986387647297846,2.52
1759,Masjid Bait-us-Samad,7302 Philadelphia Road,Rosedale,MD,21237,39.311254176811,-76.528681393492,,2018,,"https://www.alislam.org/video/inauguration-of-baitus-samad-mosque-baltimore-usa/#:~:text=An%20address%20delivered%20on%20October,Ahmad%20Khalifatul%20Masih%20V(aba)",48.0,43.0,,,557.0,census_geocoder,91693,8.145814581458145,2.50
1760,Al-Noor Mosque,3900 Milford Mill Road,Milford Mill,MD,21244,39.358072431532,-76.754798025395,,,,,51.0,27.0,,,3305.0,census_geocoder,85114,7.84127986527734,2.68
1761,Al-Rahmah Mosque,6625 Johnnycake Road,Woodlawn,MD,21244,39.302342579133,-76.745172910416,,,,,,39.0,,,3316.0,census_geocoder,85114,7.84127986527734,2.68
1762,Islamic Society of Baltimore (ISB),6631 Johnnycake Road,Woodlawn,MD,21244,39.302539876583,-76.745437772066,,,,,48.0,40.0,,,3312.0,census_geocoder,85114,7.84127986527734,2.68
1763,Islamic Society of Baltimore/Masjid Al-Rahmah,6631 Johnnycake Road,Windsor Mill,MD,21244,39.302539876583,-76.745437772066,,1982,,https://isb.org/about/,38.0,38.0,,,530.0,census_geocoder,85114,7.84127986527734,2.68
1764,Masjid Al-Inshirah,7832 Fairbrook rd,Windsor Mill,MD,21244,39.3244395,-76.7717896,,1992,,https://www.charitynavigator.org/ein/521767916,35.0,14.0,,,1697.0,nominatim,85114,7.84127986527734,2.68
1765,Muslim Dreamers Learning Center,3900 Milford Mill Road,Milford Mill,MD,21244,39.358072431532,-76.754798025395,,,,,50.0,22.0,,,3311.0,census_geocoder,85114,7.84127986527734,2.68
1766,Raza e Mustafa Islamic Center,3900 Milford Mill Road,Milford Mill,MD,21244,39.358072431532,-76.754798025395,,,,,50.0,22.0,,,3320.0,census_geocoder,85114,7.84127986527734,2.68
1767,Masjid Al Ansar,15 Old Solomons Island Rd,Annapolis,MD,21401,38.981191123667,-76.534155639978,,-,Information Without Year,,38.0,80.0,,,2756.0,census_geocoder,123381,7.13563829787234,2.09
1768,Islamic Society of Cumberland,1202 Vocke Rd,Cumberland,MD,21502,39.6331659806,-78.830877718158,,2012,,https://www.cumberlandmasjid.com/about-islamic-society-maryland/,,27.0,,,1458.0,census_geocoder,60725,16.239528218694886,2.21
1769,Islamic Society of Easton,126 Port Street,Easton,MD,21601,38.772164815751,-76.07785289967,,,,,,69.0,,,3357.0,census_geocoder,83680,9.330478464959235,2.30
1770,Islamic Society of Frederick,1250 Key Pkwy,Frederick,MD,21702,39.4212972,-77.4523117,,2005,,https://www.yahoo.com/news/muslims-gather-mark-eid-al-231900502.html,29.0,76.0,,,106.0,nominatim,106983,8.921315108976726,2.63
1771,Frederick Learning Center,7215 Corporate Court,Frederick,MD,21703,39.378764947427,-77.415691013203,,,,,,57.0,,,3329.0,census_geocoder,106334,8.601661439754855,2.69
1772,Islamic Center of Hagerstown,122 East Washington Street,Hagerstown,MD,21740,39.640712696187,-77.717471425947,,,,,28.0,90.0,,,3303.0,census_geocoder,62873,17.30207204544708,2.41
1773,Islamic Society of Western MD,2036 Day Rd,Hagerstown,MD,21740,39.604988469728,-77.683671907086,,1991,,https://www.heraldmailmedia.com/story/news/local/2015/06/23/islamic-society-works-to-show-good-side-of-its-religio/117017972/,,18.0,,,2668.0,census_geocoder,62873,17.30207204544708,2.41
1774,Quran Academy of Hagerstown,1337 Pennsylvania Avenue,Hagerstown,MD,21742,39.6673127,-77.7191365,,,,,18.0,48.0,,,3304.0,nominatim,86288,12.277204153896509,2.54
1775,Turkish American Cultural Center,11833 Greenhill Drive,Hagerstown,MD,21742,39.638216083925,-77.661497850737,,,,,,10.0,,,3310.0,census_geocoder,86288,12.277204153896509,2.54
1776,Islamic Society of Annapolis,11175 Baltimore National Pike,Myersville,MD,21773,39.535596667898,-77.603533697186,,2025,,https://www.instagram.com/islamicsocietyofannapolis/,,0.0,,,2757.0,census_geocoder,161908,3.369434416365824,2.92
1777,Islamic Society of Delmarva,7843 Jersey Road,Salisbury,MD,21801,38.408527840091,-75.602478345562,,1995,,https://delmarvamuslimcommunity.org/about-us/#history,,5.0,,,389.0,census_geocoder,71313,15.642921550946799,2.42
1778,Ocean City Mosque,12006 Ocean Gateway,Ocean City,MD,21842,38.337648222943,-75.138734356699,,,,,,19.0,,,3313.0,census_geocoder,79876,9.36009360093601,1.92
1779,Islamic Society of Princess Anne,11732 Somerset Avenue,Princess Anne,MD,21853,38.203491717766,-75.69324299671,,2018,,"https://www.delmarvanow.com/story/news/local/maryland/2018/04/05/mosque-coming-princess-anne/465625002/#:~:text=What%20he%20found%20was%20the,a%20good%2C%20central%20location.%22",,57.0,,,737.0,census_geocoder,69697,20.740494401951004,2.50
1780,Aisha Mosque,1 Brown Court,Elkton,MD,21921,39.618472031086,-75.832125279317,,,,,,63.0,,,3363.0,census_geocoder,85775,13.564068100358423,2.57
1781,Bilal Mosque/Maine Muslim Community,118 Anderson St,Portland,ME,04101,43.666679503588,-70.255773607539,,1994,,https://bilalmasjid.net/history,43.0,95.0,,,2417.0,census_geocoder,63880,17.547055251973283,1.69
1782,Masjid Al-Huda | Islamic Society of Portland Maine,73 Portland st,Portland,ME,04101,43.658040269639,-70.264594291389,,2000,,"https://www.causeiq.com/organizations/islamic-society-of-portland-maine,010524894/",53.0,97.0,,,1481.0,census_geocoder,63880,17.547055251973283,1.69
1783,Masjid Al-Huda | Islamic Society of Portland Maine,73 Portland St,Portland,ME,04101,43.658040269639,-70.264594291389,,2000,,"https://www.causeiq.com/organizations/islamic-society-of-portland-maine,010524894/",53.0,97.0,,,2420.0,census_geocoder,63880,17.547055251973283,1.69
1784,Masjid Bilal,118 Anderson Street,Portland,ME,04101,43.666679503588,-70.255773607539,,2005,,https://www.mainemuslims.org/about-us/,43.0,94.0,,,502.0,census_geocoder,63880,17.547055251973283,1.69
1785,Cumberland culture Center/Al-Rahman Mosque,1844 Forest Ave,Portland,ME,04103,43.699903496936,-70.318031806511,,-,Information Without Year,,29.0,37.0,,,2421.0,census_geocoder,89796,9.165448420517384,2.29
1786,Masjid Attawba,734 Riverside Street,Portland,ME,04103,43.699653593597,-70.322814722128,,2015,,"https://www.causeiq.com/organizations/riverside-muslims-center,462197628/",29.0,48.0,,,363.0,census_geocoder,89796,9.165448420517384,2.29
1787,Portland Masjid and Islamic Center,978 Washington ave,Portland,ME,04103,43.689502518554,-70.27557817301,,1999,,https://rdc.reed.edu/c/pmhp/home/centers,33.0,50.0,,,2137.0,census_geocoder,89796,9.165448420517384,2.29
1788,Islamic Center of Lewiston,21 Lisbon St,Lewiston,ME,04240,44.098191903149,-70.218011849494,,2007,,"https://www.causeiq.com/organizations/lewiston-aubur-islamic-center,320044687/",,88.0,,,353.0,census_geocoder,55393,20.036516853932586,2.20
1789,Lewiston/Auburn Islamic Center,21 Lisbon St,Lewiston,ME,04240,44.098191903149,-70.218011849494,,2007,,"https://www.causeiq.com/organizations/lewiston-aubur-islamic-center,320044687/",,88.0,,,2419.0,census_geocoder,55393,20.036516853932586,2.20
1790,Masjid u Salaam,256 Barlett St,Lewiston,ME,04240,44.092420686139,-70.208290054768,,1998,,,,68.0,,,186.0,census_geocoder,55393,20.036516853932586,2.20
1791,Salaam Mosque,240 Bartlett St,Lewiston,ME,04240,44.092794866261,-70.208526780903,,2016,,https://www.sunjournal.com/2016/10/23/new-bartlett-street-mosque-community-effort/#:~:text=Lewiston%20Sun%20Journal%20*%20Lewiston%20Sun%20Journal.%20*%20ePapers.,,76.0,,,2423.0,census_geocoder,55393,20.036516853932586,2.20
1792,Islamic Society of Greater Augusta,11 N Pearl St,Augusta,ME,04330,44.323442950876,-69.76170006173,,1976,,https://isaugusta.com/isa_history/,,59.0,,,2418.0,census_geocoder,54775,15.0481122232098,2.08
1793,Islamic Center of Maine,151 Park st,Orono,ME,04473,44.895059794271,-68.65853961369,,2002,,https://digitalcommons.library.umaine.edu/honors/203/,,32.0,,,60.0,census_geocoder,61528,24.87606457353502,2.37
1794,Franklin Muslim Community/ Huda School & Montessori,32220 Franklin Road,Franklin,MI,48025,42.529439684144,-83.308616670894,,2008,,"https://www.causeiq.com/organizations/franklin-muslim-community,300066645/",,49.0,,,1402.0,census_geocoder,185000,4.693264107118459,2.61
1795,United Michigan Muslim Association,26899 Northwestern Highway,Southfield,MI,48033,42.484282055301,-83.270095798047,,2023,,https://www.miumma.org,,32.0,,,1170.0,census_geocoder,61016,12.837877627937106,1.99
1796,Ismaili Community Center & Jamatkhana - Detroit,28336 Franklin Road,Southfield,MI,48034,42.495696335947,-83.30237950262,,,,,,62.0,,,2923.0,census_geocoder,62938,11.173070384223054,1.91
1797,Bosnian American Cultural Center,37838 Hayes Road,Clinton Township,MI,48038,42.574331542852,-82.971085344416,,2020,,https://www.icghb.org,,28.0,,,1192.0,census_geocoder,78567,8.275284964718654,2.15
1798,ISLAMIC CENTER GAZI - HUSREVBEG,37838 Hayes Road,Clinton Township,MI,48038,42.574331542852,-82.971085344416,,,,No website,,28.0,,,3461.0,census_geocoder,78567,8.275284964718654,2.15
1799,Port Huron Islamic Society,2405 Gratiot Avenue,Port Huron,MI,48060,43.000510556452,-82.427258104768,,1982,,https://prayersconnect.com/mosques/84034483-port-huron-mosque-port-huron-michigan-united-states,,54.0,,,1134.0,census_geocoder,53018,20.95458927129198,2.24
1800,American Islamic Community Center,27205 Dequindre Road,Madison Heights,MI,48071,42.492797400737,-83.085259128493,,2004,,https://www.facebook.com/aicc.madisonheightsmi/,,53.0,,,8.0,census_geocoder,69503,10.795796327093875,2.08
1801,Southfield Masjid Imam House,21703 West 10 Mile Road,Southfield,MI,48075,42.472425957046,-83.258192475012,,,,https://www.masjidfurqaan.net/contact/,,45.0,,,3456.0,census_geocoder,65384,10.704238134131954,2.27
1802,Tawheed Center of Southfield,21711 West 10 Mile Road,Southfield,MI,48075,42.472424442068,-83.258260194703,,,,http://www.adamcc.org/,,36.0,,,2901.0,census_geocoder,65384,10.704238134131954,2.27
1803,Islamic Cultural Institute,30115 Greater Mack Avenue,St Clair Shores,MI,48082,42.515918631928,-82.888656346858,,1978,,https://icionline.org/about/,,34.0,,,1411.0,census_geocoder,74806,8.064516129032258,2.22
1804,Jamiah Masjid of Troy - Adam CC,3635 Rochester Road,Troy,MI,48083,42.571505609296,-83.128306987953,,,,http://novitawheedcenter.org/,,58.0,,,2900.0,census_geocoder,90794,9.266441821247891,2.40
1805,Adams Community Center,4700 Rochester Road,Troy,MI,48085,42.587583038909,-83.12878947211,,2022,,https://www.detroitnews.com/story/news/local/oakland-county/2022/09/17/mosque-opens-troy-legal-battle-continues/10412605002/,,54.0,,,344.0,census_geocoder,146390,3.330389342754103,2.99
1806,Madrasah Al-Furqaan,27721 Schoenherr Road,Warren,MI,48088,42.498384496826,-82.987304800028,,,,https://islamicsocialaffairs.com/home,,45.0,,,3450.0,census_geocoder,81601,8.296657806440368,2.44
1807,Masjid Al-Furqaan ,27643 Schoenherr Road,Warren,MI,48088,42.497431269418,-82.987299735878,,,,https://iusatawbah.com/.well-known/sgcaptcha/?r=%2F&y=ipr:162.120.185.242:1778109406.637,,45.0,,,3455.0,census_geocoder,81601,8.296657806440368,2.44
1808,Al Ihsaan Islamic Center (Ideal Islamic Center),4345 East 10 Mile Road,Warren,MI,48091,42.476857325092,-83.06199474058,,,,,,57.0,,,2894.0,census_geocoder,54230,17.215818175880873,2.64
1809,Islamic Center of Nine Mile Warren (Masjid Darul Quran),4439 East 9 Mile Road,Warren,MI,48091,42.462301098267,-83.060566798909,,,,,,73.0,,,2912.0,census_geocoder,54230,17.215818175880873,2.64
1810,Islamic Center of Warren (Masjid Al-Fath & IQRA Academy of Michigan),24703 Ryan Road,Warren,MI,48091,42.473132090282,-83.06509087716,,2012,,"https://www.causeiq.com/organizations/islamic-center-of-warren,455387285/",,60.0,,,2448.0,census_geocoder,54230,17.215818175880873,2.64
1811,Islamic Universal Services Association/Masjid Tawbah,6800 East 9 Mile Road,Warren,MI,48091,42.462770709912,-83.034158819183,,,,No website,,65.0,,,3454.0,census_geocoder,54230,17.215818175880873,2.64
1812,Uthman Bin Affan Mosque,21380 Ryan Road,Warren,MI,48091,42.453061497294,-83.06408478494,,,,,,62.0,,,2911.0,census_geocoder,54230,17.215818175880873,2.64
1813,CDR Mosque,5491 12 Mile Road,Warren,MI,48092,42.50610163539,-83.051600724836,,,,http://masjidabubakrsiddiq.org/,,55.0,,,2898.0,census_geocoder,73808,9.682878375395482,2.51
1814,Darul Uloom Michigan,2446 12 Mile Road,Warren,MI,48092,42.505305500649,-83.07972974101,,2014,,https://www.linkedin.com/company/darul-uloom-michigan/,,68.0,,,794.0,census_geocoder,73808,9.682878375395482,2.51
1815,Islamic Organization of North America (IONA),28630 Ryan Road,Warren,MI,48092,42.503292806745,-83.067327381632,,2005,,"https://www.causeiq.com/organizations/islamic-organization-of-north-america,010808707/",,58.0,,,1443.0,census_geocoder,73808,9.682878375395482,2.51
1816,Madani Muslim Community Service (MMCS),2446 12 Mile Road,Warren,MI,48092,42.505305500649,-83.07972974101,,,,No website,,68.0,,,3453.0,census_geocoder,73808,9.682878375395482,2.51
1817,Youth Of Ummah,28694 Ryan Road,Warren,MI,48092,42.504054357084,-83.067359301725,,,,No website,,58.0,,,3452.0,census_geocoder,73808,9.682878375395482,2.51
1818,Al-Taqwa Mosque,27130 Campbell Road,Warren,MI,48093,42.493252645257,-83.014374554827,,,,,,36.0,,,2914.0,census_geocoder,68218,14.433325197298835,2.37
1819,Masjid Farooq,2730 West Ellsworth Road,Ann Arbor,MI,48103,42.228186286098,-83.782370741384,,,,No website,,11.0,,,3464.0,census_geocoder,116194,8.359981726815898,2.26
1820,Muslim Community Association of Ann Arbor - MCA,2301 Plymouth Road,Ann Arbor,MI,48105,42.300484585147,-83.71451019133,,1984,,https://aadl.org/taxonomy/term/185540,59.0,61.0,,,1199.0,census_geocoder,94774,16.77821102252226,2.18
1821,Muslim Community Association of Ann Arbor - MCA,2301 Plymouth Road,Ann Arbor,MI,48105,42.300484585147,-83.71451019133,,,,https://muslimunitycenter.org/,59.0,61.0,,,3462.0,census_geocoder,94774,16.77821102252226,2.18
1822,American Moslem Society (Masjid Dearborn),9945 Vernor Highway,Dearborn,MI,48120,42.303133,-83.1474476,,1938,,https://amsdearborn.org/history/,,70.0,,,2441.0,nominatim,66006,34.78792323676812,3.06
1823,AlNoor Melvindale Mosque,2865 Oakwood,Melvindale,MI,48122,42.283187176731,-83.172025454427,,,,,,62.0,,,2909.0,census_geocoder,42185,39.10815787366904,2.95
1824,Islamic Social Affairs,2920 Oakwood Boulevard,Melvindale,MI,48122,42.28312723104,-83.172800717012,,,,https://markaz-al-tabligh.edan.io/,,,,,3449.0,census_geocoder,42185,39.10815787366904,2.95
1825,Melvindale Islamic Center,17575 Dix Road,Melvindale,MI,48122,42.2730592,-83.1783074,,2012,,No website,,58.0,,,3459.0,nominatim,42185,39.10815787366904,2.95
1826,American Muslim Center,21110 Outer Drive West,Dearborn,MI,48124,42.291215851857,-83.247919516372,,2002,,http://ourstoryof.com/arabic/production_27.html,,67.0,,,796.0,census_geocoder,81796,10.86665891653104,2.48
1827,Imam Mahdi Association of Marjaeya,22000 1/2 Garrison Street,Dearborn ,MI,48124,42.307328299372,-83.244589181424,,,,https://chinguetti-center.vercel.app/,,90.0,,,2918.0,census_geocoder,81796,10.86665891653104,2.48
1828,Al-Huda Islamic Association,8835 Warren Avenue,Dearborn,MI,48126,42.344498201697,-83.154298533648,,2018,,https://www.alhudamosque.org/project,,60.0,,,2445.0,census_geocoder,42140,33.950986252241485,3.31
1829,American Moslem Bekka Center,6110 Chase Road,Dearborn,MI,48126,42.333952327235,-83.186058299615,,1983,,https://americanmoslembekaa.org/?page_id=962,,67.0,,,936.0,census_geocoder,42140,33.950986252241485,3.31
1830,Chinguetti Centre of Arabic and Islamic Studies,5232 Oakman Boulevard,Dearborn ,MI,48126,42.3369085,-83.1693546,,,,http://www.cairmichigan.org/,,77.0,,,2917.0,nominatim,42140,33.950986252241485,3.31
1831,Islamic Council of America,6941 Schaefer Road,Dearborn,MI,48126,42.341644597524,-83.176839490346,,1989,,"https://www.causeiq.com/organizations/islamic-council-of-america,382905949/",,87.0,,,89.0,census_geocoder,42140,33.950986252241485,3.31
1832,Islamic Institute of Knowledge,6345 Schaefer Road,Dearborn,MI,48126,42.336217749785,-83.176580848934,,1981,,https://iiofk.org/about-us/,,64.0,,,507.0,census_geocoder,42140,33.950986252241485,3.31
1833,Karbalaa Islamic Education Center,15332 E Warren ave,Dearborn,MI,48126,42.343746777597,-83.194471980468,,1995,,https://www.facebook.com/100064300764785/about/?_rdr,41.0,69.0,,,1516.0,census_geocoder,42140,33.950986252241485,3.31
1834,Masjid Al-Salaam,3900 Schaefer Road,Dearborn,MI,48126,42.315910890587,-83.175619713087,,2008,,https://prayersconnect.com/mosques/84092243-masjid-al-salaam-dearborn-michigan-united-states,,80.0,,,2443.0,census_geocoder,42140,33.950986252241485,3.31
1835,Islamic House of Wisdom,22575 Ann Arbor Trail,Dearborn Heights,MI,48127,42.338694123641,-83.259308338913,,1996,,https://tr.halalguide.me/ueyn-kaunti/mechet/islamic-house-of-wisdom,,44.0,,,98.0,census_geocoder,60742,20.815374473911056,2.86
1836,Islamic Institute of America,700 North Beech Daly Road,Dearborn Heights,MI,48127,42.315752271398,-83.291396922448,,2015,,https://www.iiofa.org/about-iioa/,,36.0,,,564.0,census_geocoder,60742,20.815374473911056,2.86
1837,Islamic Center of America,"19500 Ford Rd,",Dearborn,MI,48128,42.328929405939,-83.227996999804,,2005,,https://www.detroithistorical.org/learn/online-research/encyclopedia-of-detroit/islamic-center-america,,22.0,,,505.0,census_geocoder,101037,14.725918884664132,2.85
1838,Abu Bakr Siddiq Mosque,24449 Telegraph Road,Brownstown Township,MI,48134,42.126602211354,-83.273785819667,,,,https://islamiccenteroflincolnpark.godaddysites.com/,,43.0,,,2897.0,census_geocoder,92076,9.050039914289314,2.61
1839,AICP Michigan - Association of Islamic Charitable Project,5715 Inkster Road #5711,Garden City,MI,48135,42.3194743,-83.3111896,,,,,,66.0,,,2883.0,nominatim,67294,10.68624873229914,2.42
1840,Altaqwa Islamic Center,30069 Cherry Hill Road,Inkster,MI,48141,42.310999156205,-83.337151751998,,-,Information Without Year,,,62.0,,,931.0,census_geocoder,39252,35.24493176619074,2.59
1841,Islamic Center of Lincoln Park,2075 Fort Street,Lincoln Park,MI,48146,42.2490979,-83.1770254,,,,https://masdetroit.org/,,78.0,,,2896.0,nominatim,58616,21.50348312026334,2.66
1842,MAS Tarbiyah Center,36924 Ann Arbor Trail,Livonia ,MI,48150,42.361390584647,-83.409420532091,,,,https://www.tawheedcenterofsouthfield.org/,,55.0,,,2895.0,census_geocoder,97997,4.1781781024107785,2.48
1843,Rayyan Center,46441 Five Mile Road,Plymouth,MI,48170,42.394708007881,-83.500803974497,,,,,,33.0,,,2892.0,census_geocoder,114278,4.33525284783866,2.30
1844,Albanian-American Bektashi Monestary,21749 Northline Road,Taylor,MI,48180,42.212575214732,-83.246305168643,,1954,,https://en.wikipedia.org/wiki/First_Albanian_Bektashi_Tekke_in_America,,33.0,,,2922.0,census_geocoder,61081,18.37123060407924,2.44
1845,Tanwir Mosque,20701 Haig St,Tarylor,MI,48180,42.238271034043,-83.237906886959,,2012,,"https://www.causeiq.com/organizations/tanveer-foundation,463565339/",,18.0,,,724.0,census_geocoder,61081,18.37123060407924,2.44
1846,Dar Al Salam Islamic Center (DAIC),27758 Warren Road,Westland,MI,48185,42.340522978611,-83.31655087829,,,,,,69.0,,,2882.0,census_geocoder,60854,12.75163589380236,2.14
1847,Masjid Madinatul Ilm (MMI),37775 Palmer Road,Westland,MI,48186,42.294882314867,-83.411270355673,,2021,,https://masjidmadinatulilm.org/,,22.0,,,714.0,census_geocoder,65187,16.500014407976256,2.58
1848,Masjid Bilal Canton,1525 Ridge Road North,Canton,MI,48187,42.315960126394,-83.530000313754,,2011,,https://www.masjidbilalcanton.org/support,,16.0,,,681.0,census_geocoder,120321,5.587001899317374,2.69
1849,Muslim Education Community Center of America - MECCA,5842 North Canton Center Road #245,Canton Township,MI,48187,42.324584755364,-83.487993979885,,,,http://masjidsunnah.org/,,61.0,,,2889.0,census_geocoder,120321,5.587001899317374,2.69
1850,CAIR Michigan,1905 Haggerty Road Suite #5,Canton Township,MI,48188,,,,,,https://mccdusa.org/contact-us/,,52.0,,,2916.0,,122781,5.47836792120999,2.76
1851,Muslim Community of Western Suburbs (MCWS),40440 Palmer Road,Canton,MI,48188,42.294115799203,-83.438216741155,,1991,,"https://www.crescentacademy.org/about-us/history#:~:text=Energized%20by%20the%20vision%20of,suburban%20setting%20of%20Canton%2C%20Michigan.",,18.0,,,198.0,census_geocoder,122781,5.47836792120999,2.76
1852,Masjid Umar bin Khattab / Islamic Association of Michigan,18105 Racho Road,Brownstown Township,MI,48193,42.175696812274,-83.247310521757,,-,No Basic Information,,,32.0,,,2442.0,census_geocoder,74566,8.295374350420222,2.46
1853,At-Taqwa Mosque,2680 Golfside Road,Ann Arbor,MI,48197,42.248883676774,-83.661016950761,,2010,,https://masjidattaqwa.org/about-us-2/,,75.0,,,443.0,census_geocoder,73737,13.143113906987194,2.26
1854,Masjid Bilal Ypsilanti,4891 West Michigan Avenue,Ypsilanti,MI,48197,42.216301810988,-83.666785463178,,1996,,https://projects.propublica.org/nonprofits/organizations/383224731,,7.0,,,417.0,census_geocoder,73737,13.143113906987194,2.26
1855,Zawiyah Foundation,5718 Whittaker Road,Ypsilanti,MI,48197,42.20606023956,-83.613533750777,,,,,25.0,33.0,,,2919.0,census_geocoder,73737,13.143113906987194,2.26
1856,Ibrahim Mosque,315 South Ford Boulevard,Ypsilanti,MI,48198,42.239788637369,-83.580083911961,,2000,,https://bsaonline.com/SiteSearch/PropertyDetails?SearchType=1&uid=182&SearchText=315+S.+Ford+Blvd&PageIndex=1&ReferenceKey=K+-11-11-327-001&ReferenceType=0&SearchCategory=Address&SortBy=Address&SearchOrigin=0&SearchFocus=All+Records&RecordKeyDisplayString=K+-11-11-327-001&RecordKey=K+-11-11-327-001&RecordKeyType=0,,49.0,,,171.0,census_geocoder,63326,18.692093885114268,2.37
1857,Wayne State University Islamic Center of Detroit,4646 Cass Avenue,Detroit,MI,48201,42.353454863944,-83.06512776103,,1962,,https://www.detroithistorical.org/learn/online-research/encyclopedia-of-detroit/islamic-center-america,60.0,94.0,,,2447.0,census_geocoder,24749,43.25519371139809,1.70
1858,Markaz al-Tablīgh,15900 Hamilton Avenue,Highland Park,MI,48203,42.408896790275,-83.110474788247,,,,No website,,37.0,,,3448.0,census_geocoder,38404,38.22325534387791,2.29
1859,Masjid Al-Nūr,318 Pilgrim Street,Highland Park,MI,48203,42.409123207134,-83.11269487243,,-,Information Without Year,https://prayersconnect.com/mosques/84040170-masjid-al-nur-highland-park-michigan-united-states,,33.0,,,1616.0,census_geocoder,38404,38.22325534387791,2.29
1860,Masjid Al-Haqq,4017 Clairmount Avenue,Detroit,MI,48204,42.368427370142,-83.119746197131,,,,,51.0,53.0,,,2885.0,census_geocoder,34468,36.017299188493126,2.32
1861,Muhammad Temple Of Islam,12609 East McNichols Road,Detroit,MI,48205,42.423150809217,-82.995263362728,,,,No website,45.0,56.0,,,3465.0,census_geocoder,38966,32.979945224843185,2.62
1862,Masjid Wali Muhammad,11529 Linwood Street,Detroit,MI,48206,42.381479743844,-83.114184229887,,1976,,https://www.hmdb.org/m.asp?m=175037,48.0,34.0,,,184.0,census_geocoder,45046,24.75956755322677,2.34
1863,Moorish Science Temple-America#25,5601 Grand River Avenue,Detroit,MI,48208,42.351907708526,-83.097447156811,,,,"google.com/maps/place/Muhammad+Temple+Of+Islam/@42.4232767,-82.995197,17z/data=!3m1!4b1!4m6!3m5!1s0x8824d152fb2e09c5:0x4aca62962ef370d9!8m2!3d42.4232767!4d-82.995197!16s%2Fg%2F11gfgplfk0?entry=ttu&g_ep=EgoyMDI2MDUwMi4wIKXMDSoASAFQAw%3D%3D",55.0,57.0,,,3466.0,census_geocoder,36194,27.966963151207114,1.89
1864,Al-Furqān Mosque,4981 Cabot Street,Detroit,MI,48210,42.329114768271,-83.149210351164,,-,Information Without Year,(313) 584-4464,39.0,59.0,,,708.0,census_geocoder,37838,40.53253328333021,3.21
1865,Al-Huda Islamic Association,5838 Lawndale Street,Detroit,MI,48210,42.333629405299,-83.151324365762,,1998,,https://www.alhudamosque.org/about,38.0,15.0,,,887.0,census_geocoder,37838,40.53253328333021,3.21
1866,Baitul Islam Mosque,7826 Klein Street,Detroit,MI,48211,42.3872569394,-83.039885526973,,2014,,https://prayersconnect.com/mosques/84076266-baitul-islam-mosque-detroit-michigan-united-states,40.0,38.0,,,758.0,census_geocoder,35725,39.46162657502864,2.99
1867,Imam Islamic Complex (Masjid Mu'ath Bin Jabal),6096 Dorothy Street,Detroit,MI,48211,42.391264955613,-83.040138987797,,,,,39.0,47.0,,,2881.0,census_geocoder,35725,39.46162657502864,2.99
1868,Abu-Bakr Al-Siddique Islamic Center,8904 Saint Aubin Street,Hamtramck,MI,48212,42.388531860532,-83.060573088136,,2018,,https://www.charitynavigator.org/ein/455544862,,72.0,,,2449.0,census_geocoder,38186,39.03066594933452,3.66
1869,Al-Ghazzali Mosque,8554 Joseph Campau Avenue,Hamtramck,MI,48212,42.388447771925,-83.052232420611,,,,,,76.0,,,2905.0,census_geocoder,38186,39.03066594933452,3.66
1870,Al-Islah Islamic Center,2733 Caniff Street,Hamtramck,MI,48212,42.399285022735,-83.061425213782,,2000,,https://alislahislamiccenter.com/who-we-are/ AND https://www.hamtramckstories.org/muslim-community.html,,93.0,,,649.0,census_geocoder,38186,39.03066594933452,3.66
1871,Al-Islah Mosque & Islamic Center,2733 Caniff Avenue,Hamtramck,MI,48212,42.399285022735,-83.061425213782,,2000,,No website,,93.0,,,3444.0,census_geocoder,38186,39.03066594933452,3.66
1872,Al-Sunnah Mosque,11306 Lumpkin Street,Hamtramck,MI,48212,42.397750374967,-83.065782985904,,,,,,85.0,,,2910.0,census_geocoder,38186,39.03066594933452,3.66
1873,Baitul Ma'moor Sunni Islamic Center,11635 Conant,Hamtramck,MI,48212,42.405230747563,-83.054642318225,,,,,,87.0,,,2921.0,census_geocoder,38186,39.03066594933452,3.66
1874,Baitul Mukarram Masjid,12203 Conant Street,Hamtramck,MI,48212,42.409011603173,-83.057179177482,,-,Information Without Year,,39.0,82.0,,,976.0,census_geocoder,38186,39.03066594933452,3.66
1875,Bosnian American Islamic Center,3437 Caniff Avenue,Hamtramck,MI,48212,42.401611245018,-83.05508239377,,1995,,https://www.baicdetroit.com/about-us,,92.0,,,998.0,census_geocoder,38186,39.03066594933452,3.66
1876,Ideal Islamic Center/Masjid alihsan, 2721 Holbrook,Hamtramck,MI,48212,42.393615636924,-83.056168410917,,2011,,https://www.slideshare.net/slideshow/ideal-islamic-center-funds/23621677,,90.0,,,296.0,census_geocoder,38186,39.03066594933452,3.66
1877,Islamic Center of Hamtramck,11347 Joseph Campau Avenue,Hamtramck,MI,48212,42.400401867203,-83.060405847014,,2000,,https://en.wikipedia.org/wiki/Al-Islah_Mosque,,92.0,,,665.0,census_geocoder,38186,39.03066594933452,3.66
1878,Lanour Islamic Education,6965 Whiteford Center Road,Lambertville,MI,48212,41.741815181373,-83.646930179554,,,,,,13.0,,,3439.0,census_geocoder,38186,39.03066594933452,3.66
1879,Masjid Al Falah,12555 McDougall,Detroit,MI,48212,42.409359083775,-83.063677793874,,-,Information Without Year,https://masjidalfalah.org/,41.0,67.0,,,1589.0,census_geocoder,38186,39.03066594933452,3.66
1880,"Masjid Fatimah, Hope Center Inc.",12818 Joseph Campau Avenue,Detroit,MI,48212,42.409148201114,-83.066058416493,,,,https://melvindaleislamiccenter.com/,41.0,64.0,,,3460.0,census_geocoder,38186,39.03066594933452,3.66
1881,Masjidun Nur Inc,11311 Mound Road,Detroit,MI,48212,42.406315131866,-83.042972571189,,1992,,https://masjidal-noor.org/,33.0,51.0,,,1618.0,census_geocoder,38186,39.03066594933452,3.66
1882,United Community Center- The Great Mosque ,10211 Conant ,Hamtramck,MI,48212,42.401171267321,-83.051912523587,,,,,,90.0,,,2903.0,census_geocoder,38186,39.03066594933452,3.66
1883,Muhammad's Mosque #1,19160 Evergreen Road,Detroit,MI,48219,42.43012979243,-83.238811307224,,,,,35.0,70.0,,,2902.0,census_geocoder,43655,29.935514278981085,2.50
1884,Darul Wahi,15133 Burgess ,Detroit,MI,48223,42.398907884581,-83.254419174591,,-,Information Without Year,,33.0,45.0,,,2920.0,census_geocoder,44512,22.258694109297377,2.50
1885,Foundation Khadimu Rassul Islamic Center,21534 Schoolcraft,Detroit,MI,48223,42.385985940007,-83.25447404265,,,,No website,29.0,10.0,,,3468.0,census_geocoder,44512,22.258694109297377,2.50
1886,Islamic Center Foundation CAB of North America,21500 Schoolcraft,Detroit,MI,48223,42.386035,-83.25335,,,,http://worldpeaceoutreach.com/,29.0,10.0,,,2907.0,nominatim,44512,22.258694109297377,2.50
1887,Masjid As Salaam,21628 Fenkell Street,Detroit,MI,48223,42.400390631258,-83.254775399572,,2010,,,32.0,49.0,,,160.0,census_geocoder,44512,22.258694109297377,2.50
1888,Masjid Nasru - Lah,15728 Harper Avenue,Detroit,MI,48224,42.408111768192,-82.951751790911,,,,No website,42.0,66.0,,,3469.0,census_geocoder,44856,33.49274993640295,2.72
1889,Nigerian American Islamic Community of Michigan,15744 Harper Avenue,Detroit,MI,48224,42.408150189456,-82.951587860169,,2011,,"https://www.causeiq.com/organizations/nigerian-american-islamic-communityof-michigan,208988331/",42.0,66.0,,,2117.0,census_geocoder,44856,33.49274993640295,2.72
1890,Albanian Islamic Center of Michigan,19775 Harper Ave,Harper Woods,MI,48225,42.434681108556,-82.922647110992,,1963,,https://www.aicod.org/,,47.0,,,766.0,census_geocoder,61750,19.080185719663696,2.70
1891,Al-Ihsan Community Center,13735 Fenkell Ave,Detroit,MI,48227,42.401990283899,-83.18057700444,,,,No website,39.0,55.0,,,3473.0,census_geocoder,36527,35.09398167794114,2.57
1892,Masjid A-Rahma,13515 Plymouth Road,Detroit,MI,48227,42.372993151001,-83.176999593854,,2014,,"https://www.causeiq.com/organizations/masjid-ar-rahma,453554185/",44.0,37.0,,,792.0,census_geocoder,36527,35.09398167794114,2.57
1893,Al-Husseiniyah Al-Rasool Al-Adum,8138 Greenfield Road,Detroit,MI,48228,42.352616795012,-83.19662915102,,,,No website,48.0,61.0,,,3474.0,census_geocoder,30680,41.829790640887076,2.59
1894,Al-Zahraa Islamic Center,15571 Joy Road,Detroit,MI,48228,42.358071368487,-83.197932830593,,1963,,https://www.detroithistorical.org/learn/online-research/encyclopedia-of-detroit/islamic-center-america,45.0,59.0,,,563.0,census_geocoder,30680,41.829790640887076,2.59
1895,Ayham MishMishan,16636 Joy Road,Detroit,MI,48228,42.358018346358,-83.2082890255,,,,https://dawah.ac/,35.0,38.0,,,3472.0,census_geocoder,30680,41.829790640887076,2.59
1896,Dar Al-Rahma,7810 Southfield Freeway,Detroit,MI,48228,42.349022009408,-83.215879428607,,,,No website,42.0,39.0,,,3470.0,census_geocoder,30680,41.829790640887076,2.59
1897,DAWAH INSTITUTE (Masjid Al-Dawah),16630 Joy Road,Detroit,MI,48228,42.358019638353,-83.208190510494,,,,https://daralrahma.org/,42.0,50.0,,,3471.0,census_geocoder,30680,41.829790640887076,2.59
1898,Husseiniya Imam Al-Sajjad Al-Salam,16021 West Warren Avenue,Detroit,MI,48228,42.343544210013,-83.201455781698,,,,No website,47.0,72.0,,,3467.0,census_geocoder,30680,41.829790640887076,2.59
1899,Imam Ali Islamic Center,15840 West Warren Avenue,Detroit,MI,48228,42.343669966803,-83.200223684766,,-,Information Without Year,https://imam-us.org/location/imam-ali-mosque-detroit,47.0,72.0,,,310.0,census_geocoder,30680,41.829790640887076,2.59
1900,Imam Jaafar AlSadeq Islamic Center,19111 West Warren Avenue,Detroit,MI,48228,42.343202431705,-83.227057383036,,,,,43.0,61.0,,,2891.0,census_geocoder,30680,41.829790640887076,2.59
1901,Islamic Center Mawkib Aushhq Al Hussein,6832 Southfield Fairway,Detroit,MI,48228,42.341358374403,-83.215758518229,,,,,39.0,59.0,,,2893.0,census_geocoder,30680,41.829790640887076,2.59
1902,Islamic Center of Detroit - ICD,14350 Tireman Avenue,Detroit,MI,48228,42.351198761116,-83.183858440897,,2000,,https://www.mightycause.com/organization/Islamic-Center-Of-Detroit,46.0,61.0,,,2446.0,census_geocoder,30680,41.829790640887076,2.59
1903,Islamic Iraqi Center,17644 East Warren Avenue,Detroit,MI,48228,42.40847396548,-82.923032768158,,-,No Basic Information,,47.0,75.0,,,1435.0,census_geocoder,30680,41.829790640887076,2.59
1904,Masjid Tawheed,18640 West Warren Avenue,Detroit,MI,48228,42.343371340866,-83.222478293381,,1995,,https://masjidtawheed.org/about-us/,42.0,64.0,,,153.0,census_geocoder,30680,41.829790640887076,2.59
1905,MCCD,13750 West McNichols Road,Detroit,MI,48235,42.416626112436,-83.182033332044,,,,,41.0,82.0,,,2915.0,census_geocoder,39265,31.47291283845115,2.42
1906,The Muslim Center,1605 West Davison Street,Detroit,MI,48238,42.3935617,-83.1205309,,1985,,https://www.themuslimcenter.com/history,49.0,50.0,,,194.0,nominatim,33315,35.01993004148702,2.40
1907,World Peace Outreach/Masjed AINour,23800 West Chicago,Redford Township,MI,48239,42.364190808493,-83.272048547522,,,,,,61.0,,,2906.0,census_geocoder,71151,13.314025875602232,2.61
1908,The Muslim Unity Center,1830 West Square Lake Road,Bloomfield Hills,MI,48302,42.603990682324,-83.316116453592,,1993,,https://pluralismarchive.hsites.harvard.edu/muslim-unity-center-cj,,8.0,,,200.0,census_geocoder,178103,5.923085727366373,2.58
1909,IAGD,879 West Auburn Road,Rochester Hills,MI,48307,42.635589434424,-83.149536331145,,2001,,https://iagd.net/our-history/&ved=2ahUKEwiS-6bivJWTAxUPJ0QIHcfXGswQFnoECD4QAQ&usg=AOvVaw1oP9AuOz-7Y3ngIodCi7V1,,29.0,,,2444.0,census_geocoder,106576,5.740799708865942,2.36
1910,Mahmood Mosque,1730 West Auburn Road,Rochester Hills,MI,48309,42.635249141035,-83.165465732065,,2010,,https://ahmadiyyafactcheckblog.com/2024/04/23/the-history-of-ahmadiyya-in-detroit/,,44.0,,,699.0,census_geocoder,121007,5.512919805674858,2.52
1911,Muslim Community of Michigan (Masjid Baitul Mamur),38810 Ryan Road,Sterling Heights,MI,48310,42.577524957819,-83.070189271845,,1980,,https://mcm-mi.com,,51.0,,,2450.0,census_geocoder,78058,14.382387022016221,2.87
1912,BAIC Detroit,11063 16 1/2 Mile Road,Sterling Heights,MI,48312,42.57338870488,-83.018673684416,,,,,,32.0,,,2904.0,census_geocoder,68061,11.353763062111073,2.45
1913,Sterling Heights Islamic Center (SIC),13237 East 14 Mile Road,Sterling Heights,MI,48312,42.537807011621,-82.993035792977,,,,,,42.0,,,2913.0,census_geocoder,68061,11.353763062111073,2.45
1914,American Muslim Diversity Association,44760 Ryan Road,Sterling Heights,MI,48314,42.622373813394,-83.071641309855,,2012,,https://wp.amda.us/construction/amdacons.shtml,,9.0,,,398.0,census_geocoder,85889,8.575367647058824,2.37
1915,Islamic Center of Shelby,49147 Schoenherr Road,Shelby Township,MI,48315,42.656894473937,-82.994261981452,,,,,,46.0,,,2884.0,census_geocoder,100684,5.774903159316251,2.52
1916,Al Falāh Institute,38325 West 14 Mile Road,Farmington Hills,MI,48331,42.526360594581,-83.427540971093,,2014,,https://alfalahinstitute.org/about-us/,,40.0,,,512.0,census_geocoder,127633,6.839315603496374,2.44
1917,Muslim Community Mosque: Home of the Islamic Cultural Association,35700 West 12 Mile Road,Farmington Hills,MI,48331,42.498154387463,-83.399932263864,,1985,,https://mcm-mi.com/about-us/,,6.0,,,516.0,census_geocoder,127633,6.839315603496374,2.44
1918,Dawoodi Bohra Al Masjid Al burhani Anjuman-e-Najmi,20959 Orchard Lake Road,Farmington Hills,MI,48336,42.443729403016,-83.355999063872,,1988,,https://www.mapquest.com/us/michigan/anjumane-najmi-6436277,,35.0,,,565.0,census_geocoder,88938,7.834277837341093,2.23
1919,Tawheed Center of Farmington,29707 West 10 Mile Road,Farmington Hills,MI,48336,42.470542111481,-83.340351151053,,1993,,https://us.mohid.co/mi/detroit/tawheedcenter#contact,,30.0,,,539.0,census_geocoder,88938,7.834277837341093,2.23
1920,Islamic Community of Oakland North (ICON Masjid),1400 Orion Road,Orion Township,MI,48362,42.772876021414,-83.217825768327,,,,https://mymecca.org/,,4.0,,,2890.0,census_geocoder,115230,6.134142231209976,2.47
1921,Tawheed Center of Novi,24101 Novi Road,Novi,MI,48375,42.465839118607,-83.474769150403,,,,,,55.0,,,2899.0,census_geocoder,112545,4.227710339053997,2.39
1922,Zainaba Center,2230 Crumb Road,Commerce Charter Township,MI,48390,42.546611774671,-83.4555509776,,1989,,https://zainabia.org/aboutus,,33.0,,,717.0,census_geocoder,91381,6.85436567789509,2.29
1923,Grand Blanc Islamic Center,2141 Leroy Place Northwest,Grand Blanc,MI,48439,,,,2016,,,,26.0,,,33.0,,88490,7.634255927489156,2.40
1924,Flint Islamic Center,9447 West Corunna Road,Flint,MI,48473,43.000632964387,-83.868286243959,,1994,,https://flintislamiccenter.com/history/,,3.0,,,338.0,census_geocoder,77921,8.92704634332719,2.39
1925,Masjid Mu Min,64043-A Clio Rd,Flint,MI,48504,,,,2004,,"https://www.causeiq.com/organizations/islamic-center-mu-min,383436487/",33.0,64.0,,,1912.0,,38719,30.869345463735154,2.30
1926,Mumin Islamic Center,4043 Clio Road,Flint,MI,48504,43.050878136311,-83.732735730763,,,,,,60.0,,,2926.0,census_geocoder,38719,30.869345463735154,2.30
1927,Mustakeem Mosque,1202 North Ballenger Highway,Flint,MI,48504,43.026387210809,-83.730569837629,,2013,,"https://www.causeiq.com/organizations/masjidil-mustakeem,300655896/",30.0,82.0,,,1727.0,census_geocoder,38719,30.869345463735154,2.30
1928,Noor Unity Center,2776 Flushing Road,Flint,MI,48504,43.023957068631,-83.729749502055,,,,https://kalamazooislamiccenter.com/islamicschool/,30.0,76.0,,,2925.0,census_geocoder,38719,30.869345463735154,2.30
1929,Al-Ihsaan Mosque,3401 Saginaw Street,Flint,MI,48505,43.046230260933,-83.693885902895,,2007,,"https://www.causeiq.com/organizations/masjid-al-ihsaan,205068439/",30.0,43.0,,,1599.0,census_geocoder,33283,39.35660124888493,2.35
1930,"The Muslim House, Inc.",804 Martin Luther King Ave,Flint,MI,48505,43.022971849869,-83.69662707201,,2021,,https://flintbeat.com/the-muslim-house-offers-glimpse-into-islams-history-in-flint/,47.0,70.0,,,2201.0,census_geocoder,33283,39.35660124888493,2.35
1931,As-Siddiq Institute & Mosque,4417 Saginaw Street,Burton,MI,48529,42.984318,-83.6748529,,2001,,https://www.facebook.com/groups/MawlanaShaykhHisham/posts/193126725343082/,,42.0,,,955.0,nominatim,41333,26.091184096802074,2.28
1932,Dyewood Islamic Center,5270 South Dyewood Drive,Flint,MI,48532,43.010006614864,-83.783977622656,,,,,,15.0,,,2887.0,census_geocoder,61998,13.951559389515594,2.25
1933,Omar Mosque,4566 Beecher Road,Flint,MI,48532,43.030315185345,-83.765472259037,,,,,31.0,9.0,,,2908.0,census_geocoder,61998,13.951559389515594,2.25
1934,Ahlulbayt Islamic Center - Saginaw,845 Bridgeview South,Saginaw,MI,48604,43.489827230539,-83.930995403156,,2004,,"https://www.causeiq.com/organizations/islamic-center-mu-min,383436487/",,1.0,,,2927.0,census_geocoder,53042,30.129810976998407,2.19
1935,Islamic Center of Saginaw,4330 North Center Road,Saginaw,MI,48604,43.470728053833,-84.014943239095,,,,No website,,0.0,,,3457.0,census_geocoder,53042,30.129810976998407,2.19
1936,Islamic Center of Saginaw,114 North 4th Avenue,Saginaw,MI,48607,43.432088551959,-83.928963741461,,1978,,https://www.icsaginaw.org/about-the-islamic-center/,,53.0,,,1337.0,census_geocoder,37973,27.317983820784068,2.26
1937,Islamic Center of Midland,1801 North Stark Road,Midland,MI,48642,43.661686562728,-84.310034923045,,2012,,https://www.ourmidland.com/news/article/New-Islamic-Center-in-Midland-hosts-community-6973581.php,,1.0,,,729.0,census_geocoder,77847,9.191044776119403,2.37
1938,Islamic Center of East Lansing,920 South Harrison Road,East Lansing,MI,48823,42.724371189573,-84.493968141486,,1979,,https://www.facebook.com/media/set/?set=a.10152609979701897.1073741844.161267091896&type=3,,56.0,,,669.0,census_geocoder,52018,32.192038057085625,2.24
1939,Islamic Center of Mt. Pleasant,907 Mcvey St,Mt. Pleasant,MI,48858,43.584014879759,-84.765718556279,,1979,,https://icmp-mi.org,,85.0,,,1295.0,census_geocoder,51267,25.85323799381307,2.25
1940,Zahraa institute,4133 Okemos Road,Okemos,MI,48864,42.700678670167,-84.432440872859,,,,No website,,20.0,,,3458.0,census_geocoder,121103,5.850883152173913,2.65
1941,Islamic Center of Lansing,1120 North Pennsylvania Avenue,Lansing,MI,48906,42.746219797124,-84.537694664402,,1979,,https://www.facebook.com/media/set/?set=a.10152609979701897.1073741844.161267091896&type=3,38.0,80.0,,,418.0,census_geocoder,64315,20.48788079212543,2.31
1942,Wali Mahmoud Islamic Center,235 Lahoma Street,Lansing,MI,48915,42.735247055707,-84.570463592017,,1975,,https://prayersconnect.com/mosques/84022989-wali-mahmoud-islamic-center-lansing-michigan-united-states,46.0,63.0,,,2229.0,census_geocoder,54465,17.461340206185564,2.16
1943,Kalamazoo Islamic Center,1520 West Michigan Avenue,Kalamazoo,MI,49006,42.286112661164,-85.605734654042,,1975,,https://rocketreach.co/kalamazoo-islamic-center-profile_b7ddc974c0ca9c36,,53.0,,,540.0,census_geocoder,43639,29.7290506302609,2.15
1944,West Michigan Islamic Center,611 Northampton Road,Kalamazoo,MI,49006,42.297086726447,-85.640452036512,,2010,,No website,,65.0,,,3443.0,census_geocoder,43639,29.7290506302609,2.15
1945,Islamic Association of Southwest Michigan (IASWM),1381 East Napier Avenue,Benton Harbor,MI,49022,42.088853200065,-86.425494673798,,-,Information Without Year,(269) 849-9162,,47.0,,,1349.0,census_geocoder,39499,30.98837209302325,2.27
1946,Coldwater Masjid,129 Perkins Street,Coldwater,MI,49036,41.935769115839,-84.996168545083,,1980,,https://www.google.com/search?q=Coldwater+Masjid+123+Perkins+St.+year+establisheed&client=safari&hs=udzU&sca_esv=aaf38c21e3d3a8e3&rls=en&ei=o_nTaZDTPI2ewN4PmsOygQk&biw=951&bih=781&ved=0ahUKEwjQsNrf69mTAxUND9AFHZqhLJAQ4dUDCBE&uact=5&oq=Coldwater+Masjid+123+Perkins+St.+year+establisheed&gs_lp=Egxnd3Mtd2l6LXNlcnAiMkNvbGR3YXRlciBNYXNqaWQgMTIzIFBlcmtpbnMgU3QuIHllYXIgZXN0YWJsaXNoZWVkMgcQIRigARgKMgcQIRigARgKMgcQIRigARgKMgcQIRigARgKSOsoUNgJWKcncAF4AZABAJgBoAGgAc0QqgEEMS4xN7gBA8gBAPgBAZgCE6ACthHCAgoQABiwAxjWBBhHwgIFECEYoAHCAgUQIRirApgDAIgGAZAGCJIHBDIuMTegB7tKsgcEMS4xN7gHsxHCBwYwLjE3LjLIByGACAA&sclient=gws-wiz-serp,,61.0,,,1034.0,census_geocoder,62259,16.3019360452469,2.46
1947,Bilal Islamic Center,1715 East Main Street,Kalamazoo,MI,49048,42.298819041313,-85.558542583147,,2008,,https://www.mlive.com/living/kalamazoo/2010/01/muslim_group_is_positive_prese.html,,58.0,,,991.0,census_geocoder,60454,12.563264209253369,2.35
1948,Islamic Center of Big Rapids,125 East Bellevue Street,Big Rapids,MI,49307,43.703950373949,-85.483530574989,,,,,,69.0,,,2886.0,census_geocoder,60358,22.615535889872174,2.27
1949,Friday Prayer Hall,1 Campus Drive,Allendale,MI,49401,42.960341684296,-85.888069153637,,,,No website,,38.0,,,3463.0,census_geocoder,74880,26.300416133162614,2.79
1950,Masjid Muskegon Suite 102H,3375 Merriam Street,Muskegon,MI,49444,43.192143585814,-86.238412275996,,,,No website,,18.0,,,3451.0,census_geocoder,53054,21.078867035047722,2.54
1951,Islamic Center of Grand Rapids,1301 Burton Street Southeast,Grand Rapids,MI,49507,42.9270927,-85.6362715,,1986,,http://www.noigrandrapids.com/,36.0,71.0,,,3446.0,nominatim,61461,22.60143010555541,2.90
1952,Masjid as-Sunnah Temporary Location,2164 Division Avenue South,Grand Rapids,MI,49507,42.92388520367,-85.666414395232,,,,,40.0,84.0,,,2888.0,census_geocoder,61461,22.60143010555541,2.90
1953,Masjid Bilal,1260 Jefferson ave Se,Grand Rapids,MI,49507,42.939948122514,-85.663529475273,,-,No Basic Information,No Website,35.0,80.0,,,1840.0,census_geocoder,61461,22.60143010555541,2.90
1954,Muhammad Mosque #61,1125 Burton Street Southeast,Grand Rapids,MI,49507,42.927283157824,-85.640037169748,,,,https://alislahislamiccenter.com/,36.0,75.0,,,3445.0,census_geocoder,61461,22.60143010555541,2.90
1955,Bosniak Islamic Cultural Center,2839 Eastern Avenue Southeast,Grand Rapids,MI,49508,42.911261434123,-85.647079898019,,2017,,https://prayersconnect.com/mosques/84096173-bosnian-cultural-center-grand-rapids-michigan-united-states,35.0,62.0,,,1000.0,census_geocoder,70120,10.773277721165012,2.69
1956,Masjid Al-Noor,3206 Eastern Avenue Southeast,Kentwood,MI,49508,42.905430004744,-85.646596943323,,2015,,No website,,40.0,,,3440.0,census_geocoder,70120,10.773277721165012,2.69
1957,Al-Tawheed Islamic Center,3357 East Paris Ave Southeast,Kentwood,MI,49512,42.902749864153,-85.568171430603,,2010,,https://grmasjid.org/wp/history/,,32.0,,,584.0,census_geocoder,71329,6.152798274491997,2.12
1958,ICC Behar,3425 East Paris Avenue Southeast,Grand Rapids,MI,49512,42.901680905786,-85.568108389585,,2000,,http://islamiccentergr.org/,,25.0,,,3447.0,census_geocoder,71329,6.152798274491997,2.12
1959,Islamic Cultural Center Behar,3425 East Paris Avenue Southeast,Grand Rapids,MI,49512,42.901680905786,-85.568108389585,,2004,,https://prayersconnect.com/mosques/84031838-icc-behar-grand-rapids-michigan-united-states,,25.0,,,1407.0,census_geocoder,71329,6.152798274491997,2.12
1960,Mosque MichiganTech,2001 Woodmar Drive,Houghton,MI,49931,47.112147402291,-88.537200801056,,,,No website,,16.0,,,3441.0,census_geocoder,50408,31.05263157894737,2.21
1961,MSA Community Room,2001 Woodmar Drive,Houghton,MI,49931,47.112147402291,-88.537200801056,,,,No website,,16.0,,,3442.0,census_geocoder,50408,31.05263157894737,2.21
1962,Iraqi American Islamic Center ,7103 Normile St,Dearborn,MI ,48126,42.343581685306,-83.158487009743,,-,No Basic Information,,,70.0,,,2753.0,census_geocoder,42140,33.950986252241485,3.31
1963,Eastern Twin Cities Islamic Center,12585 Hudson Road South,Afton,MN,55001,44.945958997555,-92.852223980318,,2013,,https://www.republicaneagle.com/news/community/afton-islamic-center-approved/article_fc9c85c1-50e4-5798-82b5-1784dddd02fc.html,,1.0,,,2451.0,census_geocoder,133581,6.194104007949653,2.45
1964,"Masjid Salahuddin, As-Suffah Islamic Center",3629 95th Avenue Northeast,Circle Pines,MN,55014,,,,,,https://www.as-suffahmn.org/,,6.0,,,3410.0,,103658,5.231301340250757,2.56
1965,Abubakar As-Saddique Islamic Center,1201 Division Street West,Faribault,MN,55021,44.290527813624,-93.286534879104,,2006,,https://abuubakar.org/history/,,54.0,,,3422.0,census_geocoder,68820,13.83038080624913,2.49
1966,Al Hudaa Mosque,7  3Rd ave Ne,Fairbault,MN,55021,44.293581296237,-93.2681567305,,-,No Basic Information,,,57.0,,,857.0,census_geocoder,68820,13.83038080624913,2.49
1967,Masjid AbuBakr Al-Seddiq,1400 Cannon Circle Suite 1,Fairhault,MN,55021,44.304338310887,-93.288731335835,,2007,,https://religionsmn.carleton.edu/exhibits/show/abubakar-as-saddique-islamic-c/locationtime,,29.0,,,132.0,census_geocoder,68820,13.83038080624913,2.49
1968,Al Hadi Association,17685 Juniper Path,Lakeville,MN,55044,44.691942123736,-93.286817121338,,,,https://www.alhadiassociation.com/,,65.0,,,3425.0,census_geocoder,141551,3.00283462604741,2.88
1969,Lakeville Masjid,8670 210th Street West,Lakeville,MN,55044,44.645127757983,-93.24068933252,,,,https://masmn.org/,,54.0,,,3424.0,census_geocoder,141551,3.00283462604741,2.88
1970,Lakeville Masjid,8670 210th Street West,Lakeville,MN,55044,44.645127757983,-93.24068933252,,,,http://www.masmn.org/,,54.0,,,3438.0,census_geocoder,141551,3.00283462604741,2.88
1971,Masjid Al-Rahmah,509 12th st Ne,Owatonng,MN,55060,44.097000837737,-93.215982092401,,2014,,"https://www.causeiq.com/organizations/muslim-society-of-owatonna,208124949/",,26.0,,,1746.0,census_geocoder,84906,8.977829558304492,2.40
1972,Al Madina Association,"2038 Bonaire Path W,",Rosemount,MN,55068,44.753633287905,-93.106276837986,,2010,,https://almadinaassociation.org/#about,,2.0,,,631.0,census_geocoder,127798,3.1983781166787706,2.78
1973,South Metro Islamic Center,15400 Robert Trail South,Rosemount,MN,55068,44.72804964583,-93.130953152741,,2015,,https://www.mapquest.com/us/minnesota/south-metro-islamic-center-377701869,,57.0,,,637.0,census_geocoder,127798,3.1983781166787706,2.78
1974,Iqra community center,1044 7th Street West,Saint Paul,MN,55102,44.925957291267,-93.129209354842,,,,No website,,83.0,,,3404.0,census_geocoder,76406,16.16381544841887,1.73
1975,Towhid Islamic Community Center,430 Dale Street,Saint Paul,MN,55102,44.954228670884,-93.12626082114,,2010,,"https://www.myvillager.com/news/religion/city-council-gives-vacant-islamic-center-a-temporary-reprieve/article_d582e1e4-2b04-4200-bf24-702269c843fa.html#:~:text=Their%20church%20has%20also%20sustained,intention%20of%20restoring%20this%20building.%E2%80%9D",,89.0,,,467.0,census_geocoder,76406,16.16381544841887,1.73
1976,Islamic Dawah Center (Minnesota Dawah Institute),478 University Ave W,St Paul,MN,55103,44.955684897066,-93.12033798616,,2007,,https://mndawah.net/about/,,87.0,,,2458.0,census_geocoder,48390,24.788624135280553,2.38
1977,Al-Ihsan Mosque,955 W Minnehaha Ave,St Paul,MN,55104,44.963046518809,-93.140542329353,,2009,,"https://www.causeiq.com/organizations/al-lhsan-islamic-center,800205391/",,63.0,,,2461.0,census_geocoder,75712,16.258503401360542,2.30
1978,Darul Uloom Islamic Center,977 5th St E,St Paul,MN,55106,44.959504290718,-93.059269663367,,2014,,"https://www.causeiq.com/organizations/darul-uloom-islamic-center,465467400/",,66.0,,,2455.0,census_geocoder,70187,17.83303730017762,2.97
1979,MAS Masjid At Taqwa,1608 Como Ave,St Paul,MN,55108,44.977242964081,-93.168231498689,,1993,,https://masmn.org/about-us/,,73.0,,,2456.0,census_geocoder,86308,9.057248647109086,2.05
1980,Assalam Mosque,1460 Skillman Avenue East,Maplewood,MN,55109,45.002773312302,-93.03853335834,,1997,,https://prayersconnect.com/mosques/84025274-assalam-mosque-maplewood-minnesota-united-states,39.0,50.0,,,487.0,census_geocoder,86776,9.982136909988192,2.59
1981,Tawhid Islamic Center,1001 Westgate Drive,Saint Paul,MN,55114,44.971622425544,-93.205199496754,,,,https://tawhidic.org/,,71.0,,,3401.0,census_geocoder,62766,16.131589377724932,1.78
1982,Darul Iman Masjid,291 McKnight Road South,Saint Paul,MN,55119,44.932396525002,-93.004903263316,,,,https://www.facebook.com/DarulimanCenter/,,43.0,,,3405.0,census_geocoder,81865,12.210715893741558,2.72
1983,Masjid Assunnah,373 Pederson st No.102,Saint Paul,MN,55119,44.950713019839,-93.012636114536,,2001,,https://www.ianaonline.org/organization/YCl9Oyjx/masjid-assunah-stpaul,,72.0,,,1824.0,census_geocoder,81865,12.210715893741558,2.72
1984,Ramadan Center,291 McKnight Road South,Saint Paul,MN,55119,44.932396525002,-93.004903263316,,,,https://ramadancenter.org/,,43.0,,,3402.0,census_geocoder,81865,12.210715893741558,2.72
1985,Masjid As-Sahabah,3435 Washington Dr. Suite 200,Eagan,MN,55122,44.832927556874,-93.169314445494,,2007,,"https://www.causeiq.com/organizations/as-sahabah-cultural-association,260234610/",30.0,61.0,,,1809.0,census_geocoder,96823,7.793099145192488,2.31
1986,Masjid Al Wahyain,670 Payne Avenue,Saint Paul,MN,55130,44.96141862775,-93.07596590306,,,,https://www.masjidalwahyain.com/,,79.0,,,3403.0,census_geocoder,54130,24.364130742649976,3.02
1987,Quba Islamic Center Chaska,415 North Chestnut Street,Chaska,MN,55318,44.787471702694,-93.6012324854,,,,https://masmn.org/quba-islamic-center-of-chaska/,,79.0,,,3411.0,census_geocoder,112243,5.640157924421884,2.58
1988,Al-Itqaan Center,1 2119 16th Avenue South,Burnsville,MN,55337,44.7842267,-93.2514171,,,,https://www.alitqaan.org/,26.0,63.0,,,3421.0,nominatim,84110,10.533992897006597,2.44
1989,Dar-Us-Salam Burnsville,190 River Ridge Circle South,Burnsville,MN,55337,44.77733532412,-93.283716351206,,,,https://www.facebook.com/DCCMN/,44.0,48.0,,,3415.0,census_geocoder,84110,10.533992897006597,2.44
1990,Dar-Us-Salam Cultural Center,900 E 128th st,Burnsville,MN,55337,44.771734241023,-93.29022698128,,2005,,https://darusalam.org/about-us/,41.0,43.0,,,1066.0,census_geocoder,84110,10.533992897006597,2.44
1991,Madina Community Center,501 State Highway 13,Burnsville,MN,55337,44.776004307519,-93.282177171836,,,,,42.0,52.0,,,3414.0,census_geocoder,84110,10.533992897006597,2.44
1992,Madina Community Center,501 State Hwy 13 ,Burnsville,MN,55337,44.776004307519,-93.282177171836,,,,https://www.halaltrip.com/mosque-details/8793/madina-community-center/,42.0,52.0,,,3423.0,census_geocoder,84110,10.533992897006597,2.44
1993,Minnesota Islamic Center,12119 16th Avenue South,Burnsville,MN,55337,44.7845776097,-93.250861307495,,,,http://www.minnesotaislamiccenter.com/,28.0,58.0,,,3412.0,census_geocoder,84110,10.533992897006597,2.44
1994,The Islamic Institute of Minnesota - Burnsville Mosque,1351 Riverwood Drive,Burnsville,MN,55337,44.785304889732,-93.256695126629,,2008,,https://www.islamicinstituteofmn.org/#about,25.0,63.0,,,485.0,census_geocoder,84110,10.533992897006597,2.44
1995,Al-Amaan Community Center,5620 Smetana Drive,Minnetonka,MN,55343,44.901069738391,-93.404123722664,,2016,,https://www.startribune.com/minnetonka-approves-first-islamic-community-center/389676321,,32.0,,,2452.0,census_geocoder,83143,11.24986021545458,1.96
1996,eden prairie islamic center,11543 K-Tel Drive,Minnetonka,MN,55343,44.913310976885,-93.425234583534,,,,https://www.epislamiccenter.com/,,,,,3377.0,census_geocoder,83143,11.24986021545458,1.96
1997,Islamic Community Center of Minnesota,1429 Northeast 2nd Street,Eden Prairie,MN,55344,,,,1969,,http://www.islamiccentermn.org/icm/user/script_files/aboutus.asp,,30.0,,,3413.0,,89565,10.3720729780204,1.96
1998,Islamic Institute of Minnesota - Eden Prairie Mosque,6871 Flying Cloud Drive,Eden Prairie,MN,55344,44.880541919795,-93.412560021648,,1993,,"https://www.feelingblessed.org/organization/detail/iim#:~:text=The%20Islamic%20Institute%20of%20Minnesota,Altawba%20Mosque%20in%20Eden%20Prairie.",,,,,486.0,census_geocoder,89565,10.3720729780204,1.96
1999,Almarwa Islamic Center,6520 Eden Vale Blvd,Eden Prairie,MN,55346,44.886417303556,-93.455309517645,,2009,,"https://www.causeiq.com/organizations/irshad-islamic-center,264791012/",,17.0,,,1164.0,census_geocoder,135000,3.6833602584814216,2.74
2000,Maple Grove Masjid,10186 Lancaster Ln N,Maple Grove,MN,55369,45.140216486137,-93.402521629807,,-,No Basic Information,,,17.0,,,2457.0,census_geocoder,112144,5.07172131147541,2.39
2001,Samaha Islamic Center,214 Holmes Street South,Shakopee,MN,55379,44.797328808292,-93.526504322125,,2019,,https://www.twincities.com/2019/11/11/shakopee-planning-commission-approves-permit-for-downtown-mosque/,,76.0,,,553.0,census_geocoder,106312,6.258791869686653,2.71
2002,Samaha Islamic Center,214 Holmes Street South,Shakopee,MN,55379,44.797328808292,-93.526504322125,,,,https://www.samahaislamiccenter.org/contact,,76.0,,,3398.0,census_geocoder,106312,6.258791869686653,2.71
2003,Muslim Student Association (Minneapolis College),1501 Hennepin Ave,Minneapolis,MN,55403,44.973147759286,-93.284207481936,,,,https://msamctc.wixsite.com/msamctc,78.0,92.0,,,3385.0,census_geocoder,60873,16.063283099486114,1.41
2004,Nurul-Iman Institute,2219 Oakland Avenue,Minneapolis,MN,55404,44.960695618989,-93.266333698319,,-,Information Without Year,https://nuuruliimaan.net/,60.0,80.0,,,3384.0,census_geocoder,41940,32.06271471383671,2.00
2005,Nurul-Iman Mosque and Institute,2222 Park Avenue,Minneapolis,MN,55404,44.960669284071,-93.265197342518,,,,https://nuuruliimaan.net/,61.0,80.0,,,3383.0,census_geocoder,41940,32.06271471383671,2.00
2006,Tawfiq Islamic Center,2400 Minnehaha Avenue,Minneapolis,MN,55404,44.959073507324,-93.241974000408,,2006,,https://www.tawfiqic.org/,60.0,76.0,,,464.0,census_geocoder,41940,32.06271471383671,2.00
2007,Tibyan Community Center,2500 Minnehaha Avenue,Minneapolis,MN,55404,44.957291512811,-93.240754521257,,,,https://tibyancenter.org/,60.0,73.0,,,3380.0,census_geocoder,41940,32.06271471383671,2.00
2008,Masjid al Furqaan,1525 Glenwood Avenue,Minneapolis,MN,55405,44.980782250891,-93.299426346494,,2014,,"https://www.causeiq.com/organizations/al-furqaan-islaamic-center,271335906/",45.0,77.0,,,756.0,census_geocoder,73053,16.445024934694846,2.01
2009,Al- Hikmah Islamic Center,2323 East Franklin Avenue,Minneapolis,MN,55406,44.962692711257,-93.238021588088,,,,http://hikmahcenter.org/,64.0,86.0,,,3437.0,census_geocoder,93910,9.516089142919952,2.14
2010,Masjid Rawdah,2426 E 26th st,Minneapolis,MN,55406,44.955616303639,-93.237339088968,,2009,,"https://sahanjournal.com/religion/covid-19-restrictions-end-social-distancing-minnesota-mosques/#:~:text=A%20source%20of%20community,shoulder%2C%20in%20the%20traditional%20fashion.",56.0,80.0,,,1951.0,census_geocoder,93910,9.516089142919952,2.14
2011,Abuubakar As-Saddique Islamic Center,2824 13th ave S,Minneapolis,MN,55407,44.95152902174,-93.256351132287,,2006,,https://abuubakar.org/history/,60.0,83.0,,,843.0,census_geocoder,78464,17.423266795449667,2.51
2012,Mercy Center Masjid Alrahma,2647 Bloomington Avenue South,Minneapolis,MN,55407,44.95469154046,-93.252346398938,,1999,,https://mccminnesota.org/about-us/,60.0,82.0,,,457.0,census_geocoder,78464,17.423266795449667,2.51
2013,Alhikma Islamic Center,116 East 32nd Street,Minneapolis,MN,55408,44.945023307899,-93.276398018141,,,,https://alhikmaa.org/,64.0,83.0,,,3429.0,census_geocoder,70326,16.40074330385749,1.78
2014,Karmel Masjid,2910 S Pillsburg Ave Suite 200,Minneapolis,MN,55408,44.950256778123,-93.281422018596,,2012,,"https://www.causeiq.com/organizations/karmel-community-prayer-center,453736911/",64.0,88.0,,,1517.0,census_geocoder,70326,16.40074330385749,1.78
2015,Khalid Binu Walid Center,124 West Lake Street,Minneapolis,MN,55408,44.948416307665,-93.280147103485,,,,https://prayersconnect.com/mosques/84070154-khalid-binu-walid-center-minneapolis-minnesota-united-states,65.0,,,,3389.0,census_geocoder,70326,16.40074330385749,1.78
2016,Masjid Umatul Islam Center,3015 2Nd ave S,Minneapolis,MN,55408,44.948067695999,-93.274055041231,,1996,,https://religionsmn.carleton.edu/exhibits/show/masjid-an-nur/masjid-an-nur/history,63.0,89.0,,,1990.0,census_geocoder,70326,16.40074330385749,1.78
2017,Tayseer Center,115 E Lake St,Minneapolis,MN,55408,44.948292716028,-93.276442924447,,2012,,https://www.facebook.com/TayseerCenter/,65.0,89.0,,,3381.0,census_geocoder,70326,16.40074330385749,1.78
2018,Light Upon Light SUFI Center,3754 Pleasant Avenue,Minneapolis,MN,55409,44.934916821076,-93.283151257088,,,,http://lulsuficenter.org/,50.0,86.0,,,3388.0,census_geocoder,98305,7.752581120943952,2.07
2019,Masjid An-Nur,1729 North Lyndale Avenue,Minneapolis,MN,55411,44.996628376855,-93.288070262314,,1996,,https://religionsmn.carleton.edu/exhibits/show/masjid-an-nur/masjid-an-nur/history,54.0,85.0,,,562.0,census_geocoder,60225,23.991391259940176,2.77
2020,UthmanIslamic Center,2900 North Lyndale Avenue,Minneapolis,MN,55411,45.009571592074,-93.287913112425,,,,https://uthmanislamiccenter.com/,47.0,60.0,,,3379.0,census_geocoder,60225,23.991391259940176,2.77
2021,Al-Ansar Islamic Movement,1600 Lowry Avenue North,Minneapolis,MN,55412,45.01323487965,-93.29946345228,,2013,,"https://www.causeiq.com/organizations/al-ansar-islamic-movement-of-minnesota,260588972/",51.0,71.0,,,873.0,census_geocoder,68682,15.943664326312271,2.72
2022,Al-Wafaa Center,3315 North 2nd Street,Minneapolis,MN,55412,45.015188058941,-93.281034267204,,,,http://al-wafaa.org/,46.0,53.0,,,3430.0,census_geocoder,68682,15.943664326312271,2.72
2023,Al-Iman Mosque,1429 Northeast 2nd Street,Minneapolis,MN,55413,45.002330433832,-93.266033713605,,,,http://iccmn.us/v2/,44.0,86.0,,,3431.0,census_geocoder,85282,9.769995135848793,1.84
2024,Darul Mustafa Center,1723 Adams Street Northeast,Minneapolis,MN,55413,45.005952641156,-93.256232303233,,,,,48.0,68.0,,,3426.0,census_geocoder,85282,9.769995135848793,1.84
2025,ICBMN-Islamic Community of Bosniaks in Minnesota,668 Broadway Street Northeast,Minneapolis,MN,55413,44.998656707129,-93.254019867558,,,,http://icbmn.org/,55.0,82.0,,,3407.0,census_geocoder,85282,9.769995135848793,1.84
2026,Masjid Al-Iman/Islamic Community Center of Minnesota,1429 2Nd st N,Minneapolis,MN,55413,45.002330433832,-93.266033713605,,-,Information Without Year,https://www.mapquest.com/us/minnesota/al-ikhlas-mosque-474280967,,,,,1692.0,census_geocoder,85282,9.769995135848793,1.84
2027,Dar Omar Al-Farooq,983 17th ave Se,Minneapolis,MN,55414,44.987301008661,-93.228679267565,,1997,,https://www.facebook.com/p/Dar-Omar-Al-Farooq-100070909086623/,58.0,75.0,,,24.0,census_geocoder,51966,36.43661708880453,2.20
2028,Dar Omar Al-Farooq,983 17th Avenue Southeast,Minneapolis,MN,55414,44.987301008661,-93.228679267565,,,,http://daromaralfarooq.org/,58.0,75.0,,,3427.0,census_geocoder,51966,36.43661708880453,2.20
2029,Abu Huraira Mosque,3055 Old Highway 8,Minneapolis,MN,55418,45.023956590594,-93.209897773499,,,,,,29.0,,,3434.0,census_geocoder,99397,6.645447530864197,2.20
2030,Dar Al-Qalam Islamic Center,81 NE Lowry Ave,Minneapolis,MN,55418,45.013216297434,-93.268765195987,,2012,,http://daralqalam.org/about/history/,43.0,78.0,,,2459.0,census_geocoder,99397,6.645447530864197,2.20
2031,El Trebol Express Inc,2223 Central Avenue Northeast,Minneapolis,MN,55418,45.010135167227,-93.247244018947,,,,,48.0,91.0,,,3432.0,census_geocoder,99397,6.645447530864197,2.20
2032,Islamic Cultural Community Center / Masjid Al Huda,2534 Central Avenue North East,Minneapolis,MN,55418,45.013801029458,-93.247417295968,,2001,,https://www.ianaonline.org/organization/PjbzhHZm/al-huda-islamic-center,49.0,89.0,,,1688.0,census_geocoder,99397,6.645447530864197,2.20
2033,Masjid Salaama Cultural Center,3141 Central Ave NE,minneapolis,MN,55418,45.024715787566,-93.247205685177,,2011,,https://www.salaammasjid.org/,43.0,55.0,,,3399.0,census_geocoder,99397,6.645447530864197,2.20
2034,Salaam Cultural Center,3141 Central Avenue Northeast,Minneapolis,MN,55418,45.024715787566,-93.247205685177,,,,https://salaammasjid.org/,43.0,55.0,,,3390.0,census_geocoder,99397,6.645447530864197,2.20
2035,Dar Al Farooq Islamic Center,8201 Park Avenue South,Bloomington,MN,55420,44.855475385665,-93.265602427775,,2011,,https://en.wikipedia.org/wiki/Dar_Al-Farooq_Islamic_Center,,46.0,,,460.0,census_geocoder,82170,17.846613793962547,2.61
2036,Abu Khadra Masjid,4056 7th st Ne,Columbia Heights,MN,55421,45.041987121628,-93.257683175709,,1976,,https://www.facebook.com/abukhadramasjid/,41.0,65.0,,,841.0,census_geocoder,70772,14.542718827685464,2.40
2037,Building Blocks of Islam,3900 Jackson Street Northeast,Minneapolis,MN,55421,45.038299292474,-93.249964327367,,,,https://www.thebuildingblocks.org/,45.0,71.0,,,3428.0,census_geocoder,70772,14.542718827685464,2.40
2038,(Muslim Community Center) Al Rahman,8910 Old Cedar Avenue South #2049,Bloomington,MN,55425,44.842333801984,-93.247951421371,,1999,,https://thigmos.com/mcc-al-rahman/about,,55.0,,,2454.0,census_geocoder,76274,9.719765384973467,2.38
2039,Zawadi Prayer area,1701 American Boulevard East,Bloomington,MN,55425,44.859789569159,-93.251589697773,,,,https://www.instagram.com/reel/Cx_KCccR7ru/,,46.0,,,3419.0,census_geocoder,76274,9.719765384973467,2.38
2040,Masjid Ishaque,9220 Bass Lake Road,New Hope,MN,55428,45.058113540726,-93.394944775421,,,,No website,26.0,22.0,,,3376.0,census_geocoder,74860,14.050109001295377,2.45
2041,Al Hussain mosque,3300 62nd Avenue North,Minneapolis,MN,55429,45.06748123504,-93.323003163675,,,,https://www.masjidabuhuraira.org/,52.0,61.0,,,3433.0,census_geocoder,72253,11.630960867444564,2.70
2042,Imam Husain Islamic Center,6120 Brooklyn Blvd,Minneapolis,MN,55429,45.066100102547,-93.325908847364,,-,No Basic Information,,53.0,66.0,,,2462.0,census_geocoder,72253,11.630960867444564,2.70
2043,Masjid-Al-Ansar Islamic Community Center,4900 France Avenue North,Minneapolis,MN,55429,45.044662700487,-93.329556204693,,2022,,http://masjidalansarmn.com/,49.0,16.0,,,3387.0,census_geocoder,72253,11.630960867444564,2.70
2044,Al-Israa Mosque,6831 Hwy 65 NE,Fridley,MN,55432,45.0750081,-93.2457123,,2015,,"https://www.causeiq.com/organizations/masjid-al-israa,464946158/",35.0,35.0,,,2460.0,nominatim,79520,12.31392163868048,2.56
2045,Bilal Oromo Dawa Center,7200 University Avenue NE,Minneapolis,MN,55432,45.093712183666,-93.263703040756,,,,https://bilalodc.wixsite.com/bilalodcenter,37.0,49.0,,,3378.0,census_geocoder,79520,12.31392163868048,2.56
2046,Islamic Center of Minn,1401 Gardena ave Ne,Minneapolis,MN,55432,45.074893800532,-93.235032643411,,1987,,https://www.givemn.org/organization/Islamic-Center-Of-Minnesota,36.0,30.0,,,1287.0,census_geocoder,79520,12.31392163868048,2.56
2047,Nusrat Mosque - Ahmadiyya Community Minnesota Chapter,11450 Robinson Drive,Coon Rapids,MN,55433,45.178723704895,-93.311746912361,,,,,26.0,48.0,,,3409.0,census_geocoder,78054,10.795023073777674,2.40
2048,Baitul Maqdis Mosque,3680 Pheasant Ridge Drive Northeast,Blaine,MN,55434,45.161250888684,-93.171822275335,,,,,,15.0,,,3420.0,census_geocoder,90336,9.371090293247079,2.73
2049,Al Muhaajereen Wal Ansarr Islamic Studies & Community Center,7710 Brooklyn Boulevard,Brooklyn Park,MN,55443,45.094550617339,-93.358290946379,,,,,41.0,67.0,,,3418.0,census_geocoder,95082,10.168122532009093,2.80
2050,Masjid Ar-Rahim Islamic Community Center,5820 74th Avenue North,Brooklyn Park,MN,55443,45.089840233452,-93.353709756227,,,,https://masjiduarrahimmn.org/,41.0,67.0,,,3417.0,census_geocoder,95082,10.168122532009093,2.80
2051,Masjid Ibadur Rahman,6001 78th Avenue North,Brooklyn Park,MN,55443,45.096274988377,-93.357428335371,,,,,35.0,61.0,,,3416.0,census_geocoder,95082,10.168122532009093,2.80
2052,Somali community islamic center,6001 78th Avenue North,Minneapolis,MN,55443,45.096274988377,-93.357428335371,,,,https://prayersconnect.com/mosques/84020165-somali-community-islamic-center-minneapolis-minnesota-united-states,42.0,68.0,,,3382.0,census_geocoder,95082,10.168122532009093,2.80
2053,Brooklyn Park Islamic Center,2100 93rd Way,Brooklyn Park,MN,55444,45.123907968125,-93.308626993216,,2018,,"https://www.causeiq.com/organizations/brooklyn-park-islamic-center,471224348/",11.0,2.0,,,375.0,census_geocoder,117198,3.6142390119869234,3.21
2054,Anjaman Asghari Ja Afari Islamic Center,10301 Jefferson Hwy.,Brooklyn Park,MN,55445,45.1506418,-93.3962071,,1995,,https://mnjamaat.com/history-of-azm/,0.0,16.0,,,947.0,nominatim,104150,5.339769773486817,2.92
2055,Northwest Islamic Community Center - NWICC - Masjid Al-Kareem,3300 Plymouth Blvd,Plymouth,MN,55447,45.017854824028,-93.473128261597,,2014,,"https://www.causeiq.com/organizations/northwest-islamic-community-center,943486997/",20.0,55.0,,,2453.0,census_geocoder,133555,4.541476222892152,2.44
2056,MAS,12175 Aberdeen S,Blaine,MN,55449,45.191168498475,-93.233161999383,,2011,,https://masmn.org/blaine-masjid/,,59.0,,,664.0,census_geocoder,131832,4.485311261366285,2.91
2057,Muslim American Society,12175 Aberdeen Street Northeast,Minneapolis,MN,55449,45.191168498475,-93.233161999383,,,,No website,,57.0,,,3386.0,census_geocoder,131832,4.485311261366285,2.91
2058,Dar Al-Hijrah Islamic Civic Center,504 Cedar ave S,Minneapolis,MN,55454,44.968885857548,-93.24731840346,,2006,,https://www.mnhs.org/mnopedia/search/index/place/dar-al-hijrah-mosque-minneapolis,76.0,88.0,,,1050.0,census_geocoder,23100,51.39330703651864,1.99
2059,Darul-Quba,1501 S 6th St,Minneapolis,MN,55454,44.969142161118,-93.250972853006,,2023,,https://www.instagram.com/reel/CyPrldFs_L1/,76.0,83.0,,,1076.0,census_geocoder,23100,51.39330703651864,1.99
2060,Al-Madinah Cultural Center,300 Washington ave Se Rm. 217,Minneapolis,MN,55455,44.973746844651,-93.235828699639,,1999,,https://cultural-centers-cmu.umn.edu/al-madinah-cultural-center,69.0,79.0,,,899.0,census_geocoder,-666666666,100.0,2.00
2061,Islamic Center of The Twin Ports,145 E Winona st,Duluth,MN,55803,46.846945202783,-92.080473739294,,2001,,"https://www.duluthnewstribune.com/news/islamic-center-of-the-twin-ports-reaches-goal-to-pay-for-mosque-in-woodland#:~:text=successful%20fund%20drive.-,Area%20Muslims%20purchased%20the%20deed%20to%20the%20former%20Unitarian%20Universalist,at%20SMDC%20four%20years%20ago.",21.0,49.0,,,1361.0,census_geocoder,105888,6.880155820348305,2.33
2062,Masjid E Abu Huraira,538 6th Avenue Northwest,Rochester,MN,55901,44.028909432484,-92.470867237384,,,,http://www.masjidabuhuraira.org/,,79.0,,,3391.0,census_geocoder,94607,8.201843189275989,2.42
2063,Rochester Muslim Community Circle,331 16th Avenue Northwest,Rochester,MN,55901,44.027107499965,-92.48580171228,,,,https://rmccmn.org/,,67.0,,,3392.0,census_geocoder,94607,8.201843189275989,2.42
2064,Rumsa Islamic Center/Masjid Abu-Huraira,530 6th Avenue North WEst,Rochester,MN,55901,44.028834016482,-92.470864952061,,2010,,https://www.postbulletin.com/newsmd/second-mosque-opens-in-rochester,,79.0,,,2154.0,census_geocoder,94607,8.201843189275989,2.42
2065,Rochester Islamic Center,17 N Broadway,Rochester,MN,55904,44.023278831481,-92.463106859474,,1975,,"https://theicr.org/#:~:text=The%20Islamic%20Center%20of%20Rochester%20(ICR)%20was,classes%20*%20Programs%20for%20youth%20and%20adults",,94.0,,,2151.0,census_geocoder,77016,10.654532726636331,2.28
2066,Warsan Community Center / Masjid Al-Khair,310 14th Street Southeast,Rochester,MN,55904,44.00338965754,-92.458468151964,,,,https://www.instagram.com/masjidalkhair_mn/,,68.0,,,3406.0,census_geocoder,77016,10.654532726636331,2.28
2067,Islamic Center of Winona,"71 W 3rd St, Winona",Winona,MN,55987,44.052553446209,-91.6373727149,,2013,,https://www.islamiccenterofwinona.org/icw.html,,88.0,,,1378.0,census_geocoder,61624,18.823869475847893,2.17
2068,Dar Abi Bakr,329 E Plum st,Mankato,MN,56001,44.167783437011,-93.997966738195,,1998,,https://www.mankatofreepress.com/islamic-center-fills-area-need/article_a5eeaa90-509a-5c66-893f-4e6728b4bedd.html,,83.0,,,1046.0,census_geocoder,69531,19.039182992913712,2.32
2069,Dar Abi Bakr Islamic Center,329 East Plum Street,Mankato,MN,56001,44.167783437011,-93.997966738195,,,,,,83.0,,,3436.0,census_geocoder,69531,19.039182992913712,2.32
2070,Mankato Islamic Center,329 N Broad st,Mankato,MN,56001,44.16829213026,-93.997973188925,,2014,,https://www.mankatofreepress.com/islamic-center-fills-area-need/article_a5eeaa90-509a-5c66-893f-4e6728b4bedd.html,,86.0,,,1547.0,census_geocoder,69531,19.039182992913712,2.32
2071,Wisdom House of Mankato,222 East Walnut Street,Mankato,MN,56001,44.165754556485,-94.00199822756,,,,,,87.0,,,3435.0,census_geocoder,69531,19.039182992913712,2.32
2072,Islamic Center of St Peter,1403 North 5th Street,Saint Peter,MN,56082,44.342433081939,-93.959838858429,,2017,,https://www.southernminn.com/st_peter_herald/news/islamic-center-finds-permanent-home-in-st-peter/article_ace639b5-a0a6-434d-a557-296aebd7362d.html,,36.0,,,3400.0,census_geocoder,71456,14.211677058871164,2.33
2073,Islamic Society of Willmar,1112 Lake Avenue Northwest,Willmar,MN,56201,45.124227913982,-95.059232076895,,,,http://willmarmasjid.org/,,36.0,,,3393.0,census_geocoder,68804,11.942871213986702,2.47
2074,Central Minnesota Islamic Center - Masjid Imaam Al-Shaafi'i,390 4th Avenue South,st Cloud,MN,56301,45.556213536962,-94.153163817797,,2013,,https://projects.propublica.org/nonprofits/organizations/451840178,,78.0,,,695.0,census_geocoder,73142,20.561310527583714,2.62
2075,Islamic Center of St Cloud,375 5th Avenue South,St. Cloud,MN,56301,45.556362127867,-94.154727421181,,,,https://www.facebook.com/ICSCmn/,,79.0,,,3394.0,census_geocoder,73142,20.561310527583714,2.62
2076,Islamic Center of St Cloud,712-722 17th Avenue South,St. Cloud,MN,56301,45.552842356032,-94.171027587427,,,,https://www.facebook.com/ICSCmn/,,76.0,,,3395.0,census_geocoder,73142,20.561310527583714,2.62
2077,Iqra Education Center MOSQUE / MASJID (basement),3316 3rd Street North,St. Cloud,MN,56303,45.558564693829,-94.198458479965,,,,https://iqramn.org/,,71.0,,,3396.0,census_geocoder,65198,16.424297658200263,2.21
2078,Hikmah Center,1338 15th Avenue Southeast,St. Cloud,MN,56304,45.551720198801,-94.131624115621,,,,http://hikmahmn.com/,,30.0,,,3397.0,census_geocoder,58148,16.53634697617593,2.27
2079,Moorhead Fargo Islamic Center,2215 12th Ave S,Moorhead,MN,56560,46.86211570969,-96.745204301932,,2013,,https://theconcordian.org/islamic-society-of-fargo-moorhead-welcomes-all/,,24.0,,,2850.0,census_geocoder,75406,15.73108856088561,2.29
2080,Al-Huda Islamic Center,1401 Central Ave NW,East Grand Forks,MN,56721,47.9473826,-97.0206069,,2018,,"https://www.grandforksherald.com/lifestyle/more-than-welcome-here-two-local-mosques-to-host-open-houses-for-neighbors#:~:text=Al%2DHuda%20first%20opened%20its,Lanes%20about%20five%20months%20ago.",,70.0,,,696.0,nominatim,82525,10.847009998113563,2.59
2081,East Grand Forks Islamic Center,1500 5th Avenue Northeast,East Grand Forks,MN,56721,47.940060704224,-97.012348976387,,,,https://www.facebook.com/EGFislam/,,37.0,,,3408.0,census_geocoder,82525,10.847009998113563,2.59
2082,Daar-Ul-Islam/Islamic Foundation of Greater Saint Louis,517 Weidman Road,Ballwin,MO,63011,38.603965066057,-90.494709842153,,1995,,https://en.wikipedia.org/wiki/List_of_mosques_in_the_United_States,,34.0,,,274.0,census_geocoder,124454,4.966592427616927,2.49
2083,Dar Al-Zahra Shiia,721 Strecker rd,Wildwood,MO,63011,38.615931294283,-90.617249559429,,-,No Basic Information,,,5.0,,,1051.0,census_geocoder,124454,4.966592427616927,2.49
2084,IFGSTL Funeral Home (adjacent to masjid)(waiting lobby),1301 Wickstead Road,Manchester,MO,63011,38.602615328717,-90.496395347713,,,,,,34.0,,,3288.0,census_geocoder,124454,4.966592427616927,2.49
2085,AlManara Mosque,929 Big Bend Rd,Ballwin,MO,63021,38.567867181219,-90.509036948819,,2012,,https://www.masjidalmanara.com/history/,0.0,35.0,,,2480.0,census_geocoder,120177,5.440924271143605,2.50
2086,Anjuman-e-AhleBayt - Zainabiya Imambargah,16801 Manchester Road,Wildwood,MO,63040,38.577886605653,-90.628870413305,,,,,,53.0,,,3273.0,census_geocoder,133220,1.9384398496240602,2.74
2087,Zainabiya STL,16801 Manchester Road,Wildwood,MO,63040,38.577886605653,-90.628870413305,,1999,,https://zainabiyastl.org/our-building/,,53.0,,,3272.0,census_geocoder,133220,1.9384398496240602,2.74
2088,Islamic Center of Hazelwood (Dar Aljalal Masjid),8945 Dunn Road,Hazelwood,MO,63042,38.777389,-90.346472,,2012,,https://patch.com/missouri/hazelwood/a-muslim-school-is-opening-in-hazelwood-at-dar-aljala03094b20ca,32.0,26.0,,,302.0,nominatim,49453,17.874477932046506,2.07
2089,Al Qouba Masjid,1925 Allen ave,Saint Louis,MO,63104,38.61008317693,-90.21402893269,,2001,,http://masjidqooba.org/#about,41.0,83.0,,,864.0,census_geocoder,68764,19.475378687918933,1.91
2090,Al Taqwa Mosque,1947 Gravois Ave,Saint Louis,MO,63104,38.607299878328,-90.216492919422,,2016,,https://www.stlaltaqwacenter.org/about-us,41.0,83.0,,,2481.0,census_geocoder,68764,19.475378687918933,1.91
2091,Al-Mu'minun Masjid,1434 North Grand Boulevard,Saint Louis,MO,63106,38.647517383675,-90.226271934706,,1958,,https://muse.jhu.edu/pub/2/article/981490/pdf,46.0,77.0,,,593.0,census_geocoder,20679,47.1501044464339,1.96
2092,Bilal Ibn Rabaah Mosque,3843 W Pine Mall Blvd,St. Louis,MO,63108,38.637281103219,-90.24005991694,,,,,53.0,74.0,,,3276.0,census_geocoder,55147,24.2866269165247,1.61
2093,Masjid Bilal Ibn Rabah/Islamic Center of Greater st Louis,3843 West Pine Street,Saint Louis,MO,63108,,,,1974,,https://islamstl.org/about-us/,53.0,74.0,,,1847.0,,55147,24.2866269165247,1.61
2094,Hazrat Abu Bakr Masjid,4700 South Grand Boulevard,Saint Louis,MO,63111,38.574498519746,-90.249263822182,,2007,,https://www.facebook.com/masjidabubakrsiddiqstl,40.0,75.0,,,301.0,census_geocoder,47039,20.218166108651044,2.05
2095,Northwest Islamic Center of Saint Louis (NICSTL),10543 Lackland Rd,Saint Louis,MO,63114,38.696616591105,-90.393034363419,,2003,,https://nwicstl.com/about-us,,33.0,,,2478.0,census_geocoder,55870,14.331427216971349,2.24
2096,Masjid Al-Tauheed,5010 San Francisco Avenue,Saint Louis,MO,63115,38.6783191,-90.2531827,,1998,,https://www.al-tauheed.net/about,41.0,73.0,,,1769.0,nominatim,30622,35.022592978797356,2.08
2097,Islamic Community Center (Madina Mosque),4666 Lansdowne Ave,Saint Louis,MO,63116,38.587286842776,-90.273181318523,,2010,,https://en.wikipedia.org/wiki/St._Louis_Islamic_Center,40.0,80.0,,,2479.0,census_geocoder,61433,17.365811802841073,2.11
2098,Grand Islamic Center of Saint Louis,1519 4 Street Northwest,Saint Louis,MO,63118,38.7135955,-90.2355782,,2023,,https://grandmasjid.com/about-us,54.0,70.0,,,34.0,nominatim,57762,22.963280580026506,2.11
2099,Resalat Community Center,3418 Meramec st,Saint Louis,MO,63118,38.580700780687,-90.242847934579,,2012,,https://www.charitynavigator.org/ein/800308764,44.0,79.0,,,2146.0,census_geocoder,57762,22.963280580026506,2.11
2100,Baitul Hafeez Mosque,4529 Emerson Avenue,Saint Louis,MO,63120,38.690192001082,-90.253845342582,,2014,,https://www.news-leader.com/story/news/2014/01/21/new-imam-building-bridges-in-community/4685083/,36.0,25.0,,,591.0,census_geocoder,35176,37.013372956909365,2.38
2101,Saint Louis Islamic Center,9528 Reavis Barracks Rd,Saint Louis,MO,63123,38.536220878981,-90.321704893861,,2010,,"https://www.causeiq.com/organizations/st-louis-islamic-center,272020309/",0.0,39.0,,,2476.0,census_geocoder,77055,7.857259780651497,2.25
2102,Ahiska Turkish Islamic Center,3400 Lemay Ferry Road,St. Louis,MO,63125,38.512231796992,-90.317800469107,,,,,31.0,56.0,,,3277.0,census_geocoder,61624,10.853654738546826,2.37
2103,Bosnian Islamic Center Masjid,318 Lemay Ferry,Saint Louis,MO,63125,38.54219882519,-90.276581914622,,2010,,http://www.bicstl.com/language/en/about-us/,33.0,61.0,,,19.0,census_geocoder,61624,10.853654738546826,2.37
2104,Resalat Community Center,2716 Telegraph Road,St. Louis,MO,63125,38.510117734013,-90.292601322599,,,,,19.0,63.0,,,3275.0,census_geocoder,61624,10.853654738546826,2.37
2105,Islamic Center of South County,627 Forder Rd,Saint Louis,MO,63129,38.49024129953,-90.312991115784,,2017,,https://www.charitynavigator.org/ein/272004987,,15.0,,,1345.0,census_geocoder,94888,6.571863295880149,2.41
2106,Muslim Jamat of Saint Louis,6809 E Florissant ave,Saint Louis,MO,63136,38.716507936867,-90.2596239535,,2004,,"https://www.causeiq.com/organizations/muslims-jamat,431895969/",,60.0,,,2102.0,census_geocoder,41154,27.288754252228543,2.33
2107,West Florissant Islamic Center,5762 Jennings Station Road,St. Louis,MO,63136,38.716988121344,-90.261712579633,,,,,,54.0,,,3274.0,census_geocoder,41154,27.288754252228543,2.33
2108,Muhammad Mosque #28,5967 West Florissant Avenue,Saint Louis,MO,63147,38.708571799033,-90.250936459134,,2010,,"https://www.stlamerican.com/news/community-news/minister-farrakhan-to-dedicate-mosque-28-in-north-st-louis-on-sunday/#:~:text=Stay%20Informed%2C%20Stay%20Empowered%20in,visit%20www.MuhammadMosque28.org.",38.0,67.0,,,592.0,census_geocoder,41182,33.27856420626895,2.19
2109,Dar ul Iman Mosque,"5145 Westwood Dr,",Saint Charles,MO,63304,38.731443036503,-90.642665781243,,2013,,https://mccstc.org/about-us/,,35.0,,,804.0,census_geocoder,114442,3.483454173638223,2.65
2110,Islamic Center of Cape Girardeau,298 N West End Blvd,Cape Girardeau,MO,63701,37.307836727943,-89.535710572408,,2022,,https://www.kfvs12.com/2023/10/12/cape-girardeau-islamic-center-transforms-new-mosque-into-forever-home/,,78.0,,,1217.0,census_geocoder,66654,16.976337504781682,2.30
2111,Islamic Center Of Blue Springs,217 Southeast South Avenue,Blue Springs,MO,64014,39.01291821605,-94.26182944714,,,,,,,,,3287.0,census_geocoder,90337,8.818169073321183,2.58
2112,Islamic Center of Warrensburg,143 E Culton Street,Warrensburg,MO,64093,38.764078058296,-93.739334164068,,1992,,https://www.gofundme.com/f/mfutyh,,89.0,,,707.0,census_geocoder,61094,13.791848617176129,2.26
2113,Al Taqwa Islamic Center of Kansas City,1340 Admiral Blvd,Kansas City,MO,64106,39.105390965137,-94.565882538632,,2003,,https://www.altaqwacenter.org/our-history/,55.0,65.0,,,2389.0,census_geocoder,52564,41.52073732718894,1.92
2114,Inshirah Islamic Center,3664 Troost,Kansas City,MO,64109,39.059381016232,-94.572005623802,,1992,,https://alinshirahkc.com/about-us,,,,,1157.0,census_geocoder,41943,28.80239520958084,1.98
2115,Masjid Anas Bin Malik Kansas City MO/Masjid Al-Ghurabaa,2904 Park Ave,Kansas City,MO,64109,39.073468539302,-94.55618405041,,2013,,https://www.causeiq.com/directory/islamic-organizations-list/kansas-city-mo-ks-metro/,,30.0,,,2392.0,census_geocoder,41943,28.80239520958084,1.98
2116,Islamic Center Bosnjak,3607 North Antioch Road,Kansas City,MO,64117,39.159525505042,-94.546661287556,,,,,22.0,38.0,,,3284.0,census_geocoder,59601,20.236257466944092,2.34
2117,Islamic Center of North Kansas City - Masjid Al Salaam,4342 N Antioch Rd,Kansas City,MO,64117,39.173531640089,-94.549090969153,,2015,,https://masjidalsalaamkc.org/,22.0,41.0,,,2388.0,census_geocoder,59601,20.236257466944092,2.34
2118,Masjid Al-Huda Center,141 Van Brunt Boulevard,Kansas City,MO,64123,39.111984404791,-94.525625963042,,2011,,https://alhudakc.org/history-of-al-huda-center/,36.0,58.0,,,639.0,census_geocoder,54443,14.235485807392163,2.81
2119,Noor Ul Yaqeen Islamic Center,134 North Hardesty Avenue,Kansas City,MO,64123,39.11311379561,-94.518717594811,,,,,33.0,48.0,,,3281.0,census_geocoder,54443,14.235485807392163,2.81
2120,Al-Kahf Center,4206 E 9th st,Kansas City,MO,64124,39.102002409878,-94.532909808328,,-,No Basic Information,,40.0,55.0,,,896.0,census_geocoder,46241,21.44757361709935,2.60
2121,Burmese Muslim Association of Kansas City,2637 East 9th Street,Kansas City,MO,64124,39.102404751722,-94.55077590929,,,,,47.0,72.0,,,3285.0,census_geocoder,46241,21.44757361709935,2.60
2122,Masjidu Nuur Islamic Center (Ahlu Sunnah),2639E E 11th St,Kansas City,MO,64127,39.100564438786,-94.550867246067,,2014,,"https://www.causeiq.com/organizations/masjidu-nuur-islamic-community-center,300681135/",47.0,67.0,,,2396.0,census_geocoder,33111,40.91170383996321,2.34
2123,Masjid Omar,2700 E 49th st,Kansas City,MO,64130,39.03737638298,-94.553312215443,,1950,,https://theclio.com/entry/154490,41.0,28.0,,,1937.0,census_geocoder,42221,25.95177013853258,2.21
2124,Al-Inshirah Islamic Center,3664 Troost Avenue,Kansas City,MO,64131,39.059381016232,-94.572005623802,,1992,,https://alinshirahkc.com/about-us,48.0,74.0,,,633.0,census_geocoder,64201,9.891542149606666,2.16
2125,Al-Haqq Islamic Center,6941 Prospect,Kansas City,MO,64132,39.00053450128,-94.556703411231,,2006,,https://alhaqqic.com,40.0,50.0,,,883.0,census_geocoder,45622,28.10296491377113,2.37
2126,Masjid Al-Khair,6920 Prospect Avenue,Kansas City,MO,64132,39.001047936306,-94.556824168812,,,,,41.0,42.0,,,3282.0,census_geocoder,45622,28.10296491377113,2.37
2127,Islamic Society of Kansas City (ISGKC),8501 East 99 Street,Kansas City,MO,64134,38.944349078971,-94.491276595163,,,,,0.0,22.0,,,3283.0,census_geocoder,58170,16.791340315057642,2.59
2128,Islamic Society of the Greater Kansas City (ISGKC),8501 E 99 St,Kansas City,MO,64134,38.944349078971,-94.491276595163,,1984,,https://pluralismarchive.hsites.harvard.edu/islamic-society-greater-kansas-city,0.0,21.0,,,2390.0,census_geocoder,58170,16.791340315057642,2.59
2129,Muslim American Society,9520 James A Reed Road,Kansas City,MO,64134,38.951380240118,-94.494142832181,,,,,20.0,39.0,,,3280.0,census_geocoder,58170,16.791340315057642,2.59
2130,Islamic Center of Northland (ICNKC),8801 North Central Street,Kansas City,MO,64155,39.253621997813,-94.583730686763,,2010,,https://icnkc.org/about/#:~:text=8801%20N%20Central%20St%2C%20Kansas,23.0,38.0,,,2395.0,census_geocoder,97471,7.330866438595267,2.57
2131,Al Tawheed Islamic Center of Saint Joseph Missouri,310 North 13th Street,Saint Joseph,MO,64501,39.768385171004,-94.844220769388,,,,,,73.0,,,3271.0,census_geocoder,46731,24.148190805259624,2.43
2132,Islamic Center of Greater Saint Joseph,2325 Messanie Street,Saint Joseph,MO,64501,39.762520355318,-94.832504112813,,2010,,https://icstj.org/masjid-history/,,50.0,,,666.0,census_geocoder,46731,24.148190805259624,2.43
2133,Islamic Center of st Joseph,2325 Messanie st,st Joseph,MO,64501,39.762520355318,-94.832504112813,,2008,,https://icstj.org/masjid-history/,,50.0,,,1351.0,census_geocoder,46731,24.148190805259624,2.43
2134,Islamic Society of Joplin,1805 W 32nd St,Joplin,MO,64804,37.055453664532,-94.536422553683,,2007,,https://www.causeiq.com/directory/islamic-organizations-list/joplin-mo-metro/,,36.0,,,1470.0,census_geocoder,62574,12.857299610467987,2.41
2135,Islamic Society of Noel,116 Railroad Street,Noel,MO,64854,36.545325721836,-94.485618045773,,,,,,41.0,,,3279.0,census_geocoder,44490,17.03476482617587,3.03
2136,West Chotokhata Jame Mosque,"West Chotokhata Jame Mosque, Jane, MO 64856, USA",Jane,MO,64856,,,,,,,,11.0,,,3286.0,,45513,15.821850393700787,2.60
2137,Jefferson City Muslim Community (JCMC - Islamic Center-Central Missouri),5124 Moreau Ridge Rd,Jefferson City,MO,65109,38.510672284158,-92.251654973014,,1991,,https://jeffersonmosque.weebly.com/about.html,,0.0,,,2477.0,census_geocoder,74694,8.54540979571745,2.35
2138,Islamic Center of Central Missouri (ICCM),201 S 5th St,Columbia,MO,65201,38.954219210468,-92.331845367587,,1983,,https://theiccm.org/,,95.0,,,2474.0,census_geocoder,48113,34.18438354849547,2.13
2139,Islamic Center of Rolla,1306 N Elm st,Rolla,MO,65401,37.954290081163,-91.7704457692,,2010,,https://www.rollamasjid.org/icrm-history,,81.0,,,1335.0,census_geocoder,56081,17.21423568259898,2.35
2140,Islamic Center of Springfield Missouri (ICSM),2151 E Division St,Springfield,MO,65803,37.225312412263,-93.252559148263,,2000,,"https://www.causeiq.com/organizations/islamic-center-of-springfield-missouri,431868499/",,20.0,,,2475.0,census_geocoder,50572,17.95856445266202,2.33
2141,Abou Ben Adhem Shrine Mosque,601 East Saint Louis Street,Springfield,MO,65806,37.208918466888,-93.286523941699,,,,,,88.0,,,3278.0,census_geocoder,28165,45.92294600030946,1.78
2142,ABRAHAM HOUSE OF GOD AND CEMETERY,4600 Church Rd,Horn Lake,MS,38637,34.933486737637,-90.070537010823,,2019,,https://www.abrahamhouseofgod.com/,,4.0,,,2469.0,census_geocoder,53311,19.013310075461682,2.64
2143,DESOTO ISLAMIC CENTER. AND CEMETERY Ã™Â…Ã˜Â³Ã˜Â¬Ã˜Â¯ Ã˜Â³Ã™ÂŠÃ˜Â¯Ã™Â†Ã˜Â§ Ã˜Â¥Ã˜Â¨Ã˜Â±Ã˜Â§Ã™Â‡Ã™ÂŠÃ™Â…,4600 Church Road,Horn Lake,MS,38637,34.933486737637,-90.070537010823,,,,,,4.0,,,3292.0,census_geocoder,53311,19.013310075461682,2.64
2144,Oxford Masjid,401 McElroy Drive,Oxford,MS,38655,34.38079022521,-89.5420169521,,1999,,https://www.arabnews.com/muslims-mississippi-playing-vital-role,,18.0,,,662.0,census_geocoder,68235,19.368485996959215,2.73
2145,Oxford Mosque,403 McElroy Drive,Oxford,MS,38655,34.380780859064,-89.542068099994,,,,,,26.0,,,3291.0,census_geocoder,68235,19.368485996959215,2.73
2146,MSA Mosala,133 Dormitory Row West,University,MS,38677,34.3668309,-89.5398502,,,,,,33.0,,,3290.0,nominatim,-666666666,,-666666666.00
2147,Greenville Masjid,"Greenville, MS 38703, USA",Greenville,MS,38703,,,,,,,,62.0,,,3293.0,,44291,24.02135231316726,2.49
2148,"The Islamic Society of Delta Mississippi (Cleveland, Mississippi)",672 MS-446,Boyle,MS,38730,33.703998120795,-90.735294131766,,-,No Basic Information,,,27.0,,,2468.0,census_geocoder,73938,25.077017868145408,2.67
2149,Masjid Bilal,202 Green St W,Mound Bayou,MS,38762,33.878421481197,-90.726693072772,,-,No Basic Information,No Website,,16.0,,,1838.0,census_geocoder,27000,41.27408993576017,2.33
2150,The New Nation of Islam,5306 Red Lick Rd,Lorman,MS,39096,,,,1999,,"https://www.causeiq.com/organizations/muhammads-university-of-the-new-islam,311630853/",,0.0,,,2470.0,,48864,13.272311212814644,2.57
2151,Magnolia Islamic Center,1465 Hwy 51,Madison,MS,39110,32.49080876952,-90.096356429067,,2012,,https://www.arabnews.com/muslims-mississippi-playing-vital-role,,0.0,,,1539.0,census_geocoder,125506,3.5128618965070633,2.72
2152,Islamic Center of Vicksburg,6705 Paxton rd,Vicksburg,MS,39180,32.337661844026,-90.826353270499,,2003,,https://www.arabnews.com/muslims-mississippi-playing-vital-role,,20.0,,,1367.0,census_geocoder,56837,18.63971767725377,2.48
2153,International Museum of Muslim Cultures,201 East Pascagoula Street,Jackson,MS,39201,32.297839027781,-90.186485231135,,,,,36.0,50.0,,,3295.0,census_geocoder,59063,15.744157441574416,1.19
2154,Masjid Umar Bin Khattab,2533 Old Mcdowell rd,Jackson,MS,39204,32.270460980959,-90.253466682211,,2006,,https://www.arabnews.com/muslims-mississippi-playing-vital-role,18.0,15.0,,,1988.0,census_geocoder,30237,43.58280501005103,2.37
2155,Masjid Muhammad Islamic Comple,6100 Floral Drive,Jackson,MS,39206,32.395908859293,-90.170535953645,,1998,,https://www.arabnews.com/muslims-mississippi-playing-vital-role,17.0,8.0,,,2463.0,census_geocoder,42686,25.902335456475583,2.27
2156,Islamic Center of Mississipi and Alabama,4329 Hwy 45 N,Meridian,MS,39301,32.402665625527,-88.664646511806,,2015,,https://www.intellispect.co/organizations/471627345-islamic-center-of-mississippi-&-alabama-inc,,2.0,,,2471.0,census_geocoder,41766,27.8177694507445,2.33
2157,Islamic Center of Hattiesburg/Masjid Al Huda,211 N 25th Ave,Hattiesburg,MS,39401,31.326809420088,-89.327711362697,,2008,,https://prayersconnect.com/mosques/84054314-islamic-center-of-hattiesburg-hattiesburg-mississippi-united-states,,80.0,,,2464.0,census_geocoder,41127,31.11342868494239,2.26
2158,Oak Grove Musalla,4956 Old Hwy 11 No.1A,Hattiesburg,MS,39402,31.289634310133,-89.412645518528,,-,Information Without Year,https://ogchurch.life/our-history/,,28.0,,,2125.0,census_geocoder,75220,14.662221521411034,2.52
2159,Masjid Al Halim,16 Al-Halim Rd,Sumrall,MS,39482,,,,1995,,https://www.7cups.com/local/us/ms/sumrall/faith/masjid-al-halim-new-66325702782,,0.0,,,1594.0,,64321,16.234023973962056,2.73
2160,Biloxi Islamic Center,205 Keller Avenue,Biloxi,MS,39501,30.399767087018,-88.878370092473,,1996,,"https://www.causeiq.com/organizations/american-muslim-mission-center-of-biloxi,640749564/",,59.0,,,479.0,census_geocoder,34758,32.20603777052796,2.48
2161,Gulfport Islamic Center,4226 Central St,Gulfport,MS,39501,30.360879779183,-89.112553217236,,2012,,https://prayersconnect.com/mosques/84051776-gulfport-islamic-center-gulfport-mississippi-united-states,,37.0,,,2465.0,census_geocoder,34758,32.20603777052796,2.48
2162,Keesler Air Force Base Islamic Center,2003 Meadows Dr,Biloxi,MS,39534,30.408226816667,-88.913450800816,,-,Information Without Year,https://discover.biloxi.ms.us/keesler-air-force-base/,,33.0,,,2467.0,census_geocoder,-666666666,,-666666666.00
2163,Hickory Hill Country Club and Resort,900 Hickory Hill Drive,Gautier,MS,39553,30.459164167579,-88.62509023373,,,,,,8.0,,,3294.0,census_geocoder,57460,17.735205970500086,2.57
2164,Fallou,2 Fallout Lane,Woodville,MS,39669,,,,,,,,9.0,,,3289.0,,27364,33.34464043419268,1.75
2165,Islamic Center of Mississippi,204 Herbert St,Starkville,MS,39759,33.464001560608,-88.802410739194,,1998,,https://www.arabnews.com/muslims-mississippi-playing-vital-role,,60.0,,,1288.0,census_geocoder,46398,26.069687239862056,2.08
2166,Billings Islamic Center,630 Logan Ln,Billings,MT,59105,45.82102383175,-108.470375330903,,2011,,https://www.iqrasense.com/islam-in-america/muslims-in-billings-montana-usa-islamic-centers-and-mosques.html,,55.0,,,992.0,census_geocoder,78014,8.540337283500456,2.55
2167,Islamic Center of Bozeman,301 N 15th Ave,Bozeman,MT,59715,45.682198334772,-111.05702070843,,2006,,https://prayersconnect.com/mosques/84042062-islamic-center-of-bozeman-bozeman-montana-united-states,,72.0,,,1212.0,census_geocoder,88407,15.062679183765248,2.21
2168,Missoula Islamic Society,715 Kensington Ave #17,Missoula,MT,59801,46.85327346962,-114.008135483054,,2022,,"https://www.causeiq.com/organizations/montana-islamic-society,842786732/",41.0,60.0,,,2839.0,census_geocoder,58347,15.409415402835805,2.02
2169,Annoor Islamic Center,1435 Lake Cottage rd,Clemmons,NC,27012,36.075235147975,-80.386845162571,,2004,,https://clemmonsislamiccenter.org/about-us/,,37.0,,,948.0,census_geocoder,96250,7.721510629869273,2.43
2170,Masjid Ul Muminun,1500 Harriet Tubman Dr.,Winston-Salem,NC,27105,36.113668857161,-80.238124779571,,1980,,https://www.masjidalmuminun336.org/,,39.0,,,1980.0,census_geocoder,44080,27.0842677031943,2.65
2171,Community Mosque of Winston-Salem,1419 Waughtown st,Winston-Salem,NC,27107,36.068684988382,-80.207999854348,,1992,,https://communitymosque.com/our-history,,40.0,,,1036.0,census_geocoder,60729,19.337834636342098,2.64
2172,Islamic Center of Asheboro,203 Brittian st,Asheboro,NC,27203,35.734544768485,-79.807121228887,,-,Information Without Year,(336) 521-0690,,35.0,,,958.0,census_geocoder,46336,22.988556145043187,2.36
2173,Islamic Center of Asheboro,203 Brittain Street,Asheboro,NC,27203,35.734544768485,-79.807121228887,,-,No Basic Information,,,35.0,,,2791.0,census_geocoder,46336,22.988556145043187,2.36
2174,Burlington Mosque,1908 S Mebane St,Burlington,NC,27215,36.073375558636,-79.45696504495,,-,No Basic Information,,,27.0,,,2543.0,census_geocoder,68825,9.549792442333205,2.29
2175,Islamic Center of Triad,1203 Francis Daily Court,Greensboro,NC,27235,36.1087019,-79.9861771,,2018,,http://www.islamiccenterofthetriad.com/,,11.0,,,391.0,nominatim,101173,4.014884449667059,2.24
2176,Islamic Center of High Point,200 W Market Center Dr,High Point,NC,27260,35.938584039092,-79.999594022758,,1996,,https://icohp.org/About.html,,41.0,,,2548.0,census_geocoder,42308,29.718179252509774,2.50
2177,TMC - Triad Muslim Community Masjid Al-Noor,645 Greensboro Road,High Point,NC,27260,35.98685268258,-79.969404939646,,2015,,https://www.triadmuslims.org,,26.0,,,2807.0,census_geocoder,42308,29.718179252509774,2.50
2178,Community Mosque of High Point,222 Spring Hill Church rd,High Point,NC,27262,35.969880248142,-80.052866797657,,2010,,"https://www.causeiq.com/organizations/community-mosque-of-high-point,561706376/",,1.0,,,1035.0,census_geocoder,65006,18.83469968211477,2.48
2179,Islamic Society of High Point,2759 Allen Jay Road,High Point,NC,27263,35.926403968654,-79.960287713286,,-,No Basic Information,,,23.0,,,2800.0,census_geocoder,55801,9.66095345134401,2.57
2180,Muslim Community Center of Jamestown (MCCJ),5043 Harvey Road,Jamestown,NC,27282,35.972913602183,-79.928142710164,,-,No Basic Information,,,11.0,,,2811.0,census_geocoder,91512,6.001132289111153,2.34
2181,Islamic Center of Reidsville,513 S Main Street,Reidsville,NC,27320,36.356079441596,-79.6660334611,,-,No Basic Information,,,62.0,,,2806.0,census_geocoder,56647,16.768220305452246,2.31
2182,Al Awda to Allah Masjid,1360 Osgood Road,Sanford,NC,27330,35.552258032482,-79.13073744536,,-,Information Without Year,,,0.0,,,2813.0,census_geocoder,61300,17.926826141578854,2.58
2183,Islamic Center of Sanford,403 W Makepeace Street,Sanford,NC,27330,35.468436035703,-79.17029053904,,-,No Basic Information,,,56.0,,,2799.0,census_geocoder,61300,17.926826141578854,2.58
2184,Paif Center,1315 NC-61,Whitsett,NC,27377,36.057078316662,-79.568363957208,,-,No Basic Information,,,10.0,,,2814.0,census_geocoder,90181,12.016536518144235,2.55
2185,Islamic Center of Greensboro,2023 16th Street,Greensboro,NC,27405,36.106878754145,-79.758474422161,,2000,,https://icgmasjid.org/history/,,34.0,,,1253.0,census_geocoder,47431,21.923979003015525,2.58
2186,Masjid Ahl Al-Sunnah,2911 E Market Street,Greensboro,NC,27405,36.08204369951,-79.745765126799,,1996,,https://prayersconnect.com/mosques/84091913-masjid-ahlus-sunnah-greensboro-north-carolina-united-states,,47.0,,,1582.0,census_geocoder,47431,21.923979003015525,2.58
2187,ICT - Islamic Center of the Triad,1203 Frances Daily Ct,Greensboro,NC,27409,,,,1994,,https://icgmasjid.org/history/,,11.0,,,2539.0,,60281,16.540923639689073,1.98
2188,Masjid AlQuds,4930 Mary Street A,Greensboro,NC,27409,36.061779718875,-79.882207998488,,-,No Basic Information,,,31.0,,,2808.0,census_geocoder,60281,16.540923639689073,1.98
2189,Masjid Elquds,4390 Mary st,Greensboro,NC,27409,36.0617056,-79.8816133,,1982,,https://prayersconnect.com/mosques/84081741-masjid-al-quds-islamic-center-of-the-triad-greensboro-north-carolina-united-states,,29.0,,,1863.0,nominatim,60281,16.540923639689073,1.98
2190,Islamic Center of Apex,733 Center st,Apex,NC,27502,35.729402041053,-78.841447804267,,2009,,https://apexmosque.org/about-us/,,55.0,,,1200.0,census_geocoder,143922,2.2579711343616893,2.78
2191,Cary Masjid,1076 E Chatham st,Cary,NC,27511,35.789646758846,-78.749066941494,,2004,,https://www.carymasjid.org/about-us/,28.0,36.0,,,1021.0,census_geocoder,107860,9.426897759526542,2.43
2192,Islamic Center of Cary,1155 W Chatham St,Cary,NC,27511,35.771798942958,-78.803508873227,,2004,,https://ummahplaces.com/listing/islamic-center-of-cary/,0.0,33.0,,,2538.0,census_geocoder,107860,9.426897759526542,2.43
2193,Chapel Hill Islamic Society,103 Stateside Dr.,Chapel Hill,NC,27514,35.955239194387,-79.056589508219,,2017,,https://www.heraldsun.com/news/local/counties/orange-county/article158032369.html,35.0,36.0,,,1027.0,census_geocoder,92875,14.861824510761132,2.27
2194,Islamic Center of Clayton,4775 Barber Mill Road,Clayton,NC,27520,35.630266279317,-78.47778473329,,-,Information Without Year,,,5.0,,,2793.0,census_geocoder,86322,6.3006809848088,2.68
2195,Alnoor Islamic Center,6317 Sunset Lake Road,Fuquay-Varina,NC,27526,35.631848828269,-78.782158555038,,2020,,https://alnooric.org/history/,,18.0,,,723.0,census_geocoder,110017,5.335906956962688,2.71
2196,Almustafa Center,1613 Miriam Ave,Garner,NC,27529,35.694430214243,-78.640015292565,,1997,,https://www.facebook.com/groups/585112428607242/,,12.0,,,2804.0,census_geocoder,85716,9.012750455373405,2.56
2197,Islamic Center of Goldsboro,506 Fedelon Trail,Goldsboro,NC,27530,35.414834174024,-77.992275746055,,2012,,https://thigmos.com/islamic-center-of-goldsboro/about,,8.0,,,2788.0,census_geocoder,54504,19.223933649289098,2.31
2198,Masjid Al-Saliheen,522 S Slocumb st,Goldsboro,NC,27531,35.375901430251,-77.989742135955,,2000,,"https://www.causeiq.com/organizations/wayne-county-islamic-society,562097882/",,39.0,,,1761.0,census_geocoder,-666666666,100.0,-666666666.00
2199,Selma Islamic Center,108 East Fayetteville Street,Micro,NC,27555,35.558684914919,-78.203743201659,,-,Information Without Year,,,26.0,,,2802.0,census_geocoder,44531,22.887323943661972,2.51
2200,IAR Page Road,3104 Page Road,Morrisville,NC,27560,35.906622828962,-78.816904493084,,2001,,https://raleighmasjid.org/about-us/our-story/,,12.0,,,2812.0,census_geocoder,118417,3.994002851103574,2.43
2201,Islamic Center of Morrisville,107 Quail Fields Ct,Morrisville,NC,27560,35.809813206811,-78.822791347149,,2009,,https://www.icmnc.org,,56.0,,,1293.0,census_geocoder,118417,3.994002851103574,2.43
2202,Islamic Center of Smithfield,3020 South Brightleaf Boulevard,Smithfield,NC,27577,35.478753381549,-78.374324374734,,2014,,https://smithfieldmasjid.org,,24.0,,,2785.0,census_geocoder,62758,18.375779430546167,2.63
2203,Al-Salam Islamic Center,110 Lord Anson Dr,Raleigh,NC,27601,35.777991440812,-78.607211353023,,2012,,"https://alsalamfoundation.org/#:~:text=Al%20Salam%20Foundation%20is%20a%20non%2Dprofit%20Islamic,peaceful%20relations%20with%20people%20of%20other%20faiths**",44.0,63.0,,,915.0,census_geocoder,71350,20.233148661126503,1.79
2204,"The Mosque of the Late King Khalid bin Abdul-Aziz Al-Saud, Inc.",130 Martin Luther King Jr Blvd,Raleigh,NC,27601,35.769330165229,-78.638324202238,,1980,,https://ummahplaces.com/listing/the-mosque-of-the-late-king-khalid-bin-abdul-aziz-al-saud-inc/,69.0,78.0,,,2541.0,census_geocoder,71350,20.233148661126503,1.79
2205,Masjid An-Noor al-Muhammadi,3620 Tryon Rd,Raleigh,NC,27606,35.747232884021,-78.697556482065,,2009,,(708) 212-9101,32.0,12.0,,,2550.0,census_geocoder,78371,18.758179098896992,2.18
2206,Islamic Association of Raleigh,808 Atwater Street,Raleigh,NC,27607,35.789940966651,-78.690562906084,,1985,,https://raleighmasjid.org/about-us/our-story/,43.0,53.0,,,452.0,census_geocoder,96775,15.15470042502628,2.09
2207,Madinah Quran and Youth Center,1329 Ridge Road,Raleigh,NC,27607,35.804427117226,-78.68726424971,,2020,,https://www.mqyc.org/about/,39.0,54.0,,,2796.0,census_geocoder,96775,15.15470042502628,2.09
2208,As Salaam Islamic Center,1214 E Lenoir St,Raleigh,NC,27610,35.772211496306,-78.620288971947,,2003,,"https://www.causeiq.com/organizations/as-salaam-islamic-center,562195320/",52.0,63.0,,,451.0,census_geocoder,67932,15.72527654796688,2.73
2209,Raleigh Islamic Institute,3209 Gresham Lake Rd Suite #131,Raleigh,NC,27615,35.88484329898,-78.582344319766,,2010,,https://prayersconnect.com/mosques/84039794-raleigh-islamic-institute-raleigh-north-carolina-united-states,,,,,2549.0,census_geocoder,112754,5.800443653774352,2.37
2210,Muslim Youth and Community Center (aka North Raleigh Masjid),5017 Deah Way,Raleigh,NC,27616,35.852109315012,-78.55771605573,,2006,,https://en.halalguide.me/riserch-trayengl-park/mechet/north-raleigh-masjid,0.0,27.0,,,2542.0,census_geocoder,83565,9.86213206297126,2.64
2211,Ar-Razzaq Islamic Center,1009 W Chapel Hill St,Durham,NC,27701,35.996778016814,-78.915147019851,,1971,,https://indyweek.com/news/durham/exhibit-museum-durham-history-chronicles-oldest-muslim-community-north-carolina/,70.0,82.0,,,10.0,census_geocoder,69740,17.78442377811463,1.96
2212,IABAT Center,2200 S Miami Boulevard,Durham,NC,27703,35.9390331105,-78.840809145934,,1998,,https://www.iabat.org/about,26.0,28.0,,,2790.0,census_geocoder,89317,9.932026557066076,2.37
2213,North Durham Islamic Association,2609  West Carver Street,Durham,NC,27705,36.037873408371,-78.92722730681,,2011,,https://ndmnc.org/our-history,33.0,58.0,,,2121.0,census_geocoder,73066,16.594325300947208,2.06
2214,ED. Mohammed Islamic Center,1308 Fayetteville st,Durham,NC,27707,35.981106385031,-78.899409590077,,1958,,https://library.duke.edu/exhibits/2022/ArRazzaq,44.0,62.0,,,2228.0,census_geocoder,74406,14.16726379363292,2.22
2215,Jama Ibad Ar Rahman,3034 Fayetteville St,Durham,NC,27707,35.963245510763,-78.907829149137,,1981,,https://ibadarrahman.org/history/,37.0,49.0,,,2545.0,census_geocoder,74406,14.16726379363292,2.22
2216,Jamaat Ibad Ar-Rahman,3034 Fayetville St,Durham,NC,27707,35.963245510763,-78.907829149137,,1989,,https://ibadarrahman.org/history/,37.0,49.0,,,117.0,census_geocoder,74406,14.16726379363292,2.22
2217,Muhammad Mosque #34,826 Fayetteville Street #106,Durham,NC,27707,35.98538640968,-78.898969667253,,-,No Basic Information,,44.0,70.0,,,2801.0,census_geocoder,74406,14.16726379363292,2.22
2218,Jamaat Ibad Ar-Rahman,5122 Revere Road,Durham,NC,27713,35.893086539942,-78.909342780823,,2009,,https://ibadarrahman.org/history/,26.0,14.0,,,2794.0,census_geocoder,100676,8.11234576317404,2.30
2219,Masjid Tawheed Wa Sunnah,3714 S Alston Ave,Durham,NC,27713,35.926827921512,-78.887234179615,,2017,,"https://www.causeiq.com/organizations/markaz-tawheed-wa-sunnah,474474608/",28.0,17.0,,,2540.0,census_geocoder,100676,8.11234576317404,2.30
2220,Masjid Al Huda,1513 Memory Lane,Rocky Mount,NC,27804,35.96630332577,-77.81204883026,,-,No Basic Information,(252) 985-1195,18.0,29.0,,,1598.0,census_geocoder,61359,11.018247202983485,2.26
2221,Masjid Al Rahman Islamic Center ,516 N Pine Street ,Rocky Mount,NC,27804,35.949670566723,-77.805940085941,,2023,,https://masjidalrahman.net/about/,23.0,41.0,,,2803.0,census_geocoder,61359,11.018247202983485,2.26
2222,Al-Nur Cultural Center,1152 Briley Rd,Greenville,NC,27834,35.681036304047,-77.39287143541,,1991,,https://www.alnurculturecenter.com/about,,0.0,,,909.0,census_geocoder,48935,24.119265722871937,2.25
2223,Islamic Center in Greenville,1303 South Evans Street,Greenville,NC,27834,35.602700510498,-77.375130789388,,1985,,"https://greenvillencmasjid.org/#:~:text=About%20Greenville%20Islamic%20Center,Islamic%20Center%20facility%20has%20doubled.",,80.0,,,775.0,census_geocoder,48935,24.119265722871937,2.25
2224,Islamic Center of Greenville,1303 Evans St,Greenville,NC,27834,35.602700510498,-77.375130789388,,1989,,https://greenvillemasjid.com/history/,,79.0,,,2544.0,census_geocoder,48935,24.119265722871937,2.25
2225,Islamic Community Development Center,302 Barnes Street S,Wilson,NC,27893,35.723197399152,-77.910691759552,,-,No Basic Information,,,81.0,,,2815.0,census_geocoder,42810,29.027420736932303,2.32
2226,Islamic Center of Wilson,2630 Tilghman Roadd N,Wilson,NC,27896,35.770615944671,-77.918130979761,,2016,,https://www.wilsontimes.com/news/wilson-mosque-has-room-to-grow-muslim-congregation-expands-beyond-barnes-street-center-184290,,21.0,,,2786.0,census_geocoder,75696,6.997626174011766,2.29
2227,Islamic Center of Ahoskie,420 Peacock Street,Ahoskie,NC,27910,36.27901181682,-76.981174947514,,-,No Basic Information,,,59.0,,,2816.0,census_geocoder,43144,22.705408854422306,2.24
2228,Gastonia masjid islamic society of gastonia,4020 Titman rd,Gastonia,NC,28056,35.237935660189,-81.117151410238,,1981,,https://isgmc.com/about,,24.0,,,1698.0,census_geocoder,90427,9.113280061934912,2.58
2229,Islamic Center of Harrisburg,9101 Rocky River Road,Harrisburg,NC,28075,35.290828169406,-80.654718786078,,2019,,https://www.ichnc.org/about-us/,,3.0,,,2781.0,census_geocoder,144288,4.489719800456897,3.14
2230,As-Salam Mosque,3024 Gribble Road,Stallings,NC,28104,35.090322383044,-80.685801314058,,-,No Basic Information,,,33.0,,,2805.0,census_geocoder,138017,4.599715255722265,2.84
2231,Islamic Center of Lake Norman,120 South Park Drive #405,Mooresville,NC,28117,35.580941371134,-80.873228351952,,2019,,http://iclnmooresville.org/about.html,,51.0,,,2782.0,census_geocoder,112976,3.9194260030514205,2.49
2232,Islamic Center of Salisbury,425 Lincolnton Road,Salisbury,NC,28144,35.663589765925,-80.483116885025,,2013,,https://www.facebook.com/masjidofsalisbury/?locale=en_GB,,55.0,,,2792.0,census_geocoder,52568,26.639391717163917,2.28
2233,Rahma Center of Charlotte,7112 New Town Road,Waxhaw ,NC,28173,34.986137654079,-80.738498319745,,2022,,https://www.rccharlotte.org/about/,,0.0,,,2789.0,census_geocoder,150597,4.400940424420302,3.19
2234,Al Zahra Islamic Center of Charlotte,5227 Monroe Road,Charlotte,NC,28205,35.190355783378,-80.774144909047,,2016,,"https://www.causeiq.com/organizations/al-zahra-islamic-of-charlotte,270905799/",39.0,44.0,,,728.0,census_geocoder,75622,16.47504343243085,2.20
2235,Islamic Center of Charlotte (Masjid Al-Tawbah),1700 Progress Lane,Charlotte,NC,28205,35.210405431413,-80.767976528347,,1988,,https://iccharlotte.org/about/,44.0,47.0,,,444.0,census_geocoder,75622,16.47504343243085,2.20
2236,Ar-Razzaq Islamic Center,2735 Rayston rd,Charlotte,NC,28208,35.235150918228,-80.885236377431,,2006,,https://www.facebook.com/MasjidArRazzaq2006/,40.0,46.0,,,155.0,census_geocoder,55431,19.37632455343627,2.40
2237,Shahid Masjid,6200 Wilora Lake Road,Charlotte,NC,28212,35.207661995679,-80.746032390557,,-,Information Without Year,,44.0,36.0,,,2809.0,census_geocoder,52723,16.41816049589546,2.70
2238,Masjid Ash-Shaheed,400 W Sugar Creek rd,Charlotte,NC,28213,35.263559973552,-80.79498474231,,2006,,https://masjidashshaheed.org/,40.0,21.0,,,161.0,census_geocoder,58146,19.77029096477795,2.46
2239,Medina Mussala,914 Tom Hunter rd,Charlotte,NC,28213,35.278414831328,-80.780738524227,,1988,,https://iccharlotte.org/about/,36.0,8.0,,,2035.0,census_geocoder,58146,19.77029096477795,2.46
2240,Al Nour Community Center,8310 Harrisburg Road,Charlotte,NC,28215,35.226422378463,-80.681569558601,,2014,,https://iccharlotte.org/al-nour-community-center/,14.0,5.0,,,2783.0,census_geocoder,71162,15.871902401829965,2.73
2241,Islamic Community of Bosniaks In Nc,7021 Robinson Church rd,Charlotte,NC,28215,35.229079508786,-80.715467408607,,2002,,"https://izbsa.com/dzemati/islamic-community-of-bosniaks-in-north-carolina/#:~:text=O%20DŽEMATU,održava%20se%202%20puta%20sedmično.",26.0,7.0,,,1395.0,census_geocoder,71162,15.871902401829965,2.73
2242,Islamic Society of Greater Charlotte/Masjid Al-Mustafa,7025 The Plaza,Charlotte,NC,28215,35.256185075317,-80.739685896469,,1988,,https://www.museumofthenewsouth.org/digital/islamic-center-of-charlotte/,34.0,22.0,,,567.0,census_geocoder,71162,15.871902401829965,2.73
2243,Masjid An-Noor,4301 Shamrock Dr.,Charlotte,NC,28215,35.229519848352,-80.75137204202,,2006,,https://www.meccharlotte.org/about,36.0,7.0,,,1789.0,census_geocoder,71162,15.871902401829965,2.73
2244,Masjid Qiblataini,5900 Hickory Grove Road,Charlotte,NC,28215,35.222666371943,-80.728849786157,,-,No Basic Information,,31.0,58.0,,,2817.0,census_geocoder,71162,15.871902401829965,2.73
2245,"Ahmadiyya Community, Charlotte Center",5314 Mt Holly-Huntersville Road ,Charlotte,NC,28216,35.335594259263,-80.924503823475,,-,No Basic Information,,0.0,7.0,,,2810.0,census_geocoder,65795,12.603199858569786,2.38
2246,Masjid Ali Shah,1230 Beatties Ford Rd,Charlotte,NC,28216,35.254318550703,-80.855879411004,,1960,,https://muslimamerican.com/ali-shah-pioneer-islam-charlotte/,46.0,45.0,,,1781.0,census_geocoder,65795,12.603199858569786,2.38
2247,Musalla Al-Quran Wa Sunnah,1111 Beatties Ford rd,Charlotte,NC,28216,35.252960975609,-80.856172329026,,2007,,https://masjidashshaheed.org/,47.0,39.0,,,2066.0,census_geocoder,65795,12.603199858569786,2.38
2248,University Muslim Community Center,11915 US-29,Charlotte,NC,28262,35.336934272652,-80.708576549448,,-,Information Without Year,,20.0,33.0,,,2784.0,census_geocoder,69231,12.693334420149574,2.18
2249,Pillars Mosque (Former MCC),3116 Johnston Oehler Rd,Charlotte,NC,28269,35.362836767564,-80.761309298938,,2018,,https://charlottemcc.org/,21.0,2.0,,,2547.0,census_geocoder,81517,8.75943687533872,2.50
2250,Islamic Center of Fayettville (ICF),2415 Rosehill Rd,Fayetteville,NC,28301,35.090497620718,-78.885576168418,,2018,,https://icf.saadfahim.com/,,12.0,,,2695.0,census_geocoder,39198,28.096291825923693,2.04
2251,Masjid Ahlu-Sunnah,420 Preston ave,Fayetteville,NC,28301,35.089755624423,-78.915302998611,,2006,,https://www.city-data.com/business-entities/NC/MASJID-AHLU-SUNNAH-INC-0861093-NC.html,,6.0,,,1584.0,census_geocoder,39198,28.096291825923693,2.04
2252,Masjid Al-Rahman,483 Worth Street,Fayetteville,NC,28301,35.04707536035,-78.882536153924,,2019,,"https://www.causeiq.com/organizations/al-rahman-islamic-center,834397252/",,55.0,,,2696.0,census_geocoder,39198,28.096291825923693,2.04
2253,Omar Ibn Sayyiid Mosque,2700 Murchison Road,Fayetteville,NC,28301,35.091654217084,-78.910873291451,,2003,,https://www.7cups.com/local/us/nc/fayetteville/faith/masjid-omar-ibn-sayy-57025320783,,14.0,,,653.0,census_geocoder,39198,28.096291825923693,2.04
2254,Masjid Rassulullah,5300 Silver Pine Drive,Fayetteville,NC,28303,35.084100278355,-78.97301899525,,2013,,https://masjidr.wordpress.com/wp-content/uploads/2018/05/mr-project-v1-5.pdf,,48.0,,,2693.0,census_geocoder,58223,15.390879478827364,2.20
2255,Islamic Center of Harnett County,1004 W Broad Street,Dunn,NC,28334,35.313898442681,-78.620194759981,,-,Information Without Year,,,59.0,,,2795.0,census_geocoder,53036,16.31793598723291,2.47
2256,Islamic Center of the Carolinas,819 Circlewood Dr.,Hamlet,NC,28345,34.896661390351,-79.702253446253,,2001,,https://islamicsocietyofthecarolinas.webador.com/,,46.0,,,1359.0,census_geocoder,40957,25.303561241952572,2.62
2257,Masjid Al-Madina,196 Pittman Grove Church rd,Raeford,NC,28376,35.030331558061,-79.120340179528,,2001,,https://www.manta.com/c/mm29g9j/masjid-al-madina,,1.0,,,1712.0,census_geocoder,66471,16.581107668649224,2.79
2258,Wilmington Islamic Learning Center,315 N 17th Street,,NC,28401,34.241118222655,-77.928169859351,,,,,30.0,59.0,,,2787.0,census_geocoder,57968,18.623386412889854,1.89
2259,The Islamic Learning Center,2117 Wrightsville ave,Wilmington,NC,28403,34.230508023972,-77.920714592831,,2008,,https://www.starnewsonline.com/story/news/2014/07/11/proposed-islamic-learning-center-in-carolina-heights-draws-objections/30960709007/,29.0,65.0,,,2200.0,census_geocoder,54547,24.84302262639385,1.98
2260,Islamic Center of Wilmington,6336 Myrtle Grove rd,Wilmington,NC,28409,34.117245518146,-77.881008712582,,2003,,https://www.icwh.org/,,6.0,,,1376.0,census_geocoder,111048,4.332049968146691,2.48
2261,Islamic Center of Columbus County,410 South JK Powell Blvd,Whiteville,NC,28472,34.405235043822,-78.773551586277,,,,,,63.0,,,2797.0,census_geocoder,42003,18.706567332373382,2.40
2262,Islamic Cultural Center,300 North st,Kinston,NC,28501,35.262399111178,-77.577697495849,,-,No Basic Information,,,73.0,,,1406.0,census_geocoder,35118,29.375289754288364,2.20
2263,Masjid Al Huda,1206 Hargett St,Jacksonville,NC,28540,34.7505767064,-77.413663646246,,2000,,https://www.macombdaily.com/2009/11/27/ft-hood-probe-brings-unwelcome-attention-to-mosque/,,53.0,,,1397.0,census_geocoder,65625,16.09893871961657,2.46
2264,Islamic Center of New Bern (ICNB),1308 Simmons Street,New Bern,NC,28560,35.116661201691,-77.072886668201,,-,No Basic Information,,,61.0,,,2798.0,census_geocoder,65411,15.898511069258378,2.32
2265,Islamic Center of Morganton,203 Bethel st,Morganton,NC,28655,35.737115023062,-81.671606128964,,-,Information Without Year,(828) 439-9487,,18.0,,,1291.0,census_geocoder,57713,18.374252735270897,2.38
2266,Masjid Al-Muminun,1720 Wilson West Lee Boulevard,Stateville,NC,28677,,,,2001,,https://prayersconnect.com/mosques/84069161-al-muminum-masjid-statesville-north-carolina-united-states,,12.0,,,1725.0,,62406,17.852546423974996,2.56
2267,Islamic Center of Asheville,941 Old Fairview Rd,Asheville,NC,28803,35.565536517463,-82.506817249223,,2019,,"https://www.causeiq.com/organizations/islamic-center-of-asheville,452470589/",21.0,40.0,,,2546.0,census_geocoder,76662,9.617703810902075,2.46
2268,Islamic Center of Fargo,601 28th St S,Fargo,ND,58103,46.868958986664,-96.825137657782,,2013,,"https://www.inforum.com/lifestyle/first-eid-ul-adha-prayer-at-new-fargo-islamic-center-draws-hundreds-of-muslims#:~:text=FARGO%20-%20Hundreds%20of%20Muslims%20offered,the%20facility's%20first%20large%20event.",25.0,43.0,,,466.0,census_geocoder,58801,12.606752418322598,2.01
2269,Islamic Center of Grand Forks,2122 17th Ave S,Grand Forks,ND,58201,47.903998194198,-97.058060718308,,2012,,https://www.grandforksherald.com/newsmd/grand-forks-area-muslims-rejoice-in-new-worship-center,26.0,59.0,,,304.0,census_geocoder,68143,13.339556704485615,2.13
2270,Bismarck Muslim Community Center,542 Cottonwood Loop,Bismarck,ND,58504,46.779634833052,-100.783961741208,,2013,,"https://www.causeiq.com/organizations/bismarck-muslim-community-center,461292365/",,5.0,,,1477.0,census_geocoder,85637,8.159746657283604,2.33
2271,Dickinson Muslim Community,133 3rd Ave E,Dickinson,ND,58601,46.879793220726,-102.781108813013,,2018,,https://northdakota.ltddir.com/companies/dickinson-muslim-community-dmc/,,71.0,,,2851.0,census_geocoder,85821,12.214788128323898,2.41
2272,Islamic Society of Minot,916 5th Ave SE,Minot,ND,58701,48.231593761637,-101.279295089752,,2008,,https://www.gofundme.com/f/3c9uxnk,,52.0,,,1474.0,census_geocoder,73269,12.25583246586247,2.27
2273,Oldest Mosque in the U.S,87th Ave NW,Ross,ND,58776,,,,1929,,"https://en.wikipedia.org/wiki/Ross,_North_Dakota#:~:text=Ross%20was%20founded%20in%201902,remaining%20Muslims%20in%20the%20area.",,0.0,,,2551.0,,83155,0.0,1.74
2274,Masjid Tawheed Center of Williston,212 2nd St W,Williaton,ND,58801,48.145256823155,-103.626012317107,,2021,,"https://www.causeiq.com/organizations/tawheed-center-of-williston,475011339/",,67.0,,,2849.0,census_geocoder,84702,8.703616166390924,2.60
2275,Bellevue Islamic Center,800 Fort Crook Rd S,Bellevue,NE,68005,41.153633921067,-95.927437996924,,1993,,https://eastsidemosque.com/about-us.php,9.0,53.0,,,2492.0,census_geocoder,66551,11.830295179050616,2.42
2276,(AIC) Al-Taqwa Islamic Center of Elkhorn,3427 N 190th Plz,Elkhorn,NE,68022,41.289119387675,-96.213884152781,,2023,,https://aicelkhorn.org/about/,,7.0,,,2491.0,census_geocoder,148111,3.6576283342068243,2.79
2277,Masjid Al-Huda,4735 NW Radial Hwy,Omaha,NE,68104,41.281344272768,-95.984720781993,,1998,,https://www.alhudamosque.org/about,34.0,52.0,,,2489.0,census_geocoder,60549,17.28718273761953,2.36
2278,Islamic Center of Omaha,3511 N 73rd St,Omaha,NE,68114,41.290642317739,-96.026229487369,,1963,,"https://www.iqrasense.com/islam-in-america/muslims-in-omaha-nebraska-usa-islamic-centers-and-mosques.html#:~:text=One%20of%20the%20most%20prominent,from%20kindergarten%20to%2012th%20grade.",33.0,52.0,,,252.0,census_geocoder,69469,8.386313720957114,2.09
2279,At-Taqwa Center (ATC),3510 N 167th Cir Suite 100,Omaha,NE,68116,41.28521554007,-96.176461841313,,-,Information Without Year,https://prayersconnect.com/mosques/84065615-at-taqwa-center-atc-omaha-nebraska-united-states,,59.0,,,2493.0,census_geocoder,121165,3.127904275092937,2.67
2280,Shafie Islamic Center,209 S 25th St,Omaha,NE,68131,41.258564842698,-95.948154248957,,2010,,"https://www.causeiq.com/organizations/shafie-islamic-center,800261526/",,85.0,,,2486.0,census_geocoder,48925,31.65650058255089,1.95
2281,Aboutaleb Mosque,9910 Maple St,Omaha,NE,68134,41.285233996275,-96.068412579164,,-,Information Without Year,https://prayersconnect.com/mosques/84070174-aboutaleb-mosque-omaha-nebraska-united-states,28.0,51.0,,,2488.0,census_geocoder,66989,16.095088271281245,2.29
2282,Islamic Center of Omaha (ICO),3511 N 73rd St,Omaha,NE,68134,41.290642317739,-96.026229487369,,1986,,https://www.linkedin.com/company/islamic-center-of-omaha,33.0,52.0,,,2483.0,census_geocoder,66989,16.095088271281245,2.29
2283,Masjid Abdu Ur-Rahman Ibn Awf/Millard Islamic Foundation,5135 Marshall Dr.,Omaha,NE,68137,41.206337272908,-96.131442275005,,-,Information Without Year,(402) 707-9950,11.0,76.0,,,1565.0,census_geocoder,80739,7.382242601083785,2.27
2284,AMI American Muslim Institute,13140 Faith Plz,Omaha,NE,68144,41.241753073133,-96.118553905357,,2006,,https://www.amiomaha.org/history,20.0,45.0,,,2484.0,census_geocoder,83576,6.821469059067277,2.38
2285,AlHadi Islamic Center in Omaha,275 N 115th St,Omaha,NE,68154,41.259922186983,-96.092444137552,,2013,,http://www.alhadicenteromaha.org/about.html,19.0,70.0,,,2495.0,census_geocoder,81385,6.546699511502652,2.22
2286,Nebraska Islamic Foundation,7125 Douglas Street,Lincoln,NE,68507,40.859822627599,-96.62317148409,,1986,,https://ifol.org/about-us/,19.0,35.0,,,201.0,census_geocoder,69488,10.174801077626714,2.30
2287,American Islamic Centre Lincoln Nebraska,5005 S 16th St,Lincoln,NE,68512,40.763725579186,-96.69925797719,,1986,,"https://ifol.org/#:~:text=The%20Islamic%20Foundation%20of%20Lincoln,in%20the%20state%20of%20Nebraska.",20.0,34.0,,,2490.0,census_geocoder,104448,6.595883935713766,2.36
2288,Islamic Foundation of Lincoln (IFL),129 West Belmont Avene,Lincoln,NE,68521,40.839348829107,-96.72087520238,,1986,,https://ifol.org/about-us/,16.0,46.0,,,2482.0,census_geocoder,67483,13.5089579425278,2.45
2289,Sabah Foundation - Masjid,1145 Furnas Avenue,Lincoln,NE,68521,40.841036422165,-96.705009119732,,2013,,https://www.dailynebraskan.com/culture/bosnian-mosque-offers-a-welcoming-space-for-immigrants-muslims/article_29241848-5009-11e3-9c59-0019bb30f31a.html,25.0,67.0,,,801.0,census_geocoder,67483,13.5089579425278,2.45
2290,Masjid Al-Wadood,824 East Omaha Avenue,Norfolk,NE,68701,42.018260357175,-97.397347531586,,-,No Basic Information,No website,,27.0,,,1773.0,census_geocoder,62633,13.113795791114574,2.34
2291,Islamic Center of Sioux Land,2701 Willow st,South Sioux City,NE,68776,42.464579540399,-96.420651079828,,2002,,https://www.icsiouxland.net/our-history,,60.0,,,1342.0,census_geocoder,68750,12.47296322999279,2.78
2292,Grand Island Islamic Center,1600 S Eddy St,Grand Island,NE,68801,40.935796171206,-98.357075640441,,-,No Basic Information,,,70.0,,,2485.0,census_geocoder,63617,18.606411691132905,2.67
2293,Alsaliheen Mosque,2400 Central Ave suite D,Kearney,NE,68847,40.699374286156,-99.081763018036,,2022,,"https://www.causeiq.com/organizations/alsaliheen-mosque,882161511/",,91.0,,,2494.0,census_geocoder,73818,12.827809396272738,2.37
2294,Islamic Center of Lexington Nebraksa,121 E 4th St,Lexington,NE,68850,40.777023471004,-99.741472454078,,2009,,https://projects.propublica.org/nonprofits/organizations/263203547,,74.0,,,2487.0,census_geocoder,69238,12.51114894997162,3.00
2295,Masjid Al-Rahma,112 East 5th Street,Lexington,NE,68850,40.777728302601,-99.74131250448,,-,,https://www.workingimmigrants.com/2019/01/a-mosque-in-nebraska/,,61.0,,,1745.0,census_geocoder,69238,12.51114894997162,3.00
2296,Islamic Society of Greater Nashua - ISGN,5 Pine St Ext #1C,Nashua,NH,03060,42.76062325878,-71.473281153102,,2013,,https://www.isgn.org/wp/about/,,58.0,,,2506.0,census_geocoder,79855,12.469799954901266,2.49
2297,Windham Muslim Community Center mosque,27 Roulston Rd,Windham,NH,03087,42.815343631256,-71.254849547707,,2021,,"https://www.causeiq.com/organizations/windham-muslim-community-center,832954400/",,24.0,,,2508.0,census_geocoder,189583,2.046986206462178,3.01
2298,Islamic Society of New Hampshire,373 South Willow St Units D1-3,Manchester,NH,03103,42.969377752104,-71.453349100127,,1998,,https://wanderlog.com/place/details/13828557/islamic-society-of-new-hampshire,,81.0,,,2505.0,census_geocoder,73540,13.756089726430751,2.44
2299,Masjid Alfath,571 Chestnut st,Manchester,NH,03104,42.997501794303,-71.461282316425,,1999,,https://gis.vgsi.com/manchesternh/Parcel.aspx?Pid=377,,88.0,,,1777.0,census_geocoder,88897,10.354435689247087,2.27
2300,Islamic Society of Greater Concord,181 N Main St,Concord,NH,03301,43.212455677245,-71.539371765882,,2016,,"https://www.causeiq.com/organizations/iqra-islamic-society-of-greater-concord,464037960/",,80.0,,,2507.0,census_geocoder,86840,8.793326803374514,2.25
2301,Upper Valley Muslim Society,2 W Park St 386 3rd FL,Lebanon,NH,03766,43.642511904316,-72.252464969,,2024,,https://getholdings.com/nonprofits/ein/920248382,,85.0,,,2857.0,census_geocoder,100881,6.421024112706583,2.15
2302,"Portsmouth Mosque, Islamic Society of the Seacoast Area, ISSA",355 Spinney Rd,Portsmouth,NH,03801,43.062771670963,-70.77314726933,,1994,,https://www.issa-nh.org/about,,63.0,,,2422.0,census_geocoder,106756,6.683371495226163,2.04
2303,Bayonne Mosque and Community Center,109 East 24th Street,Bayonne,NJ,07002,40.662644011756,-74.112555863967,,,,,62.0,68.0,,,3563.0,census_geocoder,83887,14.39715418119687,2.46
2304,Islamic Society of Hudson County,690 Broadway,Bayonne,NJ,07002,40.670668177935,-74.112481028295,,,,,65.0,92.0,,,3564.0,census_geocoder,83887,14.39715418119687,2.46
2305,Miraj Center,625 ave C,Bayonne,NJ,07002,40.669057987286,-74.117303533932,,2015,,"https://www.nj.com/hudson/2018/02/the_years-long_struggle_to_build_bayonnes_first_mo.html#:~:text=It%27s%20been%20a%20long%20road%20for%20the,and%20mosque%20was%20denied%20last%20year%20amid",60.0,85.0,,,2046.0,census_geocoder,83887,14.39715418119687,2.46
2306,Birch Street Masjid/Jamia Masjid Bontoon,604 Birch St,Boonton,NJ,07005,40.906407295171,-74.410410724892,,1988,,https://www.mapquest.com/us/new-jersey/jmic-youth-group-779788825,,88.0,,,281.0,census_geocoder,132629,5.491233873635461,2.59
2307,Islamic Community Services Group,455 Boonton Avenue,Boonton,NJ,07005,40.910202010968,-74.408503232218,,,,,,76.0,,,3569.0,census_geocoder,132629,5.491233873635461,2.59
2308,Jam E-Masjid Islamic Center,110 Harrison,Boonton,NJ,07005,40.899447318163,-74.408593491687,,1988,,https://jmic.org/,,77.0,,,249.0,census_geocoder,132629,5.491233873635461,2.59
2309,Masjid Al-Islam/Carteret Islamic Cente,525 Roosevelt Avenue,Carteret,NJ,07008,40.582773428783,-74.215039380369,,2009,,,33.0,55.0,,,783.0,census_geocoder,97021,8.21214378111403,3.10
2310,Quba'a Mosque,70 Essex Street,Carteret,NJ,07008,40.570703303743,-74.225573726627,,,,,33.0,65.0,,,3562.0,census_geocoder,97021,8.21214378111403,3.10
2311,Crescent Center,16 Crescent Avenue,Cliffside Park,NJ,07010,40.82244615792,-73.980856279938,,,,,51.0,74.0,,,3574.0,census_geocoder,93452,10.843702461286423,2.43
2312,Diyanet Mosque of Bergen,240 Knox Avenue,Cliffside Park,NJ,07010,40.827377464007,-73.983463322333,,,,,51.0,90.0,,,3556.0,census_geocoder,93452,10.843702461286423,2.43
2313,United American Muslim Association Clifton,492 Clifton Avenue,Clifton,NJ,07011,40.874069202937,-74.146875508455,,,,,47.0,86.0,,,3553.0,census_geocoder,74194,11.102423768569194,2.78
2314,Islamic Center of Passaic County- Clifton,259 Pershing Rd,Clifton,NJ,07013,40.860481490338,-74.170691467843,,2016,,https://www.facebook.com/icpc.nj/,41.0,28.0,,,2711.0,census_geocoder,116273,5.887507708286002,2.53
2315,Madrasatu Ahlis Sunnah,215 North Oraton Parkway,East Orange,NJ,07017,40.765271285322,-74.205349005135,,,,,62.0,79.0,,,3555.0,census_geocoder,58853,16.47191011235955,2.52
2316,Masjid As Habul Yameen,224 North 18th Street,East Orange,NJ,07017,40.765594630657,-74.195266567636,,2003,,https://prayersconnect.com/mosques/84053244-masjid-as-haabul-yameen-east-orange-new-jersey-united-states,57.0,80.0,,,807.0,census_geocoder,58853,16.47191011235955,2.52
2317,Masjidu Ahlis Sunnah/Islamic Center of America-NJ,215 N Oraton Pkwy,East Orange,NJ,07017,40.765271285322,-74.205349005135,,1981,,https://thesunnah.org/masjid/our-history/,62.0,79.0,,,2018.0,census_geocoder,58853,16.47191011235955,2.52
2318,Masjidus- Sadaqa,18 N 19Th (Ground Floor),East Orange,NJ,07017,40.758869819741,-74.200319831396,,1995,,https://www.mapquest.com/us/new-jersey/mosque-ashadul-yameen-465214930,,88.0,,,2029.0,census_geocoder,58853,16.47191011235955,2.52
2319,Albanian American Muslim Society,43 Monroe Street,Garfield,NJ,07026,40.869443736074,-74.109900132439,,1971,,"https://www.causeiq.com/organizations/albanian-american-islamic-center-new-york-and-new,237077524/",52.0,87.0,,,920.0,census_geocoder,79700,13.365074489325757,2.93
2320,Islamic Center of Harrison,301 Jersey Street,Harrison,NJ,07029,40.745213497803,-74.15802126138,,1996,,https://www.ichnj.com/aboutus/,,92.0,,,1255.0,census_geocoder,88333,14.857092681213505,2.24
2321,Ibn Khaldun Cultural Center masjid,390 Schuyler Avenue,Kearny,NJ,07032,40.761396713793,-74.14186655129,,,,,,73.0,,,3579.0,census_geocoder,79154,12.53294062935979,2.63
2322,Masjid Al-Mustafa,700 West Saint Georges Avenue,Linden,NJ,07036,40.643815550164,-74.257482989603,,,,,37.0,81.0,,,3580.0,census_geocoder,91882,9.52833945400646,2.80
2323,Dar-e-Zainab,290 West Hobart Gap Road,Livingston,NJ,07039,40.780236834265,-74.349646003418,,,,,,32.0,,,3582.0,census_geocoder,229806,2.2943265815493907,2.98
2324,Muslim Community Center of Livingston (MCCL),343 East Cedar Street,Livingston,NJ,07039,40.772064210176,-74.300979554494,,,,,,26.0,,,3587.0,census_geocoder,229806,2.2943265815493907,2.98
2325,Masjid Al-Wadud,222 Bloomfield Avenue,Montclair,NJ,07042,40.809470963501,-74.212480189998,,,,,,92.0,,,3586.0,census_geocoder,122847,10.15510144075272,2.35
2326,Islamic Center of Verona,56 Grove Avenue,Verona,NJ,07044,40.835458206442,-74.246921173398,,2018,,https://prayersconnect.com/mosques/84078511-islamic-center-of-verona-verona-new-jersey-united-states,,81.0,,,778.0,census_geocoder,161843,5.33756292669471,2.49
2327,Al-Ghadeer Benevolent Foundation,337 79th Street,North Bergen,NJ,07047,40.80000911961,-74.003665485592,,,,,,89.0,,,3517.0,census_geocoder,78911,12.33888247898467,2.55
2328,Islamic Center of Lake Hiawatha,280 US-46 #292,Parsippany,NJ,07054,40.859579301232,-74.360329024215,,2008,,https://www.ict.org.il/UserFiles/IRI-in-NJ-Fleisher-Mar15.pdf,,63.0,,,1272.0,census_geocoder,104214,6.423272826718628,2.39
2329,Islamic Center of Parsippany,39 Littleton Road,Parsippany-Troy Hills,NJ,07054,40.867706470553,-74.415400630625,,,,,,41.0,,,3507.0,census_geocoder,104214,6.423272826718628,2.39
2330,Islamic Community Cultural Center (ICCC),879 South Beverwyck Road,Parsippany-Troy Hills,NJ,07054,40.842585028608,-74.392588604594,,,,,,2.0,,,3508.0,census_geocoder,104214,6.423272826718628,2.39
2331,Masjid Al-Ansar,132 President st,Passaic,NJ,07055,40.872989040155,-74.123810043928,,1974,,https://icpcnj.org/our-history/,49.0,88.0,,,1642.0,census_geocoder,55371,22.888138515697968,3.29
2332,Naksibendi Sufi Center,940 Main ave,Passaic,NJ,07055,40.869351469204,-74.133883837427,,2002,,https://sahibulsaif.wordpress.com/,54.0,87.0,,,2110.0,census_geocoder,55371,22.888138515697968,3.29
2333,Masjidullah,321 Grant Avenue,Plainfield,NJ,07060,40.606977461352,-74.433322653387,,1981,,https://www.archnet.org/sites/891,43.0,52.0,,,2024.0,census_geocoder,78602,15.572067250173163,3.20
2334,Plainfield Center for Islamic Enlightenment,147-151 North ave,Plainfield,NJ,07060,40.618524961593,-74.42105558929,,2001,,"https://www.causeiq.com/organizations/plainfield-center-for-islamic-enlightnment,204981698/",48.0,90.0,,,2134.0,census_geocoder,78602,15.572067250173163,3.20
2335,Albaseerah Islamic Center,1345 South Avenue,Plainfield,NJ,07062,40.63273267487,-74.396610440916,,,,,41.0,69.0,,,3530.0,census_geocoder,98344,10.618892508143322,3.17
2336,Daarul Rehmat,220 Saint Georges Avenue,Rahway,NJ,07065,40.5947007,-74.2907988,,,,,31.0,79.0,,,3550.0,nominatim,91461,9.526668668067648,2.45
2337,Islamic Center of Union County,2372 Morris ave,Union,NJ,07083,40.700973520735,-74.286130974214,,2010,,https://www.icucnj.com/,,74.0,,,1364.0,census_geocoder,121887,6.726330497532676,2.79
2338,North Hudson Islamic Educational Center,4613 Cottage Place,Union City,NJ,07087,40.780575085329,-74.023716693406,,1992,,https://ummahplaces.com/listing/north-hudson-islamic-educational-centernhiec/,84.0,97.0,,,203.0,census_geocoder,64310,23.11453998724296,2.57
2339,Al-Amana Muslim Merchants,60 Branford Place,Newark,NJ,07102,40.735312915666,-74.174891494499,,,,,96.0,99.0,,,3518.0,census_geocoder,38864,31.280432822362485,1.66
2340,Islamic Cultural Center,20-24 Bradford Place,Newark,NJ,07102,40.735049008234,-74.173909079458,,1983,,"https://www.causeiq.com/organizations/islamic-cultural-center,223143909/",97.0,99.0,,,1405.0,census_geocoder,38864,31.280432822362485,1.66
2341,Islamic Public Library - Newark N.J.,495 Washington Street,Newark,NJ,07102,40.727884934636,-74.179932913507,,,,,81.0,90.0,,,3520.0,census_geocoder,38864,31.280432822362485,1.66
2342,Islamic Society of Essex County,9 Hill Street,Newark,NJ,07102,40.731694782097,-74.174909746206,,,,,90.0,94.0,,,3521.0,census_geocoder,38864,31.280432822362485,1.66
2343,Masjid Rahmah,483 Washington St,Newark,NJ,07102,40.729769190783,-74.178942533983,,-,No Basic Information,,81.0,90.0,,,1948.0,census_geocoder,38864,31.280432822362485,1.66
2344,Futa Islamic center of New Jersey,475 Springfield Avenue,Newark,NJ,07103,40.731969221112,-74.201640177478,,,,,59.0,79.0,,,3519.0,census_geocoder,51534,25.227463100430374,2.62
2345,Masjid Al-Haqq,689 Springfield ave,Newark,NJ,07103,40.729884814103,-74.212934355079,,1988,,1988,64.0,78.0,,,1679.0,census_geocoder,51534,25.227463100430374,2.62
2346,Masjid Al-Quddus,582 S 11th st,Newark,NJ,07103,40.733003735443,-74.204361136017,,1976,,https://ncnmo.org/who-we-are/,60.0,82.0,,,1739.0,census_geocoder,51534,25.227463100430374,2.62
2347,Masjid Imam Ali Muslim,257 Orange Avenue S,Newark,NJ,07103,40.739195397822,-74.194887533129,,1958,,https://en.wikipedia.org/wiki/Mosque_No._25,67.0,82.0,,,1891.0,census_geocoder,51534,25.227463100430374,2.62
2348,Masjid Mubarak School,221 Bergen St,Newark,NJ,07103,40.737545740175,-74.193822535158,,1997,,https://prayersconnect.com/mosques/84051772-masjid-mubarak-school-newark-new-jersey-united-states,69.0,83.0,,,1721.0,census_geocoder,51534,25.227463100430374,2.62
2349,Mosque Muhammad-Newark,255 South Orange Avenue,Newark,NJ,07103,40.739193944523,-74.194854107272,,,,,70.0,81.0,,,3524.0,census_geocoder,51534,25.227463100430374,2.62
2350,Nigerian American Islamic Mission,221 Bergen Street,Newark,NJ,07103,40.737545740175,-74.193822535158,,,,,69.0,83.0,,,3526.0,census_geocoder,51534,25.227463100430374,2.62
2351,Nigerian Muslim Council New Jersey Chapter,582-584 South 11th Street,Newark,NJ,07103,40.732886862094,-74.20440602601,,,,,60.0,82.0,,,3527.0,census_geocoder,51534,25.227463100430374,2.62
2352,Muhammad Mosque No. 25,498 Ferry Street,Newark,NJ,07105,40.731566468962,-74.140796145226,,,,,48.0,78.0,,,3516.0,census_geocoder,59847,17.270875763747455,2.83
2353,Al-Madina Masjid,55 Manor Dr. Basement,Newark,NJ,07106,40.736570163565,-74.247130677893,,-,No Basic Information,,54.0,69.0,,,898.0,census_geocoder,53440,18.572139028568273,2.81
2354,Irvington Islamic Center/Bani Adam Mosque,660 Sanford ave,Newark,NJ,07106,40.739068475219,-74.235100394549,,2019,,https://www.charitynavigator.org/ein/822884409,57.0,70.0,,,1165.0,census_geocoder,53440,18.572139028568273,2.81
2355,NIA Masjid & Community Center,231 Roseville Ave,Newark,NJ,07107,40.758706526099,-74.189574376998,,1985,,https://www.niamasjid.org/history,71.0,80.0,,,2512.0,census_geocoder,51242,24.91149316241294,2.85
2356,Masjid Ahlu Atawheed,553 Clinton Avenue,Newark,NJ,07108,40.722155338564,-74.203223979917,,,,,60.0,81.0,,,3522.0,census_geocoder,36200,34.0041782729805,2.52
2357,Masjid Al-Fallahee,675 Clinton ave,Newark,NJ,07108,40.723030094939,-74.208614685389,,2003,,https://jerseydigs.com/branford-masjid-mosque-legal-battle/,60.0,76.0,,,1659.0,census_geocoder,36200,34.0041782729805,2.52
2358,Masjid Waarith Ud-Deen,62-70 Howard st,Irvington,NJ,07111,40.72335249599,-74.226849014123,,2003,,https://www.masjidwd.org/about,,85.0,,,1999.0,census_geocoder,61609,19.036328364643264,2.57
2359,Masjid Bayt-Ul-Khaliq,214 Chancellor Ave,Newark,NJ,07112,40.70751552462,-74.217868562072,,1977,,https://prayersconnect.com/mosques/84049473-masjid-baytul-khaliq-newark-new-jersey-united-states,58.0,74.0,,,1837.0,census_geocoder,58200,20.43091398765895,2.61
2360,Masjid Ibrahim,392 Chancellor ave,Newark,NJ,07112,40.710686220406,-74.223996806315,,2003,,https://www.instagram.com/masjidmuhammadnewark/,55.0,79.0,,,1885.0,census_geocoder,58200,20.43091398765895,2.61
2361,Masjid nurun nabi,219 Clinton Place,Newark,NJ,07112,40.715722360789,-74.213170381007,,,,,58.0,79.0,,,3523.0,census_geocoder,58200,20.43091398765895,2.61
2362,Masjid Al-Hadi,9 Broad st,Elizabeth,NJ,07201,40.662416700057,-74.214945343303,,2022,,https://www.guidestar.org/profile/56-2282299,61.0,96.0,,,1672.0,census_geocoder,60080,20.402084884586746,2.93
2363,Masjid Ismail,121-125 Chestnut st,Roselle,NJ,07203,40.659764854189,-74.26342577649,,2008,,https://www.cair.com/cair_in_the_news/nj-mosque-brings-worship-closer-to-home/,,81.0,,,1898.0,census_geocoder,92762,9.534604613948526,2.68
2364,Dar-Ul-Islam,606-612 Salem ave,Elizabeth,NJ,07208,40.677422673243,-74.21462069911,,-,No Basic Information,,52.0,75.0,,,1064.0,census_geocoder,65511,14.44284281774881,2.70
2365,Muslim Community Center of Union County (MCCUC),60 Prince Street,Elizabeth,NJ,07208,40.671356776085,-74.217463088603,,1997,,https://mccuc.net/about/,62.0,89.0,,,196.0,census_geocoder,65511,14.44284281774881,2.70
2366,Masjid Darul Khair,1 Chopin Court,Jersey City,NJ,07302,40.721421499836,-74.056418279671,,2001,,https://prayersconnect.com/mosques/84084858-masjid-darul-khair-jersey-city-new-jersey-united-states,64.0,83.0,,,1851.0,census_geocoder,175077,6.841287141095965,1.94
2367,Muslim Federation of NJ,530 Montgomery Street,Jersey City,NJ,07302,40.722439023483,-74.059778864895,,2020,,https://jerseydigs.com/contemporary-mosque-breaks-ground-530-montgomery-street-jersey-city/,68.0,88.0,,,780.0,census_geocoder,175077,6.841287141095965,1.94
2368,Sunni Rizvi Jamia Masjid,294-298 Grove st,Jersey City,NJ,07302,40.71856945215,-74.043427704306,,-,Information Without Year,https://msrjmasjid.com/,83.0,98.0,,,2181.0,census_geocoder,175077,6.841287141095965,1.94
2369,Islamic Center of Jersey City,17 Park Street,Jersey City,NJ,07304,40.71663625224,-74.069252900877,,1980,,https://www.facebook.com/IslamicCenterJC/,73.0,90.0,,,1266.0,census_geocoder,70986,19.416149553135856,2.45
2370,Islamic Center of Jersey City (ICJC) ,598 Communipaw,Jersey City,NJ,07304,40.717473074052,-74.072914402166,,1984,,https://www.iefschools.org/history,74.0,94.0,,,1695.0,census_geocoder,70986,19.416149553135856,2.45
2371,Islamic Circle of North America (ICNA-NJ),180 Ege Avenue,Jersey City,NJ,07304,40.714551140275,-74.083538680181,,,,,76.0,78.0,,,3576.0,census_geocoder,70986,19.416149553135856,2.45
2372,Bilal Mosque,219 Old Bergen Road,Jersey City,NJ,07305,40.697459665964,-74.092892624204,,,,,70.0,88.0,,,3581.0,census_geocoder,76527,17.02127659574468,2.73
2373,Masjid Muhammad,297 Martin Luther King Drive,Jersey City,NJ,07305,40.708843366957,-74.081451832376,,-,Information Without Year,https://prayersconnect.com/mosques/84045869-masjid-muhammad-jersey-city-new-jersey-united-states,72.0,88.0,,,1915.0,census_geocoder,76527,17.02127659574468,2.73
2374,Al-Tawheed Islamic Center,984 West Side Avenue,Jersey City,NJ,07306,40.733111926094,-74.072054273889,,1995,,https://aticjc.com/about/,78.0,95.0,,,602.0,census_geocoder,74953,21.16878962915577,2.33
2375,Khatoon E Jannat Azadari Council,779 Bergen Avenue,Jersey City,NJ,07306,40.726086704153,-74.067772276479,,,,,74.0,94.0,,,3577.0,census_geocoder,74953,21.16878962915577,2.33
2376,Masjid Al-Salaam,2824 Kennedy Blvd,Jersey City,NJ,07306,40.731714619362,-74.066455274216,,1997,,https://masjidasalamjc.com/about/,81.0,99.0,,,1756.0,census_geocoder,74953,21.16878962915577,2.33
2377,Masjid Al-Salam Islamic Education and Information Center,2822 John F. Kennedy Boulevard,Jersey City,NJ,07306,40.731721655775,-74.066515963251,,1997,,https://masjidasalamjc.com/about/,79.0,98.0,,,298.0,census_geocoder,74953,21.16878962915577,2.33
2378,Oulel Albab Masjed,15 Van Reipen Avenue,Jersey City,NJ,07306,40.733390652553,-74.060067623349,,,,,80.0,97.0,,,3578.0,census_geocoder,74953,21.16878962915577,2.33
2379,Al-Huda Islamic Center,3424 John F. Kennedy Blvd,Jersey City,NJ,07307,40.748893,-74.055321,,1999,,https://www.facebook.com/AlhodaICJC/,61.0,90.0,,,888.0,nominatim,83297,14.556559058645979,2.42
2380,Mosque Boshniak American Community Center,1 Locust Street,Elmwood Park,NJ,07407,40.900114100832,-74.126546836768,,,,,43.0,73.0,,,3560.0,census_geocoder,101740,11.628451099672438,2.86
2381,Islamic Center of Passaic & Patterson,6 Plaza rd,Paterson,NJ,07424,,,,1990,,"https://www.youtube.com/icpcpaterson#:~:text=Established%20in%201990%2C%20The%20Islamic,base%20of%20over%2025%2C000%20people.",41.0,77.0,,,1317.0,,105050,3.44311377245509,2.33
2382,Noble Muslim Community Center,38 Hines Avenue,Mahwah,NJ,07430,41.101505774634,-74.156113835376,,,,,,42.0,,,3583.0,census_geocoder,131327,2.1391752577319587,2.33
2383,El-Zahra Islamic Center - Midland Park,218 Irving Street,Midland Park,NJ,07432,41.000532902928,-74.144291205549,,2015,,https://us.mohid.co/nj/njrgn/hidayaschool#about,,26.0,,,570.0,census_geocoder,146841,2.8066676164695825,2.40
2384,Alla Akbar Mosque,Hiawatha Boulevard,Oakland,NJ,07436,41.0367764,-74.2301763,,,,,,18.0,,,3515.0,nominatim,161971,3.0465376619222773,2.81
2385,Al-Mustafa Islamic Center,21 Passaic Avenue,Pompton Lakes,NJ,07442,40.999770066246,-74.288969888205,,,,,,75.0,,,3545.0,census_geocoder,124454,8.448916689330071,2.59
2386,Albanian American Cultural Center Struga,90 Riverdale Road,Riverdale,NJ,07457,40.987898502084,-74.294911088887,,1977,,https://aaccriverdale.org/?page_id=15,,17.0,,,371.0,census_geocoder,102950,7.684824902723736,2.20
2387,Circassian Mosque,383 Oldham Road,Wayne,NJ,07470,40.937991371449,-74.20111737796,,,,,,14.0,,,3536.0,census_geocoder,153056,3.377165035046052,2.82
2388,Dar Al-Hadith USA Islamic Educational Center,970 Black Oak Ridge Road,Wayne,NJ,07470,40.972982008333,-74.272427182893,,,,,,29.0,,,3537.0,census_geocoder,153056,3.377165035046052,2.82
2389,Masjid Al-Nasr,383 Oldham rd,Wayne,NJ,07470,40.937991371449,-74.20111737796,,1952,,https://prayersconnect.com/mosques/84013593-masjid-al-nasr-wayne-new-jersey-united-states,,14.0,,,151.0,census_geocoder,153056,3.377165035046052,2.82
2390,Musalla Masjid bait allah,201 Willowbrook Boulevard,Wayne,NJ,07470,40.885825892348,-74.260505717457,,,,,,49.0,,,3541.0,census_geocoder,153056,3.377165035046052,2.82
2391,Masjid Salahuddin,247 Broadway,Paterson,NJ,07501,40.918780690295,-74.16425664456,,,,,62.0,94.0,,,3513.0,census_geocoder,44300,25.084611913357403,2.86
2392,Mohammadia Islamic Center,140 Marshall st,Paterson,NJ,07501,40.90919459622,-74.172239950374,,1994,,"https://www.soundvision.com/article/muslim-communities-provide-a-wealth-of-resources-for-families#:~:text=Mosques%20and%20Islamic%20Centers:%20Serving,%2C%20counseling%2C%20and%20community%20gatherings.",59.0,83.0,,,2048.0,census_geocoder,44300,25.084611913357403,2.86
2393,Talha Learning Center [TLC] Masjid Mosque,86 Murray Avenue,Paterson,NJ,07501,40.909476936648,-74.18679503601,,,,,42.0,61.0,,,3529.0,census_geocoder,44300,25.084611913357403,2.86
2394,Turkish Muslim Mosque,32 Chestnut St,Paterson,NJ,07501,40.909721694329,-74.162805218566,,1981,,https://prayersconnect.com/mosques/84019867-muslim-mosque-paterson-new-jersey-united-states,60.0,83.0,,,2212.0,census_geocoder,44300,25.084611913357403,2.86
2395,Islamic Congregation of North Jersey - Masjid Abu Bakr,300-306 Preakness Avenue,Paterson,NJ,07502,40.920589985915,-74.192705733582,,,,,,,,,3511.0,census_geocoder,76790,19.185910893398646,3.65
2396,Masjid Adam,340 Totowa Avenue,Paterson,NJ,07502,40.917419225789,-74.185740898539,,,,,53.0,84.0,,,3512.0,census_geocoder,76790,19.185910893398646,3.65
2397,Masjid Al-Ferdous,438 Union ave,Paterson,NJ,07502,40.92164842562,-74.18446455104,,1997,,https://www.bangladeshcircle.com/bangladesh-business-directory/4657/masjid-al-ferdous/,55.0,91.0,,,1664.0,census_geocoder,76790,19.185910893398646,3.65
2398,MUNA Center Of Paterson,338 Totowa Avenue,Paterson,NJ,07502,40.917372563608,-74.185812164413,,,,,53.0,89.0,,,3510.0,census_geocoder,76790,19.185910893398646,3.65
2399,Darul Hikma/Wisdom House,53-55 Bloomfield Avenue,Paterson,NJ,07503,40.895670578839,-74.163931514216,,,,,51.0,86.0,,,3509.0,census_geocoder,60443,21.044916762642654,3.15
2400,Masjid Omar Bin Khattab,501 Getty Ave,Paterson,NJ,07503,40.890770527659,-74.152789004543,,1991,,https://prayersconnect.com/mosques/84036912-omar-mosque-paterson-new-jersey-united-states,48.0,92.0,,,2513.0,census_geocoder,60443,21.044916762642654,3.15
2401,Mevlana Mosque,291 Sussex Street,Paterson,NJ,07503,40.895414906204,-74.163108883171,,,,,50.0,91.0,,,3525.0,census_geocoder,60443,21.044916762642654,3.15
2402,Ulu Cami,408 Knickerbocker ave,Paterson,NJ,07503,40.892850009085,-74.142105640045,,1970,,https://www.ulucami.org/about-us/our-mosque,44.0,79.0,,,219.0,census_geocoder,60443,21.044916762642654,3.15
2403,Islamic Center of Passaic County- Oaterson,152 Derrom Avenue,Paterson,NJ,07504,40.917008895888,-74.13969968574,,1990,,https://icpcnj.org/our-history/,44.0,71.0,,,250.0,census_geocoder,76659,15.613041481708251,3.55
2404,Islamic Foundation of NJ - Masjid Jalalabad,61 Van Houten St,Paterson,NJ,07505,40.918073628437,-74.175710482511,,1989,,https://prayersconnect.com/mosques/84051716-masjid-jalalabad-islamic-foundation-of-new-jersey-paterson-new-jersey-united-states,63.0,98.0,,,2517.0,census_geocoder,36326,40.78478002378122,2.47
2405,Ahmadiyya Muslim Community,131 Wagaraw Road,Hawthorne,NJ,07506,40.940745898648,-74.157489064989,,,,,38.0,48.0,,,3596.0,census_geocoder,110237,4.047753240764462,2.56
2406,Islamic Center of Passaic County (Masjid Younis),190 Haledon Avenue,Prospect Park,NJ,07508,40.932272160235,-74.175337466828,,,,,,76.0,,,3547.0,census_geocoder,95806,11.929451763705908,2.84
2407,Darul Uloom New Jersey,86 Marion Street,Paterson,NJ,07522,40.922450779058,-74.181302552043,,,,,60.0,91.0,,,3514.0,census_geocoder,48058,27.07373777251393,3.20
2408,Albanian Associated Fund Cultural Center,456 River st,Paterson,NJ,07524,40.930191232329,-74.160393133174,,1978,,https://aaccriverdale.org/?page_id=15,35.0,84.0,,,921.0,census_geocoder,49103,22.4869640787949,3.11
2409,Masjid Ansar As-Sunnah,"456 River St,",Paterson,NJ,07524,40.930191232329,-74.160393133174,,2000,,https://prayersconnect.com/mosques/84091535-masjid-ansar-as-sunnah-paterson-new-jersey-united-states,35.0,84.0,,,1799.0,census_geocoder,49103,22.4869640787949,3.11
2410,Bergen County Islamic Center,78 Trinity Pl,Hackensack,NJ,07601,40.884350005799,-74.045859741692,,1997,,https://prayersconnect.com/mosques/84029694-islamic-center-of-bergen-county-hackensack-new-jersey-united-states,63.0,93.0,,,2509.0,census_geocoder,84277,12.102664909419886,2.20
2411,Minhaj-Ul-Quran,36 Vreeland ave,Hackensack,NJ,07601,40.866241052833,-74.041229202969,,2008,,"https://www.causeiq.com/organizations/minhaj-ul-quran-educational-cultural-center,223651868/",50.0,69.0,,,2045.0,census_geocoder,84277,12.102664909419886,2.20
2412,Al Aisha Mosque,52 East Johnson Avenue,Bergenfield,NJ,07621,40.931115459945,-73.993225214302,,,,,52.0,88.0,,,3567.0,census_geocoder,130045,7.09479691408039,3.04
2413,Mehfile Shahe-Khorasan,36 Tenafly rd,Englewood,NJ,07631,40.8969128,-73.9794621,,1975,,https://prayersconnect.com/mosques/84030249-mehfile-shahe-khorasan-englewood-new-jersey-united-states,48.0,95.0,,,2036.0,nominatim,102571,9.208235173614668,2.61
2414,Sakinah Institute,297 Kinderkamack Road,Oradell,NJ,07649,40.9507258,-74.032467,,,,,,78.0,,,3506.0,nominatim,221322,3.6321389262565735,3.06
2415,Muslim Community Center of Paramus,650 Pascack Road,Paramus,NJ,07652,40.9662466,-74.0600607,,2017,,"https://www.causeiq.com/organizations/the-fusion-community-center-of-north-jersey,823597847/",50.0,31.0,,,667.0,nominatim,144349,4.657840165895677,2.94
2416,Dar-ul-Islah,320 Fabry Terrace,Teaneck,NJ,07666,40.872059662273,-74.002144394179,,1986,,https://www.nytimes.com/1991/06/30/nyregion/teaneck-journal-mosque-sees-growth-in-its-future.html,,32.0,,,2516.0,census_geocoder,144075,5.584138232296267,3.00
2417,Nida-Ul-Islam Center,250 Hargreaves ave,Teaneck,NJ,07666,40.902585908494,-73.990188018537,,1998,,https://nidaulislam.org/about/,,62.0,,,2116.0,census_geocoder,144075,5.584138232296267,3.00
2418,Islamic Center of Asbury Park/Masjidul Bayaan,612 Ridge Ave,Asbury Park,NJ,07712,40.221350470709,-74.024895259759,,2015,,https://oprs.co.monmouth.nj.us/Oprs/GoogleWithUC/PropertyDtls.aspx?&strMunic=Asbury%20Park&strAddr=612%20Ridge%20Ave,,73.0,,,251.0,census_geocoder,96725,13.059497137167039,2.25
2419,"Ahle Baith Foundation, Inc.",14 Mount Vernon Road,Englishtown,NJ,07726,40.288381350585,-74.368101688016,,,,,,8.0,,,3573.0,census_geocoder,149197,5.251121076233184,2.69
2420,Astana-E Zehra,14 Mt. Vernon rd,Englishtown,NJ,07726,40.288381350585,-74.368101688016,,1990,,https://www.astaana.com/about-us.php,,8.0,,,961.0,census_geocoder,149197,5.251121076233184,2.69
2421,Dibra Community Center of New Jersey,,Freehold,NJ,07728,40.2601096,-74.2737573,,2015,,"https://www.guidestar.org/profile/47-2471119#:~:text=Mission,Freehold%2C%20NJ%2007728%20United%20States",,7.0,,,248.0,nominatim,114072,7.177305484752352,2.67
2422,Imam-A-Zamana Foundation of North America,235 Georgia rd,Freehold,NJ,07728,40.192772000104,-74.292201483929,,1988,,https://prayersconnect.com/mosques/84021413-imam-a-zamana-foundation-of-north-america-freehold-new-jersey-united-states,,1.0,,,1149.0,census_geocoder,114072,7.177305484752352,2.67
2423,Islamic Center of Old Bridge,205 State Rt. 35 North,Keyport,NJ,07735,,,,2001,,https://www.icobnj.org/about,,37.0,,,1314.0,,97536,5.751865963776815,2.33
2424,Islamic Center of Old Bridge,205 New Jersey 35,Keyport,NJ,07735,40.4276671,-74.2073698,,,,,,37.0,,,3588.0,nominatim,97536,5.751865963776815,2.33
2425,Masjid Al-Amaan,496 Red Hill rd,Middletown,NJ,07748,40.376817314528,-74.140560489583,,1986,,https://ismcnj.org/,,7.0,,,1638.0,census_geocoder,152981,5.259665421017707,2.78
2426,Muslim Center of New Jersey,449 Tennent Road,Marlboro Township,NJ,07751,40.337274267623,-74.293659393341,,,,,,7.0,,,3585.0,census_geocoder,181205,3.923798692067103,2.87
2427,Islamic Society of North Jersey Flanders,11 Deerfield Place,Mount Olive,NJ,07836,40.830163681409,-74.707248721321,,,,,,61.0,,,3551.0,census_geocoder,151915,3.23242688558235,2.54
2428,Bosniak Community Center,63 U.S. 46,Hackettstown,NJ,07840,40.858040535061,-74.850117271423,,,,,,18.0,,,3594.0,census_geocoder,105866,6.389715053247626,2.45
2429,Islamic Society of North Jersey,354 US Hwy 46 W,Hackettstown,NJ,07840,,,,1999,,https://isnj.net/about-us/,,28.0,,,292.0,,105866,6.389715053247626,2.45
2430,Islamic Center of Morris County,1 Mannino Dr.,Rockaway,NJ,07866,40.894264797386,-74.519113202069,,-,Information Without Year,,,51.0,,,1292.0,census_geocoder,131403,3.781494065216432,2.62
2431,Islamic Center of Warren County,38 Kinnaman Avenue,Washington,NJ,07882,40.765095789984,-74.993471653131,,,,,,20.0,,,3534.0,census_geocoder,107567,6.147731036767142,2.46
2432,Islamic Society of Basking Ridge,124 Church St,Basking Ridge,NJ,07920,40.665765887343,-74.582261128072,,2021,,"https://www.causeiq.com/organizations/isbr-foundation,352666497/",,28.0,,,1450.0,census_geocoder,192857,3.706173446109571,2.63
2433,GCLEA,5 Esterbrook Lane,Cherry Hill Township,NJ,08003,39.9140235,-74.9689217,,,,,,46.0,,,3566.0,nominatim,155059,5.4625968685750435,2.71
2434,Islamic Community Of South Jersey,402 Tansboro Road,Berlin,NJ,08009,39.7613639,-74.9164167,,,,,,20.0,,,3568.0,nominatim,101184,7.620049071153172,2.62
2435,Al-Manar Masjid and Learning Center,1125 South Black Horse Pike,Gloucester Township,NJ,08012,39.787413772593,-75.057048344092,,,,,,35.0,,,3598.0,census_geocoder,95451,9.363612230615152,2.58
2436,Islamic Academy Of Burlington County,613 Sunset Road,Burlington,NJ,08016,40.049847151054,-74.863297289698,,,,,,22.0,,,3572.0,census_geocoder,98463,10.254845552552814,2.63
2437,Selimiye Camii,203 Fountain ave,Burlington,NJ,08016,40.061416116257,-74.848210908587,,1990,,"https://www.causeiq.com/organizations/nj-burlington-county-muslim-association,222976622/",,34.0,,,2159.0,census_geocoder,98463,10.254845552552814,2.63
2438,MUNA Center of South Jersey (MCSJ) - Masjid As-Salaam,400 Erial Road,Pine Hill,NJ,08021,39.789786385456,-74.99033351478,,,,,,55.0,,,3531.0,census_geocoder,68044,15.822592103927738,2.37
2439,Ad-Dawah Center of New Jersey,3191 U.S. 206,Mansfield,NJ,08022,40.090876550076,-74.714315692864,,,,,,11.0,,,3584.0,census_geocoder,117679,3.7832533798517227,2.68
2440,Masjid Shahada,2648 U.S 206,Columbus,NJ,08022,,,,1990,,https://masjidshuhada.org/about/,,21.0,,,1960.0,,117679,3.7832533798517227,2.68
2441,Glassboro Islamic Center,101 Liberty Street,Glassboro,NJ,08028,39.703538847661,-75.103778645598,,,,,,62.0,,,3593.0,census_geocoder,89130,13.021322910997874,2.50
2442,Al Bayan Islamic Learning Center,20 Braisington Avenue,Bellmawr,NJ,08031,39.867481156735,-75.075290301969,,,,,,66.0,,,3565.0,census_geocoder,76654,9.627037637620552,2.40
2443,Association of Bosniaks of Delaware Valley Philadelphia,2835 Creek Road,Hainesport,NJ,08036,39.978267973174,-74.851607083078,,,,,,38.0,,,3595.0,census_geocoder,142899,2.0613456464379944,2.50
2444,Voorhees Islamic Center,3 Lafayette ave,Voorhees,NJ,08043,39.816259307969,-74.945614420043,,2006,,https://www.inquirer.com/philly/news/local/20080219_A_bridge_between_faiths.html,,39.0,,,2227.0,census_geocoder,105473,6.909776176149701,2.41
2445,Masjid Free Haven,280 Ashland ave,Lawnside,NJ,08045,39.861364568605,-75.024567719564,,1999,,https://www.mapquest.com/us/new-jersey/masjid-free-haven-950669,,30.0,,,1867.0,census_geocoder,71607,20.41392285983067,2.66
2446,Al-Nasr Mosque,500 Bridge Street,Willingboro,NJ,08046,40.004927155404,-74.869494414554,,,,,,16.0,,,3539.0,census_geocoder,98178,8.072859516568956,3.02
2447,Hamidiye Mosque,411 Beverly - Rancocas Road,Willingboro,NJ,08046,40.020878633671,-74.895311459838,,,,,,31.0,,,3540.0,census_geocoder,98178,8.072859516568956,3.02
2448,Turkish American Community Center,101 North Lenola Road,Moorestown,NJ,08057,39.958882155237,-74.979803237394,,,,,,48.0,,,3552.0,census_geocoder,158770,5.685476235561446,2.63
2449,Islamic Center of South Jersey,612 Garfield ave,Palmyra,NJ,08065,40.004128044584,-75.020550210023,,1980,,https://www.icsjmasjid.org/about,,72.0,,,1347.0,census_geocoder,89574,10.195082843399252,2.28
2450,Bait Al Qayem Mosque,337 Conrow Road,Delran,NJ,08075,40.012176111213,-74.939751926055,,1971,,https://www.bqnj.org/who-we-are/,,41.0,,,782.0,census_geocoder,94407,7.583929914027002,2.67
2451,Al Minhal Academy of Washington Township,438 Ganttown Road,Washington Township,NJ,08080,39.741650207516,-75.072160960158,,,,,,50.0,,,3535.0,census_geocoder,122262,4.6315567615986515,2.67
2452,Westville Islamic Comm Center Masjid (House of Peace),1420 Pilgrim ave,Westville,NJ,08096,39.858418901393,-75.142771951259,,2002,,https://prayersconnect.com/mosques/84067137-house-of-peace-westville-islamic-community-center-woodbury-new-jersey-united-states,,30.0,,,2234.0,census_geocoder,89013,8.291916595258497,2.51
2453,Admiral Family Community Center,1268 Park Blvd.,Camden,NJ,08103,39.9342425,-75.1053918,,-,No Basic Information,,49.0,71.0,,,846.0,nominatim,36793,31.87330948433819,2.62
2454,Masjid Muhammad Abdul Wahab,1032 Spruce st,Camden,NJ,08103,39.935899208324,-75.109703139279,,2002,,https://camdenmasjidmaw.wordpress.com/,58.0,65.0,,,178.0,census_geocoder,36793,31.87330948433819,2.62
2455,Quba School And Islamic Center,1311 Haddon ave,Camden,NJ,08103,39.9266209,-75.0951217,,1985,,https://www.facebook.com/qubaislamiccenter/,43.0,78.0,,,2142.0,nominatim,36793,31.87330948433819,2.62
2456,Masjidun Nur Inc,1231 Mechanic st,Camden,NJ,08104,39.930604797898,-75.10413085279,,-,Information Without Year,https://www.mapquest.com/us/new-jersey/masjidun-nur-inc-980009,44.0,76.0,,,2026.0,census_geocoder,38170,30.07062658457081,2.65
2457,Imam Ali Masjid,5801 Magnolia Avenue,Pennsauken,NJ,08109,39.94285685405,-75.051878833381,,,,,,65.0,,,3542.0,census_geocoder,90242,15.172240171191206,2.76
2458,Atlantic County Darus Salam Academy,242 West White Horse Pike,Galloway,NJ,08205,39.463717818266,-74.553366226088,,,,,,36.0,,,3592.0,census_geocoder,93370,10.366882204104582,2.48
2459,Masjid Baitul Nasr,101 East West Jersey Avenue,Pleasantville,NJ,08232,39.389784195124,-74.520182016482,,,,,45.0,73.0,,,3543.0,census_geocoder,53899,24.880455794078745,3.07
2460,Medina Mosque and Islamic center,1514 North Main Street,Pleasantville,NJ,08232,39.414146304045,-74.503328207564,,,,,35.0,26.0,,,3544.0,census_geocoder,53899,24.880455794078745,3.07
2461,Masjid Al-Taqwe Inc.,3052 English Creek Avenue,Egg Harbor Township,NJ,08234,39.425998749944,-74.613740609813,,,,,,35.0,,,3559.0,census_geocoder,98217,9.392873787230437,2.79
2462,Garden State Islamic Center,22 Coral ave,Bridgeton,NJ,08302,39.426880221135,-75.216503294056,,2011,,https://www.gsicnj.org,,35.0,,,1112.0,census_geocoder,65516,18.947032255121126,2.96
2463,Garden State Islamic Center - New Jersey,24 Coral Avenue,Bridgeton,NJ,08302,39.426924908157,-75.21650908022,,,,,,35.0,,,3571.0,census_geocoder,65516,18.947032255121126,2.96
2464,Murat Mosque,379 Monroeville Road,Upper Pittsgrove,NJ,08343,39.629746738646,-75.163722855064,,,,,,6.0,,,3532.0,census_geocoder,141842,4.302670623145401,3.07
2465,Garden State Islamic Center,700 Bird Street,Vineland,NJ,08360,39.496690146745,-75.070823126422,,,,,,1.0,,,3533.0,census_geocoder,65359,16.78596270783315,2.83
2466,Islamic Center of Atlantic City,16 N Florida Ave,Atlantic City,NJ,08401,39.356757023926,-74.442123653802,,-,Information Without Year,,56.0,92.0,,,2699.0,census_geocoder,41126,32.03704192280294,2.31
2467,Masjid Al-Taqwa,3536 Atlantic ave,Atlantic City,NJ,08401,39.351494237325,-74.45246344774,,1994,,https://thigmos.com/masjid-altaqwa-atlantic-city-20/about,,83.0,,,1768.0,census_geocoder,41126,32.03704192280294,2.31
2468,Masjid Furqaan,1208-B Atlantic ave,Atlantic City,NJ,08401,39.362959043125,-74.425840675506,,2013,,"https://www.causeiq.com/organizations/masjid-al-furqaan,275073583/",55.0,91.0,,,1868.0,census_geocoder,41126,32.03704192280294,2.31
2469,Masjid Mohammed,300 N Albany Ave,Atlantic City,NJ,08401,39.354399066884,-74.457393436275,,2000,,"http://www.mmacinc.org/2018-fundraising-drive.html#:~:text=Our%20Journey%20to%20the%20way%20of%20Ahlus%20Sunnah%20wal%20Jama'ah&text=Masjid%20Muhammad%20was%20a%20small,the%20backbone%20of%20any%20community.",34.0,14.0,,,837.0,census_geocoder,41126,32.03704192280294,2.31
2470,Masjid Muhammad Islamic Center,300 N Albany ave,Atlantic City,NJ,08401,39.354399066884,-74.457393436275,,2007,,"https://www.causeiq.com/organizations/masjid-muhammad-of-atlantic-city,743181629/",34.0,14.0,,,1917.0,census_geocoder,41126,32.03704192280294,2.31
2471,Masjid Al-Hira,2426 Atlantic Avenue,Atlantic City,NJ,08402,39.356837713159,-74.44096308401,,2001,,https://www.bangladeshcircle.com/bangladesh-business-directory/35732/masjid-al-hera/,56.0,92.0,,,671.0,census_geocoder,121800,6.343141001146351,2.03
2472,Alkhairia Islamic Center,200 South 2nd Street,Fieldsboro,NJ,08505,40.136965648573,-74.730917392833,,,,,,38.0,,,3575.0,census_geocoder,112845,6.2446898895497025,2.59
2473,Dar E Hussain,72Hogback Rd,Bordentown,NJ,08505,40.151811046921,-74.68242016456,,,,,,23.0,,,3570.0,census_geocoder,112845,6.2446898895497025,2.59
2474,Institute For Islamic Studies,379 Princeton Highstown rd Bldg 2 Suite 1,East Windsor,NJ,08512,,,,2018,,https://www.facebook.com/share/p/1Dkjch7Ljk/?mibextid=wwXIfr,,17.0,,,1159.0,,118587,6.435759419611514,2.51
2475,Muslim Center of Greater Princeton,2030 Old Trenton Rd,West Windsor Township,NJ,08550,40.281284229857,-74.570417576983,,1995,,https://prayersconnect.com/mosques/84047332-muslim-center-of-greater-princeton-west-windsor-twp-new-jersey-united-states,,37.0,,,2510.0,census_geocoder,224213,2.4967959367731525,2.69
2476,Muslim Center of Greater Princeton,2030 Old Trenton Road,West Windsor Township,NJ,08550,40.281284229857,-74.570417576983,,,,,,37.0,,,3538.0,census_geocoder,224213,2.4967959367731525,2.69
2477,Masjidut Taqwa,1001 East State Street,Trenton,NJ,08609,40.224800322584,-74.743170956008,,2000,,,47.0,64.0,,,187.0,census_geocoder,68238,18.09535886380928,3.23
2478,Islamic Center of Ewing,685 Parkway Avenue,Trenton,NJ,08618,40.248230674931,-74.786048439146,,2005,,https://www.icoewing.org/about,,58.0,,,1236.0,census_geocoder,50390,21.006469270962928,2.38
2479,Istijabah Masjid,4 Montgomery Place,Trenton,NJ,08618,40.227871682251,-74.779201331665,,2001,,https://istijabah.org/about-ima/,42.0,64.0,,,367.0,census_geocoder,50390,21.006469270962928,2.38
2480,Masjid As Saffat,25 Oxford st,Trenton,NJ,08618,40.228226683942,-74.759562387651,,1980,,,45.0,69.0,,,158.0,census_geocoder,50390,21.006469270962928,2.38
2481,Masjid Al Uthaymeen,39 East Paul Avenue,Trenton,NJ,08638,40.23444868868,-74.756277321929,,-,Information Without Year,(609) 503-5148,38.0,72.0,,,368.0,census_geocoder,66875,17.843563280825638,2.43
2482,Islamic Circle of Mercer County,336 Lawrence Station rd,Lawrenceville,NJ,08648,40.272071074528,-74.684983990227,,2000,,https://icmcmasjid.org/about-us/,,5.0,,,1386.0,census_geocoder,125514,4.599052526020955,2.41
2483,Al-Mustafa Islamic Center/Islamic Center of Ocean County,2116 Whitesville rd,Toms River,NJ,08755,40.038827608381,-74.24358572567,,2008,,https://www.nj.com/news/2008/04/islamic_center_opens_in_ocean.html,,43.0,,,150.0,census_geocoder,87575,6.838255589290643,2.69
2484,Masjid Bilal,1733 Route 9,Toms River,NJ,08755,40.013535,-74.2174658,,1998,,https://www.nj.com/opinion/2022/07/growing-mosque-as-busy-as-its-location-on-shore-highway-faith-matters.html,,39.0,,,1843.0,nominatim,87575,6.838255589290643,2.69
2485,Jamia Masjid Assalam,1 South Main Street,Toms River,NJ,08757,39.950146383661,-74.19972991244,,,,,,70.0,,,3546.0,census_geocoder,58319,10.660535117056856,1.98
2486,Al Falah Center,881 US-206,Bridgewater,NJ,08807,40.5848646,-74.622274,,2022,,https://alfalahcenter.org/our-story/,,21.0,,,2514.0,nominatim,168696,3.983727356463003,2.74
2487,Al-Masjid al-Zainee,349 Dunhams Corner Rd,East Brunswick Township,NJ,08816,40.412886896496,-74.444353815651,,2004,,https://patch.com/new-jersey/eastbrunswick/directory/listing/162488/dawoodi-bohras-of-new-jersey,,8.0,,,481.0,census_geocoder,143586,5.790704769653209,2.94
2488,Anjuman-e-Burhani New Jersey,341 Dunhams Corner Road,East Brunswick,NJ,08816,40.413680510104,-74.443119624558,,,,,,7.0,,,3554.0,census_geocoder,143586,5.790704769653209,2.94
2489,Iqra Community Services,402 New Brunswick Ave,East Brunswick,NJ,08816,40.415248000304,-74.410682512238,,2021,,https://www.icebnj.net/construction-updates/,,56.0,,,1161.0,census_geocoder,143586,5.790704769653209,2.94
2490,Edison Muslim Community Center (EMCC),91 Jefferson Boulevard,Edison,NJ,08817,40.505739615935,-74.404278441899,,,,,,64.0,,,3561.0,census_geocoder,110808,6.295001028594939,2.78
2491,Jamia Musallah,157 Plainfield ave,Edison,NJ,08817,40.507564934887,-74.399747240781,,2008,,https://prayersconnect.com/mosques/84079864-jamia-musallah-edison-new-jersey-united-states,,77.0,,,1509.0,census_geocoder,110808,6.295001028594939,2.78
2492,Tawheed Daawah Center Piscataway,6 Kilmer Road,Edison,NJ,08817,40.520569883602,-74.414989932527,,,,,,53.0,,,3558.0,census_geocoder,110808,6.295001028594939,2.78
2493,Al-Wali Community Center,9 Olsen Avenue,Edison,NJ,08820,40.566536065016,-74.387562496857,,,,,,23.0,,,3557.0,census_geocoder,171363,2.9517039725751157,3.01
2494,Al-Wali Mosque,10 Olsen Ave,Edison,NJ,08820,40.566532957258,-74.387713288839,,2011,,https://masjidalwali.org/about-us/,,23.0,,,2511.0,census_geocoder,171363,2.9517039725751157,3.01
2495,Islamic Center of Hunterdon County,39 Mine Street,Flemington,NJ,08822,40.507777163506,-74.861954608312,,2018,,https://www.ichcnj.org/building-project.html,,79.0,,,1258.0,census_geocoder,137788,4.356306892067621,2.57
2496,Monroe Islamic Center (MIC),200 Buckelew Avenue,Jamesburg,NJ,08831,40.346702526968,-74.43312655725,,,,,,71.0,,,3589.0,census_geocoder,109042,3.6257647674565505,2.29
2497,Muslim Center of Somerset,26 New Amwell Road,Hillsborough Township,NJ,08844,40.506364929563,-74.646919250023,,,,,,63.0,,,3597.0,census_geocoder,153556,2.9804843852468283,2.67
2498,Islamic Society of Central Jersey,4145 Us 1,Monmouth Junction,NJ,08852,40.3878197,-74.5711676,,1983,,https://next.archnet.org/sites/14725,,44.0,,,103.0,nominatim,133209,6.248611419684515,2.69
2499,Iqra Academy,1032 Stelton Road,Piscataway Township,NJ,08854,40.551446751289,-74.43237764993,,-,Information Without Year,(848)-367-2700,,58.0,,,421.0,census_geocoder,127806,3.862436930928493,2.94
2500,Muslim Center of Middlesex County,1000 Hoes Lane,Piscataway,NJ,08854,40.541681,-74.4725776,,1997,,https://www.mcmcnj.org,,18.0,,,2081.0,nominatim,127806,3.862436930928493,2.94
2501,Bait-ul-Hadi Mosque,27 South Street,Old Bridge,NJ,08857,40.38546776695,-74.343682342009,,-,Information Without Year,(732) 360-2001,,12.0,,,668.0,census_geocoder,109312,6.9835303427469215,2.57
2502,Masjid Sadar & Community Center,216 Ernston Road,Parlin,NJ,08859,40.457623839371,-74.304092271534,,2021,,"https://www.nj.com/news/2023/04/mosque-fined-692k-for-zoning-violations-working-with-nj-town-to-reopen-officials-say.html#:~:text=The%20facility%20opened%20in%20September%20of%202021,on%20the%20property%2C%20according%20to%20the%20borough.",,65.0,,,762.0,census_geocoder,99882,7.014303678088652,2.79
2503,Masjid Sadar Taraweeh,298 Ernston Road,Sayreville,NJ,08859,40.455546984048,-74.29945896068,,,,,,63.0,,,3548.0,census_geocoder,99882,7.014303678088652,2.79
2504,Muslim Community of New Jersey (MCNJ),15 South 2nd Street,Fords,NJ,08863,40.530205486083,-74.315015121983,,1992,,https://mcnjonline.com/,,79.0,,,197.0,census_geocoder,115861,6.373815676141257,2.69
2505,Masjid Jamaatul Haq,385 Lewis Street,Franklin Township,NJ,08873,40.491494442898,-74.47700939905,,,,,,74.0,,,3590.0,census_geocoder,124972,5.784100898832056,2.55
2506,Masjid-e-Ali,47 Cedar Grove Lane,Somerset,NJ,08873,40.531068346335,-74.512149249477,,2010,,https://www.masjid-e-ali.org/the-masjid/,,33.0,,,185.0,census_geocoder,124972,5.784100898832056,2.55
2507,Muhammad Mosque #85,610 Hamilton Street,Franklin Township,NJ,08873,40.492806192576,-74.469105827539,,,,,,78.0,,,3591.0,census_geocoder,124972,5.784100898832056,2.55
2508,Muslim Center of Somerset County,63 Southside ave,Somerville,NJ,08876,40.561893762714,-74.610505666197,,2020,,https://www.mcscmasjid.org/new-masjid-update,,57.0,,,2083.0,census_geocoder,122884,5.1383569307569825,2.33
2509,Islamic Center of South River,8 Thomas Street,South River,NJ,08882,40.45140096962,-74.382214659968,,,,,,82.0,,,3549.0,census_geocoder,96147,12.539672661646648,2.89
2510,MAS Youth Center of New Jersey,445 Georges Road,North Brunswick Township,NJ,08902,40.473143974735,-74.449135345255,,,,,,61.0,,,3528.0,census_geocoder,121071,7.365334441596823,2.81
2511,New Brunswick Islamic Center,1330 Livingston Ave,North Brunswick Township,NJ,08902,40.46289125349,-74.477704068806,,1987,,https://us.mohid.co/nj/njrgn/nbic,,54.0,,,2515.0,census_geocoder,121071,7.365334441596823,2.81
2512,Islamic Center of New Mexico (ICNM),1100 Yale Blvd SE,Albuquerque,NM,87106,35.068620612713,-106.621997438465,,1986,,https://www.archnet.org/sites/10606,30.0,49.0,,,2518.0,census_geocoder,49781,22.852114117309974,1.97
2513,Mahdavi Center,524 Chama st Se,Albuquerque,NM,87108,35.070372022115,-106.566372435468,,2011,,"https://www.causeiq.com/organizations/new-mexico-mahdavi-islamic-association,421667284/",41.0,68.0,,,1540.0,census_geocoder,42724,27.334889926617745,2.09
2514,Al Zahra Islamic Center,10810 Menaul Blvd NE,Albuquerque,NM,87112,35.108883048735,-106.520383786396,,2023,,https://imam-us.org/grand-opening-of-al-zahra-center-albuquerque-nm,28.0,85.0,,,2848.0,census_geocoder,73937,10.026035719179646,2.28
2515,Albuquerque Islamic Center,8900 Menaul Blvd NE,Albuquerque,NM,87112,35.109130426328,-106.543241317359,,2014,,https://www.abqislamiccenter.org/about-us,32.0,65.0,,,2519.0,census_geocoder,73937,10.026035719179646,2.28
2516,House of Belief Dar Al Iman Islamic center,10832 Prospect Ave NE,Albuquerque,NM,87112,35.107093573127,-106.520610815535,,2018,,"https://www.causeiq.com/organizations/house-of-belief-dar-al-iman,823432803/",28.0,85.0,,,2524.0,census_geocoder,73937,10.026035719179646,2.28
2517,Gallup Islamic Center,3100 E Hwy 66,Gallup,NM,87301,,,,-,Information Without Year,https://gallup-islamic-center.edan.io/,,29.0,,,732.0,,58772,25.883180858550315,2.99
2518,Al Rahma Mosque,418 W San Mateo Rd,Santa Fe,NM,87505,35.663281742316,-105.951944268328,,-,Information Without Year,https://prayersconnect.com/mosques/84027390-masjid-al-rahma-santa-fe-new-mexico-united-states,,48.0,,,2521.0,census_geocoder,78247,10.942394987532767,1.86
2519,Muslim Society of Northern New Mexixo,839 Camino Sierra Vista Suite 1,Sante Fe,NM,87505,35.680005424884,-105.953651203129,,2005,,"https://www.causeiq.com/organizations/the-muslim-society-of-northern-new-mexico,141938894/",,90.0,,,2105.0,census_geocoder,78247,10.942394987532767,1.86
2520,Dar al Islam,342 Co Rd 155,Abiquiu,NM,87510,36.223051489726,-106.303093028136,,1979,,,,0.0,,,2522.0,census_geocoder,85453,19.40755873340143,1.91
2521,Dar-Al-Islam,1621 County rd 155,Abiquiu,NM,87510,36.211488398489,-106.331619058336,,1979,,https://www.archnet.org/sites/10605,,0.0,,,1060.0,census_geocoder,85453,19.40755873340143,1.91
2522,Ibrahim Mosque,919 Central Avenue,Los Alamos,NM,87544,35.881185609284,-106.295233723531,,-,No Basic Information,,,62.0,,,2847.0,census_geocoder,138583,3.9917055469155,2.19
2523,Khadeeja Mosque,500 Don Fernando Rd,Taos,NM,87571,,,,-,Information Without Year,https://prayersconnect.com/mosques/84080137-musalla-khadeeja-taos-new-mexico-united-states,,41.0,,,2526.0,,57575,17.06001944665429,2.06
2524,Masjid Khadijah,507 Ranchitos rd,Taol,NM,87571,36.405548413969,-105.586138521033,,1920,,https://learnislam.sg/mosque/khadijah-mosque/,,41.0,,,1904.0,census_geocoder,57575,17.06001944665429,2.06
2525,Islamic Center Of Socorro,1208 El Camino Real St #1204,Socorro,NM,87801,34.074495225986,-106.89934683131,,2022,,"https://www.causeiq.com/organizations/islamic-center-of-socorro-new-mexico,880966742/",,28.0,,,2523.0,census_geocoder,46525,30.688501902894703,3.12
2526,Las Cruces Islamic Center,1025 S Solano Dr.,Las Cruces,NM,88001,32.302662538783,-106.763192508372,,2019,,"https://newmexicohumanities.org/a-muslim-fitting-into-new-mexico/#:~:text=Islam%20is%20not%20a%20new,Center%20(SNMIC)%20in%202019.",,74.0,,,217.0,census_geocoder,33087,34.41958632334318,2.28
2527,Masjid Alhuda/Southern New Mexico Islamic Center (SNMIC),1065 E Boutz Rd,Las Cruces,NM,88001,32.295404366197,-106.762411354174,,2019,,"https://www.causeiq.com/organizations/southern-new-mexico-islamic-center,834714228/",,70.0,,,2520.0,census_geocoder,33087,34.41958632334318,2.28
2528,The Golden Mosque,902 Mitchell St,Clovis,NM,88101,34.406890131839,-103.206719409381,,-,Information Without Year,https://prayersconnect.com/mosques/84092055-the-golden-mosque-clovis-new-mexico-united-states,,66.0,,,2525.0,census_geocoder,56587,20.8348573518654,2.52
2529,Al-Rahman Mosque,927 E McGaffey St,Rosewell,NM,88203,33.379831108271,-104.50976362986,,2013,,https://al-rahman.org/about-us/,,10.0,,,2846.0,census_geocoder,42207,24.46506275398281,2.55
2530,Amirana Community Center,6170 West Viking Road,Las Vegas,NV,89103,36.118182228361,-115.226291701502,,,,https://www.mapquest.com/us/nevada/amirana-community-center-781939261,43.0,59.0,,,3371.0,census_geocoder,48901,19.48256790528084,2.24
2531,Tawheed Mosque,6180 W Viking Rd,Las Vegas,NV,89103,36.118184974371,-115.226482548398,,-,Information Without Year,https://www.instrumentl.com/990-report/masjid-tawheed,43.0,59.0,,,2497.0,census_geocoder,48901,19.48256790528084,2.24
2532,As-Sabur Mosque,711 Morgan Ave,Las Vegas,NV,89106,36.180198421016,-115.150849964047,,1975,,https://en.wikipedia.org/wiki/Masjid_As-Sabur,49.0,54.0,,,2498.0,census_geocoder,42007,28.0968096809681,2.70
2533,Muhammad Mosque 75,1402 D St,Las Vegas,NV,89106,36.18604858503,-115.147050018481,,1992,,https://mosques.cmac.ws/muhammad-mosque-75/1134/,40.0,45.0,,,2501.0,census_geocoder,42007,28.0968096809681,2.70
2534,Baitul Tawheed Mosque Mezquita,6574 W Cheyenne Ave,Las Vegas,NV,89108,36.217865233966,-115.237418888297,,-,Information Without Year,https://prayersconnect.com/mosques/84046724-baitul-tawheed-mosque-mezquita-las-vegas-nevada-united-states,,71.0,,,2502.0,census_geocoder,59449,17.84444229199242,2.75
2535,Las Vegas Ahmadi Muslim Jamaat,6574 West Cheyenne Avenue,Las Vegas,NV,89108,36.217865233966,-115.237418888297,,,,https://www.facebook.com/lasvegasAhmadiyya/,40.0,71.0,,,3373.0,census_geocoder,59449,17.84444229199242,2.75
2536,MASJID IBRAHIM MOSQUE,3788 N Jones Blvd,Las Vegas,NV,89108,36.226903213554,-115.225567082957,,2016,,https://religionnews.com/2019/12/10/mission-accomplished-how-one-woman-built-the-mosque-of-her-dreams-in-vegas/,37.0,41.0,,,2496.0,census_geocoder,59449,17.84444229199242,2.75
2537,Hussainya Center of Las Vegas,3090 South Durango Drive,Las Vegas,NV,89117,36.133226610985,-115.278865205176,,,,https://www.hussainya.org/,0.0,5.0,,,3372.0,census_geocoder,75145,13.125151630679651,2.49
2538,Masjid Nejashi | Darul Iman Ethiopian Muslim Community,6036 Ponderosa Way,Las Vegas,NV,89118,36.080080865704,-115.223739521077,,2008,,"https://www.causeiq.com/organizations/darul-iman-ethiopian-muslim-community,421747732/",29.0,23.0,,,2504.0,census_geocoder,71160,11.140595484393272,2.41
2539,Islamic Information Center - Al-Noor Mosque,1610 E Russell Rd,Las Vegas,NV,89119,36.089001439379,-115.132073643167,,2002,,https://iiclasvegas.org/about-iic/,42.0,42.0,,,2499.0,census_geocoder,46960,21.564333526154865,2.24
2540,Islamic Society of Nevada/Jamia mosque,4730 E Desert Inn Rd,Las Vegas,NV,89121,36.129670013212,-115.071299513557,,1993,,https://lasvegasmasjid.com/our-community/,45.0,61.0,,,277.0,census_geocoder,55758,19.660251144231896,2.77
2541,Omar Haikal Islamic Academy -OHIA,485 East Eldorado Lane,Las Vegas,NV,89123,36.053271435842,-115.152509217712,,2010,,https://omarhaikalmasjid.com/about-us/,42.0,34.0,,,3375.0,census_geocoder,84428,9.395464258633764,2.55
2542,Omar Haikal Islamic Academy -OHIA/Islamic Foundation of Nevada,485 E Eldorado Ln,Las Vegas,NV,89123,36.053271435842,-115.152509217712,,2010,,https://omarhaikalmasjid.com/about-us/,42.0,34.0,,,2503.0,census_geocoder,84428,9.395464258633764,2.55
2543,Irfaniye Academy,2810 South Rainbow Boulevard,Las Vegas,NV,89146,36.1576679,-115.2437623,,1980,,https://www.irfaniyeacademy.com/about,37.0,77.0,,,3374.0,nominatim,62899,16.751548520302823,2.68
2544,Ahl Albayt Center of Nevada (ACON) in Las Vegas (Shia Islamic Center),4785 South Durango Drive,Las Vegas,NV,89147,36.102267288859,-115.279274069648,,2012,,https://www.aconlv.org/,38.0,46.0,,,3370.0,census_geocoder,74985,11.057976465531137,2.59
2545,Northern Nevada Muslim Community Center/Islamic Center of Reno,1857 Oddie Blvd.,Sparks,NV,89431,39.545419214995,-119.768685923221,,1992,,https://nnmcc.org/founders/,,73.0,,,2500.0,census_geocoder,66592,13.260633049110645,2.57
2546,Mosque of Carson City,2990 US-50,Carson City,NV,89701,39.176479429573,-119.733912263245,,-,No Basic Information,https://mosquesusa.com/mosques-in-nevada/,,65.0,,,2056.0,census_geocoder,73184,11.52981520289579,2.37
2547,Assafa Islamic Center Inc,172 Eldridge St,New York,NY,10002,40.720263546337,-73.990802992865,,1996,,https://assafaislamiccenter.org/about-aic/,100.0,100.0,,,2527.0,census_geocoder,48386,27.934130160067394,2.04
2548,Madina Masjid,401 E 11th St,New York,NY,10009,40.729405928437,-73.983905219574,,1976,,https://urbanarchive.org/city/ny/post/9258537b-dcd4-4d0e-ba9a-5d7f367a28a0,100.0,100.0,,,121.0,census_geocoder,92876,19.65998038987586,1.97
2549,The Islamic Center of New York City,350 6th Avenue,New York,NY,10011,40.732169193304,-74.000529680304,,,,,100.0,100.0,,,3861.0,census_geocoder,145987,9.345553671467515,1.65
2550,Islamic Center at NYU,238 Thompson Street,New York,NY,10012,40.729873,-73.9982295,,1978,,"https://iric.org/islamic-center-at-new-york-university-icnyu/#:~:text=Established%20in%201978%2C%20the%20Islamic,at%20intellectual%20and%20spiritual%20crossroads.",100.0,99.0,,,330.0,nominatim,137106,10.708684571652617,1.70
2551,Nur Ashki Jerrahi Community,245 West Broadway,New York,NY,10013,40.71977096772,-74.005790602959,,,,,100.0,100.0,,,3862.0,census_geocoder,161154,12.3132710575066,2.05
2552,Islamic Center of New York University,238 Thompson St,New York,NY,10014,40.729873,-73.9982295,,1978,,https://iric.org/islamic-center-at-new-york-university-icnyu/,100.0,99.0,,,1302.0,nominatim,176395,6.773779366346254,1.67
2553,"Ismaili Jamatkhana, Manhattan",160 East 35th Street,New York,NY,10016,40.746738878032,-73.978613839172,,,,,100.0,100.0,,,3886.0,census_geocoder,140381,10.782908499263966,1.66
2554,Masjid Ar-Rahman,15 West 29th Street,New York,NY,10016,40.745745327926,-73.9877461124,,2020,,https://masjidarrahmannyc.org/about-us/,100.0,100.0,,,308.0,census_geocoder,140381,10.782908499263966,1.66
2555,Masjid Awliya of Allah,327 W 36th st,New York,NY,10018,40.754440710224,-73.994615453205,,2015,,https://en.halalguide.me/manhetten/mechet/masjid-awliya-of-allah,100.0,99.0,,,2532.0,census_geocoder,145958,15.587784459379789,1.68
2556,Islamic Society of Mid Manhattan/Masjid Uthman Bin Affan,154 E 55th St,New York,NY,10022,40.759304973688,-73.96947964183,,1999,,https://www.masnewyork.org/massi,100.0,100.0,,,2528.0,census_geocoder,172026,6.9948645298388525,1.80
2557,Uthman Bin Affan Mosque,154 East 55th Street,New York,NY,10022,40.759304973688,-73.96947964183,,,,,100.0,100.0,,,3860.0,census_geocoder,172026,6.9948645298388525,1.80
2558,Islamic Cultural Center Riverside Drive,1 Riverside Dr,New York,NY,10023,40.78035295621,-73.985583202675,,1991,,https://en.wikipedia.org/wiki/Islamic_Cultural_Center_of_New_York,100.0,70.0,,,2530.0,census_geocoder,159874,8.437695213731148,1.78
2559,Annur Islamic Center,213 E 111th st,New York,NY,10026,40.79467301252,-73.941985905871,,-,Information Without Year,,100.0,99.0,,,949.0,census_geocoder,81244,17.733326144389927,2.32
2560,Masjid Al-Aqsa,2136 8th ave,New York,NY,10026,40.803955844201,-73.955618580275,,1996,,https://aqsasalam.org/home-8068,100.0,94.0,,,1647.0,census_geocoder,81244,17.733326144389927,2.32
2561,Masjid Malcolm Shabazz,102 West 116th St,New York,NY,10026,40.802285819532,-73.950462922423,,1956,,https://www.themasjidmalcolmshabazz.com/about-us.php,100.0,97.0,,,175.0,census_geocoder,81244,17.733326144389927,2.32
2562,Mosque of Islamic Brotherhood,130 E 113th st,New York,NY,10026,40.800659634331,-73.952611049637,,1967,,https://www.facebook.com/groups/mibvillage/posts/6951347048299032/,100.0,99.0,,,2059.0,census_geocoder,81244,17.733326144389927,2.32
2563,Harlem Islamic Center,2001 Adam Clayton Powell Junior Boulevard,New York,NY,10027,40.805807226816,-73.950551225812,,,,,100.0,98.0,,,3916.0,census_geocoder,59587,26.063629349171887,2.18
2564,Muhammad Mosque No. 7,106-08 West 127th Street,New York,NY,10027,40.809118246317,-73.944807135865,,,,,100.0,99.0,,,3864.0,census_geocoder,59587,26.063629349171887,2.18
2565,Al Islah Islamic cultural center INC,1795 Lexington Avenue,New York,NY,10029,40.795672563756,-73.943688336643,,,,,100.0,99.0,,,3918.0,census_geocoder,38695,30.982538858033326,2.20
2566,Islamic Cultural Center of New York,1711 3rd Avenue,New York,NY,10029,40.785214596645,-73.949228021004,,1991,,https://www.icc-ny.us/about-us/,100.0,99.0,,,536.0,census_geocoder,38695,30.982538858033326,2.20
2567,Islamic Cultural Center of New York (ICCNY),1711 3rd Avenue,New York,NY,10029,40.785214596645,-73.949228021004,,,,,100.0,99.0,,,3917.0,census_geocoder,38695,30.982538858033326,2.20
2568,Islamic Cultural Center School,222 East 97th Street,New York,NY,10029,40.785601187108,-73.948324024371,,,,,100.0,,,,3915.0,census_geocoder,38695,30.982538858033326,2.20
2569,Masjid Aqsa-Salam,1629 Park Avenue,New York,NY,10029,40.798930591321,-73.943423763779,,,,,100.0,99.0,,,3868.0,census_geocoder,38695,30.982538858033326,2.20
2570,MUNA Center of Manhattan Masjid,330 East 106th Street,New York,NY,10029,40.790121605826,-73.941402179309,,,,,100.0,96.0,,,3877.0,census_geocoder,38695,30.982538858033326,2.20
2571,Naylul Maraam Islamic Center USA,2157 1st Avenue,New York,NY,10029,40.793227703364,-73.937523688484,,,,,100.0,96.0,,,3863.0,census_geocoder,38695,30.982538858033326,2.20
2572,Al-Falah Mosque,2536 Frederick Douglass Boulevard,New York,NY,10030,40.816526315981,-73.946442744847,,,,,100.0,97.0,,,3929.0,census_geocoder,39802,36.43275454638857,2.14
2573,Islamic Khadijah Cultural Center,271 West 144th Street,New York,NY,10030,40.8218608574,-73.941532336036,,,,,100.0,97.0,,,3888.0,census_geocoder,39802,36.43275454638857,2.14
2574,Masjid alfirdous,207 West 135th Street,New York,NY,10030,40.815454507264,-73.943892795852,,,,,100.0,99.0,,,3866.0,census_geocoder,39802,36.43275454638857,2.14
2575,Muhammad Ali Islamic Center,203 West 133rd Street,New York,NY,10030,40.814117272499,-73.944747988788,,,,,100.0,97.0,,,3865.0,census_geocoder,39802,36.43275454638857,2.14
2576,Murid Islamic Community In America,46 Edgecombe ave,New York,NY,10030,40.818297609624,-73.946953593529,,1999,,https://www.intellispect.co/organizations/133744179-murid-islamic-community-of-america-inc,100.0,96.0,,,2064.0,census_geocoder,39802,36.43275454638857,2.14
2577,"Masjid Quba, Inc",1877 Amsterdam Avenue,New York,NY,10031,40.830161012462,-73.94391860865,,,,,100.0,89.0,,,3867.0,census_geocoder,65283,23.948981282093758,2.65
2578,Masjid Al-Rahman,575 E 175th st,New York,NY,10033,40.845187249967,-73.935839162604,,1992,,https://www.archnet.org/sites/14733,100.0,87.0,,,1751.0,census_geocoder,75040,18.147654485541857,2.70
2579,Harlem Islamic Cultural Center,108 E 128th st,New York,NY,10035,40.806844308524,-73.937484340529,,2009,,http://hiccchildren.org/contact.php,100.0,91.0,,,1124.0,census_geocoder,45121,34.20962696180236,2.21
2580,Masjidus Sabur,251 E 119th st,New York,NY,10035,40.79944920374,-73.937424217403,,1995,,,100.0,97.0,,,2028.0,census_geocoder,45121,34.20962696180236,2.21
2581,Muslim Center of Manhattan,4 E 43Rd st Suite 316,New York,NY,10036,40.754029613285,-73.980259363403,,1999,,"https://en.wikipedia.org/wiki/Islamic_Cultural_Center_of_New_York#:~:text=The%20Islamic%20Cultural%20Center%20was,one%20of%20the%20city%27s%20largest.",100.0,99.0,,,2080.0,census_geocoder,95638,13.956975228161669,1.54
2582,Masjid Assalam Walkhair,527 Malcolm X Blvd,New York,NY,10037,40.815231884114,-73.940121170613,,-,Information Without Year,https://prayersconnect.com/mosques/84028459-masjid-assalam-wal-khair-new-york-new-york-united-states,100.0,96.0,,,1822.0,census_geocoder,49153,29.02519752295537,1.85
2583,Masjid Manhattan,30 Cliff Street,New York,NY,10038,40.708232985869,-74.005036580472,,1970,,https://www.masjidmanhattan.com/,100.0,100.0,,,299.0,census_geocoder,105419,19.37579368955749,1.99
2584,Islamic Society of Roosevelt Island,564 Main Street,New York,NY,10044,40.762230412761,-73.949483900455,,,,,100.0,82.0,,,3910.0,census_geocoder,103347,11.954511834319527,2.09
2585,96 mosqu√©,222 E 97th St,New York,NY,10128,40.785601187108,-73.948324024371,,1989,,https://www.nyc.com/arts__attractions/new_york_mosque_islamic_cultural_center.975452/,100.0,99.0,,,2533.0,census_geocoder,147772,8.924857895466518,1.88
2586,Albanian Islamic Cultural Center,307 Victory Blvd,Staten Island,NY,10301,40.634664038913,-74.085201764874,,1990,,https://www.facebook.com/AlbanianIslamicCulturalCenter/about,72.0,82.0,,,270.0,census_geocoder,85609,18.722488995598237,2.71
2587,Islamic Masjid of Staten Island,117 Van Duzer st,Staten Island,NY,10301,40.635353971694,-74.076597893285,,2019,,"https://www.causeiq.com/organizations/islamic-masjid-of-staten-island,833437706/",78.0,92.0,,,1438.0,census_geocoder,85609,18.722488995598237,2.71
2588,Masjid Al-Ihsan,406 St Marks Pl,Staten Island,NY,10301,40.639883218015,-74.07756408748,,2007,,https://propertyinformationportal.nyc.gov/cyclomedia/577985.7523977445/4499180.955019835/,80.0,93.0,,,273.0,census_geocoder,85609,18.722488995598237,2.71
2589,Al Noorani Islamic Center of Staten Island,625 South Avenue,Staten Island,NY,10303,40.62367983157,-74.167384375379,,,,,60.0,72.0,,,3622.0,census_geocoder,83947,17.856197284314838,2.99
2590,Noor Al-Islam Society,3067 Richmond Ter #2,Staten Island,NY,10303,40.637908325965,-74.161743782746,,2009,,https://propertyinformationportal.nyc.gov/parcels/parcel/5012080005,54.0,57.0,,,272.0,census_geocoder,83947,17.856197284314838,2.99
2591,MAS Staten Island Center (MASSI Center),180 Burgher Avenue,Staten Island,NY,10304,40.592459177077,-74.091808440326,,,,,69.0,78.0,,,3619.0,census_geocoder,71561,18.338444885441096,2.79
2592,Masjid Rahmatillah,36 Hardy st,Staten Island,NY,10304,40.61752990045,-74.08335077639,,1993,,https://masjidrahmatillah.org/about/,67.0,76.0,,,1949.0,census_geocoder,71561,18.338444885441096,2.79
2593,Masjid Un-Noor,24 Steuben Street,Staten Island,NY,10304,40.611624862446,-74.087974749978,,,,,,,,,3616.0,census_geocoder,71561,18.338444885441096,2.79
2594,Muslim Majlis of Staten Island,104 Rhine Ave,Staten Island,NY,10304,40.611069351303,-74.087285132192,,1985,,https://www.silive.com/news/2007/12/staten_islands_first_mosque_op.html,66.0,78.0,,,271.0,census_geocoder,71561,18.338444885441096,2.79
2595,Albanian Community Center ,489 Midland Ave,Staten Island,NY,10306,40.574132807793,-74.096322192378,,2025,,https://www.silive.com/news/2025/04/hundreds-celebrate-opening-of-albanian-community-center-on-staten-island-175-photos.html,66.0,75.0,,,2698.0,census_geocoder,96866,9.40041810867312,2.83
2596,Islamic Center of Staten Island,365 Veterans Road West,Staten Island,NY,10309,40.551846882619,-74.218385743244,,,,,42.0,51.0,,,3621.0,census_geocoder,116098,7.099619508820478,2.83
2597,Muslim Center of Staten Island,2574 Arthur Kill Road,Staten Island,NY,10309,40.552146793507,-74.219048894642,,,,,42.0,51.0,,,3670.0,census_geocoder,116098,7.099619508820478,2.83
2598,Islamic Cultural Foundation of America,740 Delafield Avenue,Staten Island,NY,10310,40.629171710574,-74.123248681421,,,,,64.0,81.0,,,3620.0,census_geocoder,106250,13.416299301681425,2.85
2599,MCC: Muslim Community Center (Staten Island),332 Broadway,Staten Island,NY,10310,40.633176689261,-74.117003719902,,,,,63.0,88.0,,,3618.0,census_geocoder,106250,13.416299301681425,2.85
2600,Masjid Al-Wadood,624 Willowbrook Rd,Staten Island,NY,10314,40.609445322065,-74.147137288521,,2023,,https://propertyinformationportal.nyc.gov/parcels/parcel/5020990027,58.0,70.0,,,411.0,census_geocoder,104613,11.025057439028336,2.94
2601,Abal-Khail Islamic Center,1000 Brook Avenue,The Bronx,NY,10451,40.827367017061,-73.911646646801,,,,,,,,,3739.0,census_geocoder,38770,33.25008357751077,2.23
2602,Masjid Tajul Huda,314 E 170th st,Bronx,NY,10451,40.837195461583,-73.909969737038,,2007,,"https://www.causeiq.com/organizations/bronx-islamic-cultural-center-masjid-al-nasr,203703618/#:~:text=Here's%20some%20more%20information%20about%20the%20mosque:,in%202007.%20It's%20an%20Islamic%20nonprofit%20organization.",99.0,88.0,,,1967.0,census_geocoder,38770,33.25008357751077,2.23
2603,All Muslims Center,104 West 168th Street,The Bronx,NY,10452,40.838183037178,-73.92403135738,,,,,100.0,91.0,,,3734.0,census_geocoder,41288,34.62565042732738,2.56
2604,Al-Quba Muslim Center,1200-1262 Grandview Place,The Bronx,NY,10452,40.835264971437,-73.917847397391,,,,,,,,,3736.0,census_geocoder,41288,34.62565042732738,2.56
2605,HighBridge Islamic Center,1529 Plimpton Avenue,The Bronx,NY,10452,40.845578016439,-73.921123093864,,,,,100.0,81.0,,,3743.0,census_geocoder,41288,34.62565042732738,2.56
2606,Islamic Falah of America,115 E 168th st,Bronx,NY,10452,40.836342320626,-73.917944604568,,1997,,https://propertyinformationportal.nyc.gov/parcels/parcel/2024660048,100.0,94.0,,,1425.0,census_geocoder,41288,34.62565042732738,2.56
2607,Masjid Deyaue of Islam,1475 Jesup ave,Bronx,NY,10452,40.842765451546,-73.919677528324,,1986,,https://propertyinformationportal.nyc.gov/parcels/parcel/2028720216,100.0,89.0,,,1856.0,census_geocoder,41288,34.62565042732738,2.56
2608,Muslim Womans Institute,1363 Ogden Avenue,The Bronx,NY,10452,40.84162047013,-73.924842604338,,,,,100.0,85.0,,,3693.0,census_geocoder,41288,34.62565042732738,2.56
2609,Baitul Islam Masjid & Community Center,2107 Davidson Avenue,The Bronx,NY,10453,40.855318681156,-73.907242706443,,,,,100.0,93.0,,,3742.0,census_geocoder,33186,37.89723008092638,2.60
2610,Ebaide Elrahmain Mosque,65 E 183Rd st,Bronx,NY,10453,40.858305449152,-73.902350363306,,-,No Basic Information,,100.0,92.0,,,1090.0,census_geocoder,33186,37.89723008092638,2.60
2611,Islamia Sunna Wal Jam'ah,24 Mt Hope Place,New York,NY,10453,40.849274922592,-73.910719177629,,1988,,https://www.atly.com/location/Islamia-Sunna-Wal-Jam'Ah/https://publishing.cdlib.org/ucpressebooks/view?docId=ft2s2004p0&chunk.id=d0e10192&toc.id=s1.11.65&brand=eschol,100.0,89.0,,,541.0,census_geocoder,33186,37.89723008092638,2.60
2612,Masjid Annasr,50 E Tremont ave,Bronx,NY,10453,40.851069023821,-73.908123312534,,2010,,https://propertyinformationportal.nyc.gov/parcels/parcel/2028280016,100.0,92.0,,,1796.0,census_geocoder,33186,37.89723008092638,2.60
2613,West Bronx Jame Masjid and Islamic Center,2123 Grand Avenue,The Bronx,NY,10453,40.855752950351,-73.907934457238,,,,,100.0,95.0,,,3681.0,census_geocoder,33186,37.89723008092638,2.60
2614,Yankasa Masjid,1707 Townsend Avenue,The Bronx,NY,10453,40.846416152495,-73.912205146593,,,,,100.0,90.0,,,3680.0,census_geocoder,33186,37.89723008092638,2.60
2615,South Bronx Islamic Cultural Center Inc,2580 3rd Avenue,The Bronx,NY,10454,40.811676475993,-73.925957736656,,,,,100.0,92.0,,,3686.0,census_geocoder,24086,45.19669471763155,2.50
2616,"Darou Salam Islamic Community,Inc.",677 Elton Avenue,The Bronx,NY,10455,40.81881370231,-73.914783691376,,,,,100.0,96.0,,,3724.0,census_geocoder,36115,36.72756582482536,2.61
2617,Al-Ridwane Muslim Center,277 East 165th Street,The Bronx,NY,10456,40.829212960267,-73.915992293005,,,,,100.0,90.0,,,3735.0,census_geocoder,34954,38.60692020672553,2.56
2618,Fouta Islamic Center,3400 3Rd ave,Bronx,NY,10456,40.82808571986,-73.907027962856,,2008,,https://propertyinformationportal.nyc.gov/parcels/parcel/2026080012,97.0,88.0,,,1104.0,census_geocoder,34954,38.60692020672553,2.56
2619,Islamic Cultural Center,371 E 166th st,Bronx,NY,10456,40.829560767149,-73.91250399704,,2000,,https://propertyinformationportal.nyc.gov/parcels/parcel/2024290040,100.0,89.0,,,1404.0,census_geocoder,34954,38.60692020672553,2.56
2620,Loogman Islamic Cultural Center,365 East 169th Street,The Bronx,NY,10456,40.834607942867,-73.910680054918,,,,,99.0,88.0,,,3760.0,census_geocoder,34954,38.60692020672553,2.56
2621,Markaz Al Qiraa’aat Mosque,3780 3rd Avenue,The Bronx,NY,10456,40.836675817434,-73.902254097467,,,,,96.0,85.0,,,3757.0,census_geocoder,34954,38.60692020672553,2.56
2622,Masjid Al-Ridwan Islamic Center,279 E 165th st,Bronx,NY,10456,40.829200921505,-73.915957117257,,1997,,https://propertyinformationportal.nyc.gov/parcels/parcel/2024370001,100.0,91.0,,,1893.0,census_geocoder,34954,38.60692020672553,2.56
2623,Masjid Al-Ridwan Islamic Center,435 East 166th Street,The Bronx,NY,10456,40.82844391051,-73.9091015126,,,,,100.0,87.0,,,3755.0,census_geocoder,34954,38.60692020672553,2.56
2624,Nur Al Islam Mosque,215 McClellan Street,The Bronx,NY,10456,40.832400961299,-73.916790807974,,,,,,92.0,,,3692.0,census_geocoder,34954,38.60692020672553,2.56
2625,Nurudeen Islamic Charity,3391 3Rd ave,Bronx,NY,10456,40.827980595361,-73.907228237476,,2001,,https://www.niconassalam.org/copy-of-services,,93.0,,,2124.0,census_geocoder,34954,38.60692020672553,2.56
2626,AL-Masjidu Adam Community Life Center For Human Excellence,2263 Crotona ave,Bronx,NY,10457,40.851560568066,-73.885012476215,,2001,,https://propertyinformationportal.nyc.gov/parcels/parcel/2031010013,92.0,92.0,,,1581.0,census_geocoder,42683,32.768129697560475,2.72
2627,MASJID AL- IMAM MALICK,452 East Tremont Avenue,The Bronx,NY,10457,40.847118240963,-73.898786469229,,,,,100.0,90.0,,,3759.0,census_geocoder,42683,32.768129697560475,2.72
2628,Masjid-Ar -Rahmah,2252 Webster Avenue,The Bronx,NY,10457,40.855624620699,-73.895904136265,,,,,100.0,92.0,,,3748.0,census_geocoder,42683,32.768129697560475,2.72
2629,Masjidfawzan,2042 Webster Avenue,The Bronx,NY,10457,40.851598627607,-73.898480908865,,,,,,93.0,,,3747.0,census_geocoder,42683,32.768129697560475,2.72
2630,Muqbel Alwadaee,615E East 180th Street,The Bronx,NY,10457,40.849301489383,-73.891066270927,,,,,96.0,93.0,,,3717.0,census_geocoder,42683,32.768129697560475,2.72
2631,Anjuman Hefazatul Islam/Msjid Hefaz,365 East 198th Street,New York,NY,10458,40.866958975742,-73.886618427367,,1994,,https://propertyinformationportal.nyc.gov/parcels/parcel/2032840020,100.0,81.0,,,542.0,census_geocoder,40800,31.32870077911139,2.40
2632,Baitus Salaam Jame Masjid Inc,2703 Decatur Ave,Bronx,NY,10458,40.864863519993,-73.888872275618,,2014,,https://propertyinformationportal.nyc.gov/parcels/parcel/2032830054,100.0,94.0,,,978.0,census_geocoder,40800,31.32870077911139,2.40
2633,Islamic Center,2481 Belmont Avenue,The Bronx,NY,10458,40.85677690786,-73.884670732948,,,,,94.0,95.0,,,3744.0,census_geocoder,40800,31.32870077911139,2.40
2634,Masjidus Sabur,2975 Bainbridge Avenue,The Bronx,NY,10458,40.870969534249,-73.884495991895,,,,,100.0,70.0,,,3746.0,census_geocoder,40800,31.32870077911139,2.40
2635,Musa Mosque,633 East 189th Street,The Bronx,NY,10458,40.856931630367,-73.884986092531,,,,,94.0,95.0,,,3706.0,census_geocoder,40800,31.32870077911139,2.40
2636,Masjid Barakakat ul islamia,841 East 167th Street,The Bronx,NY,10459,40.826387491103,-73.898345844761,,,,,100.0,89.0,,,3754.0,census_geocoder,38006,33.71868978805395,2.58
2637,Masjid Salam,911 Longwood Avenue,New York,NY,10459,40.818540101387,-73.899818980577,,-,No Basic Information,,100.0,92.0,,,323.0,census_geocoder,38006,33.71868978805395,2.58
2638,Masjid Sidiki,1462 Boston Road,The Bronx,NY,10459,40.834065953629,-73.895083375712,,,,,100.0,79.0,,,3752.0,census_geocoder,38006,33.71868978805395,2.58
2639,Togolese Islamic Center,1201 Southern Boulevard,The Bronx,NY,10459,40.8286035004,-73.891968151773,,,,,100.0,89.0,,,3682.0,census_geocoder,38006,33.71868978805395,2.58
2640,Adam Mosque,1722 Adams Street,The Bronx,NY,10460,40.840897309484,-73.870857250435,,,,,96.0,80.0,,,3738.0,census_geocoder,36309,34.214982389596315,2.49
2641,Masjid al-Ummah: Community Mosque,793 Elsmere Place,The Bronx,NY,10460,40.843086468658,-73.888020182497,,,,,,,,,3750.0,census_geocoder,36309,34.214982389596315,2.49
2642,Baitul Maamur jame Masjid,1511 Saint Peters Avenue,The Bronx,NY,10461,40.839880068094,-73.846703203159,,,,,90.0,90.0,,,3730.0,census_geocoder,67028,16.022794262134017,2.61
2643,Morris Park Masjid,1068 Pierce Avenue,The Bronx,NY,10461,40.845889821008,-73.851514635118,,,,,86.0,85.0,,,3745.0,census_geocoder,67028,16.022794262134017,2.61
2644,Pelham Bay Al - Madina Jame Masjid,2812 Dudley Avenue,The Bronx,NY,10461,40.839373297763,-73.835716258322,,,,,86.0,90.0,,,3689.0,census_geocoder,67028,16.022794262134017,2.61
2645,Al-Janed Islamic Center,984 Intervale ave,Bronx,NY,10462,40.822615278645,-73.896798473724,,-,No Basic Information,,,,,,895.0,census_geocoder,60966,20.242379339542758,2.55
2646,Baitul Abrar Masjid,1860 Archer Street,The Bronx,NY,10462,40.837721590963,-73.864429914802,,,,,100.0,96.0,,,3731.0,census_geocoder,60966,20.242379339542758,2.55
2647,Baitul Aman Islamic Center,2351 New Bold ave,Bronx,NY,10462,40.834046587063,-73.846766127296,,-,No Basic Information,,92.0,87.0,,,970.0,census_geocoder,60966,20.242379339542758,2.55
2648,Bangla Bazar Masjid,1351 Odell Street,Bronx,NY,10462,40.834852371019,-73.854030076901,,2008,,"https://www.bangladeshcircle.com/bangladesh-business-directory/3439/bangla-bazaar-jame-masjid/#:~:text=Bangla%20Bazaar%20Jame%20Masjid%20(Bangla,mosque%20is%20a%20residential%20home.",93.0,98.0,,,351.0,census_geocoder,60966,20.242379339542758,2.55
2649,Bronx Muslim Center,702 Rhinelander,Bronx,NY,10462,40.847468154984,-73.866765240044,,1998,,https://propertyinformationportal.nyc.gov/parcels/parcel/2040500039,96.0,87.0,,,1015.0,census_geocoder,60966,20.242379339542758,2.55
2650,Darus Sunnah New York ( Madrasha+Masjid),1861 Wallace Avenue,The Bronx,NY,10462,40.847467314285,-73.864139880429,,,,,95.0,75.0,,,3721.0,census_geocoder,60966,20.242379339542758,2.55
2651,Gulzar e Madinah Mosque,2162 Muliner Avenue,The Bronx,NY,10462,40.85588600203,-73.861871450298,,,,,91.0,84.0,,,3729.0,census_geocoder,60966,20.242379339542758,2.55
2652,Islamic Cultural Center-North,2044 Benedict ave,Bronx,NY,10462,40.834408333417,-73.856504264017,,2011,,https://propertyinformationportal.nyc.gov/parcels/parcel/2039320064,93.0,98.0,,,1410.0,census_geocoder,60966,20.242379339542758,2.55
2653,Madni Masjid,834 Brady ave,Bronx,NY,10462,40.852261960376,-73.862767879973,,2004,,https://propertyinformationportal.nyc.gov/parcels/parcel/2042940028,92.0,85.0,,,1537.0,census_geocoder,60966,20.242379339542758,2.55
2654,Masjid Taqwa Islamic Center,1510 Parker Street,The Bronx,NY,10462,40.837549985835,-73.849081935505,,,,,91.0,,,,3751.0,census_geocoder,60966,20.242379339542758,2.55
2655,PIC (Parkchester Islamic Center),1375 Virginia Avenue,The Bronx,NY,10462,40.835267131586,-73.862055063163,,,,,99.0,97.0,,,3690.0,census_geocoder,60966,20.242379339542758,2.55
2656,Shahjalal Islamic Center,1924 McGraw Avenue,The Bronx,NY,10462,40.834574628038,-73.860743260088,,,,,93.0,97.0,,,3688.0,census_geocoder,60966,20.242379339542758,2.55
2657,Riverdale Islamic Center,3058 Godwin Terrace Suite 3,Bronx,NY,10463,40.878643710182,-73.906255206654,,2026,,https://riverdalemuslimcenter.org/about,92.0,99.0,,,2150.0,census_geocoder,74974,18.690866962734116,2.28
2658,The Abrar Mosque,3016 Bailey Avenue,The Bronx,NY,10463,40.876796174251,-73.903370085465,,,,,100.0,97.0,,,3684.0,census_geocoder,74974,18.690866962734116,2.28
2659,Gawsiyah Mosque,3001 Barkley Avenue,The Bronx,NY,10465,40.832143943775,-73.824330163675,,,,,63.0,,,,3719.0,census_geocoder,87985,14.152264224563336,2.64
2660,Masjid Ibrahimi,3162 Philip Avenue,The Bronx,NY,10465,40.830351162686,-73.818364360321,,,,,56.0,81.0,,,3753.0,census_geocoder,87985,14.152264224563336,2.64
2661,Muna center of throggs neck,2878 Sampson Avenue,The Bronx,NY,10465,40.820155184458,-73.818826338103,,,,,49.0,79.0,,,3718.0,census_geocoder,87985,14.152264224563336,2.64
2662,Al-Huda Islamic Center,3979 White Plains rd,Bronx,NY,10466,40.888015428145,-73.860422080948,,2012,,,89.0,93.0,,,140.0,census_geocoder,65969,22.118847539015608,2.81
2663,"JAMHIYATU ANSARU-DEEN, INC.",725 East 221st Street,The Bronx,NY,10466,40.884803648843,-73.861263046379,,,,,91.0,92.0,,,3761.0,census_geocoder,65969,22.118847539015608,2.81
2664,Masdjid Muslim community,3960 Bronxwood Avenue,The Bronx,NY,10466,40.885689152069,-73.854791093173,,,,,85.0,86.0,,,3763.0,census_geocoder,65969,22.118847539015608,2.81
2665,MASJID ANSARUDEEN ISLAMIC CENTER,641 East 224th Street,The Bronx,NY,10466,40.887691662509,-73.862515206921,,,,,92.0,90.0,,,3758.0,census_geocoder,65969,22.118847539015608,2.81
2666,Ahmadiyya Mosque,3421 White Plains Road,New York,NY,10467,40.875398805308,-73.867120867548,,2006,,https://propertyinformationportal.nyc.gov/parcels/parcel/2046280057,100.0,92.0,,,546.0,census_geocoder,49330,27.633036816613377,2.45
2667,Allerton Islamic Center,759 Allerton Avenue,The Bronx,NY,10467,40.865536469329,-73.865064757855,,,,,90.0,95.0,,,3733.0,census_geocoder,49330,27.633036816613377,2.45
2668,Alruqen Alyamani Mosque,3305 Wallace Avenue,The Bronx,NY,10467,40.872958246206,-73.864302287484,,,,,96.0,85.0,,,3732.0,census_geocoder,49330,27.633036816613377,2.45
2669,DARUL AHNAF NEW YORK,3091 Decatur Avenue,The Bronx,NY,10467,40.871539987883,-73.878170005229,,,,,100.0,82.0,,,3725.0,census_geocoder,49330,27.633036816613377,2.45
2670,Darul Aman Islamic center,3305 Cruger Avenue,The Bronx,NY,10467,40.873462677346,-73.866236781529,,,,,98.0,81.0,,,3723.0,census_geocoder,49330,27.633036816613377,2.45
2671,Masjid e Hamza,3417 Knox Place,The Bronx,NY,10467,40.881631243364,-73.883951555298,,,,,97.0,90.0,,,3749.0,census_geocoder,49330,27.633036816613377,2.45
2672,Masjid Quba,3573 Rochambeau ave,Bronx,NY,10467,40.883178458027,-73.878861880142,,2013,,https://propertyinformationportal.nyc.gov/parcels/parcel/2033280161,98.0,88.0,,,181.0,census_geocoder,49330,27.633036816613377,2.45
2673,North Bronx Islamic Center,3156 Perry Avenue,Bronx,NY,10467,40.87376237129,-73.877809337129,,1996,,"https://www.norwoodnews.org/demand-already-high-for-norwoods-newly-opened-islamic-center/#:~:text=Twenty%2Dfive%20years%20ago%2C%20Mohammed,three%2Dstory%20home%20once%20stood.",100.0,92.0,,,202.0,census_geocoder,49330,27.633036816613377,2.45
2674,Al Haram Masjid USA INC.,3134 East 205th Street,The Bronx,NY,10468,40.8739852,-73.8770893,,,,,100.0,90.0,,,3737.0,nominatim,46233,27.92409245356505,2.56
2675,Bronx Muslim Center USA Inc,2531 Davidson Avenue,The Bronx,NY,10468,40.864846856621,-73.900763660256,,,,,100.0,88.0,,,3727.0,census_geocoder,46233,27.92409245356505,2.56
2676,Gambien Islamic Society,2537 Grand Concourse,The Bronx,NY,10468,40.863431049639,-73.896695171345,,,,,100.0,98.0,,,3720.0,census_geocoder,46233,27.92409245356505,2.56
2677,Omar Mosque,2535 Grand Concourse,The Bronx,NY,10468,40.863383816127,-73.896730714563,,,,,100.0,98.0,,,3691.0,census_geocoder,46233,27.92409245356505,2.56
2678,ISLAMIC CENTER FAIZAN-E-MADINAH,926 Allerton Avenue,The Bronx,NY,10469,40.865466717694,-73.86041139928,,,,,86.0,93.0,,,3756.0,census_geocoder,76020,16.60247987555314,2.79
2679,Masjid Noor-Ul-Huda,3033 Young ave,Bronx,NY,10469,40.870022518149,-73.848048620013,,2014,,"https://www.causeiq.com/organizations/masjid-noor-ul-huda-islamic-center,270654281/",80.0,89.0,,,1930.0,census_geocoder,76020,16.60247987555314,2.79
2680,Sultan Jamia Mosque,2501 Laconia Avenue,The Bronx,NY,10469,40.863056425176,-73.855935424671,,,,,86.0,80.0,,,3685.0,census_geocoder,76020,16.60247987555314,2.79
2681,"Bronx Islamic Cultural Center Masjid Bilal, Inc.",1227 Saint Lawrence Avenue,The Bronx,NY,10472,40.830621500952,-73.867102638613,,,,,91.0,94.0,,,3728.0,census_geocoder,41039,34.1629671609836,2.82
2682,Darul Iman Mosque,1141 Ward Avenue,The Bronx,NY,10472,40.827284581562,-73.877036213884,,,,,95.0,,,,3722.0,census_geocoder,41039,34.1629671609836,2.82
2683,Islamic Council Of New York Inc. Masjid Al Gafar,1138 Ward Avenue,The Bronx,NY,10472,40.827256468184,-73.876875881064,,,,,,,,,3762.0,census_geocoder,41039,34.1629671609836,2.82
2684,Parkchester Jame Masjid,1203 Virginia Avenue,Bronx,NY,10472,40.830727704228,-73.860687359357,,1987,,https://www.facebook.com/BronxCB9/posts/catching-up-with-the-parkchester-jame-masjid-established-in-1987/2328477997409114/,92.0,94.0,,,324.0,census_geocoder,41039,34.1629671609836,2.82
2685,The Bronx Islamic Society,1726 East 172nd Street,The Bronx,NY,10472,40.832405625197,-73.870015692428,,,,,99.0,94.0,,,3683.0,census_geocoder,41039,34.1629671609836,2.82
2686,Unionport Jame Masjid,2126 Watson Ave,New York,NY,10472,40.829416419765,-73.852734360092,,2022,,https://propertyinformationportal.nyc.gov/parcels/parcel/2038080020,,89.0,,,331.0,census_geocoder,41039,34.1629671609836,2.82
2687,Castlehill ideal Islamic center,2166 Turnbull Avenue,The Bronx,NY,10473,40.823823632708,-73.850204311183,,,,,79.0,85.0,,,3726.0,census_geocoder,52462,22.640342285684827,2.55
2688,Soundview Mosque,1749 Seward Avenue,The Bronx,NY,10473,40.818899056694,-73.865462900646,,,,,62.0,83.0,,,3687.0,census_geocoder,52462,22.640342285684827,2.55
2689,Jama Masjid Babu Zulfiqar,85 Mount Hope Road,Mahopac,NY,10541,41.372451196219,-73.730170953317,,,,,,60.0,,,3926.0,census_geocoder,138617,3.205688861847359,2.92
2690,Hudson Valley Islamic Community Center,3680 Lexington ave,Mohegan Lake,NY,10547,41.3244600762,-73.860220568179,,2006,,https://www.hvicc.org,,32.0,,,1132.0,census_geocoder,162605,6.807610993657505,2.61
2691,Masjid Yusuf Shah,10 S 2Nd ave,Mt. Vernon,NY,10552,40.91170768954,-73.835169672775,,1968,,https://prayersconnect.com/mosques/84045651-masjid-yusuf-shah-mt-vernon-new-york-united-states,59.0,93.0,,,2006.0,census_geocoder,96717,6.7073722297602885,2.33
2692,Westchester Muslim Center,22 Brookfield Rd,City of Mount Vernon,NY,10552,40.927482208143,-73.81722150022,,1978,,http://westchestermuslim.org/about-us,37.0,45.0,,,805.0,census_geocoder,96717,6.7073722297602885,2.33
2693,Masjid Jameul Uloom/Mid Westchester Muslim Community Center,73 Croton ave,Ossining,NY,10562,41.165026628317,-73.858383678445,,-,No Basic Information,,38.0,86.0,,,1901.0,census_geocoder,115697,7.8474915551107225,2.74
2694,Upper Westchester Muslim Society,130 Pinesbridge Road,Ossining,NY,10562,41.195826715293,-73.81455695688,,,,,,4.0,,,3869.0,census_geocoder,115697,7.8474915551107225,2.74
2695,Masjid Al-Tawheed,813 Main St,Peekskill,NY,10566,41.29126932988,-73.923413480054,,2004,,,43.0,92.0,,,2751.0,census_geocoder,85954,11.885939036381513,2.36
2696,Masjid Tawheed,1000 Main st,Peekskill,NY,10566,41.291868923584,-73.919649287452,,2007,,https://www.facebook.com/groups/189121471152448/posts/24490106807293909/,39.0,93.0,,,1974.0,census_geocoder,85954,11.885939036381513,2.36
2697,Upper Westchester Muslim Society,401 Claremont ave,Thornwood,NY,10594,41.12654959778,-73.783370927372,,1997,,https://www.uwms.org/about-us,,68.0,,,2223.0,census_geocoder,163542,3.0978689818468825,2.91
2698,White Plains Islamic Center (FRIDAYS ONLY),250 Bryant Avenue,White Plains,NY,10605,41.02146889885,-73.746205595488,,,,,40.0,26.0,,,3704.0,census_geocoder,148982,5.0648612331386635,2.34
2699,Andalusia Mosque,380 Walnut S,City of Yonkers,NY,10701,40.934833049439,-73.886386326801,,2004,,https://www.mapquest.com/us/new-york/andalusia-school-21364462,54.0,81.0,,,447.0,census_geocoder,64776,17.776192853576777,2.53
2700,Islamic Center of Maple Hills,54 Maple st No.Gf3,Yonkers,NY,10701,40.932080140798,-73.891017165989,,-,No Basic Information,,61.0,91.0,,,1281.0,census_geocoder,64776,17.776192853576777,2.53
2701,Islamic Center of Yonkers,100 Riverdale ave,Yonkers,NY,10701,40.93011996078,-73.900373834455,,1995,,https://www.mapquest.com/us/new-york/yonkers-islamic-center-278779995,63.0,92.0,,,1380.0,census_geocoder,64776,17.776192853576777,2.53
2702,Kashmir Islamic Center,329 Central Park Avenue,Yonkers,NY,10704,40.916884253424,-73.872086722972,,,,,45.0,56.0,,,3699.0,census_geocoder,106786,11.47751874745066,2.61
2703,SKY Islamic Academy Yonkers,30 Francis Terrace,Yonkers,NY,10704,40.912896127859,-73.854771768856,,,,,66.0,77.0,,,3698.0,census_geocoder,106786,11.47751874745066,2.61
2704,Islamic Community Center of Mid Westchester,2 Grandview Boulevard,Yonkers,NY,10710,40.958800346073,-73.836575988043,,,,,,53.0,,,3700.0,census_geocoder,108845,9.973223640808722,2.54
2705,Islamic Center of New Rochelle (ICON),470 North Avenue,New Rochelle,NY,10801,40.918332568724,-73.786353837147,,,,,56.0,90.0,,,3919.0,census_geocoder,85573,14.338153228006648,2.43
2706,Masjid Darul Ehsan,6 Suffern Place,Suffern,NY,10901,41.115167000045,-74.150240734995,,1996,,https://www.gudsy.org/nonprofits/masjid-darul-ehsan-darul-uloom-khanqah-islamic-community-center-suffern-ny,,82.0,,,1850.0,census_geocoder,108041,9.848088004190677,2.84
2707,Masjid Al-Furqan Institute,140 New York 32,Woodbury,NY,10917,,,,,,,,46.0,,,3701.0,,121944,7.592303692147685,3.26
2708,Al Zahra Islamic Center,49 Broadway,Haverstraw,NY,10927,41.198338429377,-73.964790728784,,,,,,83.0,,,3893.0,census_geocoder,75167,16.389665953595525,3.19
2709,Mid-Hudson Dawah Center,256 E Main st,Middletown,NY,10940,41.445693073731,-74.408089215858,,2012,,https://www.manta.com/c/mb4nt9c/masjid-al-tawheed-inc,,75.0,,,2042.0,census_geocoder,87080,12.52973830293418,2.83
2710,Middletown Islamic Center,169 Ryerson rd,New Hampton,NY,10958,41.418336821898,-74.404366763002,,2009,,https://issuu.com/wcpress/docs/wcp_32124,,8.0,,,2043.0,census_geocoder,147898,1.999245567710298,3.03
2711,Jerrahi Mosque,884 Chestnut Ridge rd,Spring Valley,NY,10977,41.079789717141,-74.061923899601,,-,Information Without Year,(845) 352-5518,,44.0,,,1515.0,census_geocoder,74451,29.763373172841078,4.23
2712,masjid Al-kadir (mosque),45 W Church St,Spring Valley,NY,10977,41.113436779269,-74.047667955212,,2015,,https://masjidalqadir.org/about-us/,,80.0,,,337.0,census_geocoder,74451,29.763373172841078,4.23
2713,Islamic Center of Rockland,481 Mountainview ave,Valley Cottage,NY,10989,41.1055844,-73.9399368,,2008,,https://icrmuslim.org/docs/ICRnewsletter.pdf,,7.0,,,1334.0,nominatim,134267,2.803114571746385,2.68
2714,Islamic Center of Rockland- Youth Group,481 Mountain View Avenue,Valley Cottage,NY,10989,,,,,,,,7.0,,,3697.0,,134267,2.803114571746385,2.68
2715,Elmont Islamic Center,14 Crest Avenue,Elmont,NY,11003,40.708691582265,-73.692669773674,,,,,42.0,84.0,,,3901.0,census_geocoder,124115,6.316816750210709,3.75
2716,Jamia Zia Ul Quran,115 School Road,Elmont,NY,11003,40.707196456558,-73.708934429322,,,,,42.0,80.0,,,3900.0,census_geocoder,124115,6.316816750210709,3.75
2717,Madrasa Zia-Ul-Quran,115 School rd,Elmont,NY,11003,40.707196456558,-73.708934429322,,1999,,https://www.mapquest.com/us/new-york/jamia-zia-ul-quran-43625505,42.0,80.0,,,1538.0,census_geocoder,124115,6.316816750210709,3.75
2718,Muhammadi Masjid,681 Elmont Road,Elmont,NY,11003,40.693570234682,-73.717836108575,,2018,,"https://www.muhammadimasjid.org/About.php#:~:text=About%20Our%20Story,adjacent%20house%20for%20Muhammadi%20Masjid.",43.0,82.0,,,193.0,census_geocoder,124115,6.316816750210709,3.75
2719,Ismaili Jamatkhana,280 Community Drive,Great Neck,NY,11020,40.780539,-73.7076173,,,,,,43.0,,,3894.0,nominatim,167148,8.552747835306592,3.30
2720,Hillside Islamic Center,4603 Benning Road Southeast,New Hyde Park,NY,11040,,,,2005,,https://www.hicny.org/about-us,,83.0,,,37.0,,154696,3.6657875809158478,3.01
2721,ICNA Nassau Community Center,1529 Jericho Turnpike,New Hyde Park,NY,11040,40.733943042616,-73.67899936747,,,,,,71.0,,,3920.0,census_geocoder,154696,3.6657875809158478,3.01
2722,Port Washington Masjid,118 Harbor Road,Port Washington,NY,11050,40.842963650265,-73.692328940384,,1922,,"https://www.loopnet.com/Listing/118-Harbor-Rd-Port-Washington-NY/21036624/#:~:text=Table_title:%20Property%20Facts%20Table_content:%20header:%20%7C%20Property,Date%20on%20Market%20%7C%20Specialty:%209/23/2020%20%7C",,56.0,,,715.0,census_geocoder,154225,4.439987658130207,2.79
2723,Al-Ikhlas Mosque,21-23 30th Drive,Queens,NY,11101,40.7681625,-73.9280542,,,,,83.0,97.0,,,3878.0,nominatim,121062,15.19846963175514,1.91
2724,Masjid Al-Hikmah,48-01 31St st,Long Island City,NY,11101,40.741072592282,-73.935173473795,,1995,,https://prayersconnect.com/mosques/84022136-masjid-al-hikmah-astoria-new-york-united-states,100.0,77.0,,,1687.0,census_geocoder,121062,15.19846963175514,1.91
2725,Astoria Islamic Center,18-22 Astoria Boulevard,Astoria,NY,11102,40.772211498266,-73.927043145442,,2000,,https://propertyinformationportal.nyc.gov/parcels/parcel/4005390030,83.0,97.0,,,343.0,census_geocoder,96617,12.58609671234822,2.02
2726,Bosnjacki Islamski Kulturni Centar/ Bosnian Islamic Cultural Center,18-02 Astoria Boulevard,Queens,NY,11102,40.77219197944,-73.927319153978,,,,,81.0,96.0,,,3645.0,census_geocoder,96617,12.58609671234822,2.02
2727,Islamic Center of Bosnia and Herzegovina,37-46 Crescent St,Astoria,NY,11102,40.756437470006,-73.935243835392,,1993,,https://prayersconnect.com/mosques/84081755-bosnian-herzegovinian-islamic-center-long-island-city-new-york-united-states,100.0,95.0,,,1208.0,census_geocoder,96617,12.58609671234822,2.02
2728,Shahjalal Masjid,25-67 31st Street,Astoria,NY,11102,40.768888029307,-73.919337288662,,-,Information Without Year,https://smasjid365.wixsite.com/shahjalalmasjid/contact,83.0,99.0,,,350.0,census_geocoder,96617,12.58609671234822,2.02
2729,Majid al-Hikmah,48-01 31st Avenue,New York,NY,11103,40.758337912412,-73.910581147565,,1995,,https://www.masjidalhikmahnewyork.org/new-page,90.0,79.0,,,341.0,census_geocoder,93324,10.54745357183548,2.10
2730,Masjid Al-Iman,24-30 Steinway st,Astoria,NY,11103,40.768590632246,-73.911247101168,,2010,,https://propertyinformationportal.nyc.gov/parcels/parcel/4006540054,88.0,98.0,,,1694.0,census_geocoder,93324,10.54745357183548,2.10
2731,Al-Rahman Jame Masjid,48-04 Skillman ave,Long Island City,NY,11104,40.746287451245,-73.916063686339,,2003,,https://prayersconnect.com/mosques/84035356-ar-rahman-jame-masjid-islamic-center-sunnyside-new-york-united-states,,,,,912.0,census_geocoder,80709,10.557555334303439,2.12
2732,Mimar Sinan Mosque/Tiurkish Islamic Cultural Center,45-06 Skillman ave,Sunnyside,NY,11104,40.746601849477,-73.91883172126,,1999,,"https://en.wikipedia.org/wiki/Mimar_Sinan_Mosque,_Sunnyside",88.0,96.0,,,2211.0,census_geocoder,80709,10.557555334303439,2.12
2733,Sunnyside Muslim Center,39-18 47th Avenue,Queens,NY,11104,40.741896025455,-73.925965450505,,,,,76.0,92.0,,,3625.0,census_geocoder,80709,10.557555334303439,2.12
2734,Baitul Mukarram Jame Masjid,22-21 33Rd st,Astoria,NY,11105,40.774981338996,-73.909983741539,,1999,,https://propertyinformationportal.nyc.gov/parcels/parcel/4008320022,80.0,95.0,,,165.0,census_geocoder,102012,9.210352393792794,2.34
2735,Dar Al Dawah Islamic Center,35-13 23Rd ave,Astoria,NY,11105,40.773038941454,-73.910894609472,,2001,,https://prayersconnect.com/mosques/84045052-masjid-dar-al-dawah-astoria-new-york-united-states,78.0,97.0,,,1047.0,census_geocoder,102012,9.210352393792794,2.34
2736,MAS Queens Center,46-01 20th Avenue,Queens,NY,11105,40.77391891095,-73.897969167752,,,,,64.0,59.0,,,3661.0,census_geocoder,102012,9.210352393792794,2.34
2737,Al-Amin Jame Masjid And Islamic Center,35-19 36th ave,Astoria,NY,11106,40.755047613219,-73.926325070876,,1996,,https://www.aajmic.com/about.php,99.0,91.0,,,871.0,census_geocoder,84867,14.064143650463587,2.11
2738,Islamic Unity And Cultural Center,31-33 12th st,Astoria,NY,11106,40.767877474937,-73.934124984301,,1993,,https://propertyinformationportal.nyc.gov/parcels/parcel/4005180008,100.0,,,,1493.0,census_geocoder,84867,14.064143650463587,2.11
2739,Masjid El-Ber,36-05 30th Street,Queens,NY,11106,40.756821343143,-73.930576158298,,,,,100.0,,,,3617.0,census_geocoder,84867,14.064143650463587,2.11
2740,Masjid El-Bir of Astroria,"3605 30th St, Astoria",Astoria,NY,11106,40.756821343143,-73.930576158298,,1980,,https://prayersconnect.com/mosques/84026178-masjid-el-ber-astoria-new-york-united-states,100.0,,,,1861.0,census_geocoder,84867,14.064143650463587,2.11
2741,Masjid Dawood,143 State Street,Brooklyn,NY,11201,40.690829992091,-73.993580155111,,1939,,"https://www.bklynlibrary.org/blog/2021/02/12/bedford-stuyvesants-dar#:~:text=The%20movement%27s%20founding%20members%20came%20from%20the,grade%208%20*%20Educational%20opportunities%20for%20children",100.0,99.0,,,1855.0,census_geocoder,173136,10.130412102243088,1.96
2742,Masjid Ibadul-Rahman,360 Myrtle Ave,Brooklyn,NY,11201,40.693158124561,-73.971950499807,,-,No Basic Information,,100.0,97.0,,,1879.0,census_geocoder,173136,10.130412102243088,1.96
2743,Baitus Salam Mosque,167 East 43rd Street,Brooklyn,NY,11203,40.651764168403,-73.937106585328,,,,,80.0,,,,3809.0,census_geocoder,67897,16.9221722303516,2.49
2744,Flatbush Islamic Center,"3307 Church Ave, Brooklyn",Brooklyn,NY,11203,40.651012874427,-73.946555984336,,2023,,https://columbianewsservice.com/2023/12/21/new-mosque-in-east-flatbush-reflects-brooklyns-religious-diversity/,93.0,,,,1103.0,census_geocoder,67897,16.9221722303516,2.49
2745,Masjid Marjaan,4703 Avenue D,Brooklyn,NY,11203,40.64201182543,-73.932177128939,,,,,75.0,84.0,,,3777.0,census_geocoder,67897,16.9221722303516,2.49
2746,Alistiqamah Community Center,1835 Bay Ridge Parkway,Brooklyn,NY,11204,40.613003857404,-73.995218405381,,,,,75.0,93.0,,,3813.0,census_geocoder,69479,21.717794498829807,3.19
2747,Almarwa Islamic Center,2015 64th st,Brooklyn,NY,11204,40.616978936201,-73.984866437134,,1997,,https://www.charitynavigator.org/ein/113313546,91.0,94.0,,,1213.0,census_geocoder,69479,21.717794498829807,3.19
2748,Broklyn Muslim Center,6024 20th Avenue,Brooklyn,NY,11204,40.619248687072,-73.983114834751,,,,,92.0,92.0,,,3830.0,census_geocoder,69479,21.717794498829807,3.19
2749,Iqra Masjid Community & Tradition,2483 65th Street,Brooklyn,NY,11204,40.609765704338,-73.97456792651,,,,,91.0,95.0,,,3845.0,census_geocoder,69479,21.717794498829807,3.19
2750,Islam Ahmadiyya Movement,1477 West 8th Street,Brooklyn,NY,11204,40.610980349302,-73.982134919647,,,,,90.0,94.0,,,3844.0,census_geocoder,69479,21.717794498829807,3.19
2751,Al-Abedin Masjid,251 Nostrand Avenue,Brooklyn,NY,11205,40.690135366863,-73.951442736801,,,,,91.0,,,,3816.0,census_geocoder,93887,25.047073353444958,2.72
2752,Ibaadu'rrahman Central Mosque,380 Myrtle Avenue,New York,NY,11205,40.693113901507,-73.970938923252,,-,Information Without Year,https://ibaadurahman.org/about-us/,100.0,99.0,,,288.0,census_geocoder,93887,25.047073353444958,2.72
2753,AL-IMAN Mosque,684 Wyona Street,Brooklyn,NY,11207,40.661760406569,-73.889854720634,,,,,94.0,98.0,,,3818.0,census_geocoder,56523,24.918718571180857,2.55
2754,East New York Islamic center Inc,2135 Pitkin Avenue,Brooklyn,NY,11207,40.672303515499,-73.893504834874,,,,,100.0,91.0,,,3850.0,census_geocoder,56523,24.918718571180857,2.55
2755,Muhammad Mosque,202 Pennsylvania Avenue,Brooklyn,NY,11207,40.672912414673,-73.89620601373,,,,,100.0,98.0,,,3772.0,census_geocoder,56523,24.918718571180857,2.55
2756,New Lots Islamic Center,604 Jerome Street,Brooklyn,NY,11207,40.665959114363,-73.884941108322,,,,,100.0,86.0,,,3770.0,census_geocoder,56523,24.918718571180857,2.55
2757,Islamic Research and Dawah Center/Masjid As-Siddqique,406 Autumn ave,Brooklyn,NY,11208,40.679849218934,-73.869341123189,,-,No Basic Information,(347) 350-5859,92.0,89.0,,,1445.0,census_geocoder,62077,18.682693042083557,3.04
2758,Jamuiyyatul Istijaabatul Alamiyyah,1140 Stanley Avenue,Brooklyn,NY,11208,40.665406142138,-73.867573437955,,,,,72.0,80.0,,,3839.0,census_geocoder,62077,18.682693042083557,3.04
2759,Masjid Al-Aman,203 Forbell Street,Brooklyn,NY,11208,40.677835771977,-73.863847561868,,1987,,https://masjidalaman.com/about-us/,88.0,87.0,,,513.0,census_geocoder,62077,18.682693042083557,3.04
2760,Masjid An-Nur,1033 Glenmore ave,Brooklyn,NY,11208,40.676779055474,-73.871886725008,,2010,,"https://www.causeiq.com/organizations/baitul-mamur-masjid-and-community-center,113359563/",92.0,89.0,,,1791.0,census_geocoder,62077,18.682693042083557,3.04
2761,Masjid Dar Al-Istiqamah (NYICCI),1239 Belmont Avenue,Brooklyn,NY,11208,40.675358373181,-73.861967615613,,,,,84.0,,,,3806.0,census_geocoder,62077,18.682693042083557,3.04
2762,Musjid Abu Hanifah,2743 Pitkin ave,Brooklyn,NY,11208,40.675638717786,-73.870697033995,,-,Information Without Year,https://prayersconnect.com/mosques/84013840-musjid-abu-hanifah-brooklyn-new-york-united-states,94.0,90.0,,,2071.0,census_geocoder,62077,18.682693042083557,3.04
2763,Muslim Ummah of North America,1033 Glenmore Avenue,Brooklyn,NY,11208,40.676779055474,-73.871886725008,,,,,92.0,91.0,,,3771.0,census_geocoder,62077,18.682693042083557,3.04
2764,Bay Ridge Islamic Center,9126 5th Avenue,New York,NY,11209,40.618416068569,-74.028943455225,,1999,,"https://www.heyridge.com/2018/01/the-roles-an-islamic-center-plays-in-bay-ridge/#:~:text=Beit%20El%2DMaqdis%20was%20founded,who%20regularly%20attend%20some%20activities.",81.0,98.0,,,364.0,census_geocoder,93854,12.273733189581797,2.31
2765,Islamic Society of Bayridge,6807 5th Ave a1,New York,NY,11209,,,,1985,,https://www.brooklynpaper.com/beep-adams-makes-pilgrimage-to-ridge-mosque/,95.0,95.0,,,245.0,,93854,12.273733189581797,2.31
2766,Maryam Mosque - Community Center of Bay Ridge,7307 5th Avenue,Brooklyn,NY,11209,40.630881079241,-74.021987906068,,,,,94.0,93.0,,,3836.0,census_geocoder,93854,12.273733189581797,2.31
2767,Masjid Al-Qaraouyine - South Brooklyn Islamic Center,7610 3rd Avenue,Brooklyn,NY,11209,40.630651729784,-74.028201232472,,,,,89.0,96.0,,,3832.0,census_geocoder,93854,12.273733189581797,2.31
2768,Masjid Al-Rahman,333 86th st,Brooklyn,NY,11209,40.623293674691,-74.030127301404,,2017,,"https://www.causeiq.com/organizations/86th-street-islamic-center,472313917/",89.0,98.0,,,1749.0,census_geocoder,93854,12.273733189581797,2.31
2769,South Brooklyn Islamic Center,234 Bay Ridge Avenue,New York,NY,11209,40.631821148015,-74.029545122539,,2004,,https://propertyinformationportal.nyc.gov/parcels/parcel/3058710026,90.0,82.0,,,415.0,census_geocoder,93854,12.273733189581797,2.31
2770,Masjid Imam Bukhari,1863 Flatbush Avenue,Brooklyn,NY,11210,40.624440570336,-73.938704462,,,,,89.0,90.0,,,3779.0,census_geocoder,83692,11.014250665553062,2.77
2771,Broadway Masjid And Islamic Center,345 Broadway,Brooklyn,NY,11211,40.70780694978,-73.955972784014,,2013,,"https://www.causeiq.com/organizations/brooklyn-broadway-masjid-and-islamic-center,522448244/",100.0,98.0,,,1014.0,census_geocoder,107506,20.32777811942685,2.29
2772,Moslem Mosque inc,106 Powers St,Brooklyn,NY,11211,40.712075559591,-73.946606197473,,1907,,https://www.moslemmosqueinc.org/in-the-press,100.0,98.0,,,2690.0,census_geocoder,107506,20.32777811942685,2.29
2773,Mosque of American Mohammedan Society,104 Powers st,Brooklyn,NY,11211,40.712068196905,-73.946681051459,,1931,,https://greenpointers.com/2019/01/18/north-brooklyn-is-home-to-one-of-americas-oldest-mosque/,100.0,98.0,,,2052.0,census_geocoder,107506,20.32777811942685,2.29
2774,Al-Huda Mosque,64 East 98th Street,Brooklyn,NY,11212,40.664962455374,-73.922986134721,,,,,97.0,95.0,,,3814.0,census_geocoder,41355,33.562219094747356,2.53
2775,Bait Ul Karam Mosque,2650 Bath Avenue,Brooklyn,NY,11214,40.592044244371,-73.98726315939,,,,,94.0,85.0,,,3811.0,census_geocoder,65895,19.167437349153,2.86
2776,Bukhari Community Center (BCC),1769 86th Street,Brooklyn,NY,11214,40.607576574841,-74.003056136926,,,,,78.0,98.0,,,3842.0,census_geocoder,65895,19.167437349153,2.86
2777,Bukhari Masjid,8514 18th Avenue,Brooklyn,NY,11214,40.607748735466,-74.002140548656,,,,,78.0,98.0,,,3831.0,census_geocoder,65895,19.167437349153,2.86
2778,Gulab Banu Islamic Center,2106 81st Street,Brooklyn,NY,11214,40.605960965161,-73.992961509574,,,,,81.0,93.0,,,3846.0,census_geocoder,65895,19.167437349153,2.86
2779,Mas Youth Center,1933 Bath ave,Brooklyn,NY,11214,40.602173967691,-74.002772283705,,2001,,"https://www.masyc.org/mas-youth-center#:~:text=Our%20Services,connections%20to%20last%20a%20lifetime.",80.0,96.0,,,1557.0,census_geocoder,65895,19.167437349153,2.86
2780,Masjid A-Ansar,2230 Bath ave,Brooklyn,NY,11214,40.5978455962,-73.996429819619,,-,Information Without Year,https://ansarcenter.com/,81.0,94.0,,,1564.0,census_geocoder,65895,19.167437349153,2.86
2781,Masjid Al Badr,2431 Bath ave,Brooklyn,NY,11214,40.595122413092,-73.992119230643,,2008,,https://propertyinformationportal.nyc.gov/parcels/parcel/3068770107,86.0,89.0,,,1587.0,census_geocoder,65895,19.167437349153,2.86
2782,Masjid As-Salam Community Center,2118 Bath Avenue,Brooklyn,NY,11214,40.599621039574,-73.99900531298,,,,,81.0,94.0,,,3807.0,census_geocoder,65895,19.167437349153,2.86
2783,Noor Ul Quran Mosque,2030 Bath Avenue,Brooklyn,NY,11214,40.600803305262,-74.000729905683,,,,,81.0,96.0,,,3769.0,census_geocoder,65895,19.167437349153,2.86
2784,Zia-Ul-Karam Islamic Center Inc.,1808 Bath Avenue,Brooklyn,NY,11214,40.603665765099,-74.005888723085,,,,,72.0,95.0,,,3765.0,census_geocoder,65895,19.167437349153,2.86
2785,Masjid Al Imam Al Albani,463 3rd Ave,New York,NY,11215,40.744192168435,-73.979154261323,,-,No Basic Information,,100.0,99.0,,,332.0,census_geocoder,185865,5.557862779074597,2.35
2786,African Islamic Mission,1390 Bedford ave,Brooklyn,NY,11216,40.675704496198,-73.953332482326,,1978,,https://propertyinformationportal.nyc.gov/parcels/parcel/3012170051,100.0,96.0,,,848.0,census_geocoder,101277,16.006955945677376,2.19
2787,Baitul Hamd Mosque,50 New York Avenue,Brooklyn,NY,11216,40.678573441948,-73.946970712772,,,,,100.0,99.0,,,3810.0,census_geocoder,101277,16.006955945677376,2.19
2788,Masjid At-Taqwa Inc,1188 Fulton St,Brooklyn,NY,11216,40.680576810442,-73.953304775058,,1981,,https://www.influencewatch.org/non-profit/masjid-at-taqwa/,100.0,98.0,,,2529.0,census_geocoder,101277,16.006955945677376,2.19
2789,Masjid Khalifa,1174 Bedford Avenue,Brooklyn,NY,11216,40.683972709078,-73.954108459416,,,,,100.0,96.0,,,3854.0,census_geocoder,101277,16.006955945677376,2.19
2790,Masjid Ul Kawthar,695 Nostrand Avenue,Brooklyn,NY,11216,40.673534482008,-73.950081508701,,2012,,"https://nycreligion.info/mosque-oasis-crown-heights-brooklyn/#:~:text=So%20when%20Rasheed%20and%20his,space%20with%20250%20regular%20attenders.",100.0,98.0,,,346.0,census_geocoder,101277,16.006955945677376,2.19
2791,Masjid Zawiyat Sof'watful Islam,435 Franklin Avenue,New York,NY,11216,40.6839636,-73.956033,,2000,,https://www.mapquest.com/us/new-york/sawiatu-sofuwuatu-l-islam-1443115,100.0,95.0,,,514.0,nominatim,101277,16.006955945677376,2.19
2792,Al-Farooq Mosque,554 Atlantic Avenue,Brooklyn,NY,11217,40.68481860921,-73.979587797352,,,,,100.0,99.0,,,3815.0,census_geocoder,162863,9.595771433893727,2.10
2793,Al-Farouq Masjid,552-4 Atlantic ave,Brooklyn,NY,11217,40.684845104293,-73.979655321214,,1976,,https://commons.wikimedia.org/wiki/File:Al-Farooq_Mosque_552-554_Atlantic_Avenue_Brooklyn.jpg,100.0,90.0,,,879.0,census_geocoder,162863,9.595771433893727,2.10
2794,Islamic Guidance Center,543 Atlantic ave,Brooklyn,NY,11217,40.685052857594,-73.979855969138,,1996,,https://www.archnet.org/sites/14731,100.0,99.0,,,1431.0,census_geocoder,162863,9.595771433893727,2.10
2795,Baitul Jannah,569 McDonald Ave,New York,NY,11218,40.640285561041,-73.978841387877,,1996,,https://www.bangladeshcircle.com/bangladesh-business-directory/22098/baitul-jannah-jame-masjid/,97.0,93.0,,,336.0,census_geocoder,97366,14.060411654637797,2.76
2796,Bangladesh Muslim Center Jame Masjid,105 Cortelyou Road,Brooklyn,NY,11218,40.637996829288,-73.978375350933,,,,,96.0,93.0,,,3808.0,census_geocoder,97366,14.060411654637797,2.76
2797,Brooklyn Islamic Center,722 Church Avenue,New York,NY,11218,40.645507233427,-73.972800318187,,2014,,https://www.bicny.org/about-us,98.0,95.0,,,515.0,census_geocoder,97366,14.060411654637797,2.76
2798,Brooklyn Islamic Center/Al-Ihsan,1013 Church Ave,Brooklyn,NY,11218,40.64671975428,-73.970181919987,,1996,,"https://www.maibk.org/about#:~:text=Our%20History,creed%20and%20Jurist%20prudence%20classes.",100.0,94.0,,,1017.0,census_geocoder,97366,14.060411654637797,2.76
2799,Darul Jannah,6 Avenue C,New York,NY,11218,40.721114611017,-73.980933752153,,1999,,https://prayersconnect.com/mosques/84070130-darul-jannah-masjid-brooklyn-new-york-united-states,97.0,92.0,,,528.0,census_geocoder,97366,14.060411654637797,2.76
2800,Faizan-E-Madinah Islamic Center,715 Coney Island ave,Brooklyn,NY,11218,40.639984672372,-73.968906839266,,2007,,https://www.facebook.com/faizanemadinahnewyork/videos/,98.0,94.0,,,1096.0,census_geocoder,97366,14.060411654637797,2.76
2801,Islamic Dawah Center Inc,630 Coney Island Avenue,Brooklyn,NY,11218,40.641986554873,-73.969650411204,,,,,98.0,94.0,,,3843.0,census_geocoder,97366,14.060411654637797,2.76
2802,"JAMIAH DARUS SUNNAH AMERICA, ( Islamic School & Masjid)",913 Cortelyou Road,Brooklyn,NY,11218,40.63897485843,-73.969635255843,,,,,96.0,,,,3841.0,census_geocoder,97366,14.060411654637797,2.76
2803,Masjid Al- Rahman,333 86th st,Brooklyn,NY,11218,40.623293674691,-74.030127301404,,2017,,"https://www.causeiq.com/organizations/86th-street-islamic-center,472313917/",89.0,98.0,,,1635.0,census_geocoder,97366,14.060411654637797,2.76
2804,Masjid Imam Abu Hanifa,423 Ocean Parkway,Brooklyn,NY,11218,40.638448920887,-73.972823069288,,,,,98.0,86.0,,,3793.0,census_geocoder,97366,14.060411654637797,2.76
2805,Masjid Mia Ubaidallah,490 Coney Island Avenue,Brooklyn,NY,11218,40.645766460287,-73.97075227571,,,,,96.0,,,,3776.0,census_geocoder,97366,14.060411654637797,2.76
2806,Masjid Nur Al Islam,21 Church ave,Brooklyn,NY,11218,40.641662089087,-73.982300280466,,1995,,"https://www.brooklynpaper.com/kensington-mosque-open-street-prayers/#:~:text=Masjid%20Nur%20Al%2DIslam%20has%20been%20a%20place,home%20to%20more%20than%20100%2C000%20Bangladeshi%20immigrants.",97.0,94.0,,,179.0,census_geocoder,97366,14.060411654637797,2.76
2807,Masjid Umm-Ul-Qura,632 Coney Island ave,Brooklyn,NY,11218,40.641943913203,-73.969637445835,,-,No Basic Information,,98.0,94.0,,,1991.0,census_geocoder,97366,14.060411654637797,2.76
2808,Quran Academy For Young Scholars,715 Church Avenue,Brooklyn,NY,11218,40.645667234005,-73.972727366995,,,,,98.0,96.0,,,3766.0,census_geocoder,97366,14.060411654637797,2.76
2809,American Association of Crimean Turks,4509 New Utredcht ave,Brooklyn,NY,11219,40.639708386379,-73.994281791018,,2014,,https://www.kirimny.org,77.0,94.0,,,1040.0,census_geocoder,58347,33.00081433224756,3.80
2810,Jamia Muhammadia Rizwia,942 40th Street,Brooklyn,NY,11219,40.644970429436,-73.995114135321,,,,,80.0,89.0,,,3840.0,census_geocoder,58347,33.00081433224756,3.80
2811,Masjid Mustafa (Masjid Katimi Nabiy),1322 62nd Street,Brooklyn,NY,11219,40.627340256007,-73.999252434244,,,,,85.0,84.0,,,3775.0,census_geocoder,58347,33.00081433224756,3.80
2812,Mosque of the Crimean,4509 New Utrecht Avenue,Brooklyn,NY,11219,40.639708386379,-73.994281791018,,,,,77.0,94.0,,,3773.0,census_geocoder,58347,33.00081433224756,3.80
2813,Bait El Maqdis Islamic Center,6202 6th Avenue,Brooklyn,NY,11220,40.636997823145,-74.015264345634,,,,,96.0,93.0,,,3812.0,census_geocoder,69883,22.9003743990784,3.18
2814,Beit Almaqdis Islamic Center,6206 6th ave,Brooklyn,NY,11220,40.636978341503,-74.015284754973,,1999,,https://www.heyridge.com/2018/01/the-roles-an-islamic-center-plays-in-bay-ridge/,96.0,93.0,,,983.0,census_geocoder,69883,22.9003743990784,3.18
2815,Beit El-Maqdis Islamic Center,6224 6th Avenue,New York,NY,11220,40.636890674113,-74.015376596997,,1999,,https://www.heyridge.com/2018/01/the-roles-an-islamic-center-plays-in-bay-ridge/,96.0,93.0,,,527.0,census_geocoder,69883,22.9003743990784,3.18
2816,Daoud Mosque & the Islamic Mission,143 Court Street,Brooklyn,NY,11220,40.689408542031,-73.992421854054,,1931,,https://islamission.org/about,100.0,97.0,,,1045.0,census_geocoder,69883,22.9003743990784,3.18
2817,Fatih Camii Mosque,805 60th St,Brooklyn,NY,11220,40.635453447811,-74.009367784503,,1980,,https://islamicvalley.com/mosque/O24/masjid-fatih-united-american-muslim-association-ny-inc.,93.0,96.0,,,1098.0,census_geocoder,69883,22.9003743990784,3.18
2818,Fatih Mosque,5911 8th Avenue,New York,NY,11220,40.635941577747,-74.008992148611,,1979,,https://publishing.cdlib.org/ucpressebooks/view?docId=ft2s2004p0&chunk.id=d0e10161&toc.depth=1&toc.id=s1.11.65&brand=eschol,93.0,96.0,,,425.0,census_geocoder,69883,22.9003743990784,3.18
2819,Masjid Iman,5524 6th Avenue,Brooklyn,NY,11220,40.640852660921,-74.011255854143,,,,,84.0,96.0,,,3778.0,census_geocoder,69883,22.9003743990784,3.18
2820,Masjid Musab Bin Omari,68-07 5th ave,Brooklyn,NY,11220,40.681966571669,-73.976612819185,,1980,,https://prayersconnect.com/mosques/84028457-islamic-society-of-bay-ridge-brooklyn-new-york-united-states,100.0,100.0,,,1924.0,census_geocoder,69883,22.9003743990784,3.18
2821,MASJID SHEIKH ABDULLAH KAMEL,5316 3rd Avenue,Brooklyn,NY,11220,40.645985025674,-74.01666361739,,,,,92.0,87.0,,,3838.0,census_geocoder,69883,22.9003743990784,3.18
2822,MCC Muslim Community Center,5306 3rd Ave,Brooklyn,NY,11220,40.646029469036,-74.016612660779,,1969,,"https://www.instagram.com/popular/mcc-muslim-community-center,-community-center,-brooklyn/",92.0,87.0,,,394.0,census_geocoder,69883,22.9003743990784,3.18
2823,United American Muslim Association,5911 8th Avenue,New York,NY,11220,40.635941577747,-74.008992148611,,1980,,https://uama.us/who-we-are/,93.0,96.0,,,287.0,census_geocoder,69883,22.9003743990784,3.18
2824,Bairtur Rahman Masjid,13 & 15 West 29th,Brooklyn,NY,11221,40.5741702,-73.9951356,,2020,,https://masjidarrahmannyc.org/about-us/,100.0,100.0,,,968.0,nominatim,85736,23.01544668208777,2.46
2825,Brooklyn Broadway Jame Masjid And Islamic Center,986 Gates ave,Brooklyn,NY,11221,40.68918552907,-73.924220376524,,2004,,https://www.bkreader.com/news/community-raises-money-bedford-stuyvesant-mosque-damaged-fire-6541881,91.0,92.0,,,1016.0,census_geocoder,85736,23.01544668208777,2.46
2826,Gates Ave Masjid,986 Gates Avenue,Brooklyn,NY,11221,40.68918552907,-73.924220376524,,,,,91.0,93.0,,,3848.0,census_geocoder,85736,23.01544668208777,2.46
2827,Malcolm X Mosque,216A Malcolm X Boulevard,Brooklyn,NY,11221,40.685857725248,-73.929715752824,,,,,97.0,91.0,,,3837.0,census_geocoder,85736,23.01544668208777,2.46
2828,Masjid Tawhid,928 Dekalb Avenue,Brooklyn,NY,11221,40.692807000145,-73.938396862411,,,,,98.0,89.0,,,3774.0,census_geocoder,85736,23.01544668208777,2.46
2829,Greenpoint Islamic Center,602 Leonard Street,Brooklyn,NY,11222,40.725316520669,-73.950561694068,,2000,,https://us.sulekha.com/brooklyn-ny/religious-service/greenpoint-islamic-center-911756,82.0,94.0,,,295.0,census_geocoder,125734,9.51288056206089,1.98
2830,Greenpoint Muslim Community Center,48 Clay Street,Brooklyn,NY,11222,40.736403795839,-73.956530180855,,,,,93.0,,,,3847.0,census_geocoder,125734,9.51288056206089,1.98
2831,Masjid Ibrahim,366 Kings Highway,Brooklyn,NY,11223,40.604656076663,-73.976670969054,,1997,,https://propertyinformationportal.nyc.gov/parcels/parcel/3066530063,95.0,95.0,,,169.0,census_geocoder,63368,21.298774837846185,2.94
2832,Tayba Islamic Center,2165 Coney Island ave,Brooklyn,NY,11223,40.604252002036,-73.961571791054,,2012,,https://commons.wikimedia.org/wiki/File:Tayba_Islamic_Center_2165_CIA_jeh.jpg,93.0,95.0,,,2191.0,census_geocoder,63368,21.298774837846185,2.94
2833,Masjid Bab-Us-Salam,3604 Neptune ave,Brooklyn,NY,11224,40.576935739146,-74.002262139271,,2009,,https://prayersconnect.com/mosques/84028454-masjid-bab-salam-brooklyn-new-york-united-states,48.0,63.0,,,1834.0,census_geocoder,43648,25.476809054840594,2.41
2834,Albanian American Islamic Community,1325 Albemarie Rd,Brooklyn,NY,11226,40.646604153453,-73.966786516288,,1972,,https://www.nytimes.com/1972/11/13/archives/albanians-open-a-mosque-here.html,100.0,90.0,,,919.0,census_geocoder,81014,15.90089184642891,2.45
2835,Baitul Kareem,380 E 18th st  Apt. Lc,Brooklyn,NY,11226,40.642137689147,-73.961768246679,,1998,,https://www.charitynavigator.org/ein/113434016,99.0,90.0,,,972.0,census_geocoder,81014,15.90089184642891,2.45
2836,Belal Masjid,1404 Newkirk ave,Brooklyn,NY,11226,40.63513610628,-73.963991358872,,1994,,https://bilalmasjid.net/history,97.0,91.0,,,984.0,census_geocoder,81014,15.90089184642891,2.45
2837,Ditmas Park Mosque,2332 Newkirk Avenue,Brooklyn,NY,11226,40.639212389487,-73.955517601971,,,,,100.0,93.0,,,3852.0,census_geocoder,81014,15.90089184642891,2.45
2838,Futa Islamic Center,2020 Cortelyou Road,Brooklyn,NY,11226,40.643392982482,-73.959450595465,,,,,100.0,91.0,,,3849.0,census_geocoder,81014,15.90089184642891,2.45
2839,Al Madina Mosque islamic Center of Brooklyn,1781 East 16th Street,Brooklyn,NY,11229,40.606400679983,-73.956813737013,,,,,83.0,96.0,,,3817.0,census_geocoder,70603,16.90268886043534,2.55
2840,Masjid Abou Bakr,115 Foster Avenue,New York,NY,11230,40.627745309245,-73.976366247212,,2008,,https://propertyinformationportal.nyc.gov/parcels/parcel/3054260069,89.0,90.0,,,525.0,census_geocoder,70027,20.18946053483853,2.69
2841,Muslim Community Center,1089 Coney Island ave,Brooklyn,NY,11230,40.631045769485,-73.966376296396,,1982,,"https://www.causeiq.com/organizations/muslim-community-center-of-brooklyn,112708693/",93.0,90.0,,,2084.0,census_geocoder,70027,20.18946053483853,2.69
2842,Quba Institute of New York,702 Foster Avenue,Brooklyn,NY,11230,40.630590322561,-73.97017876556,,,,,92.0,82.0,,,3768.0,census_geocoder,70027,20.18946053483853,2.69
2843,Quba Mosque,1323 Foster Avenue,Brooklyn,NY,11230,40.633403989393,-73.964618955065,,,,,97.0,90.0,,,3767.0,census_geocoder,70027,20.18946053483853,2.69
2844,Masjid El-ijsan,65 Utica Avenue,New York,NY,11233,40.676867,-73.9300945,,2000,,https://prayersconnect.com/mosques/84044317-masjid-al-ihsan-brooklyn-new-york-united-states,95.0,91.0,,,518.0,nominatim,62411,23.618602936659087,2.41
2845,Masjid Iqaamatiddeen,268 Malcolm X,Brooklyn,NY,11233,40.683972743699,-73.929347307746,,1980,,,99.0,93.0,,,1894.0,census_geocoder,62411,23.618602936659087,2.41
2846,Aisha Islamic Center Masjid&Girls Madrasa,1785 Schenectady Avenue,Brooklyn,NY,11234,40.628892383748,-73.930794539117,,,,,83.0,83.0,,,3829.0,census_geocoder,97479,9.540687160940326,2.77
2847,Masjid Aisha Mill Basin Islamic Center,5804 Avenue N,Brooklyn,NY,11234,40.619371930602,-73.919085317419,,,,,71.0,,,,3835.0,census_geocoder,97479,9.540687160940326,2.77
2848,Siddique E Akbar Islamic Center,2366 Flatbush Ave,Brooklyn,NY,11234,40.612423435848,-73.925550321642,,2017,,https://prayersconnect.com/mosques/840245761-siddique-e-akbar-islamic-center-brooklyn-new-york-united-states,78.0,92.0,,,2689.0,census_geocoder,97479,9.540687160940326,2.77
2849,Al - Mustafa Islamic Center,735 Ocean View Ave,New York,NY,11235,40.580036758835,-73.96028214157,,2013,,https://propertyinformationportal.nyc.gov/parcels/parcel/3086680848,87.0,98.0,,,526.0,census_geocoder,59661,18.055788834481064,2.21
2850,Al-Mahdi Foundation,,New York,NY,11235,40.7127281,-74.0060152,,2001,,http://www.almahdifoundation.org/about-us/,100.0,100.0,,,246.0,nominatim,59661,18.055788834481064,2.21
2851,American Turkish Eyup Sultan Cultural Center,2812 Brighton 3Rd st,Brooklyn,NY,11235,40.582763631089,-73.965550938955,,2010,,https://www.wnyc.org/story/98470-big-mosque-goes-brooklyn-and-no-one-objects/,91.0,92.0,,,218.0,census_geocoder,59661,18.055788834481064,2.21
2852,Diyanet Mosque of Brooklyn Eyup Sultan,2812 Brighton 3rd Street,Brooklyn,NY,11235,40.582763631089,-73.965550938955,,,,,91.0,92.0,,,3851.0,census_geocoder,59661,18.055788834481064,2.21
2853,Masjid Al-Huda Mosque,3043 Voorhies Avenue,Brooklyn,NY,11235,40.587824070362,-73.935217283978,,,,,64.0,81.0,,,3834.0,census_geocoder,59661,18.055788834481064,2.21
2854,Masjid Arqam,651 Banner ave,Brooklyn,NY,11235,40.583267404472,-73.961949921157,,1991,,https://propertyinformationportal.nyc.gov/parcels/parcel/3072450029,85.0,93.0,,,1806.0,census_geocoder,59661,18.055788834481064,2.21
2855,Masjid Omar,230 Neptune ave,Brooklyn,NY,11235,40.581511990277,-73.961760924463,,-,No Basic Information,,88.0,97.0,,,1938.0,census_geocoder,59661,18.055788834481064,2.21
2856,Masjid Umm-al-qura,632 Coney Island Ave,New York,NY,11235,40.6419172,-73.9698238,,2001,,https://propertyinformationportal.nyc.gov/parcels/parcel/3053610034,98.0,94.0,,,412.0,nominatim,59661,18.055788834481064,2.21
2857,Sheepshead Bay Muslim Center,2812 Voorhies Avenue,Brooklyn,NY,11235,40.587055175918,-73.941149647974,,2015,,https://www.masshb.org/mas-sheepshead-bay,74.0,89.0,,,335.0,census_geocoder,59661,18.055788834481064,2.21
2858,Universal Foundation,2727 Coney Island ave,Brooklyn,NY,11235,40.59012677865,-73.96049250476,,-,No Basic Information,,87.0,94.0,,,2221.0,census_geocoder,59661,18.055788834481064,2.21
2859,Masjid Khaled Ibn Al-Waleed,959 E 85th st,Brooklyn,NY,11236,40.636613341387,-73.90812569839,,1998,,https://www.bizprofile.net/ny/brooklyn/canarsie-islamic-services-inc,79.0,79.0,,,1905.0,census_geocoder,81464,13.229580929174043,2.79
2860,Baitush Sharaf Jame Masjid,769 Bergen st,Brooklyn,NY,11238,40.678348345601,-73.962820175186,,2006,,https://prayersconnect.com/mosques/84062350-baitush-sharf-jame-masjid-islamic-center-brooklyn-new-york-united-states,100.0,97.0,,,979.0,census_geocoder,134523,12.154314159292037,2.06
2861,Baitush Sharf Jame Masjid & Islamic Center,769 Bergen Street,New York,NY,11238,40.678348345601,-73.962820175186,,2006,,https://prayersconnect.com/mosques/84062350-baitush-sharf-jame-masjid-islamic-center-brooklyn-new-york-united-states,100.0,96.0,,,535.0,census_geocoder,134523,12.154314159292037,2.06
2862,Masjid Al-Ihsaan,977 Fulton Street,Brooklyn,NY,11238,40.682913151015,-73.963877979815,,,,,100.0,97.0,,,3833.0,census_geocoder,134523,12.154314159292037,2.06
2863,Masjid-Al-Ihsaan,977 Fulton S,Brooklyn,NY,11238,40.682913151015,-73.963877979815,,1996,,https://www.maibk.org/about,100.0,97.0,,,432.0,census_geocoder,134523,12.154314159292037,2.06
2864,Nigerian American Muslim Integrated Community,801 Dean Street,New York,NY,11238,40.679238228119,-73.963128234206,,1999,,https://www.brownstoner.com/architecture/building-of-the-day-801-dean-street/,100.0,98.0,,,534.0,census_geocoder,134523,12.154314159292037,2.06
2865,Sawiatu Sofuwuatu L Islam,435 Franklin ave,Brooklyn,NY,11238,40.684020455284,-73.956170767169,,1980,,https://www.yelp.com/biz/sawiatu-sofuwuatu-l-islam-brooklyn,100.0,95.0,,,2158.0,census_geocoder,134523,12.154314159292037,2.06
2866,Hazrat Abu Bakr Siddique,141-47 33rd Ave,Flushing,NY,11354,40.768137555624,-73.825387167463,,1986,,https://en.wikipedia.org/wiki/Hazrati_Abu_Bakr_Siddique_Mosque,94.0,93.0,,,2536.0,census_geocoder,66010,20.257153416716918,2.34
2867,Masjid Hazrat I Abubakr,34-36 Union st,Flushing,NY,11354,40.766002038348,-73.827791973137,,1986,,https://prayersconnect.com/mosques/84086863-masjid-hazrat-abu-bakr-siddique-flushing-new-york-united-states,100.0,99.0,,,1877.0,census_geocoder,66010,20.257153416716918,2.34
2868,Masjid Jamal Uddin Afghani,149 Cherry Ave,Flushing,NY,11355,40.7589371,-73.8116025,,1975,,https://muslimcenter.org/about-us/,79.0,88.0,,,1900.0,nominatim,55326,21.87507779631059,2.58
2869,Masjid Syed JamalUddin,Beech Avenue,Queens,NY,11355,40.7587775,-73.814191,,,,,83.0,90.0,,,3608.0,nominatim,55326,21.87507779631059,2.58
2870,Muslim Center of New York,137-58 Geranium Avenue,Flushing,NY,11355,40.750738810012,-73.820931720786,,1975,,https://muslimcenter.org/about-us/,81.0,91.0,,,393.0,census_geocoder,55326,21.87507779631059,2.58
2871,College Point Masjid,121-14 15th Avenue,Queens,NY,11356,40.784114892948,-73.846550121542,,,,,54.0,76.0,,,3644.0,census_geocoder,86730,11.147299445543018,3.15
2872,Dar Al Taqwa Islamic Center,40-20 159th Street,Queens,NY,11358,40.762976696918,-73.806529353857,,,,,68.0,79.0,,,3642.0,census_geocoder,88165,11.975108369013112,2.80
2873,Al-Saaliheen Mosque,72-55 Kissena Boulevard,Queens,NY,11367,40.72919553265,-73.815116756761,,,,,82.0,92.0,,,3874.0,census_geocoder,75061,13.364427076767932,2.74
2874,Masjid Saaliheen,7255 Kessena Blvd,Flushing,NY,11367,40.72919553265,-73.815116756761,,-,Information Without Year,https://prayersconnect.com/mosques/84020087-masjid-al-saaliheen-flushing-new-york-united-states,72.0,90.0,,,1952.0,census_geocoder,75061,13.364427076767932,2.74
2875,Majid Fatima,57-18 37th Avenue,New York,NY,11368,40.749979,-73.9046312,,1987,,https://www.masjidfatima.org/1298-2/,86.0,77.0,,,342.0,nominatim,72270,19.34510655469936,3.48
2876,Masjid Alfalah,42-12 National Street,New York,NY,11368,40.74741610525,-73.86361087897,,1982,,https://publishing.cdlib.org/ucpressebooks/view?docId=ft2s2004p0&chunk.id=d0e10152&toc.depth=100&toc.id=s1.11.65&brand=ucpress;query=france,89.0,97.0,,,549.0,census_geocoder,72270,19.34510655469936,3.48
2877,Masjid Nur Allah,97-05 Horace Harding Expressway,Queens,NY,11368,40.734923029237,-73.862624121703,,,,,100.0,97.0,,,3611.0,census_geocoder,72270,19.34510655469936,3.48
2878,Masjid Nur-Id Deen,105-01 Northern Blvd.,Corona,NY,11368,40.757784938934,-73.863642506714,,-,Information Without Year,https://islamicvalley.com/mosque/L5r/masjid-nur-id-deen,77.0,74.0,,,1933.0,census_geocoder,72270,19.34510655469936,3.48
2879,The Islamic Center,101-03 43Rd st,Corona,NY,11368,40.746985306562,-73.863647992497,,1988,,https://www.pressenterprise.com/2013/11/27/corona-new-mosque-taking-shape/,89.0,91.0,,,2199.0,census_geocoder,72270,19.34510655469936,3.48
2880,Al Madni Masjid,24-04 89th Street,East Elmhurst,NY,11369,40.767420717412,-73.88086445212,,2016,,https://propertyinformationportal.nyc.gov/parcels/parcel/4011000102,75.0,91.0,,,545.0,census_geocoder,80297,15.617274974552858,3.04
2881,Baitul Hamd,31-39 94th st,East Elmhurst,NY,11369,40.75985743445,-73.874665874641,,1997,,https://baitulhamd.org/who-we-are/,89.0,96.0,,,971.0,census_geocoder,80297,15.617274974552858,3.04
2882,East Elmhurst Jame-E-Masjid,95-09 24th Avenue,Queens,NY,11369,40.76623720606,-73.874676613017,,,,,82.0,96.0,,,3639.0,census_geocoder,80297,15.617274974552858,3.04
2883,Baitun Noor Mosque,25-58 84th Street,Queens,NY,11370,40.762166745513,-73.884748339285,,,,,67.0,78.0,,,3647.0,census_geocoder,76009,10.729534746760896,2.85
2884,Masjid Abu Huraira,78-04 31 St ave,East Elmhurst,NY,11370,40.758795382838,-73.889633902494,,2001,,https://propertyinformationportal.nyc.gov/parcels/parcel/4011490001,100.0,98.0,,,1578.0,census_geocoder,76009,10.729534746760896,2.85
2885,Masjid-E-Khazra,23-38 81 st,East Elmhurst,NY,11370,40.765828476726,-73.888261966467,,-,Information Without Year,https://www.facebook.com/Masjidkhazra/,100.0,96.0,,,2178.0,census_geocoder,76009,10.729534746760896,2.85
2886,An-Noor Masjid,70-13 37 Avenue,Queens,NY,11372,40.748663979117,-73.895169460122,,,,,100.0,94.0,,,3887.0,census_geocoder,78606,14.56125378229498,2.54
2887,Darul Hidayah,37-18 73Rd st,Jackson Heights,NY,11372,40.748499002077,-73.892721853575,,2002,,https://www.propertyshark.com/mason/Property/399961/37-18-73-St-Queens-NY-11372/,80.0,83.0,,,1068.0,census_geocoder,78606,14.56125378229498,2.54
2888,Hedaya Masjid,37-18 73rd Street,Queens,NY,11372,40.748499002077,-73.892721853575,,,,,60.0,90.0,,,3641.0,census_geocoder,78606,14.56125378229498,2.54
2889,Islamic Center of Jackson Heights,71-20 Roosevelt ave,Jackson Heights,NY,11372,,,,2003,,https://propertyinformationportal.nyc.gov/parcels/parcel/4013030007,100.0,98.0,,,114.0,,78606,14.56125378229498,2.54
2890,Masjid Al Abrar,70-50 Broadway,Queens,NY,11372,40.747948922377,-73.894560111411,,,,,98.0,93.0,,,3653.0,census_geocoder,78606,14.56125378229498,2.54
2891,Masjid Dar-ul Furqan,35-06 72nd St,New York,NY,11372,40.750630067668,-73.894019929794,,1999,,"https://www.causeiq.com/organizations/darul-furqan,113400936/",64.0,78.0,,,313.0,census_geocoder,78606,14.56125378229498,2.54
2892,Muna Center of Jackson Heights,35-35 71st Street,Queens,NY,11372,40.749587093234,-73.894626521244,,,,,72.0,73.0,,,3613.0,census_geocoder,78606,14.56125378229498,2.54
2893,An-Noor Cultural Center,74-30 Woodside Avenue,Queens,NY,11373,40.743216343675,-73.889702993551,,,,,100.0,,,,3873.0,census_geocoder,71480,14.79840859685821,2.99
2894,Elmhurst Muslim Center INC,42-12 79th Street,Queens,NY,11373,40.743419440032,-73.886217153212,,,,,61.0,,,,3638.0,census_geocoder,71480,14.79840859685821,2.99
2895,Masjid al Taufiq,41-02 Forley Street,New York,NY,11373,40.746930839851,-73.879285001057,,1992,,https://prayersconnect.com/mosques/84051885-masjid-al-taufiq-elmhurst-new-york-united-states,100.0,99.0,,,289.0,census_geocoder,71480,14.79840859685821,2.99
2896,Shia Ithna Ashari Jamaat of Ny,48-67 58th st,Woodside,NY,11373,40.737174722435,-73.908825185427,,1976,,https://www.guidestar.org/profile/51-0186873,86.0,57.0,,,2166.0,census_geocoder,71480,14.79840859685821,2.99
2897,Ahlul Bayt Mission Masjid,41-02 55th Street,Flushing,NY,11377,40.745350967765,-73.909567890684,,2011,,https://propertyinformationportal.nyc.gov/parcels/parcel/4013170063,100.0,,,,544.0,census_geocoder,73073,11.10454231944034,2.41
2898,Baitul Ateeq Masjid and Muslim Center,32-23 61st Street,Queens,NY,11377,40.755516723062,-73.901438943062,,,,,65.0,84.0,,,3707.0,census_geocoder,73073,11.10454231944034,2.41
2899,Darul Quran WasSunnah (DQWS),37-04 58th Street,Queens,NY,11377,40.750060657203,-73.904462259342,,,,,100.0,94.0,,,3649.0,census_geocoder,73073,11.10454231944034,2.41
2900,Islamic Institute of New York,55-11 Queens Blvd,Flushing,NY,11377,40.742394105142,-73.909951290035,,1996,,https://www.investigativeproject.org/documents/misc/797.pdf,95.0,94.0,,,1142.0,census_geocoder,73073,11.10454231944034,2.41
2901,Jami Masjid Hanifa,32-13 57th Street,Woodside,NY,11377,40.755441515872,-73.904213352394,,-,,,99.0,87.0,,,340.0,census_geocoder,73073,11.10454231944034,2.41
2902,Jamia Masjid Hanafia & Muslim,32-13 57th st,Woodside,NY,11377,40.755441515872,-73.904213352394,,1999,,https://www.guidestar.org/profile/11-3401343,99.0,87.0,,,1508.0,census_geocoder,73073,11.10454231944034,2.41
2903,Madani Masjid,41-51 69th st,Flushing,NY,11377,40.743122937547,-73.895646454876,,2004,,https://prayersconnect.com/mosques/84025230-madani-masjid-woodside-new-york-united-states,79.0,,,,1531.0,census_geocoder,73073,11.10454231944034,2.41
2904,Madani Mosque Inc,41-51 69th Street,Queens,NY,11377,40.743122937547,-73.895646454876,,,,,79.0,,,,3657.0,census_geocoder,73073,11.10454231944034,2.41
2905,Masjid Al-Fatima,57-16 37th ave,Woodside,NY,11377,40.750286412233,-73.905053076196,,1987,,https://www.masjidfatima.org/,100.0,92.0,,,1661.0,census_geocoder,73073,11.10454231944034,2.41
2906,Masjid as Saadiq,33-34 69th Street,Queens,NY,11377,40.753621549886,-73.897453043996,,,,,100.0,92.0,,,3604.0,census_geocoder,73073,11.10454231944034,2.41
2907,Masjid Nurul Amir Mu’min,62-17 Northern Boulevard,Queens,NY,11377,40.754063290521,-73.90014383014,,,,,97.0,88.0,,,3610.0,census_geocoder,73073,11.10454231944034,2.41
2908,Sunnyside Woodside Jame Masjid,45-18 48th Avenue,New York,NY,11377,40.73933677932,-73.920189133427,,2005,,https://propertyinformationportal.nyc.gov/parcels/parcel/4022890033,92.0,95.0,,,392.0,census_geocoder,73073,11.10454231944034,2.41
2909,Woodside Baitul Jannah Masjid,62-01 39th Avenue,Woodside,NY,11377,40.746942970878,-73.901508420947,,2010,,https://propertyinformationportal.nyc.gov/parcels/parcel/4012170010,100.0,97.0,,,427.0,census_geocoder,73073,11.10454231944034,2.41
2910,Albanian American Islamic Center of Queens,72-24 Myrtle Ave,Glendale,NY,11385,40.702175054477,-73.877193851536,,2000,,https://aaic-of-queens.com/wp/about-us/,58.0,90.0,,,7.0,census_geocoder,88838,11.984438102949452,2.68
2911,Masjid and Islamic Center of Ridgewood,10-19 Wyckoff Ave,Queens,NY,11385,40.69611537101,-73.904881876911,,2019,,https://prayersconnect.com/mosques/84098940-masjid-and-islamic-center-of-ridgewood-ridgewood-new-york-united-states,97.0,96.0,,,2535.0,census_geocoder,88838,11.984438102949452,2.68
2912,Daarul Hikmah New York,111-08 Farmers Boulevard,Queens,NY,11412,40.70174949862,-73.765545326267,,,,,67.0,82.0,,,3643.0,census_geocoder,97979,10.411830019178359,3.27
2913,Hollis Muslim Center,109-01 205th Place,New York,NY,11412,40.708565008476,-73.75264053394,,2023,,https://propertyinformationportal.nyc.gov/parcels/parcel/4109120001,72.0,84.0,,,524.0,census_geocoder,97979,10.411830019178359,3.27
2914,Hollis Muslim Community Center (HMCC),200-21 Hollis Avenue,Queens,NY,11412,40.706229790164,-73.757266391984,,,,,49.0,66.0,,,3650.0,census_geocoder,97979,10.411830019178359,3.27
2915,"Dawoodi Bohra Al Masjid Al Hakimi, Anjuman-e-Badri",131-24 Springfield Boulevard,Queens,NY,11413,40.683648494257,-73.751314291747,,,,,56.0,,,,3636.0,census_geocoder,118440,6.077989183981783,3.26
2916,Masjid Quadria,84-20 129th Street,Queens,NY,11415,40.706405709459,-73.824021267972,,,,,79.0,87.0,,,3609.0,census_geocoder,86394,9.990028963487015,2.31
2917,Fultoli Jame masjid & islamic institute ozone park inc.,81-17 101st Avenue,Queens,NY,11416,40.680989556136,-73.857746604062,,,,,100.0,84.0,,,3637.0,census_geocoder,81188,18.20943183145761,3.43
2918,Masjid Al Jama,94-17 102nd Street,New York,NY,11416,40.689110054978,-73.842335450882,,2016,,https://wwwaljamamasjid.org/,88.0,99.0,,,547.0,census_geocoder,81188,18.20943183145761,3.43
2919,Masjid Al Tafa,94-15 102nd Street,Queens,NY,11416,40.689120358056,-73.84234060242,,,,,77.0,90.0,,,3652.0,census_geocoder,81188,18.20943183145761,3.43
2920,Ozone Park Jame Masjid,91-03 101st Avenue,Queens,NY,11416,40.683372932463,-73.849363179236,,,,,83.0,84.0,,,3603.0,census_geocoder,81188,18.20943183145761,3.43
2921,Al Fawz Islamic School of America,77-17 Sutter Avenue,Queens,NY,11417,40.674864,-73.8586833,,,,,72.0,84.0,,,3883.0,nominatim,87006,12.27994847574066,3.21
2922,Al-Furqan Jame Mosque Inc.,76-18 Glenmore Avenue,Queens,NY,11417,40.677904267994,-73.86086449143,,,,,71.0,93.0,,,3879.0,census_geocoder,87006,12.27994847574066,3.21
2923,Ibrahim Masjid & Community Center,95-04 103rd Avenue,Queens,NY,11417,40.682378549817,-73.844415734914,,,,,82.0,90.0,,,3668.0,census_geocoder,87006,12.27994847574066,3.21
2924,MUNA Center of New York,80-50 Pitkin Avenue,Queens,NY,11417,40.675548751836,-73.85396934249,,,,,78.0,,,,3658.0,census_geocoder,87006,12.27994847574066,3.21
2925,Ozone Park Islamic Center,104-23 103rd Street,Queens,NY,11417,40.681193676378,-73.837480590605,,,,,74.0,92.0,,,3599.0,census_geocoder,87006,12.27994847574066,3.21
2926,Ummah Academy,84-16 Pitkin Avenue,Queens,NY,11417,40.675182151757,-73.852290053306,,,,,75.0,86.0,,,3634.0,census_geocoder,87006,12.27994847574066,3.21
2927,Al-Quba Mosque,121-10 Hillside Avenue,Queens,NY,11418,40.701879164966,-73.829342538161,,,,,75.0,77.0,,,3875.0,census_geocoder,90156,9.98477142775048,2.99
2928,Baitul Gaffar Mosque,86-81 102nd Street,Queens,NY,11418,40.694657021463,-73.845074402136,,,,,79.0,99.0,,,3648.0,census_geocoder,90156,9.98477142775048,2.99
2929,Islamic Unity & Cultural Center,114-11 91st Avenue,Queens,NY,11418,40.694765116141,-73.832941835029,,,,,85.0,77.0,,,3664.0,census_geocoder,90156,9.98477142775048,2.99
2930,Masjid Al Hera,125-05 Jamaica ave,Richmond Hill,NY,11418,40.701033557478,-73.825588739691,,1988,,https://propertyinformationportal.nyc.gov/parcels/parcel/4092790091,82.0,92.0,,,1597.0,census_geocoder,90156,9.98477142775048,2.99
2931,Masjid Tawhid (Darut Tawhid),124-07 Jamaica ave,Richmond Hill,NY,11418,40.70090216369,-73.826249868389,,2015,,"https://www.causeiq.com/organizations/richmond-hill-jame-masjid-and-islamic-center,465300697/",83.0,91.0,,,1977.0,census_geocoder,90156,9.98477142775048,2.99
2932,Richmond Hill Jame Masjid & Islamic Center,125-09 Jamaica Avenue,Queens,NY,11418,40.701041591188,-73.825557840806,,,,,100.0,90.0,,,3602.0,census_geocoder,90156,9.98477142775048,2.99
2933,Central Islamic Center of Ny,121-22 103Rd ave,South Richmond Hill,NY,11419,40.688565931465,-73.822631649508,,1987,,https://www.icc-ny.us/about-us/,84.0,92.0,,,1023.0,census_geocoder,93399,11.631272077286463,3.56
2934,Masjid Al-Abidin,104-14 127th st,Jamaica,NY,11419,40.688258115306,-73.817770396969,,1977,,https://www.facebook.com/groups/Ozoneparkvoice/posts/25438574285742762/,66.0,82.0,,,1636.0,census_geocoder,93399,11.631272077286463,3.56
2935,Sunnat-ul-Jamaat Mosque,112-03 101st Avenue,Queens,NY,11419,40.68836758681,-73.831795055613,,,,,83.0,82.0,,,3614.0,census_geocoder,93399,11.631272077286463,3.56
2936,As-Sidiq Muslim Oganization,117-25 133 st,Jamaica,NY,11420,40.676124474249,-73.805929499586,,2004,,https://masjid.assiddiq.org/about/history,100.0,91.0,,,956.0,census_geocoder,100006,11.129591691852092,3.51
2937,Islamic center for community services,133-12 Rockaway Boulevard,Queens,NY,11420,40.674636766569,-73.805242467759,,,,,65.0,78.0,,,3663.0,census_geocoder,100006,11.129591691852092,3.51
2938,Masjid Ahlul Qur'aan Wa Sunnah,135-11 125th Street,New York,NY,11420,40.669145879708,-73.814454625073,,1995,,https://www.maqws.org/maqws-history/,100.0,94.0,,,548.0,census_geocoder,100006,11.129591691852092,3.51
2939,Masjid Ahlul Quran Wa Sunnah,109-06 Van Wyck Expy,South Ozone Park,NY,11420,40.686754816215,-73.808233514915,,2013,,https://directory.alfafaa.com/listing/masjid-on-the-van-wyck-of-new-york-inc-ala-ahlus-sunnah-wal-jamaah/,61.0,70.0,,,2531.0,census_geocoder,100006,11.129591691852092,3.51
2940,Masjid on the Van Wyck of New York,109-06 Van Wyck Expressway,Queens,NY,11420,40.686754816215,-73.808233514915,,,,,100.0,91.0,,,3606.0,census_geocoder,100006,11.129591691852092,3.51
2941,Jamiah Islamic Center,89-50 Woodhaven Boulevard,Queens,NY,11421,40.690508381145,-73.850530315088,,,,,77.0,,,,3669.0,census_geocoder,90685,10.48009078798046,3.35
2942,Woodhaven Jame Masjid,86-50 78th st,Woodhaven,NY,11421,40.692063320608,-73.864274844106,,2000,,https://prayersconnect.com/mosques/84016034-woodhaven-jame-masjid-woodhaven-new-york-united-states,76.0,86.0,,,2237.0,census_geocoder,90685,10.48009078798046,3.35
2943,Woodhaven Jame Mosque,75-10 Jamaica Avenue,Queens,NY,11421,40.691389964988,-73.866343499997,,,,,73.0,,,,3633.0,census_geocoder,90685,10.48009078798046,3.35
2944,Ahmadiyya Movement In Islam,188-15 McLaughlin Avenue,Queens,NY,11423,40.721750867815,-73.77579874863,,,,,66.0,,,,3884.0,census_geocoder,80054,11.954220930649733,2.86
2945,Al Misbaah Cultural Center,195-55 Woodhull Avenue,Queens,NY,11423,40.712417261928,-73.764190953601,,,,,82.0,80.0,,,3882.0,census_geocoder,80054,11.954220930649733,2.86
2946,Al-Muneer Community Center,195-04 Hillside Avenue,Hollis,NY,11423,40.717211664028,-73.767369949896,,2004,,"https://kitabummuneer.com/about/al-muneer-foundation-inc/#:~:text=In%202004%20the%20keystone%20for,Muneer%20Ahmed%20Akhoon%20(Damatbarakatuhum).",95.0,83.0,,,521.0,census_geocoder,80054,11.954220930649733,2.86
2947,Baituz-Zafar,188-15 Mclaughlin ave,Holliswood,NY,11423,40.721750867815,-73.77579874863,,2008,,https://ahmadiyyamosque.blogspot.com/2015/01/bait-uz-zafar-mosque-queens-new-york-usa.html,72.0,11.0,,,15.0,census_geocoder,80054,11.954220930649733,2.86
2948,Masjid Eesa ibn Maryam,90-20 191st Street,Queens,NY,11423,40.713394194193,-73.769462913703,,,,,100.0,,,,3635.0,census_geocoder,80054,11.954220930649733,2.86
2949,"MUNA Center of Jamaica, Ar-Rayyan Mosque",196-43 Foothill Avenue,Queens,NY,11423,40.718259920918,-73.767027548395,,,,,82.0,72.0,,,3659.0,census_geocoder,80054,11.954220930649733,2.86
2950,Al Welayat Islamic Center,241-21 Braddock Avenue,Queens,NY,11426,40.726379488438,-73.727060861245,,,,,72.0,84.0,,,3881.0,census_geocoder,103533,7.511737089201878,3.02
2951,Bellerose Masjid,80-35 237th Street,Queens,NY,11427,40.737663263226,-73.734688402714,,,,,70.0,80.0,,,3646.0,census_geocoder,88980,10.83702997388168,2.86
2952,Islamic Foundation of New York (IFNY),80-35 237th St,Queens Village,NY,11427,40.737663263226,-73.734688402714,,2017,,https://www.ifnymasjid.org/,68.0,63.0,,,2534.0,census_geocoder,88980,10.83702997388168,2.86
2953,Masjid bilal,86-45 231st Street,Queens,NY,11427,40.732239112745,-73.738514837225,,,,,62.0,41.0,,,3607.0,census_geocoder,88980,10.83702997388168,2.86
2954,Ahmadiyya Anjuman Ishaat Islam,216-11 90th Avenue,Queens,NY,11428,40.724662709973,-73.745126216605,,,,,100.0,78.0,,,3885.0,census_geocoder,91296,9.644239435872965,3.19
2955,Masjid Ar-Rahman,9442 212th st,Jamaica,NY,11428,40.716415187206,-73.746961311762,,1998,,https://propertyinformationportal.nyc.gov/parcels/parcel/4105460058,77.0,,,,1802.0,census_geocoder,91296,9.644239435872965,3.19
2956,Masjidul Allah,216-11 90th Avenue,New York,NY,11428,40.724662709973,-73.745126216605,,2013,,https://www.phillytrib.com/lifestyles/religion/masjidullah-provides-faith-based-guidance/article_9f07425a-ceed-5427-8d06-bd2b99bd6d2d.html & https://www.finalcall.com/artman/publish/National_News_2/article_101558.shtml,100.0,78.0,,,321.0,census_geocoder,91296,9.644239435872965,3.19
2957,QICC- Queens Islamic Community Center,218-39 93rd Avenue,Queens,NY,11428,40.721952236649,-73.738521011501,,,,,76.0,84.0,,,3601.0,census_geocoder,91296,9.644239435872965,3.19
2958,Masjid Ar Rahman,13 & 15 West 29 Street,New York,NY,11429,40.745745327926,-73.9877461124,,1992,,https://masjidarrahmannyc.org/about-us/,100.0,100.0,,,523.0,census_geocoder,102880,9.407014132954462,3.27
2959,Al-Falah Dawah Center,179-05 Jamaica Avenue,Queens,NY,11432,40.70818611361,-73.782082899403,,,,,82.0,91.0,,,3880.0,census_geocoder,74096,15.33143090093763,2.88
2960,"An-Noor Institute, Muslim Youth & Community Center",91-12 175th Street,Queens,NY,11432,40.709018987039,-73.786287381194,,,,,100.0,95.0,,,3872.0,census_geocoder,74096,15.33143090093763,2.88
2961,Arafa Islamic Center,181-12 Hillside Avenue,Jamaica,NY,11432,40.713132543549,-73.781559271092,,2006,,https://aicnyc.net/,73.0,84.0,,,408.0,census_geocoder,74096,15.33143090093763,2.88
2962,Ar-Rahman Community Center,87-43 168th Place,Queens,NY,11432,40.71111963351,-73.794201233095,,,,,100.0,98.0,,,3870.0,census_geocoder,74096,15.33143090093763,2.88
2963,Darul Uloom,150-15 Hillside Ave,Jamaica,NY,11432,40.706784604296,-73.806268134374,,1997,,https://schoolduny.org,100.0,90.0,,,1072.0,census_geocoder,74096,15.33143090093763,2.88
2964,Fultoli Islamic Center,84-51 Parsons Boulevard,Jamaica,NY,11432,40.712610704506,-73.806504271543,,2022,,https://propertyinformationportal.nyc.gov/parcels/parcel/4097820013,100.0,88.0,,,520.0,census_geocoder,74096,15.33143090093763,2.88
2965,Icna Al-Markaz Masjid,166-26 89th Avenue,Jamaica,NY,11432,40.70816515345,-73.794968083727,,1968,,https://icna.org/about/,100.0,97.0,,,522.0,census_geocoder,74096,15.33143090093763,2.88
2966,Islamic Foundation Inc,88-29 161st Street,Queens,NY,11432,40.707680025975,-73.80068013041,,,,,70.0,63.0,,,3667.0,census_geocoder,74096,15.33143090093763,2.88
2967,Jamaica Muslim Center,85-37 168th Street,Jamaica,NY,11432,40.712900514827,-73.796101928867,,1985,,https://jamaicamuslimcenter.org/historic-dates/,,,,,519.0,census_geocoder,74096,15.33143090093763,2.88
2968,Jamiatul Uloom New York Inc.,165-23 Hillside Avenue,Queens,NY,11432,40.709353542543,-73.797229068712,,,,,68.0,,,,3662.0,census_geocoder,74096,15.33143090093763,2.88
2969,Markazul Hikmah,181-14 Hillside Avenue,Queens,NY,11432,40.713137711138,-73.781537874046,,,,,61.0,90.0,,,3656.0,census_geocoder,74096,15.33143090093763,2.88
2970,Masjid Al-Mamoor/Jamica Muslim Center,85-37 168th st,Jamaica,NY,11432,40.712900514827,-73.796101928867,,1976,,"https://en.wikipedia.org/wiki/List_of_mosques_in_the_United_States#:~:text=This%20is%20a%20listing%20of%20notable%20mosques,of%20worship%20that%20do%20not%20qualify%20as",100.0,91.0,,,1715.0,census_geocoder,74096,15.33143090093763,2.88
2971,Masjid Mission Center,87-26 175th Street,Jamaica,NY,11432,40.710910777209,-73.787432887249,,2012,,https://masjidmissioncenter.org/about-us,100.0,96.0,,,286.0,census_geocoder,74096,15.33143090093763,2.88
2972,Masjid Umar Ben Abdel Aziz,88-29 161th st,Jamaica,NY,11432,40.707680025975,-73.80068013041,,1992,,https://prayersconnect.com/mosques/84038786-masjid-omer-ben-abdel-aziz-queens-new-york-united-states,78.0,89.0,,,1986.0,census_geocoder,74096,15.33143090093763,2.88
2973,Thanavi Madani Center (TMC),168-27 84th Avenue,Queens,NY,11432,40.716108919093,-73.79660009337,,,,,100.0,71.0,,,3615.0,census_geocoder,74096,15.33143090093763,2.88
2974,Al-Insan Mosque,110-26 164th Street,Queens,NY,11433,40.693408862491,-73.787953472719,,,,,70.0,62.0,,,3876.0,census_geocoder,77519,12.861233363380878,3.35
2975,Darul Wahid Masjid,106-42 Ruscoe Street,Queens,NY,11433,40.702176179002,-73.780341812812,,,,,100.0,73.0,,,3640.0,census_geocoder,77519,12.861233363380878,3.35
2976,Masjid Al Abbasi Inc,110-16 156th Street,Queens,NY,11433,40.690915562108,-73.793854981516,,,,,91.0,,,,3654.0,census_geocoder,77519,12.861233363380878,3.35
2977,Masjid- MUNA Center of South Jamaica,164-38 108th Avenue,Queens,NY,11433,40.697428808711,-73.789060115903,,,,,96.0,85.0,,,3605.0,census_geocoder,77519,12.861233363380878,3.35
2978,Reyazul Jannah Islamic Center Inc.,107-23 157th Street,Queens,NY,11433,40.695989274767,-73.796313714041,,,,,100.0,78.0,,,3600.0,census_geocoder,77519,12.861233363380878,3.35
2979,Al-Ansar Foundation,161-34 Foch Blvd,Jamaica,NY,11434,40.683866056471,-73.78404827504,,2012,,https://prayersconnect.com/mosques/84096081-masjid-al-ansar-queens-new-york-united-states,76.0,82.0,,,872.0,census_geocoder,77598,13.620546071024926,2.87
2980,Masjid Abubakar & Community Center,116-45 Sutphin Boulevard,Queens,NY,11434,40.681310301092,-73.792256327047,,,,,100.0,96.0,,,3655.0,census_geocoder,77598,13.620546071024926,2.87
2981,Masjid Al-Hamdililah,121-03 Sutphin Boulevard,New York,NY,11434,40.67728059448,-73.790852892747,,1996,,"https://www.qchron.com/editions/eastern/street-festival-uplifts-sutphin-neighborhood/article_f523f13c-6f7a-5036-bfc5-dcf5ec5df5f5.html#:~:text=When%20Charles%20Bilal%2C%20the%20imam,mosque%20provides%20for%20the%20neighborhood.",62.0,78.0,,,347.0,census_geocoder,77598,13.620546071024926,2.87
2982,Springfield Gardens Muslim Center Inc.,176-27 134th Avenue,Queens,NY,11434,40.67588155825,-73.764505784852,,,,,80.0,65.0,,,3612.0,census_geocoder,77598,13.620546071024926,2.87
2983,Baitul Ahad Islamic Center INC,107-58 Sutphin Boulevard,Queens,NY,11435,40.693232715262,-73.799722793474,,,,,100.0,84.0,,,3764.0,census_geocoder,79710,15.703506435863293,2.78
2984,Darus Salaam Mosque New York Inc,148-16 87th Rd,Jamaica,NY,11435,40.706757371283,-73.808883767449,,2008,,https://prayersconnect.com/mosques/84079088-darus-salaam-masjid-jamaica-new-york-united-states,100.0,95.0,,,2537.0,census_geocoder,79710,15.703506435863293,2.78
2985,Imam Al-Khoei Foundation,89-89 Van Wyck Expressway,Jamaica,NY,11435,40.700908316534,-73.815146663022,,1992,,https://www.archnet.org/sites/14730,62.0,86.0,,,407.0,census_geocoder,79710,15.703506435863293,2.78
2986,Islamic Learning Foundation,87-91 144th Street,Queens,NY,11435,40.704610077153,-73.81175985278,,,,,100.0,97.0,,,3666.0,census_geocoder,79710,15.703506435863293,2.78
2987,Masjid Al-koaba,107-06 Inwood Street,Queens,NY,11435,40.690898014122,-73.804627385513,,,,,88.0,71.0,,,3651.0,census_geocoder,79710,15.703506435863293,2.78
2988,World Islamic Mission,144-03 S rd,Jamaica,NY,11435,,,,1998,,https://www.guidestar.org/profile/11-3405476,100.0,79.0,,,2239.0,,79710,15.703506435863293,2.78
2989,Masjid Al-Hamdu-Li-Lilah,121-03 Sulphin Blvd.,Jamaica,NY,11436,40.67728059448,-73.790852892747,,1997,,https://mbqny.com/,62.0,78.0,,,1675.0,census_geocoder,88047,12.48378583888715,3.38
2990,North Shore Islamic Center,820 Willis Avenue,Albertson,NY,11507,40.766215991709,-73.647239077159,,2015,,http://nsicny.org/about-us/,,81.0,,,383.0,census_geocoder,164028,3.9043942992874108,2.89
2991,Al-Rasheed Mosque,1850 Grand Avenue,Baldwin,NY,11510,40.665441394168,-73.607846564406,,,,,40.0,82.0,,,3825.0,census_geocoder,147319,6.4295332136445245,3.19
2992,Masjid At-Tasfiyah,93 Oak ave,Hempstead,NY,11550,40.698159621392,-73.615195735442,,-,Information Without Year,https://www.yelp.com/biz/masjidu-at-asfiyah-hempstead,43.0,78.0,,,1829.0,census_geocoder,92677,14.029820706774231,3.33
2993,Darut Tazkiya Mosque,705 Nassau Road,Uniondale,NY,11553,40.692724636579,-73.601641255425,,,,,41.0,57.0,,,3679.0,census_geocoder,121127,9.595505617977528,3.72
2994,Iqra Cultural Center Inc,400A Old Westbury Road,East Meadow,NY,11554,40.732948157907,-73.544689807794,,,,,25.0,27.0,,,3904.0,census_geocoder,133971,6.393217873030972,3.02
2995,Long Island Muslim Society,475 E Meadow ave,East Meadow,NY,11554,40.712579359268,-73.557559262764,,1989,,https://limsinfo.org/lims-about/,26.0,65.0,,,1530.0,census_geocoder,133971,6.393217873030972,3.02
2996,Masjid Gulzaremadina,2380 Hempstead Turnpike,East Meadow,NY,11554,40.724764830257,-73.547901126458,,,,,35.0,83.0,,,3903.0,census_geocoder,133971,6.393217873030972,3.02
2997,Islamic Center Of Five Towns Masjid Hewlett,437 Hamilton Avenue,Hewlett,NY,11557,40.642340612689,-73.706175162081,,2013,,"https://www.liherald.com/stories/growing-muslim-congregation-worships-in-hewlett,93859",,80.0,,,673.0,census_geocoder,176274,6.246323961886837,3.21
2998,Ta Ha Masjid,195 Nassau rd,Roosevelt,NY,11575,40.6772729,-73.5888993,,1973,,https://www.newsday.com/long-island/nassau/ta-ha-masjid-mosque-50-years-old-roosevelt-exu9v0vc,,78.0,,,2183.0,nominatim,126146,3.6958988490841302,4.16
2999,Shelter Rock Islamic Center,2 Shelter Rock Road,Roslyn,NY,11576,40.763768692566,-73.670041226112,,2021,,https://shelterrockislamiccenter.com/about-us/,,16.0,,,716.0,census_geocoder,216250,4.4540346877290125,2.84
3000,Masjid Hamza,202 Stuart ave,Valley Stream,NY,11580,40.686133704791,-73.71645658369,,1990,,https://grokipedia.com/page/masjid_hamza,,67.0,,,1872.0,census_geocoder,137402,4.135986578432287,3.34
3001,Muslim Hands USA,585 West Merrick Road,Valley Stream,NY,11580,40.668872052256,-73.713653696498,,,,,52.0,66.0,,,3716.0,census_geocoder,137402,4.135986578432287,3.34
3002,Quran Focus Academy,123 North Central Avenue,Valley Stream,NY,11580,40.67098279174,-73.708540831969,,,,,53.0,82.0,,,3715.0,census_geocoder,137402,4.135986578432287,3.34
3003,Islamic Center of Long Island,835 Brush Hollow Rd,Westbury,NY,11590,40.765775854077,-73.570106050057,,1991,,https://www.archnet.org/sites/10608,,51.0,,,59.0,census_geocoder,152960,5.009363295880149,3.09
3004,Islamic Society,21-18 Cornaga Avenue,Queens,NY,11691,40.602287705531,-73.754397502096,,,,,75.0,90.0,,,3665.0,census_geocoder,56135,21.902284415739746,2.88
3005,MASJID SALAHUDEEN,21-28 Cornaga Avenue,Queens,NY,11691,40.602283757107,-73.754491869492,,,,,76.0,91.0,,,3660.0,census_geocoder,56135,21.902284415739746,2.88
3006,Rockaway Islamic Center,53-08 Rockaway Beach Boulevard,New York,NY,11691,40.592732722624,-73.783536404668,,2017,,https://propertyinformationportal.nyc.gov/parcels/parcel/4158900016,83.0,,,,550.0,census_geocoder,56135,21.902284415739746,2.88
3007,"Ahmadiyya Muslim Community - Bait ul Huda, Long Island",64 Union Avenue,Amityville,NY,11701,40.677569022321,-73.414756246217,,,,,,83.0,,,3827.0,census_geocoder,117033,7.712305025996534,3.10
3008,Masjid Dar Al Quran,1514 E 3rd Ave,Bay Shore,NY,11706,40.752246279843,-73.256457444495,,2010,,https://masjiddarulquran.com/origin-of-mdq/,,38.0,,,1848.0,census_geocoder,119603,8.341752690533715,3.52
3009,Jaam'e Masjid Bellmore,1425 Newbridge Road,Bellmore,NY,11710,40.685444812906,-73.540532138752,,2001,,https://masjidbellmore.com/history/,23.0,76.0,,,480.0,census_geocoder,173054,2.0183380427887663,3.04
3010,Masjid Al Mujahideen,1719 Montauk Hwy,Bellport,NY,11713,40.774166481143,-72.94362821856,,-,Information Without Year,https://www.muslimguide.com/show/Masjid_Al_Mujahideen_3258,,43.0,,,1608.0,census_geocoder,108173,4.92498369210698,2.90
3011,Al-Baqi Broadway Building,218 Broadway,Bethpage,NY,11714,40.738455373243,-73.479469180975,,,,,,71.0,,,3823.0,census_geocoder,120172,7.909231108173606,2.86
3012,Al-Hikmah Institute,120 Hicksville Road,Bethpage,NY,11714,40.7239103,-73.4869723,,,,,,74.0,,,3822.0,nominatim,120172,7.909231108173606,2.86
3013,Masjid Al-Baqi,320 Central ave,Bethpage,NY,11714,40.738682665035,-73.483147553331,,1998,,https://masjidalbaqi.org/construction-project/,,75.0,,,1650.0,census_geocoder,120172,7.909231108173606,2.86
3014,Islamic Center of Suffolk County,124 3Rd st,Brentwood,NY,11717,40.776945261781,-73.249458757351,,1991,,https://shahenajaf.org/about-us,,71.0,,,1353.0,census_geocoder,,,
3015,Islamic Center of Deer Park,642 Grand Boulevard,Deer Park,NY,11729,40.759304613816,-73.318202213195,,,,,,63.0,,,3907.0,census_geocoder,136939,3.495648953897426,3.12
3016,Masjid Bilal,425 Fulton Street,Farmingdale,NY,11735,40.729693111381,-73.451627705752,,,,,,79.0,,,3897.0,census_geocoder,139443,3.731698796328643,2.82
3017,Masjid Al Noor,1032 Park ave,Huntington,NY,11743,40.838812233292,-73.366970224157,,2001,,https://prayersconnect.com/mosques/84083116-masjid-noor-huntington-new-york-united-states,,51.0,,,1615.0,census_geocoder,183187,3.641287992777611,2.75
3018,Masjid Sulayman (Suleymaniye Camii),459 Deer Park ave,Huntington Station,NY,11746,40.803590678295,-73.342656114764,,1980,,https://suleymaniyeli.com/about/,,11.0,,,1962.0,census_geocoder,164589,5.387324485182166,3.03
3019,Suleymaniye Mosque,459 Deer Park Road,Dix Hills,NY,11746,40.803590678295,-73.342656114764,,,,,,13.0,,,3905.0,census_geocoder,164589,5.387324485182166,3.03
3020,Islamic Center of Melville,118 Old East Neck rd,Melville,NY,11747,40.782393720807,-73.401557594058,,2000,,https://icmny.org/overview/,,21.0,,,1283.0,census_geocoder,159540,4.721262950172669,2.66
3021,Islamic Center of Medford-Coram,15 Lee Lane,Medford,NY,11763,40.84856399214,-72.985425879427,,,,,,5.0,,,3924.0,census_geocoder,120783,8.766918315989933,3.09
3022,Mount Sinai Muslim Center,515 Mount Sinai-Coram Road,Mount Sinai,NY,11766,40.925710030636,-72.99785183906,,,,,,5.0,,,3921.0,census_geocoder,153235,2.0660772452303395,2.71
3023,Mevlana Mosque (Camii),366 Terryville rd,Port Jefferson Station,NY,11776,40.910578325139,-73.051213955162,,2009,,https://www.limevlanamosque.org/faq.html,,34.0,,,2041.0,census_geocoder,120573,8.99501257889394,2.79
3024,Fatima Alzahraa Mosque,55 Lake Shore Road,Lake Ronkonkoma,NY,11779,40.83187928562,-73.131037514881,,,,,,62.0,,,3914.0,census_geocoder,112180,5.060494476591268,2.86
3025,Ronkonkoma Masjid,240 Ronkonkoma ave,Ronkonkoma,NY,11779,40.818057335741,-73.112802639716,,2019,,https://masjidfatimaalzahra.org/masjidfatimaalzahra-2/,,76.0,,,2153.0,census_geocoder,112180,5.060494476591268,2.86
3026,Suffolk Islamic Center (Lake Ronkonkoma Masjid),232 Ronkonkoma Avenue,Lake Ronkonkoma,NY,11779,40.81863556386,-73.112900779304,,,,,,76.0,,,3913.0,census_geocoder,112180,5.060494476591268,2.86
3027,Islamic Assoc. of Long Island,10 Park Hill Dr.,Selden,NY,11784,40.861774683189,-73.056923099601,,2003,,https://seldenmasjid.org/our-history/,,70.0,,,1173.0,census_geocoder,104369,6.355140186915888,3.02
3028,ICON - Islamic Center of Nassau,2856 Jerusalem Ave,Wantagh,NY,11793,40.691757510687,-73.526218206801,,2008,,https://iconmosque.org/,25.0,77.0,,,437.0,census_geocoder,167068,3.907659759815817,3.07
3029,As-Siraatul Mustaqeem Islamic Center,1305 Straight Path,Wyandanch,NY,11798,40.739370670163,-73.368192096164,,-,Information Without Year,https://www.facebook.com/ASMIC1305/,,59.0,,,957.0,census_geocoder,,,
3030,Masjid Allahu Akbar,139 North 22nd Street,Wheatley Heights,NY,11798,40.755613099243,-73.368284179309,,,,,,51.0,,,3705.0,census_geocoder,,,
3031,Project Allahu Akbar Community Ctr.,133 N 22Nd st,Wyandanch,NY,11798,40.755446255779,-73.368217306847,,2013,,"https://www.causeiq.com/organizations/project-allahu-akbar,113124039/",,45.0,,,2140.0,census_geocoder,,,
3032,Al Mahdi Islamic Center,83 Ludy Street,Hicksville,NY,11801,40.758545716808,-73.510754874979,,,,,19.0,72.0,,,3892.0,census_geocoder,145788,3.9346875679331412,3.25
3033,Faizan e Aisha Mosque,10 Heitz Place,Hicksville,NY,11801,40.768664259598,-73.521975957162,,,,,59.0,88.0,,,3891.0,census_geocoder,145788,3.9346875679331412,3.25
3034,Islamic Center of the Hamptons,977 Bridgehampton-Sag Harbor Turnpike,Bridgehampton,NY,11932,40.962542626992,-72.299258993818,,,,,,0.0,,,3819.0,census_geocoder,173672,0.8275862068965517,2.23
3035,Yusufain Mosque,72 Neighborhood Road,Mastic Beach,NY,11951,40.766500862215,-72.837464826462,,,,,,22.0,,,3925.0,census_geocoder,110862,21.8359791679739,3.15
3036,Osmaniye Camii,63 Montauk Hwy,Moriches,NY,11955,40.8050973,-72.8151652,,1999,,https://prayersconnect.com/mosques/84082985-osmaniye-mosque-moriches-new-york-united-states,,43.0,,,2127.0,nominatim,79844,23.39300244100895,1.85
3037,Masjid Umar Bin Khattaab,503 William Floyd Pkwy,Shirley,NY,11967,40.792886939508,-72.864596684853,,2003,,https://www.guidestar.org/profile/11-3665178,,63.0,,,1987.0,census_geocoder,111617,6.424581005586592,3.26
3038,Amsterdam Islamic Center,141 Guy Park Avenue,Amsterdam,NY,12010,42.943850434781,-74.197815008759,,,,,,71.0,,,3826.0,census_geocoder,63696,15.740910255940829,2.35
3039,Muslim Community of Bethlehem,243 Delaware Avenue,Bethlehem,NY,12054,42.627054256307,-73.81963362573,,,,,,67.0,,,3824.0,census_geocoder,129583,3.6009307737056426,2.40
3040,Al-Hidaya Mosque,2339 15th st,Troy,NY,12108,42.737434584571,-73.675431973693,,1987,,https://www.al-hidaya.org/al-hidaya-of-troy,47.0,82.0,,,138.0,census_geocoder,55625,14.018691588785046,1.94
3041,Al-Hidaya Center,322 Troy Schenectady Road,Latham,NY,12110,42.74296010024,-73.74495727423,,2015,,https://www.al-hidaya.org/about-us,,45.0,,,712.0,census_geocoder,105024,8.26022266687189,2.34
3042,Al Zahra Islamic Center (AZIC) and Saturday School,71 State Farm Road,Voorheesville,NY,12186,42.654704792156,-73.918074780582,,,,,,21.0,,,3712.0,census_geocoder,112446,7.969901719901721,2.49
3043,Al-Arqam Center of Saratoga,185 Guideboard Road,Waterford,NY,12188,42.836992464099,-73.736907701533,,,,,,54.0,,,3709.0,census_geocoder,92279,6.614360003649302,2.25
3044,Boshnacian Islamic Cultural Center,693 5th Avenue,Watervliet,NY,12189,42.714786269284,-73.708286295103,,,,,,41.0,,,3708.0,census_geocoder,65276,14.49632766847156,2.13
3045,Fique Mosque,817 23rd Street,Watervliet,NY,12189,42.733253098412,-73.707782177862,,-,Information Without Year,(518) 400-0103,,74.0,,,733.0,census_geocoder,65276,14.49632766847156,2.13
3046,Al-Fatemah Islamic Center,10 S Family Dr.,Colonie,NY,12205,42.7340976,-73.8237091,,1995,,http://www.alfatemahic.com/about.html,,13.0,,,880.0,nominatim,91020,7.230130716419068,2.22
3047,Darus Salaam Masjid,276 Central ave,Albany,NY,12206,42.664131721693,-73.77183094047,,2011,,https://www.timesunion.com/local/article/Albany-mosque-plans-expansion-3890898.php,63.0,93.0,,,159.0,census_geocoder,41548,34.55877271784949,2.19
3048,Muhammads Mosque,360 Clinton Avenue,Albany,NY,12206,42.661829212036,-73.763204939165,,-,Information Without Year,(518) 203-4672,67.0,90.0,,,659.0,census_geocoder,41548,34.55877271784949,2.19
3049,Darul Taqwa,1214 State st,Schenectady,NY,12304,42.798704079889,-73.924755695141,,2011,,https://www.masjiddarultaqwa.org/about-1,42.0,80.0,,,1071.0,census_geocoder,69235,22.106356085229326,2.36
3050,Masjid As-Sunnah,1859 Albany st,Schenectady,NY,12304,42.787036007366,-73.914985123519,,2013,,https://prayersconnect.com/mosques/84037454-masjid-as-sunnah-schenectady-new-york-united-states,40.0,74.0,,,1817.0,census_geocoder,69235,22.106356085229326,2.36
3051,Bait-un-Nur Mosque - Ahmadiyya Muslim Community,941 River Road,Schenectady,NY,12306,42.857413478624,-74.026041325779,,,,,,3.0,,,3624.0,census_geocoder,83202,8.596245648038476,2.34
3052,Islamic Center of the Capital District,21 Lansing Rd N,Schenectady,NY,12307,42.762555291976,-73.880216335699,,1979,,https://www.iccdny.org/history/,,43.0,,,247.0,census_geocoder,24758,44.141843971631204,2.22
3053,Masjid Nabawi/Afghan Islamic Center Masjid/Schenectady Islamic Center,89 N Brandywine ave,Schenectady,NY,12307,42.802318476428,-73.925035402081,,-,Information Without Year,https://www.facebook.com/MasjidNabawiNY/,44.0,74.0,,,1925.0,census_geocoder,24758,44.141843971631204,2.22
3054,MUNA Center of Albany,1411 Union Street,Schenectady,NY,12308,42.80869545979,-73.914414040281,,,,,32.0,79.0,,,3623.0,census_geocoder,63434,19.640508548882067,2.21
3055,Masjid Umar,7 Downs st,Kingston,NY,12401,41.930852034297,-74.006896676106,,1995,,https://ky.halalguide.me/hadson-velli/mechet/masjid-umar-4/posts,,86.0,,,1983.0,census_geocoder,69305,16.379135376496855,2.21
3056,ELLENVILLE ISLAMIC CENTER,18 Church Street,Ellenville,NY,12428,41.714253779998,-74.391499146759,,,,,,64.0,,,3902.0,census_geocoder,63145,27.117916428162562,2.34
3057,Masjid Ar-Rashid,352 Main st,Beacon,NY,12508,41.504120279141,-73.968183094896,,1996,,"https://highlandscurrent.org/2021/11/20/06-2021-37-cn-56/#:~:text=We've%20been%20in%20Beacon,prayer%20at%205:30%20a.m.",,94.0,,,1804.0,census_geocoder,92461,8.722951003475726,2.09
3058,"Hudson Islamic Center, Inc",35 N Third St Basement,Hudson,NY,12534,42.253798982516,-73.790229721236,,1997,,https://thigmos.com/hudson-islamic-center/about,,89.0,,,1131.0,census_geocoder,72741,18.33071437205367,2.06
3059,Masjid Al-Ikhlas,25 Washington Terrace,Newburgh,NY,12550,41.49969490095,-74.0279258169,,1992,,https://en.wikipedia.org/wiki/Masjid_al-Ikhlas,,78.0,,,144.0,census_geocoder,85697,14.949450306612894,2.65
3060,DQWS Darul Quran WasSunnah,98 Gladstone Avenue,Walden,NY,12586,41.554919150342,-74.190265858393,,,,,,44.0,,,3711.0,census_geocoder,87194,13.190618605383284,2.76
3061,Masjid E Ayesha Wa Musa Ji,107 West Main Street,Walden,NY,12586,41.560680734261,-74.191915152548,,,,,,72.0,,,3710.0,census_geocoder,87194,13.190618605383284,2.76
3062,Masjid Al Noor,125 All Angels Rd,Wappinger Falls,NY,12590,41.603944032168,-73.871171582908,,1990,,https://mhiawappingers.org/about-us,,17.0,,,1617.0,census_geocoder,102285,6.795268938327231,2.39
3063,Masjidul Mutkabbir  Inc.,462 Main st,Poughkeepsie,NY,12601,41.701662034939,-73.921072675922,,2005,,"https://www.causeiq.com/organizations/masjid-mutakabbir,300258287/",42.0,91.0,,,2023.0,census_geocoder,63652,16.17178822658275,2.30
3064,Islamic Center of Monticello,33 Cottage st,Monticello,NY,12701,41.658129373118,-74.686629968276,,2007,,https://www.recordonline.com/story/news/local/2007/10/15/village-monticello-says-new-mosque/52769469007/?gnt-cfr=1&gca-cat=p&gca-uir=true&gca-epti=z113721v113721d--37--b--37--&gca-ft=210&gca-ds=sophi,,56.0,,,66.0,census_geocoder,57222,23.660752186093895,2.22
3065,MASIICS/MADE Inc.,427 Broadway,Monticello,NY,12701,41.658260950316,-74.699394897166,,,,,,69.0,,,3923.0,census_geocoder,57222,23.660752186093895,2.22
3066,Ahlus-Sunnah Mosque,10 South Main Street,Liberty,NY,12754,41.799341449006,-74.745695972001,,,,,,73.0,,,3928.0,census_geocoder,67624,11.335480673934589,2.94
3067,M Khan Islamic Society of Upstate NY,35 Davis St,Glens Falls,NY,12801,43.315967321617,-73.656714271422,,2022,,https://www.glensfallschronicle.com/islamic-center-buys-former-glens-falls-christian-science-bldg/,,67.0,,,787.0,census_geocoder,67577,11.329842931937172,2.03
3068,Islamic Center of Plattsburgh,1944 NY-22B,Morrisonville,NY,12901,44.6947275,-73.5623775,,2024,,https://icplattsburgh.org,,23.0,,,1323.0,nominatim,60942,18.187891146895435,1.99
3069,Baitul Ihsan Mosque,6650 Old Collamer Road,East Syracuse,NY,13057,43.09395519878,-76.083801519217,,-,Information Without Year,(315) 400-0616,,17.0,,,569.0,census_geocoder,80900,7.530099024007979,2.21
3070,Islamic Cultural Center of Bosnians in Syracuse,6500 Fremont ave,East Syracuse,NY,13057,43.085330318141,-76.028762722874,,2009,,"https://www.causeiq.com/organizations/islamic-cultural-center-if-bosniaks-in-syracuse-ny,432084195/",61.0,89.0,,,1408.0,census_geocoder,80900,7.530099024007979,2.21
3071,ISCNY Islamic Community Center,5833 East Seneca Turnpike,Jamesville,NY,13078,42.997722593908,-76.116825049296,,1981,,https://iscnyonline.org/brief-history/,,9.0,,,658.0,census_geocoder,119191,5.6065027094622755,2.54
3072,Masjid Isa Ibn Maryam,501 Park Street,Syracuse,NY,13203,43.062968651863,-76.140557130505,,2014,,https://masjidisa.com/,40.0,74.0,,,566.0,census_geocoder,46997,27.427200207536156,1.98
3073,Syracuse Islamic Center,450 Wilkinson Street,Syracuse,NY,13204,43.051016050909,-76.168459753083,,,,,37.0,76.0,,,3740.0,census_geocoder,45351,32.628492051242475,2.14
3074,Masjid Abdullah Muslim,127 W Brighton ave,Syracuse,NY,13205,43.020512326691,-76.144074658136,,-,No Basic Information,https://www.muslimguide.com/show/Masjid_Abdullah_Muslim_3396,42.0,65.0,,,1571.0,census_geocoder,38497,31.546078541690107,2.38
3075,Almustafa Society,947 North Salina Street,Syracuse,NY,13208,43.0634986138,-76.155592529396,,,,,39.0,78.0,,,3672.0,census_geocoder,44712,32.54932706128316,2.49
3076,Masjid Bilal Of Syracuse,507 Pond Street,Syracuse,NY,13208,43.066039929035,-76.151501330388,,,,,39.0,71.0,,,3741.0,census_geocoder,44712,32.54932706128316,2.49
3077,Islamic Society of Central New York,925 Comstock Ave,Syracuse,NY,13210,43.032157937827,-76.12934162147,,1981,,https://iscnyonline.org/brief-history/,51.0,41.0,,,105.0,census_geocoder,41738,27.88946249620407,1.91
3078,Al Huda Mosque,4524 Mcdonald rd,Syracuse,NY,13215,43.013453339544,-76.202473560125,,1993,,https://prayersconnect.com/mosques/84068387-al-huda-mosque-muslim-american-society-syracuse-new-york-united-states,,8.0,,,856.0,census_geocoder,113864,3.128205128205128,2.40
3079,American BH Islamic Center of Utica,407 Kossuth Avenue,Utica,NY,13501,43.096913967481,-75.210632460996,,,,,,74.0,,,3678.0,census_geocoder,52548,26.993735853029428,2.44
3080,Burmese Muslim Association,1129 Brinckerhoff Avenue,Utica,NY,13501,43.092596607683,-75.228294261496,,,,,,74.0,,,3677.0,census_geocoder,52548,26.993735853029428,2.44
3081,"MASJID AL MUKHLISIN.ROHINGYA COMMUNITY OF UTICA,INC",1565 Howard Avenue,Utica,NY,13501,43.087249287039,-75.237610462479,,,,,,49.0,,,3676.0,census_geocoder,52548,26.993735853029428,2.44
3082,Masjid Bilal Islamic Center,884 Bleecker Street,Utica,NY,13501,43.096416958331,-75.21182953829,,,,,,77.0,,,3675.0,census_geocoder,52548,26.993735853029428,2.44
3083,Masjid Nurul Islam,615 Rutger Street,Utica,NY,13501,43.094687995516,-75.221762973783,,,,,,80.0,,,3674.0,census_geocoder,52548,26.993735853029428,2.44
3084,Masjid Sujud Shah - Myanmar Muslim Community of Utica (Da Da Pu Sufi Center) Inc.,781 Lansing Street,Utica,NY,13501,43.093452229993,-75.214534359212,,,,,,81.0,,,3673.0,census_geocoder,52548,26.993735853029428,2.44
3085,Nooriya Kamaliya Darussalam,620 Albany Street,Utica,NY,13501,43.096454327747,-75.216470245248,,,,,,81.0,,,3694.0,census_geocoder,52548,26.993735853029428,2.44
3086,Rohingya Jame Masjid,1400 Steuben Street,Utica,NY,13501,43.092340978464,-75.237482241643,,,,,,63.0,,,3695.0,census_geocoder,52548,26.993735853029428,2.44
3087,Utica Masjid,1631 Kemble st,Utica,NY,13501,43.087274490459,-75.247215775606,,1994,,https://www.uticamasjid.com/,,69.0,,,1187.0,census_geocoder,52548,26.993735853029428,2.44
3088,West Bosnian Islamic Centar of Utica,763 Bleecker Street,Utica,NY,13501,43.097759491202,-75.215844752618,,,,,,78.0,,,3696.0,census_geocoder,52548,26.993735853029428,2.44
3089,Bosnian Islamic Association of Utica,306 Court st,Utica,NY,13502,43.100240605963,-75.235509724567,,2008,,https://www.uticaod.com/story/news/2010/04/02/utica-s-newest-mosque-gets/44809005007/,,85.0,,,18.0,census_geocoder,57835,22.936763129689176,2.27
3090,Muslim Soldiers Masjid,10785A Chapel Drive,Fort Drum,NY,13602,,,,,,,,10.0,,,3896.0,,-666666666,,-666666666.00
3091,Islamic Center of Northern New York,25918 Route 342,Calcium,NY,13616,44.037563712211,-75.852563674508,,1970,,https://icnny13616.wixsite.com/islamiccenternny/ https://beacon.schneidercorp.com/Application.aspx?AppID=1336&LayerID=45587&PageTypeID=4&PageID=17992&Q=2109156150&KeyValue=22408975.00-1-1,,26.0,,,70.0,census_geocoder,45962,23.986013986013983,1.95
3092,Postdam Mosque,110 Elm St,Potsdam,NY,13676,44.669982340721,-74.966603409825,,1983,,"https://www.causeiq.com/organizations/muslim-students-association-of-northern-new-york,161492745/",,18.0,,,454.0,census_geocoder,56170,18.736422881969585,2.14
3093,Endicott Islamic Center,1202 Monroe Street,Endicott,NY,13760,42.102370121887,-76.049263169852,,,,,,87.0,,,3899.0,census_geocoder,66095,13.631319213241719,2.17
3094,IQRA CULTURAL CENTER INC.(MASJID ISA),1701 Riverview Drive,Endicott,NY,13760,42.098083540867,-76.040784448821,,,,,,66.0,,,3898.0,census_geocoder,66095,13.631319213241719,2.17
3095,Islamic Organization of Southern Tier (IOST),161 Grand Avenue,Johnson City,NY,13790,42.110557606578,-75.95583690003,,,,,,72.0,,,3889.0,census_geocoder,59045,17.949565025878208,2.19
3096,Masjid Al-Nur,106 Grand ave,Johnson City,NY,13790,42.110622726132,-75.952711931678,,1999,,https://www.pressconnects.com/story/news/local/2015/02/06/take-look-inside-islamic-organization-mosque/23018151/,,79.0,,,1735.0,census_geocoder,59045,17.949565025878208,2.19
3097,Osmanli Naksibendi Sufi Center,1663 Wheat Hill rd,Sidney Center,NY,13839,42.319742455271,-75.236318573963,,2002,,https://www.naksibendi.us/about/,,1.0,,,2128.0,census_geocoder,54271,19.95581737849779,2.41
3098,Binghamton Islamic Cultural Center,400 Mirador Road,Vestal,NY,13850,42.082027025694,-76.043956023518,,,,,,38.0,,,3714.0,census_geocoder,83403,11.725977882008692,2.46
3099,The Binghamton Mosque - Bait-ul-Humd,10 Sheedy Road,Vestal,NY,13850,42.052319577166,-76.028591164531,,,,,,6.0,,,3713.0,census_geocoder,83403,11.725977882008692,2.46
3100,Uncle Fikry Mosque,2276 New York 17,Windsor,NY,13865,,,,,,,,0.0,,,3702.0,,73623,11.458895484799424,2.24
3101,Masjid Dar ul Huda,37 Carroll Street,Binghamton,NY,13901,42.097060439713,-75.90666795262,,,,,,73.0,,,3820.0,census_geocoder,55523,23.56153093288003,2.18
3102,Islamic Awareness Center,74 Conklin Avenue,Binghamton,NY,13903,42.092660410522,-75.908420766537,,,,,,64.0,,,3821.0,census_geocoder,66278,16.250285192790326,2.24
3103,Masjid Daar At Tawheed Wa Sunnah,5030 Thompson Road,Clarence,NY,14031,42.983304714187,-78.647273416982,,,,,,7.0,,,3908.0,census_geocoder,103750,9.364686468646864,2.29
3104,Muslim Community Center of WNY,94 Meridian Street,Depew,NY,14043,42.904298655994,-78.693204119175,,,,,,57.0,,,3906.0,census_geocoder,74112,7.859859859859859,2.21
3105,Jaffarya Center of Niagara Frontier,10300 Transit rd,Amherst,NY,14051,43.049990324535,-78.696982622879,,1970,,https://www.jaffarya.org/about/,,11.0,,,1499.0,census_geocoder,135663,4.296063630376413,2.46
3106,Islamic Society-Niagara Frontier,745 Heim Road,Amherst,NY,14068,43.021384098036,-78.743707980685,,,,,,13.0,,,3828.0,census_geocoder,98750,13.306792134153698,2.45
3107,ISNF Masjid An-Noor,745 Heim Rd,Town of Amherst,NY,14068,43.021384098036,-78.743707980685,,1995,,https://isnfwny.org/about,,13.0,,,320.0,census_geocoder,98750,13.306792134153698,2.45
3108,Island Mosque (SAMA),1822 Huth Road,Grand Island,NY,14072,43.051021160435,-78.960218177566,,,,,,3.0,,,3895.0,census_geocoder,115991,4.14699144420029,2.42
3109,Hazrat Abu-Bakar Siddik Masjid,232 South Street,Lockport,NY,14094,43.169732258666,-78.682743263886,,,,,,73.0,,,3927.0,census_geocoder,75427,11.221754117196477,2.28
3110,Lovejoy Madinah Mosque,1030 East Lovejoy Street,Buffalo,NY,14206,42.889800820393,-78.810259869719,,,,,36.0,66.0,,,3794.0,census_geocoder,50450,21.574993043316944,2.32
3111,Lovejoy Mosque,1107 East Lovejoy Street,Buffalo,NY,14206,42.889695228883,-78.807304286439,,,,,36.0,68.0,,,3792.0,census_geocoder,50450,21.574993043316944,2.32
3112,Hamlin Park Islamic Center,416 Wohlers Avenue,Buffalo,NY,14208,42.915179651759,-78.848133488995,,,,,53.0,69.0,,,3795.0,census_geocoder,48476,23.091553557534365,2.44
3113,Madina Islamic Center of Buffalo,270 Laurel Street,Buffalo,NY,14208,42.910164566039,-78.85499819655,,,,,55.0,80.0,,,3790.0,census_geocoder,48476,23.091553557534365,2.44
3114,Baitul Aman Mosque,637 Walden Avenue,Buffalo,NY,14211,42.904970316474,-78.81253698821,,,,,43.0,62.0,,,3781.0,census_geocoder,36300,34.37831227068895,2.52
3115,Buffalo Muslim Center (BMC),995 Fillmore Avenue,Buffalo,NY,14211,42.900457592522,-78.839205887413,,,,,50.0,71.0,,,3800.0,census_geocoder,36300,34.37831227068895,2.52
3116,Darus Salaam Masjid,75 E Parade ave,Buffalo,NY,14211,42.905694582298,-78.83574907587,,1985,,https://directory.alfafaa.com/listing/masjid-daru-s-salaam/,50.0,69.0,,,167.0,census_geocoder,36300,34.37831227068895,2.52
3117,Islamic Da'wah Center of Buffalo,1522 Genesee Street,Buffalo,NY,14211,42.908595029173,-78.823965993613,,,,,47.0,64.0,,,3805.0,census_geocoder,36300,34.37831227068895,2.52
3118,Jami Masjid Buffalo,1955 Genesee Street,Buffalo,NY,14211,42.914102456483,-78.809887693197,,2009,,"https://commons.wikimedia.org/wiki/File:Jami_Masjid_Buffalo_-_fmr_Queen_of_Peace_RC_Church_-_Buffalo,_New_York_-_20200531.jpg#:~:text=Queen%20of%20Peace%20was%20founded,center%2C%20on%20the%20site%20today.",47.0,69.0,,,244.0,census_geocoder,36300,34.37831227068895,2.52
3119,Masjid Ashrafia,270 Loepere Street,Buffalo,NY,14211,42.900734382837,-78.834581263406,,,,,49.0,66.0,,,3787.0,census_geocoder,36300,34.37831227068895,2.52
3120,Masjid Nu Man,1373 Fillmore Ave,Buffalo,NY,14211,42.911104721064,-78.839000623872,,2005,,"https://www.causeiq.com/organizations/masjid-numan,161157940/",48.0,57.0,,,1931.0,census_geocoder,36300,34.37831227068895,2.52
3121,Shahjalal Jame Mosque,112 Wende Street,Buffalo,NY,14211,42.914996702826,-78.814794093375,,,,,47.0,65.0,,,3783.0,census_geocoder,36300,34.37831227068895,2.52
3122,Baitul Mamoor Jame Masjid,64 Titus Avenue,Buffalo,NY,14212,42.897228154698,-78.82286052539,,,,,43.0,43.0,,,3804.0,census_geocoder,44020,34.5298242968102,2.83
3123,Buffalo Islamic Center,863 Broadway,Buffalo,NY,14212,42.892207114678,-78.842681272058,,,,,48.0,80.0,,,3802.0,census_geocoder,44020,34.5298242968102,2.83
3124,Downtown Islamic Center,701 Broadway,Buffalo,NY,14212,42.890891732951,-78.848774510498,,,,,49.0,66.0,,,3797.0,census_geocoder,44020,34.5298242968102,2.83
3125,Gawsul Azam Mosque USA,60 Ashley Street,Buffalo,NY,14212,42.893832229403,-78.827056852402,,,,,39.0,53.0,,,3796.0,census_geocoder,44020,34.5298242968102,2.83
3126,Masjid Al-Rahmah,300 Adams Street,Buffalo,NY,14212,42.887874680074,-78.850992244016,,,,,50.0,66.0,,,3788.0,census_geocoder,44020,34.5298242968102,2.83
3127,Masjid Markaz,115 Woltz ave,Buffalo,NY,14212,42.897061405862,-78.835464315879,,1991,,https://www.mapquest.com/us/new-york/buffalo-markaz-mosque-753400160,47.0,79.0,,,1910.0,census_geocoder,44020,34.5298242968102,2.83
3128,Masjid Zakariya,182 Sobieski St,Buffalo,NY,14212,42.899274478171,-78.832755176788,,1992,,https://broadwayfillmorealive.org/2.0/2016/03/masjid-zakaria-a-flourishing-community-in-the-heart-of-buffalos-east-side/,47.0,71.0,,,395.0,census_geocoder,44020,34.5298242968102,2.83
3129,Masjid-e-Madani,1158 Sycamore Street,Buffalo,NY,14212,42.90071014094,-78.829741571289,,,,,47.0,58.0,,,3786.0,census_geocoder,44020,34.5298242968102,2.83
3130,MUNA Center of Buffalo (MCB-WNY),651 Broadway,Buffalo,NY,14212,42.890508414453,-78.850508236,,,,,49.0,68.0,,,3791.0,census_geocoder,44020,34.5298242968102,2.83
3131,National Islamic Cultural Center (NIC Center),24 Titus Avenue,Buffalo,NY,14212,42.896338780558,-78.822858290855,,,,,43.0,61.0,,,3785.0,census_geocoder,44020,34.5298242968102,2.83
3132,ROHINGYA COMMUNITY INC ( MASJID AL ANSAR ),327 Paderewski Drive,Buffalo,NY,14212,42.889641230193,-78.836501455775,,,,,45.0,81.0,,,3784.0,census_geocoder,44020,34.5298242968102,2.83
3133,Sloan Islamic Cultural Center,471 Goethe Street,Buffalo,NY,14212,42.898208044772,-78.799792153844,,,,,37.0,45.0,,,3782.0,census_geocoder,44020,34.5298242968102,2.83
3134,Al-Hikmah Islamic Center,331 Normal Avenue,Buffalo,NY,14213,42.90878732161,-78.890633689681,,,,,47.0,86.0,,,3780.0,census_geocoder,53870,24.54833461768987,2.47
3135,Al-Khulafa Mosque,215 Forest Ave,Buffalo,NY,14213,42.927661170076,-78.89096990351,,2024,,https://paytax.erie.gov/(S(ftxkhc1n0yqeibjghxin0kzd))/Report/Web_Report_CrystalViewer.aspx?REPORTNAME=C:\eGov\Reports\ERI_WEB_TAXMAP.rpt&REPORTCONNECTIONKEY=TAXMAP_W8-SQL-GVRN-E2_SQL&ReportParameter=TAX_MAP=1402000886700001028000,44.0,69.0,,,378.0,census_geocoder,53870,24.54833461768987,2.47
3136,Burmese Muslim Community,552 Fargo Avenue,Buffalo,NY,14213,42.91064345171,-78.897557577253,,,,,49.0,78.0,,,3799.0,census_geocoder,53870,24.54833461768987,2.47
3137,Masjid Al-Eiman (ICAWNY),444 Connecticut st,Buffalo,NY,14213,42.907322917416,-78.884960592168,,2002,,https://masjidaleiman.com/about-us,57.0,89.0,,,1656.0,census_geocoder,53870,24.54833461768987,2.47
3138,Masjid Bilal,343 Potomac ave,Buffalo,NY,14213,42.924012226245,-78.886645673227,,2015,,https://paytax.erie.gov/(S(ftxkhc1n0yqeibjghxin0kzd))/Report/Web_Report_CrystalViewer.aspx?REPORTNAME=C:\eGov\Reports\ERI_WEB_TAXMAP.rpt&REPORTCONNECTIONKEY=TAXMAP_W8-SQL-GVRN-E2_SQL&ReportParameter=TAX_MAP=1402000887600007005120,45.0,81.0,,,166.0,census_geocoder,53870,24.54833461768987,2.47
3139,Central Park Jame Mosque,97 Rodney Avenue,Buffalo,NY,14214,42.936065715453,-78.838578481051,,,,,58.0,76.0,,,3798.0,census_geocoder,58228,25.439380399165923,2.31
3140,Masjid At-Taqwa,40 Parker St,Buffalo,NY,14214,42.940372362473,-78.839160562755,,1971,,https://isnf.weebly.com/about-us.html,43.0,72.0,,,163.0,census_geocoder,58228,25.439380399165923,2.31
3141,Buffalo Islamic Cultural Center,3296 Bailey Avenue,Buffalo,NY,14215,42.944552650036,-78.813750128771,,,,,47.0,77.0,,,3801.0,census_geocoder,44955,28.754860958250788,2.43
3142,Masjid Al Salam,1190 East Delavan Avenue,Buffalo,NY,14215,42.922719486888,-78.813606718536,,,,,45.0,71.0,,,3789.0,census_geocoder,44955,28.754860958250788,2.43
3143,Masjid Al-Ihsan/Buffalo Muslim Community Center,497 Minnesota Ave,Buffalo,NY,14215,42.945774218955,-78.811002658125,,2017,,https://paytax.erie.gov/(S(ftxkhc1n0yqeibjghxin0kzd))/Report/Web_Report_CrystalViewer.aspx?REPORTNAME=C:\eGov\Reports\ERI_WEB_TAXMAP.rpt&REPORTCONNECTIONKEY=TAXMAP_W8-SQL-GVRN-E2_SQL&ReportParameter=TAX_MAP=1402000797300006019000,49.0,75.0,,,1690.0,census_geocoder,44955,28.754860958250788,2.43
3144,MUNA Center of Amherst (MCA-WNY),1964 Kensington Avenue,Cheektowaga,NY,14215,42.949164080775,-78.786191336793,,,,,30.0,76.0,,,3855.0,census_geocoder,44955,28.754860958250788,2.43
3145,Lackawanna Islamic Community Center LICC,1446 Abbott Road,Lackawanna,NY,14218,42.825292322557,-78.803328729354,,,,,30.0,61.0,,,3911.0,census_geocoder,54748,22.224421135958835,2.33
3146,Masjid Alhuda,154 Wilkesbarre Ave,Lackawanna,NY,14218,42.82278994977,-78.84326470634,,1998,,"https://www.alhudamosque.org/about#:~:text=Al%2DHuda%20Islamic%20Association%2C%20also%20known%20as%20Masjid,*%20A%20multipurpose%20room%20for%20community%20events",24.0,40.0,,,1779.0,census_geocoder,54748,22.224421135958835,2.33
3147,Basic Islamic Center Inc,2291 South Park Avenue,Buffalo,NY,14220,42.836598796901,-78.823909020456,,,,,31.0,65.0,,,3803.0,census_geocoder,70963,12.512331469911214,2.32
3148,Ahmadiyya Muslim Jamaat Buffalo,5071 Harris Hill Road,Williamsville,NY,14221,42.985215227066,-78.676937575117,,,,,,13.0,,,3703.0,census_geocoder,101615,7.102361913907407,2.19
3149,Arrahman Mosque,171 Knox Avenue,West Seneca,NY,14224,42.859066659197,-78.783171422615,,,,,,19.0,,,3671.0,census_geocoder,80052,8.549178526963356,2.23
3150,Baitul Jannah Jame Masjid Cheektowaga Muslim Center,2695 Harlem Road,Cheektowaga,NY,14225,42.917109375384,-78.784216624795,,,,,39.0,64.0,,,3853.0,census_geocoder,67237,12.028833158131851,2.16
3151,Islamic Center of New York,97 Lucid Drive,Cheektowaga,NY,14225,42.92823210482,-78.766891469616,,,,,30.0,14.0,,,3871.0,census_geocoder,67237,12.028833158131851,2.16
3152,Masjid At Tawheed Cheektowaga Islamic Cultural Center,3459 Harlem Road,Cheektowaga,NY,14225,42.937624024154,-78.784034934955,,,,,28.0,44.0,,,3909.0,census_geocoder,67237,12.028833158131851,2.16
3153,Masjidur Rahman Cheektowaga Islamic Center USA Inc.,2519 Genesee Street,Cheektowaga,NY,14225,42.920876530701,-78.789209251219,,,,,35.0,51.0,,,3912.0,census_geocoder,67237,12.028833158131851,2.16
3154,DARUL ULOOM NIAGARA FALLS NY,3920 Pine Avenue,Niagara Falls,NY,14301,43.094922216418,-79.016346757507,,,,,26.0,50.0,,,3859.0,census_geocoder,34549,35.97873729366782,1.81
3155,Islamic Center of Niagara Falls,1801 Pierce ave,Niagara Falls,NY,14301,43.101644246645,-79.039683630487,,2014,,"https://www.causeiq.com/organizations/masjid-tawba-of-niagara-falls,470985405/",32.0,71.0,,,1304.0,census_geocoder,34549,35.97873729366782,1.81
3156,Tawba Mosque of Niagara Falls,1737 Pierce Avenue,Niagara Falls,NY,14301,43.101651531117,-79.04081717835,,,,,32.0,71.0,,,3856.0,census_geocoder,34549,35.97873729366782,1.81
3157,Mahdi Mosque,9610 Colvin Boulevard,Niagara Falls,NY,14304,43.085000702797,-78.951484350113,,-,Information Without Year,(716) 236-8424,22.0,15.0,,,726.0,census_geocoder,66660,13.26075010303613,2.23
3158,Masjid Al Ibrahim,5604 Lindbergh Avenue,Niagara Falls,NY,14304,43.083552794101,-78.999890569708,,,,,,29.0,,,3858.0,census_geocoder,66660,13.26075010303613,2.23
3159,Muslim Center Of Niagara Falls,1920 18th Street,Niagara Falls,NY,14305,43.106113711989,-79.039807749877,,,,,26.0,53.0,,,3857.0,census_geocoder,51004,23.93105128517481,2.29
3160,Masjid Al-Rahman,300 Bay st,Rochester,NY,14605,43.170917576957,-77.585834307989,,1990,,https://www.mapquest.com/us/new-york/masjid-al-rahman-433883396,43.0,69.0,,,1752.0,census_geocoder,21201,50.24871355060034,2.55
3161,"Masjid Tawfeeq of Rochester, Inc.",15 Hudson Avenue,Rochester,NY,14605,43.163484126512,-77.60203554844,,,,,67.0,81.0,,,3627.0,census_geocoder,21201,50.24871355060034,2.55
3162,Masjid Muqbil Bin Haadee,297 Lyell ave,Rochester,NY,14608,43.164574933359,-77.632704222974,,-,No Basic Information,https://prayersconnect.com/mosques/84015523-masjid-muqbil-haadee-al-wadee-rochester-new-york-united-states,46.0,82.0,,,1922.0,census_geocoder,40646,36.44268774703557,2.12
3163,Baitul Naseer Mosque,1609 East Main Street,Rochester,NY,14609,43.15989472086,-77.567815837917,,2026,,https://rochesterbeacon.com/2026/03/10/love-for-all-hatred-for-none-a-history-of-rochesters-ahmadiyya-mosque/,38.0,74.0,,,786.0,census_geocoder,64603,17.658066769798893,2.25
3164,Hamidiye Education Center,853 Culver Road,Rochester,NY,14609,43.160690378368,-77.565831713024,,,,,39.0,76.0,,,3629.0,census_geocoder,64603,17.658066769798893,2.25
3165,Hamidye Mosque,853 Culver Rd,Rochester,NY,14609,43.160690378368,-77.565831713024,,1997,,"https://hamidiye.org/who-we-are/#:~:text=Generations%20Rising%20With%20The%20Quran,leaders%20grounded%20in%20Islamic%20values.",39.0,76.0,,,1120.0,census_geocoder,64603,17.658066769798893,2.25
3166,Masjid As-Sunnah,494 N Goodman St,Rochester,NY,14609,43.162222428594,-77.583431602154,,2004,,https://themasjidapp.org/masjidsunnahny,47.0,80.0,,,275.0,census_geocoder,64603,17.658066769798893,2.25
3167,Al Rasol Al Azam Mosque,638 Brown Street,Rochester,NY,14611,43.153127993568,-77.632254025137,,,,,49.0,73.0,,,3632.0,census_geocoder,31376,37.71978190283649,2.21
3168,Islamic Association - Al Sabur Mosque,4550 Lake Avenue,Rochester,NY,14612,43.253831806578,-77.611749096684,,,,,32.0,56.0,,,3628.0,census_geocoder,82800,7.991448052698486,2.23
3169,Bantu Islamic Center Inc,534 Dewey Avenue,Rochester,NY,14613,43.174157007337,-77.639375201379,,,,,39.0,67.0,,,3631.0,census_geocoder,37778,34.53409544064868,2.53
3170,Dewey St Mosque,2692 Dewey Avenue,Rochester,NY,14616,43.218102457998,-77.641212744221,,,,,37.0,67.0,,,3630.0,census_geocoder,66499,15.724003156826639,2.38
3171,Islamic Center of Rochester,727 Westfall,Rochester,NY,14620,43.115061978394,-77.603907422088,,1985,,https://www.archnet.org/sites/10607,32.0,30.0,,,73.0,census_geocoder,61783,22.34187568157034,1.76
3172,Turkish Society of Rochester,677 Beahan rd,Rochester,NY,14624,43.121418587715,-77.684895960261,,1969,,https://www.tsor.org/about-us,,8.0,,,2213.0,census_geocoder,87989,9.671349059104163,2.45
3173,Turkish Society of Rochester,677 Beahan Road,Rochester,NY,14624,43.121418587715,-77.684895960261,,,,,,9.0,,,3626.0,census_geocoder,87989,9.671349059104163,2.45
3174,Jamestown Islamic Society,1235 N Main st,Jamestown,NY,14701,42.113326357703,-79.240856649214,,1986,,https://www.jiswny.org/who-we-are,,54.0,,,1506.0,census_geocoder,49685,21.95400770969028,2.22
3175,Islamic Society of Southern Tier,3335 Buffalo rd,Allegany,NY,14706,42.103048565111,-78.483068650287,,-,No Basic Information,(716) 373-6263,,0.0,,,1486.0,census_geocoder,73236,14.87813134732566,2.24
3176,Islamic Assoc. of Finger Lakes,62 Main St,Big Flats,NY,14814,42.134615219819,-76.93792434817,,2012,,https://iaflcenter.org/about/,,30.0,,,1172.0,census_geocoder,98783,7.139524031731217,2.39
3177,Islamic Association of The Finger Lakes,499 Hickory Grove Road,Horseheads,NY,14845,42.168938980963,-76.866300955151,,,,,,11.0,,,3890.0,census_geocoder,76832,7.436448084702592,2.19
3178,Al-Huda Islamic Center,10 Cayuga Vista Drive,Lansing,NY,14882,42.533451868071,-76.499319789249,,,,,,26.0,,,3922.0,census_geocoder,91960,10.147023379127502,2.58
3179,Al-Bukhaari Mosque,3441 North Waggoner Road,Jefferson Township,OH,43004,40.023775062628,-82.789338920597,,,,,,1.0,,,3100.0,census_geocoder,101175,6.490453346888205,2.76
3180,"Ibrahim Community Center, Delaware OH",1964 Marysville Road,Delaware,OH,43015,40.300708,-83.0923748,,,,,,30.0,,,3107.0,nominatim,105322,7.36252236437903,2.62
3181,Industrial Engravers Inc.,1964 Marysville Road,Delaware,OH,43015,40.300708,-83.0923748,,,,,,30.0,,,3106.0,nominatim,105322,7.36252236437903,2.62
3182,Noor Islamic Cultural Center,5001 Wilcox rd,Dublin,OH,43016,40.065253282359,-83.148728980425,,2006,,"https://www.noorohio.org/about-nicc/#:~:text=The%20Noor%20Islamic%20Cultural%20Center%20(NICC)%20is,family%20values,%20high%20morals,%20and%20good%20citizenship.",,6.0,,,2119.0,census_geocoder,109972,5.508086664632286,2.42
3183,Noor Islamic Cultural Center,5001 Wilcox Road,Dublin,OH,43016,40.065253282359,-83.148728980425,,,,http://aaicohio.org/,,11.0,,,2873.0,census_geocoder,109972,5.508086664632286,2.42
3184,Noor Ohio,5550 Britton Parkway,Dublin ,OH,43016,,,,,,,,10.0,,,3104.0,,109972,5.508086664632286,2.42
3185,Noor Islamic Cultural Center - Plain City,6543 Commerce Parkway,Dublin,OH,43017,40.103539779641,-83.141015782981,,,,,,28.0,,,3105.0,census_geocoder,135922,7.6477993511838465,2.56
3186,Ahmadiyya Muslim Community,3360 Toy Road,Groveport,OH,43021,39.851928494107,-82.922925651575,,,,,,13.0,,,3110.0,census_geocoder,167941,3.6118635826908383,3.06
3187,Masjid Al Shurooq,4594 Cosgray Road ,Hilliard,OH,43026,40.049390012724,-83.180949727489,,,,,,18.0,,,3101.0,census_geocoder,111440,8.65454321101908,2.62
3188,Polaris Islamic Center of Delaware County,8542 Cotter St,Lewis Center,OH,43035,40.159702975795,-83.011503783426,,2014,,"https://polarismasjid.org/about-us/#:~:text=dedicated%20to%20serving%20the%20religious,the%20Qur%27an%20and%20Sunnah.",,46.0,,,2559.0,census_geocoder,154683,3.996217914847465,2.93
3189,Ã…Âžihan oÃ„ÂŸularÃ„Â± 515,6100 North Hamilton Road,Westerville,OH,43081,40.082107369602,-82.852633213211,,,,,,5.0,,,3116.0,census_geocoder,92422,7.26200452195361,2.32
3190,Noor Islamic Cultural Center - New Albany,6449 East Walnut Street,Westerville,OH,43081,40.113030557041,-82.816959630822,,,,,,6.0,,,3117.0,census_geocoder,92422,7.26200452195361,2.32
3191,Masjid Abdulrahman,4500 Gender Road,Canal Winchester,OH,43110,39.8622,-82.8274969,,,,,24.0,13.0,,,3145.0,nominatim,77442,9.7844688034781,2.51
3192,International Market Foods,3120 Olentangy River Road,Columbus,OH,43202,40.024416588479,-83.026038728148,,,,,41.0,55.0,,,3161.0,census_geocoder,69524,21.486928104575163,2.12
3193,Masjid Omar Ibn El-Khattab,580 Riverside Drive,Columbus,OH,43202,40.0245085,-83.0287955,,1984,,https://www.thelantern.com/2015/03/opinion-columbus-ohio-state-muslim-communities-receive-chilling-threats/,43.0,66.0,,,241.0,nominatim,69524,21.486928104575163,2.12
3194,Omar Ibn El-Khattab Mosque,580 Riverview Drive,Columbus ,OH,43202,40.024270636846,-83.029787586107,,,,https://www.masjidomarohio.org/,39.0,55.0,,,2877.0,census_geocoder,69524,21.486928104575163,2.12
3195,Muslim Community Center,1677 Oak Street,Columbus,OH,43203,39.962217606817,-82.95543355662,,2002,,https://www.mapquest.com/us/ohio/muslim-community-center-5591942,43.0,58.0,,,1699.0,census_geocoder,47572,39.46999766518795,2.01
3196,Masjid Abubakr Al Siddique,3437 Sullivant ave,Columbus,OH,43204,39.942785219919,-83.090826752239,,2004,,https://aaicohio.org/,32.0,64.0,,,1580.0,census_geocoder,59266,19.501298215246425,2.42
3197,Islamic Center of Greater Columbus Mosque,1428 East Broad Street,Columbus ,OH,43205,39.966630643021,-82.962829474057,,-,Information Without Year,https://icohio.org/,48.0,70.0,,,2875.0,census_geocoder,60181,22.439771170735636,2.10
3198,Masjid As-Sahaba,2535 Cleveland Ave,Columbus,OH,43211,40.019074892479,-82.965098970867,,2003,,https://masjidassahaba.org/#home,42.0,63.0,,,243.0,census_geocoder,42579,36.65072633763422,2.63
3199,Bilal Ibn Rabah Center,40 E Long st,Columbus,OH,43215,39.965108542346,-83.000204898904,,2007,,"https://www.causeiq.com/organizations/bilal-ibn-rabah-center,571240814/",65.0,80.0,,,988.0,census_geocoder,74087,14.905196629213483,1.37
3200,IbnuTaymiyah Masjid and Islamic Center,2334 Mock Road,Columbus,OH,43219,40.011467406156,-82.947223165782,,2001,,"https://www.causeiq.com/organizations/ibnu-taymiyah-masjid-and-islamic-center,311735133/",33.0,35.0,,,2553.0,census_geocoder,52094,26.195373564127717,2.61
3201,IQRA Learning Center,1611 Woodland Avenue,Columbus,OH,43219,40.001545389961,-82.954487841899,,,,,28.0,24.0,,,3162.0,census_geocoder,52094,26.195373564127717,2.61
3202,Muslim Family Services of Ohio,4900 Reed Road,Columbus,OH,43220,40.056531574145,-83.066761788047,,,,,35.0,76.0,,,3155.0,census_geocoder,74298,11.762449435067653,2.10
3203,Masjid Bilal Islamic center,1965 Zettler Center Drive,Columbus,OH,43223,39.929375287291,-83.0517551862,,,,,,,,,3157.0,census_geocoder,46911,28.728938582188057,2.63
3204,Al Huda Islamic Center,1156 East Cooke Road,Columbus,OH,43224,40.047769024258,-82.988273130833,,2020,,https://www.youtube.com/watch?v=WQJaq8MQJVA,36.0,19.0,,,854.0,census_geocoder,53321,19.793669826474513,2.54
3205,Costa Coffe 2,3296 Westerville Road,Columbus,OH,43224,40.035963656335,-82.953668104892,,,,,,49.0,,,3163.0,census_geocoder,53321,19.793669826474513,2.54
3206,Masjid Al Rahma,2205 Albert Avenue,Columbus,OH,43224,40.03022531083,-82.955304132434,,2001,,https://www.facebook.com/arahmamosque/,,52.0,,,1621.0,census_geocoder,53321,19.793669826474513,2.54
3207,Masjid Muqbil Islamic Center,3350 Cleveland ave,Columbus,OH,43224,40.035727485061,-82.963011926529,,-,,,40.0,72.0,,,1923.0,census_geocoder,53321,19.793669826474513,2.54
3208,Masjid Sahih Al- Bukhari,2233 Albert Avenue,Columbus,OH,43224,40.030007859266,-82.954120299197,,,,,36.0,43.0,,,3156.0,census_geocoder,53321,19.793669826474513,2.54
3209,Ul Bayyinah Mosque,3330 Cleveland Avenue,Columbus,OH,43224,40.0634009,-82.952701,,,,,,77.0,,,3131.0,nominatim,53321,19.793669826474513,2.54
3210,Abubakar Asiddiq Islamic Center,591 Industrial Mile Rd,Columbus,OH,43228,39.940239373157,-83.118586348652,,2004,,https://aaicohio.org/,,37.0,,,2552.0,census_geocoder,61713,18.014374798226086,2.39
3211,Brittany Hills Apartments,667 Brent Boulevard,Columbus,OH,43228,39.938790359516,-83.119835331919,,,,,31.0,34.0,,,3164.0,census_geocoder,61713,18.014374798226086,2.39
3212,Masjid Attaqwa,4501 Sullivant Avenue,Columbus,OH,43228,39.939557929076,-83.119554735579,,,,,32.0,41.0,,,3158.0,census_geocoder,61713,18.014374798226086,2.39
3213,An-Nabawi Mosque,1550 East Dublin Granville Road,Columbus,OH,43229,40.087268248949,-82.976596146193,,,,,36.0,72.0,,,3166.0,census_geocoder,57561,21.94023291584267,2.51
3214,As-Salaamah Mosque,5259 Cleveland Ave,Columbus,OH,43229,40.076965580008,-82.951755240947,,2010,,"https://www.causeiq.com/organizations/masjid-as-salaamah,271806090/",36.0,67.0,,,2556.0,census_geocoder,57561,21.94023291584267,2.51
3215,As-Salaamah Mosque,5259 Cleveland Avenue,Columbus,OH,43229,40.076965580008,-82.951755240947,,,,,36.0,67.0,,,3165.0,census_geocoder,57561,21.94023291584267,2.51
3216,MAS Columbus,4615 Northtowne Blvd,Columbus,OH,43229,40.06281276457,-82.960763564366,,1993,,http://www.mascolumbus.org/about.html,44.0,72.0,,,2562.0,census_geocoder,57561,21.94023291584267,2.51
3217,Masdjid As Salam,5253-5257 Cleveland Avenue,Columbus,OH,43229,40.076935380982,-82.951757260629,,,,,36.0,67.0,,,3159.0,census_geocoder,57561,21.94023291584267,2.51
3218,Gahanna Islamic Center,3643 Olde Ridenour Road,Groveport,OH,43230,40.031660962464,-82.881485729251,,,,,24.0,14.0,,,3103.0,census_geocoder,91424,6.739482059933562,2.32
3219,MTO Shahmaghsoudi,6077 Cleveland Avenue,Columbus,OH,43231,40.096264443356,-82.950293565568,,,,,35.0,62.0,,,3167.0,census_geocoder,73986,16.71725836962738,2.68
3220,NIMACO - Nigeria Muslim Association of Central Ohio,4665 Cleveland Avenue,Columbus,OH,43231,40.064752426299,-82.952673058137,,,,,36.0,46.0,,,3154.0,census_geocoder,73986,16.71725836962738,2.68
3221,Al-Huda Islamic Center,2100 Courtright Road,Columbus,OH,43232,39.929580667743,-82.898248999654,,,,,27.0,34.0,,,3151.0,census_geocoder,51417,21.420779054097412,2.55
3222,Gaskia Masjid and Community Center,2932 Noe Bixby Road,Columbus,OH,43232,39.9157669,-82.8637334,,,,,,36.0,,,3130.0,nominatim,51417,21.420779054097412,2.55
3223,Masjid Oumar Al Foutiyou,4500 Eastland Drive,Columbus,OH,43232,39.921279410823,-82.879585357915,,,,,40.0,66.0,,,3168.0,census_geocoder,51417,21.420779054097412,2.55
3224,Namrah Mosque,4501 Refugee Rd,Columbus,OH,43232,39.915237077021,-82.876165577017,,2011,,https://prayersconnect.com/mosques/84019074-masjid-namrah-columbus-ohio-united-states,40.0,67.0,,,2558.0,census_geocoder,51417,21.420779054097412,2.55
3225,New York Halal Food,4501 Refugee Road,Columbus,OH,43232,39.915237077021,-82.876165577017,,,,,40.0,67.0,,,3160.0,census_geocoder,51417,21.420779054097412,2.55
3226,Sheik Omar Foutiyou Masjid,3569 Refugee rd E,Columbus,OH,43232,39.916635493168,-82.901402294088,,2006,,https://www.irs.gov/pub/irs-soi/eo_oh.csv,36.0,49.0,,,2164.0,census_geocoder,51417,21.420779054097412,2.55
3227,Ahlul Bayt Society,2580 West Dublin-Granville Road,Columbus,OH,43235,40.090459822644,-83.059414014295,,,,,,11.0,,,3152.0,census_geocoder,86666,10.212785263826506,2.21
3228,TASO - Turkish American Society of Ohio | Columbus,2885 West Dublin-Granville Road,Columbus,OH,43235,40.090444229357,-83.066658985012,,,,,0.0,19.0,,,3153.0,census_geocoder,86666,10.212785263826506,2.21
3229,Islamic Society of North West Ohio (ISNWO),850 S McCord Rd,Holland,OH,43528,41.625578252499,-83.703381692976,,2013,,https://isnwo.org/our-history/,,42.0,,,2554.0,census_geocoder,93986,9.293843928818461,2.48
3230,Islamic Center of Greater Toldeo,25877 Scheider Road,Perrysburg,OH,43551,41.536209243248,-83.616239024538,,1983,,https://en.wikipedia.org/wiki/Islamic_Center_of_Greater_Toledo,,8.0,,,54.0,census_geocoder,95846,5.940891943808003,2.34
3231,Masjid Saad Foundation,5225 W Alexis Rd,Sylvania,OH,43560,41.717391898178,-83.66906264145,,1976,,https://masjidsaad.org/home/about-us/,,40.0,,,700.0,census_geocoder,109486,5.578340374356286,2.55
3232,Muhammad Mosque #91,1698 Nebraska Avenue,Toledo,OH,43607,41.645564813502,-83.584753646888,,,,,,41.0,,,3123.0,census_geocoder,41335,31.045888900556545,2.19
3233,Toledo Muslim Community Center (New TMCC Campus),3319 Nebraska Ave,Toledo,OH,43607,41.645490680269,-83.621598327308,,1990,,https://toledomcc.org/,,36.0,,,2557.0,census_geocoder,41335,31.045888900556545,2.19
3234,Masjid of Al-Islam,722 East Bancroft Street,Toledo,OH,43608,41.664360219777,-83.537722758457,,1954,,https://digitalgallery.bgsu.edu/exhibits/show/icgt/early_years,,73.0,,,1934.0,census_geocoder,29275,42.87034897157384,2.46
3235,Ahlul Bayt Center of Toledo,6004 Hill Avenue,Toledo,OH,43615,41.638650817987,-83.684459838499,,,,,,31.0,,,3124.0,census_geocoder,57713,16.037688568135117,2.13
3236,AMCC Toledo (Al-Madinah Community Center),5424 Airport Highway,Toledo,OH,43615,41.616587391651,-83.67031598518,,,,,,,,,3125.0,census_geocoder,57713,16.037688568135117,2.13
3237,Tayba Center for Education,3303 North Holland Sylvania Road,Toledo,OH,43615,41.679308450192,-83.683042243756,,,,,,53.0,,,3128.0,census_geocoder,57713,16.037688568135117,2.13
3238,Toledo Islamic Center,5313 Dorr Street,Toledo,OH,43615,41.653372302614,-83.667858561809,,,,,,69.0,,,3122.0,census_geocoder,57713,16.037688568135117,2.13
3239,Toledo Muslim Community Center,5045 E Sylvania rd,Toledo,OH,43623,41.690982653334,-83.662856012871,,2009,,https://toledomcc.org/,,33.0,,,2204.0,census_geocoder,71171,10.269704372102298,2.15
3240,The Ummah Center,24050 Royalton Road,Columbia Station,OH,44028,41.312560248803,-81.897989633971,,2023,,https://www.ucschool.org,,22.0,,,428.0,census_geocoder,87595,7.43741560195284,2.42
3241,Masjid Al-Madinah,1300 Reid ave,Lorain,OH,44052,41.458691607542,-82.171556940532,,-,Information Without Year,https://digitalgallery.bgsu.edu/exhibits/show/icgt/early_years,,57.0,,,1714.0,census_geocoder,45023,26.989867163163737,2.35
3242,Unity Center Mosque of North East Ohio,10503 Valley View Road,Northfield,OH,44067,41.323983932025,-81.528913973484,,2005,,https://unitycenterneohio.com,,17.0,,,3112.0,census_geocoder,86364,7.090993357021475,2.21
3243,Islamic Center of Cleveland/Muhammad Rasul Allah Islamic Society,9400 Detroit Avenue,Cleveland,OH,44102,41.48023978407,-81.747948053783,,1968,,https://case.edu/ech/articles/i/islamic-religion,54.0,68.0,,,242.0,census_geocoder,42714,31.670513048109356,2.02
3244,Masjid Bilal, 7401 Euclid Ave,Cleveland,OH,44103,41.504093178965,-81.637073584675,,1983,,https://masjidbilalofcleveland.org/about/,44.0,76.0,,,284.0,census_geocoder,27047,38.966614849359686,1.95
3245,Masjid Al-Mumin,2690 Martin Luther King Blvd,Cleveland,OH,44104,41.4862642213,-81.603234298536,,1953,,https://cplorg.contentdm.oclc.org/digital/api/collection/p16014coll5/id/23700/download,43.0,47.0,,,1723.0,census_geocoder,24111,53.86082993269383,2.31
3246,First Cleveland Mosque,3613 E 131st St,Cleveland,OH,44105,41.460450039655,-81.591097302499,,1937,,https://firstclevelandmasjid.org/about/,43.0,48.0,,,609.0,census_geocoder,40906,25.950020329653146,2.28
3247,Masjid Uqbah,2222 Stokes Blvd,Cleveland,OH,44106,41.498555766397,-81.605984350358,,1995,,https://tumf.org/about-us/,59.0,49.0,,,1994.0,census_geocoder,43170,29.448424771812736,1.80
3248,Sheikh Maktoum Prayer Room,2050 East 96th Street,Cleveland,OH,44106,41.502783341796,-81.620258344516,,,,,56.0,76.0,,,3132.0,census_geocoder,43170,29.448424771812736,1.80
3249,Turkish Cultural Center in Lakewood ,13303 Madison Avenue,Lakewood,OH,44107,41.476948929862,-81.782268991476,,,,,49.0,73.0,,,3099.0,census_geocoder,68970,10.264727214118786,1.85
3250,Abdullah Bin Mas'ud,1129 Eddy Road,Cleveland,OH,44108,41.530202537154,-81.594304636823,,,,,58.0,56.0,,,3137.0,census_geocoder,34745,30.880529144274494,2.19
3251,Masjid Al Noor,1247 East 99th Street,Cleveland,OH,44108,41.522598237427,-81.620767185681,,1996,,https://religionsmn.carleton.edu/exhibits/show/masjid-an-nur/masjid-an-nur/history,43.0,70.0,,,3149.0,census_geocoder,34745,30.880529144274494,2.19
3252,Masjid Qiyamah Ul-Haqq/Islamic Brotherhood Universal,1187 Hayden Avenue East,Cleveland,OH,44110,41.546156346709,-81.586563821494,,-,No Basic Information,,49.0,62.0,,,1944.0,census_geocoder,31928,30.801687763713083,1.94
3253,Ã™Â…Ã˜Â³Ã˜Â¬Ã˜Â¯ Ã˜Â£Ã™Â†Ã˜ÂµÃ˜Â§Ã˜Â± Ã˜Â§Ã™Â„Ã˜Â³Ã™Â†Ã˜Â©,12940 Lorain Avenue,Cleveland,OH,44111,41.458761818288,-81.778826448478,,,,,46.0,80.0,,,3139.0,census_geocoder,57252,19.962788922548484,2.30
3254,Islamic Center of Northeast Ohio - Masjid Al-Sahabah,12740 Lorain Avenue,Cleveland,OH,44111,41.459358288601,-81.77692839884,,,,,47.0,78.0,,,3136.0,census_geocoder,57252,19.962788922548484,2.30
3255,Prayer Room - Reserve Square - Eas3 Tower 3rd floor,1701 East 13th Street,Cleveland,OH,44114,41.503529240516,-81.68416919786,,,,,75.0,96.0,,,3134.0,census_geocoder,44002,46.17107657846843,1.57
3256,Prayer Room - Reserve Square - East Tower 3rd floor,1701 East 12th Street,Cleveland,OH,44114,41.503061113385,-81.685747189822,,,,,77.0,97.0,,,3133.0,census_geocoder,44002,46.17107657846843,1.57
3257,Islamic Center of Cleveland,6055 West 130th Street,Parma,OH,44130,41.399017093789,-81.784265492797,,1988,,https://www.iccleveland.org/,30.0,30.0,,,2876.0,census_geocoder,69655,10.452484992036592,2.15
3258,Cultural & Religious Center.Ã¢Â€ÂCRCÃ¢Â€Â,10000 State Road,North Royalton,OH,44133,41.337762706686,-81.724702972064,,,,,,27.0,,,3113.0,census_geocoder,83717,5.809384640363695,2.28
3259,Cleveland Muslim Community Center/Alomary mosque,4600 Rocky River rd,Cleveland,OH,44135,41.429902996209,-81.825193772645,,2000,,https://www.google.com/search?client=safari&hs=Xyep&sca_esv=aaf38c21e3d3a8e3&rls=en&q=alomary+mosque+year+established&source=lnms&fbs=ADc_l-aN0CWEZBOHjofHoaMMDiKpaEWjvZ2Py1XXV8d8KvlI3izczKHhF2wgz0AoHZ2f_yIpRzymQtTZoWTl7D2tXLrsjDqlMIsGiWrABZBTpUbiopxvwIdGwq16gAazpC1N6Sa-UprcBzb4LsbJ98sMSJg6BOvV1agKoImv03IVG5Bd_w9PDsixZcqvJ4q-B7dSl1Zk4_BLgE6zI1mzPSorUhbmMkU_JQ&sa=X&ved=2ahUKEwjfta3R69mTAxX8GtAFHbYYEsQQ0pQJegQIGRAB&biw=951&bih=781&dpr=2,56.0,52.0,,,1033.0,census_geocoder,53848,26.89307354595261,2.42
3260,Masjid Abul Qasiim,12808 Bellaire Road,Cleveland,OH,44135,41.438919478363,-81.777944068687,,,,,34.0,50.0,,,3135.0,census_geocoder,53848,26.89307354595261,2.42
3261,Chagrin Valley Islamic Center,6909 Liberty Road,Solon,OH,44139,41.370403699426,-81.421002591928,,2021,,https://www.cleveland.com/community/2021/11/chagrin-valley-islamic-center-opens-solons-first-mosque-with-inauguration.html,,0.0,,,813.0,census_geocoder,138425,3.5259029253145937,2.68
3262,Muslim Association of Cleveland East,25900 Chardon rd,Cleveland,OH,44143,41.57439128325,-81.498131376614,,1997,,https://thigmos.com/mace-islamic-center/about,,36.0,,,2077.0,census_geocoder,81268,7.124272085243464,2.20
3263,Islamic Center of Westlake,1255 Columbia Road ,Westlake,OH,44145,41.468334427162,-81.901632930569,,,,https://wcmamasjid.com/,37.0,49.0,,,2879.0,census_geocoder,112200,4.903735892329048,2.29
3264,WEST CLEVELAND MUSLIM ASSOCIATION,1255 Columbia Road,Westlake,OH,44145,41.468334427162,-81.901632930569,,,,,37.0,49.0,,,3115.0,census_geocoder,112200,4.903735892329048,2.29
3265,Baitul Ahad,297 Center Road,Bedford,OH,44146,41.401824624152,-81.537219516836,,1989,,"https://visitamosque.us/mosque-item/bait-ul-ahad-mosques-cleveland/#:~:text=In%201986%2C%20a%20church%20building,Ahad%20by%20the%20beloved%20Khalifa.",,61.0,,,594.0,census_geocoder,54925,13.745527112579136,2.08
3266,Islamic Society of Akron and Kent,152 E Steels Corners Rd,Cuyahoga Falls,OH,44224,41.18094655492,-81.502858579994,,1989,,https://isak.us/about/,,26.0,,,2555.0,census_geocoder,94287,8.00568695876955,2.36
3267,Islamic Society of Akron and Kent,152 East Steels Corners Road,Cuyahoga Falls,OH,44224,41.18094655492,-81.502858579994,,,,,,25.0,,,3144.0,census_geocoder,94287,8.00568695876955,2.36
3268,Kent Masjid,325 Crain Ave,Kent,OH,44240,41.157374436853,-81.353934541939,,1985,,https://isak.us/about/,,84.0,,,1519.0,census_geocoder,57627,21.649844303661546,2.23
3269,Spedwelding,8859 Spieth Road,Litchfield,OH,44253,41.177423317528,-82.007537817708,,,,,,1.0,,,3098.0,census_geocoder,91500,11.486486486486488,2.73
3270,Akron Masjid,1147 Old South Main,Akron,OH,44301,,,,1991,,https://akronmasjid.com/about-page/,31.0,55.0,,,1.0,,51321,21.331770566258882,2.31
3271,Akron Mosque,1147 Old Main Street,Akron,OH,44301,41.055981070978,-81.528956542082,,,,,33.0,56.0,,,3147.0,census_geocoder,51321,21.331770566258882,2.31
3272,Masjid DaÃ¢Â€Â™watul el Islamiah,640 Thayer Street,Akron,OH,44310,41.102761103498,-81.508575448759,,,,,35.0,82.0,,,3146.0,census_geocoder,41066,31.88009820226499,2.44
3273,Islamic Society of Greater Youngstown/Al Khair Mosque,1670 Homewood Ave,Youngstown,OH,44502,41.077728355962,-80.628630376522,,1989,,https://www.isgyohio.org/about,,32.0,,,718.0,census_geocoder,31170,48.45440494590417,2.47
3274,Youngstown Islamic Center,239 Trumbull Avenue,Youngstown,OH,44505,41.141076632187,-80.658013656761,,,,,,26.0,,,3114.0,census_geocoder,37538,39.277964095482346,2.30
3275,Youngstown Islamic Center/ United American Muslim Association,239 Trumbull Avenue,Youngstown,OH,44505,41.141076632187,-80.658013656761,,1980,,https://youngstownislamiccenter.org/about-us/,,26.0,,,239.0,census_geocoder,37538,39.277964095482346,2.30
3276,Yunus Emre Muslim Community Center,69 W Avondale Ave,Youngstown,OH,44507,41.067204646123,-80.661630848895,,-,Information Without Year,(330) 881-8866,,54.0,,,709.0,census_geocoder,29176,33.83458646616541,2.32
3277,Masjid Alrahman Of Canton,3026 11th St SW,Canton,OH,44710,40.791656248675,-81.408957741172,,2025,,https://www.cantonrep.com/story/news/local/canton/2025/03/15/canton-mosque-buys-11th-street-church-of-god-building-in-auction/82410517007/,,52.0,,,390.0,census_geocoder,47305,24.21953116320409,2.38
3278,ÃÂ˜Ã‘ÂÃÂ»Ã‘ÂÃÂ¼Ã‘ÂÃÂºÃÂ¸ Ã‘Â†ÃÂµÃÂ½Ã‘Â‚Ã‘ÂŠÃ‘Â€ ÃÂ½ÃÂ° ÃÂšÃÂ°ÃÂ½Ã‘Â‚Ã‘ÂŠÃÂ½,4848 Higbee Avenue Northwest,Canton,OH,44718,40.851895165484,-81.427701400701,,,,,,46.0,,,3150.0,census_geocoder,88113,6.181818181818182,2.17
3279,Islamic Society of North East Ohio - North Canton Mosque,6978 Promway Ave NW,North Canton,OH,44720,40.882077318407,-81.429960126472,,2005,,"https://www.causeiq.com/organizations/islamic-society-of-northeast-ohio,341350554/",,41.0,,,2560.0,census_geocoder,82594,5.6440800330033,2.23
3280,Sandusky Witches Walk,314 West Market Street,Sandusky,OH,44870,41.455519120774,-82.713462332715,,,,,,82.0,,,3127.0,census_geocoder,62082,18.163113088655127,2.20
3281,Islamic Society of Mansfield,110 North Mulberry st,Mansfield,OH,44903,40.761632987541,-82.517676614821,,2007,,"https://www.causeiq.com/organizations/islamic-society-of-mansfield,341949258/",,82.0,,,1472.0,census_geocoder,67215,16.326611465472844,2.47
3282,Islamic Center of Mason,999 Reading Road,Mason ,OH,45040,39.341004619145,-84.337717359078,,,,,,49.0,,,3096.0,census_geocoder,133240,4.596982649389266,2.69
3283,Mason i Islamic school,108 Williams Street,Mason,OH,45040,39.360569425072,-84.317180569839,,,,,,54.0,,,3095.0,census_geocoder,133240,4.596982649389266,2.69
3284,Al-Imam Al-Muntadhar Center,6920 Dubois Court,Middletown,OH,45044,39.486665425624,-84.337603608802,,,,,17.0,13.0,,,3121.0,census_geocoder,73732,13.571364169146156,2.70
3285,Al Quran Islamic School Kingsgate Way,7372 Kingsgate Way,West Chester Township,OH,45069,39.350595160834,-84.372373773676,,,,,,62.0,,,3119.0,census_geocoder,114631,6.844277000358809,2.63
3286,Dar-E-Zehra Islamic Center,7285 Cincinnati Dayton Road,West Chester Township,OH,45069,39.367514850168,-84.387423524202,,,,,,29.0,,,3118.0,census_geocoder,114631,6.844277000358809,2.63
3287,Islamic Center of Greater Cincinnat,8091 Plantation Drive,West Chester,OH,45069,39.347733482213,-84.383446281654,,1995,,https://icgc.us/about-us/,,24.0,,,1249.0,census_geocoder,114631,6.844277000358809,2.63
3288,Islamic Center of Greater Cinncinati,8092 Plantation Drive,Wetherington,OH,45069,39.347589318576,-84.383450840441,,,,http://www.noorohio.org/,,14.0,,,2874.0,census_geocoder,114631,6.844277000358809,2.63
3289,Ihsan Center,6070 Branch Hill Guinea Pike,Milford,OH,45150,39.205316580176,-84.224498212791,,2009,,https://operationmanual.ihsanonline.org,,38.0,,,1138.0,census_geocoder,93595,6.208666767325985,2.34
3290,Masjid Al-Ashab,1233 Vine st,Cincinnati,OH,45202,39.108686226834,-84.51494583741,,1993,,https://prayersconnect.com/mosques/84069185-al-ashab-masjid-cincinnati-ohio-united-states,76.0,98.0,,,1648.0,census_geocoder,95633,16.165567166793156,1.62
3291,Al istiquama masjid,2755 Shaffer Avenue,Cincinnati,OH,45211,39.144906264061,-84.589507966826,,,,,42.0,24.0,,,3143.0,census_geocoder,53868,19.296503984330982,2.35
3292,Cincinnati Islamic Center,2570 Gobel Ct.,Cincinnati,OH,45211,39.143355653827,-84.584879392699,,2006,,https://masjidcicc.org/Food%20Pantry%20HistoryAA.pdf,44.0,28.0,,,1031.0,census_geocoder,53868,19.296503984330982,2.35
3293,Cincinnati Masjid & Foundation,933 Bank Street,Cincinnati,OH,45214,39.119366123214,-84.529700065245,,,,,61.0,75.0,,,3148.0,census_geocoder,27852,44.59286792891161,2.10
3294,Masjid Abu Bakr Siddik,1960 Harrison Avenue,Cincinnati,OH,45214,39.131559725062,-84.562691440868,,,,,41.0,22.0,,,3138.0,census_geocoder,27852,44.59286792891161,2.10
3295,Clifton Mosque/Islamic Association of Cincinnati,3668 Clifton Ave,Cincinnati,OH,45220,39.149684915013,-84.518449622994,,2003,,https://cliftonmosque.org/history,46.0,52.0,,,2561.0,census_geocoder,53440,23.937153419593347,1.96
3296,Assunnah Mosque,1254 Bates Avenue,Cincinnati,OH,45225,39.141156684956,-84.537794592798,,,,,46.0,61.0,,,3141.0,census_geocoder,20348,64.55328310010763,2.08
3297,Greater Cincinnati Islamic Association (GCIA),7762 Reading Road,Cincinnati,OH,45237,39.203521727225,-84.454698051107,,,,,40.0,51.0,,,3140.0,census_geocoder,44913,21.169573356980983,2.00
3298,Al-Quran Islamic School - Blue Ash,11231 Cornell Park Drive,Cincinnati,OH,45242,39.27060303801,-84.370820377009,,,,,,36.0,,,3142.0,census_geocoder,124567,4.238125168357727,2.45
3299,Al-Huda Mosque - Islamic Society of Greater Dayton,730 South Alpha Bellbrook Road,Sugarcreek Township,OH,45305,39.671858630488,-84.061625531063,,,,https://isgd.org/,,6.0,,,2880.0,census_geocoder,123045,3.967215973493766,2.63
3300,Islamic Center of Fairborn,3111 Colenel Glenn Highway,Fairborn ,OH,45324,,,,,,,,27.0,,,3102.0,,64979,13.6252056181197,2.16
3301,Islamic Center of Dayton,2277 Maue rd,Miamisburg,OH,45342,39.631173727061,-84.248651016099,,2007,,https://prayersconnect.com/mosques/84066829-islamic-center-of-dayton-miamisburg-ohio-united-states,,19.0,,,1228.0,census_geocoder,84907,9.036430024806979,2.37
3302,Islamic Center of Dayton,2227 Maue Road,Miamisburg,OH,45342,39.631184172919,-84.24874206441,,,,,,10.0,,,3111.0,census_geocoder,84907,9.036430024806979,2.37
3303,Mamaw and Papaw's Party Barn,16011 Kirkwood Road,Sidney,OH,45365,40.212347992059,-84.13384363099,,,,,,0.0,,,3126.0,census_geocoder,67051,14.361066179056191,2.38
3304,Islamic Community Center,299 E Market St,Xenia,OH,45385,39.686523139304,-83.924880395072,,1984,,https://prayersconnect.com/mosques/84065382-islamic-community-center-xenia-ohio-united-states,,66.0,,,1388.0,census_geocoder,76564,12.301288801965798,2.48
3305,Diyanet Mosque of Dayton Ahiskan Turks,1306 East 5th Street,Dayton ,OH,45402,39.758119779902,-84.175762307836,,,,,,82.0,,,3094.0,census_geocoder,48401,23.345070422535212,1.84
3306,Al-Rahman Mosque - Islamic Society of Greater Dayton,26 Josie Street,Dayton ,OH,45403,39.756048692199,-84.176211123624,,1985,,http://www.isgd.org/,,73.0,,,2878.0,census_geocoder,38323,35.120504263997034,2.16
3307,Osman Gazi Mosque,1508 Valley Street,Dayton,OH,45404,39.783205179052,-84.156273274518,,,,,,24.0,,,3108.0,census_geocoder,38874,34.46904008976844,2.30
3308,Masjid Salam/Daytom Community Masjid Center,2139 Salem ave,Dayton,OH,45406,39.783601755738,-84.227416718673,,2013,,https://www.causeiq.com/directory/islamic-organizations-list/dayton-kettering-oh-metro/,,38.0,,,1958.0,census_geocoder,41796,24.57194807818577,2.20
3309,Al islaam Mosque,4500 Salem Avenue,Dayton,OH,45416,39.809677625617,-84.263734652506,,,,,,48.0,,,3129.0,census_geocoder,46174,29.859463405730974,2.31
3310,Fazl-E-Umar Mosque (Dayton Mosque),637 Randolph Street,Dayton,OH,45417,39.745432540018,-84.229279587702,,,,,,41.0,,,3109.0,census_geocoder,36945,33.70382720165981,2.25
3311,Fazl-i-Umar Mosque,637 Randolph Street,Dayton,OH,45417,39.745432540018,-84.229279587702,,1964,,https://www.daytonmosque.org/about-us,,41.0,,,772.0,census_geocoder,36945,33.70382720165981,2.25
3312,Masjid At-Taqwa,701 N Broadway,Dayton,OH,45417,39.745428605368,-84.214725377817,,-,Information Without Year,https://prayersconnect.com/mosques/84076979-masjid-at-taqwa-dayton-ohio-united-states,,57.0,,,1826.0,census_geocoder,36945,33.70382720165981,2.25
3313,Islamic Center of Centerville,10501 Success Ln,Washington Township,OH,45458,39.596773063603,-84.20551684742,,2017,,https://masjidicc.com/,,4.0,,,2563.0,census_geocoder,110150,5.715106260769673,2.44
3314,Islamic Center of Centerville,10501 Success Lane,Washington Township,OH,45458,39.596773063603,-84.20551684742,,,,,,4.0,,,3120.0,census_geocoder,110150,5.715106260769673,2.44
3315,Masjid Al-Madeenah,1800 S Burnett rd,Springfield,OH,45505,39.901572203624,-83.771836462243,,1980,,https://www.mviamasjid.com/about,,12.0,,,1710.0,census_geocoder,43819,26.563537039873385,2.42
3316,Masjid An Nur,743 West Liberty Street,Springfield,OH,45506,39.914787233224,-83.825635499448,,-,No Basic Information,No website,,22.0,,,1787.0,census_geocoder,42104,24.28958051420839,2.33
3317,Islamic Center of Athens,13 Steward st,Athens,OH,45701,39.325960900705,-82.095325389668,,1986,,https://www.ica-athens.org/msa-of-ou,35.0,64.0,,,1202.0,census_geocoder,53075,29.40889106008793,2.30
3318,Islamic Center of Marietta,607 Putnam Street,Marietta,OH,45750,39.418907004305,-81.448977709724,,,,,,75.0,,,3097.0,census_geocoder,60229,14.039634754176802,2.21
3319,Al-Muwahideen Society,634 Catalpa ave,Lima,OH,45804,40.719693654144,-84.097185108881,,1997,,https://www.facebook.com/Muwahideen,22.0,41.0,,,908.0,census_geocoder,44911,27.46009143371056,2.23
3320,Islamic Society of Greater Lima,1800 Allentown Road,Lima,OH,45805,40.7459609,-84.1373542,,2000,,"https://www.causeiq.com/organizations/islamic-society-of-greater-lima,311556235/",20.0,69.0,,,1465.0,nominatim,68842,11.168457568322193,2.38
3321,Findlay Masjid,218 Howard St,Findlay,OH,45840,41.051600713878,-83.652116300152,,-,No Basic Information,,,59.0,,,551.0,census_geocoder,68083,10.657677959361449,2.22
3322,Oklahoma Islamic Academy ,2028 E Memorial Road,Edmond,OK,73013,35.608848878877,-97.477822486209,,2015,,"https://www.causeiq.com/organizations/iqra-center-of-oklahoma-llc,800846870/",0.0,47.0,,,2854.0,census_geocoder,113870,5.521211584447791,2.58
3323,Islamic Society of Edmond,525 N University Dr.,Edmond,OK,73034,35.660293003171,-97.475093057444,,1990,,https://www.archnet.org/sites/10610,,61.0,,,1460.0,census_geocoder,109700,7.89223052339732,2.68
3324,Islamic Society of Norman/Masjid Annur,420 East Lindsey Street,Norman,OK,73069,35.203787552032,-97.437676650624,,2012,,https://isnok.org/about-us/,,70.0,,,312.0,census_geocoder,58888,20.33512162857353,2.25
3325,Masjid Al-Mu'mi,1322 Ne 23Rd st,Oklahoma City,OK,73111,35.493128503327,-97.488317743857,,1960,,https://www.7cups.com/local/us/ok/oklahoma-city/faith/masjid-mumin-54726727368,45.0,58.0,,,1719.0,census_geocoder,40340,30.84872261027653,2.13
3326,Grand Mosque of Oklahoma City,3201 NW 48th St,Oklahoma City,OK,73112,35.520360661363,-97.572418784224,,2003,,https://www.amaokc.com/about,38.0,57.0,,,2564.0,census_geocoder,58419,17.28985940771762,2.04
3327,Islamic Society of Greater Oklahoma City ISGOC/Masjid An-Nasr,3815 St Clair Ave,Oklahoma City,OK,73112,35.509173440723,-97.581257476675,,1997,,https://www.isgoc.com/about,31.0,55.0,,,2565.0,census_geocoder,58419,17.28985940771762,2.04
3328,Mercy Masjid and School,3900 Nw 39Th,Oklahoma City,OK,73112,35.511173505175,-97.586877977079,,1997,,https://www.isgoc.com/about,29.0,51.0,,,2037.0,census_geocoder,58419,17.28985940771762,2.04
3329,Muslim American Society- Oklahoma Chapter,510 E Memorial Rd STE D-3 & D-4,Oklahoma City,OK,73114,35.609102483727,-97.504801128927,,2015,,"https://www.causeiq.com/organizations/muslim-american-society-oklahoma-chapter,474876175/",,23.0,,,2852.0,census_geocoder,54936,23.857954545454547,2.18
3330,Crossroads Islamic Center of Oklahoma,7004 S I-35 Service Rd,Oklahoma City,OK,73149,35.396116880185,-97.49467172325,,2022,,"https://www.causeiq.com/organizations/crossroads-islamic-center-of-oklahoma,830639404/",28.0,52.0,,,2566.0,census_geocoder,53317,40.65660752777317,3.01
3331,Towheed Foundation of Oklahoma,105 NE 23rd St,Moore,OK,73160,35.359504889296,-97.494146278962,,2015,,"https://www.causeiq.com/organizations/towheed-foundation-of-oklahoma,474604714/",,56.0,,,2853.0,census_geocoder,79491,11.38185264307628,2.67
3332,WisdomHub Islamic Center,7755 W Hefner Rd Unit D,Oklahoma City,OK,73162,35.580165809375,-97.651915617232,,-,Information Without Year,,0.0,58.0,,,2855.0,census_geocoder,88031,7.1990363494650325,2.37
3333,Islamic Center of Ardmore,P.O. Box 452,Ardmore,OK,73401,,,,2011,,https://www.cairoklahoma.com/islamguide/,,68.0,,,1201.0,,61989,15.627345769968585,2.50
3334,Islamic Center of Lawton,913 SW F Ave,Lawton,OK,73501,34.601793298244,-98.40184706883,,2012,,https://www.kswo.com/story/19077795/muslims-in-lawton-finally-have-their-own-mosque/,,71.0,,,1276.0,census_geocoder,49741,25.420447670901392,2.24
3335,American Muslim Association of Lawton,6418 NW Birch Av,Lawton,OK,73505,34.618499707336,-98.472113651931,,2016,,https://www.kswo.com/story/31800527/american-muslim-association-plants-tree-promotes-unity/,,51.0,,,938.0,census_geocoder,58272,19.704171018137643,2.45
3336,Masjid Al-Falah Bilal Muhammad,701 Nw 17th st Suite B & C,Lawton,OK,73507,34.616122232047,-98.413545574474,,1975,,https://www.facebook.com/groups/113045182084777/about,,64.0,,,1658.0,census_geocoder,62132,17.78553997798938,2.45
3337,Bartlesville Islamic Center,200 Forrest Park Road,Bartlesville,OK,74003,36.775721414445,-95.99415364287,,2021,,https://bicoklahoma.com,,0.0,,,2856.0,census_geocoder,47168,23.64835483403392,2.49
3338,Al-Mahdi Foundation,2105 E Greeley,Broken Arrow,OK,74012,36.057399204133,-95.813761863986,,1998,,"https://www.causeiq.com/organizations/al-mahdi-foundation,731534985/",19.0,58.0,,,901.0,census_geocoder,81456,9.657543837811765,2.56
3339,Islamic Society of Stillwater,616 N Washington St,Stillwater,OK,74075,36.128936269402,-97.069488570547,,2004,,https://icstillwater.org/about/,,48.0,,,615.0,census_geocoder,46053,23.78678704748676,2.12
3340,University of Tulsa Islamic Center,3020 E 4Th Place,Tulsa,OK,74104,36.154594056575,-95.945825540429,,2002,,https://www.tumasjid.org/aboutus.html,37.0,62.0,,,2061.0,census_geocoder,54691,23.402315616738083,1.99
3341,Tulsa Muslim American Community,1314 N Greenwood,Tulsa,OK,74106,36.174034778446,-95.986906384765,,1999,,"https://www.causeiq.com/organizations/tulsa-muslim-american-community-tulsa-masjid-of-al,731485439/",35.0,29.0,,,2207.0,census_geocoder,40776,32.00544994485175,2.24
3342,Tulsa Islamic Foundation ,9723 E 61st S,Tulsa,OK,74133,36.075467052701,-95.86766862434,,2012,,http://www.tif-us.org/intro-e.htm,28.0,39.0,,,2692.0,census_geocoder,74005,10.648630622368586,2.24
3343,Islamic Society of Tulsa,4630 S Irvington Ave,Tulsa,OK,74135,36.095999688603,-95.911216893863,,1997,,https://tulsaflyer.org/2026/01/12/government/post/things-know-about-broken-arrow-mosque-ahead-council-vote/,29.0,47.0,,,2567.0,census_geocoder,62694,14.047379032258064,2.02
3344,Masjid Al Salam/Islamic Society of Tulsa,4630 S Irvington ave,Tulsa,OK,74135,36.095999688603,-95.911216893863,,1990,,https://theisla.org/member-school-peace-academy/,29.0,47.0,,,1627.0,census_geocoder,62694,14.047379032258064,2.02
3345,Masjid Al-Khalifah,6610 S Peoria Ave Ste D,Tulsa,OK,74136,36.070492403977,-95.975849952357,,1999,,"https://www.causeiq.com/organizations/tulsa-muslim-american-community-tulsa-masjid-of-al,731485439/#:~:text=The%20Tulsa%20Muslim%20American%20Community%20Tulsa%20Masjid,*%20**Categorization**%20NTEE%20code,%20primary:%20X40:%20Islamic",37.0,52.0,,,1706.0,census_geocoder,51820,18.584471929029334,2.08
3346,Masjid An-Nur,517 E Okmulgee st,Muskogee,OK,74401,35.74499049176,-95.36219391969,,2005,,https://www.cair.com/cair_in_the_news/town-should-celebrate-mosque-and-diversity-muskogee-phoenix/,,62.0,,,1793.0,census_geocoder,42294,27.839326206673142,2.33
3347,Bilal Masjid,4115 SW 160th,Beaverton,OR,97007,45.490090849627,-122.8420117442,,1994,,https://bilalmasjid.net/about,44.0,34.0,,,3369.0,census_geocoder,123533,5.103731828575024,2.51
3348,Bilal Mosque,4115 SW 160th Ave,Beaverton,OR,97007,45.490090849627,-122.8420117442,,1994,,https://bilalmasjid.net/history,45.0,49.0,,,2575.0,census_geocoder,123533,5.103731828575024,2.51
3349,Islamic Center of Portland,6940 SW Hall Blvd,Beaverton,OR,97008,45.469738599242,-122.804063796915,,1993,,https://rdc.reed.edu/c/pmhp/home/centers,39.0,56.0,,,2571.0,census_geocoder,96116,10.583327490710229,2.33
3350,Turkish Ahiska Community Center,21459 Southeast Stark Street,Gresham,OR,97030,45.519153806852,-122.442514002776,,1993,,https://diyanetamerica.org/about-us/what-is-dca/,44.0,40.0,,,3368.0,census_geocoder,69239,15.656064950028133,2.42
3351,Wilsonville Muslim Community Center,8755 SW Citizens Dr Suite #204,Wilsonville,OR,97070,45.303964714669,-122.767133094123,,2018,,https://www.wmccoregon.org/,35.0,80.0,,,3364.0,census_geocoder,97429,8.519254565225543,2.42
3352,Iqra Center Hillsboro,1440 Northeast 17th Avenue,Hillsboro,OR,97124,45.535735171102,-122.964483062434,,,,https://iqracenterhillsboro.org/,33.0,59.0,,,3367.0,census_geocoder,110067,7.209551225273103,2.51
3353,Islamic Community Center of Hillsboro,7270 Northwest Helvetia Road,Hillsboro,OR,97124,45.577529369848,-122.920969665246,,2011,,https://www.icc-hillsboro.org/about,18.0,17.0,,,585.0,census_geocoder,110067,7.209551225273103,2.51
3354,Al Furqan Islamic Center,7410 NE Martin Luther King Jr Blvd,Portland,OR,97211,45.576610194132,-122.661267416058,,2008,,https://salaamalykum.com/?/article/1686,49.0,79.0,,,2574.0,census_geocoder,112586,9.527020813536462,2.24
3355,Al-Huda Mosque,436 NE 71st Ave,Portland,OR,97213,45.525922017969,-122.589758800487,,1998,,"https://www.alhudamosque.org/about#:~:text=Al-Huda%20Islamic%20Association,%20also%20known%20as%20Masjid,*%20A%20multipurpose%20room%20for%20community%20events",60.0,84.0,,,2579.0,census_geocoder,97068,10.152203108013046,2.15
3356,Masjid Abubaka Al-Sadiq,2 NE 80th Ave,Portland,OR,97213,45.522852589704,-122.581383925723,,2009,,https://rdc.reed.edu/c/pmhp/home/centers,61.0,91.0,,,1579.0,census_geocoder,97068,10.152203108013046,2.15
3357,Omar Farooq Mosque,11937- A SE Stark St,Portland,OR,97216,45.519066419182,-122.539997710126,,2017,,https://prayersconnect.com/mosques/84032148-masjid-omar-farooq-portland-oregon-united-states,56.0,73.0,,,2580.0,census_geocoder,70442,17.285078900871262,2.34
3358,Muslim Community Center of Portland,"5327 N Vancouver Ave, Portland",Portland,OR,97217,45.561815610611,-122.668674735117,,2016,,https://rdc.reed.edu/c/pmhp/home/centers,54.0,85.0,,,2091.0,census_geocoder,100361,10.423508581546107,2.09
3359,Oregon Islamic Chaplains Organization,5623 N Maryland Ave,Portland,OR,97217,45.563559222929,-122.681283422,,2005,,https://projects.propublica.org/nonprofits/organizations/931313557,54.0,83.0,,,2582.0,census_geocoder,100361,10.423508581546107,2.09
3360,Ahmadiyya Muslim Community,9925 SW 35th Drive,Portland,OR,97219,45.45363183957,-122.712855126121,,1996,,https://rdc.reed.edu/v1/resources/4c812b6d-f0f8-43bd-a7f1-b23fee26af61,44.0,42.0,,,2577.0,census_geocoder,121306,6.703883376807002,2.26
3361,As-Saber Mosque,10323 SW 43rd Ave,Portland,OR,97219,45.450906137873,-122.721602198533,,1979,,https://pluralismarchive.hsites.harvard.edu/masjed-sabr-islamic-center-portland,41.0,80.0,,,2568.0,census_geocoder,121306,6.703883376807002,2.26
3362,Minaret As-Saber Mosque,10323 SW 43rd Ave,Portland,OR,97219,45.450906137873,-122.721602198533,,,,https://assaber.org/,41.0,80.0,,,3366.0,census_geocoder,121306,6.703883376807002,2.26
3363,Towhid Islamic Center,10502 NE Wasco St,Portland,OR,97220,45.531986890209,-122.554612210096,,2021,,https://www.towhidic.org/,67.0,80.0,,,3365.0,census_geocoder,70137,12.86101083032491,2.23
3364,Muslim Educational Trust,10330 SW Scholls Ferry Rd,Tigard,OR,97223,45.445388268871,-122.79484498744,,1993,,https://www.metpdx.org/,28.0,73.0,,,2576.0,census_geocoder,106757,6.876106722906429,2.35
3365,Masjid Ibrahim Bethany Musalla,15188 Northwest Central Drive,Portland,OR,97229,45.55446951372,-122.833126896821,,2010,,https://masjid-ibrahim.com/about-us/,21.0,80.0,,,386.0,census_geocoder,161570,5.175344957102756,2.67
3366,Annoor Islamic Center,12419 NE Glisan St,Portland,OR,97230,45.526382111312,-122.535164770567,,2000,,https://m.yelp.com/biz/masjid-annoor-islamic-center-portland,54.0,77.0,,,2573.0,census_geocoder,75572,15.455882009754731,2.57
3367,Islamic Bosniaks Educational & Cultural Organization - IBECO,12338 SE Foster Rd,Portland,OR,97236,45.476506887525,-122.535995213592,,2003,,https://prayersconnect.com/mosques/84045954-islamic-bosniaks-educational-cultural-organization-ibeco-portland-oregon-united-states,39.0,45.0,,,2581.0,census_geocoder,75090,15.273198940712318,2.80
3368,Salem Islamic Center,3215 Fisher Rd NE,Salem,OR,97305,44.966943679858,-122.988685990724,,2012,,"https://www.causeiq.com/organizations/salem-islamic-center,273148479/",38.0,73.0,,,2569.0,census_geocoder,66326,19.41352644048098,2.98
3369,Salman Alfarisi Islamic Center - Corvallis Masjid ŸÖÿ≥ÿ¨ÿØ,610 NW Kings Blvd,Corvallis,OR,97330,44.573540340382,-123.275278870203,,2018,,"https://www.causeiq.com/organizations/salman-alfarisi-islamic-center,823545776/",36.0,85.0,,,2570.0,census_geocoder,70742,18.878691331019066,2.25
3370,Abu-Bakr As-Siddiq Islamic Center/Eugene Islamic Center,1856 W Broadway,Eugene,OR,97402,44.049911812419,-123.120988584713,,1998,,https://abuubakar.org/about-us/,42.0,77.0,,,2572.0,census_geocoder,57658,18.097277799695654,2.33
3371,Al-Tawheed Mosque,550 Rogue River Pkwy,Talent,OR,97540,42.240012093882,-122.776480352796,,2013,,"https://southernoregonmosque.org/about/#:~:text=Masjid%20Al%20Tawheed%20is%20the%20only%20mosque,teachings%20of%20the%20Quran%20and%20Prophet%20Muhammad",,44.0,,,2578.0,census_geocoder,65762,11.510272738195363,2.06
3372,Masjid Klamath Falls,248 Main St,Klamath Falls,OR,97603,42.222280844828,-121.785133235149,,-,Information Without Year,(909) 244-2570,27.0,75.0,,,1520.0,census_geocoder,66937,14.764465082177553,2.48
3373,Islamic Center of Ambridge,300 Maplewood Avenue,Ambridge,PA,15003,40.581942667668,-80.224931132802,,2008,,https://en.halalguide.me/pittsburg-1/mechet/islamic-center-of-ambridge#,,72.0,,,,census_geocoder,59550,11.510347864376927,2.15
3374,Muslim Association of Greater Pittsburgh,5725 North Montour Road,Gibsonia,PA,15044,40.6553203286,-79.983692206891,,2014,,https://www.mapitt.org/about-us-new,,4.0,,,,census_geocoder,136723,4.745302407516148,2.52
3375,Islamic Center of Western Pennsylvania,550 Warrendale Bayne Road,Marshall Township,PA,15090,40.6552526,-80.0874628,,2019,,https://triblive.com/privacy/,,5.0,,,,nominatim,160576,4.485900895615784,2.71
3376,Attawheed Community Center,419 Washington Avenue,Carnegie,PA,15106,40.409107645662,-80.083560554324,,1995,,https://www.attawheed.org/about-us.html,,81.0,,,,census_geocoder,77247,8.273775366477125,2.04
3377,Attawheed Islamic Center,401 Washington Avenue,Carnegie,PA,15106,40.409147140334,-80.083559486897,,1995,,https://www.attawheed.org/about-us.html,,79.0,,,,census_geocoder,77247,8.273775366477125,2.04
3378,Muslim Community Center of Greater Pittsburgh (MCCGP),233 Seaman Lane,Monroeville,PA,15146,40.437062485554,-79.788845788788,,1986,,https://mccgp.org/our-history/,,44.0,,,,census_geocoder,79300,10.667437574531132,2.19
3379,al-Mu'min Mosque,537 Paulson Avenue,Pittsburgh,PA,15206,40.464270964389,-79.911013209977,,1989,,https://nurcommunitynetwork.org/masjid-al-mumin-of-pgh-1,58.0,81.0,,,,census_geocoder,72920,15.400881057268723,1.95
3380,Masjid Nur Uz Zamaan,1320 Boyle Street,Pittsburgh,PA,15212,40.457230414442,-80.006155865718,,2008,,https://www.qrteeviewer.com/view_qrt/e9222a54-99b0-4c3d-95ec-6c34487db307,55.0,86.0,,,,census_geocoder,64077,18.974902275965366,1.92
3381,Islamic Center of Pittsburgh,4100 Bigelow Boulevard,Pittsburgh,PA,15213,40.449131982477,-79.955624282461,,1989,,https://en.wikipedia.org/wiki/Islamic_Center_of_Pittsburgh,70.0,83.0,,,,census_geocoder,31069,48.20608245624236,1.92
3382,Masjid At-Tawheed,1424 Banksville Road,Pittsburgh,PA,15216,40.413205726267,-80.030671776147,,1995,,https://www.attawheed.org/about-us.html,41.0,52.0,,,,census_geocoder,80313,7.567844819546769,2.07
3383,al-Awwal Mosque,1911 Wylie Avenue,Pittsburgh,PA,15219,40.443963682455,-79.981572624674,,1932,,https://www.mapquest.com/us/pennsylvania/first-muslim-mosque-1927138,78.0,81.0,,,,census_geocoder,34897,38.359182234755025,1.89
3384,Crane Avenue Mosque,"
",Pittsburgh,PA,15220,40.4406968,-80.0025666,,"
",,"
",94.0,99.0,,,,nominatim,75611,8.441335015483427,1.98
3385,Masjid As-Salaam Pittsburgh,912 Lorenz Avenue,Pittsburgh,PA,15220,40.442991071993,-80.042206363335,,"
",,"
",46.0,48.0,,,,census_geocoder,75611,8.441335015483427,1.98
3386,Ahmadiyya Muslim Community Mosque,747 South Avenue,Pittsburgh,PA,15221,40.441648847963,-79.884154754182,,"
",,"
",,84.0,,,,census_geocoder,55028,19.214033645115975,1.99
3387,Muhammad's Study Group #22 Nation of Islam,1001 South Avenue,Pittsburgh,PA,15221,40.440324902887,-79.880167255787,,"
",,"
",,77.0,,,,census_geocoder,55028,19.214033645115975,1.99
3388,Alfatimiah of Pittsburgh,89 Cherry Street,Etna,PA,15223,40.495035812306,-79.944496206601,,"
",,"
",,53.0,,,,census_geocoder,61083,14.69224620303757,1.93
3389,Masjid Anisa,1807 Fulton Street,Pittsburgh,PA,15233,40.458492392577,-80.026191392019,,"
",,"
",47.0,55.0,,,,census_geocoder,78750,9.52566096423017,1.98
3390,Imamia Organization of Pittsburgh,801 Pierson Run Road,Pittsburgh,PA,15239,40.458162833321,-79.735465892016,,"
",,"
",,6.0,,,,census_geocoder,101045,3.4155686384450052,2.52
3391,Islamic Center of Greater Uniontown,100 Woodlawn Avenue,Uniontown,PA,15401,39.900142118561,-79.737028271963,,"
",No Basic Information,"
",,70.0,,,,census_geocoder,53925,19.3378766388764,2.08
3392,Islamic Center of Indiana,2835 West Pike Road,Indiana,PA,15701,40.621875179414,-79.209745366831,,2013,,https://muslimsinpa.com/community-timeline/,,17.0,,,,census_geocoder,56311,16.287723610542127,2.17
3393,Conemaugh Johnstown Islamic Center,628 Somerset Street,Johnstown,PA,15901,40.319356286008,-78.915727207567,,"
",,"
",,63.0,,,,census_geocoder,27121,39.19402985074627,1.69
3394,Islamic Center of Johnstown,809 Main Street,Windber,PA,15963,,,,2005,,https://mosques.cmac.ws/islamic-center-of-johnstown/999/,,17.0,,,,,61566,10.670273519687406,2.30
3395,Islamic Center of New Castle,1225 Finch Street,New Castle,PA,16101,40.98655644494,-80.331171603897,,1983,,https://prayersconnect.com/mosques/84022998-islamic-center-of-new-castle-new-castle-pennsylvania-united-states,,55.0,,,,census_geocoder,51128,19.37595533993487,2.26
3396,Abu Bakr Islamic center,1301 Idaho Street,Farrell,PA,16121,41.216577610627,-80.490880302074,,"
",,"
",,42.0,,,,census_geocoder,42595,23.71579452712434,2.00
3397,Bosnian Islamic Cultural Center of Erie,1001 West 21st Street,Erie,PA,16502,42.108331813491,-80.097114895466,,"
",,"
",34.0,65.0,,,,census_geocoder,38566,29.87336914811972,2.18
3398,Al Makarim Islamic Foundation,1635 Ash Street,Erie,PA,16503,42.124733205617,-80.065657471933,,2002,,https://prayersconnect.com/mosques/84031193-al-makarim-islamic-foundation-erie-pennsylvania-united-states,38.0,61.0,,,,census_geocoder,32340,34.74961035440808,2.43
3399,Islamic Association of Erie,2419 Holland Street,Erie,PA,16503,42.114840202224,-80.070782985875,,2009,,https://eriemasjid.alminaret.com/about-masjid,40.0,68.0,,,,census_geocoder,32340,34.74961035440808,2.43
3400,Islamic Cultural Center of Erie,2426 Parade Street,Erie,PA,16503,42.116508562946,-80.066033645779,,2009,,https://public.eriecountypa.gov/property-tax-records/property-records/property-tax-search/parcel-profile.aspx?parcelid=18050015020000,38.0,69.0,,,,census_geocoder,32340,34.74961035440808,2.43
3401,Mosque Of Al-Ghadir,1950 East 20th Street,Erie,PA,16510,42.133289311013,-80.034047413146,,"
",,"
",32.0,40.0,,,,census_geocoder,66450,14.559753661784288,2.39
3402,Jaffa Mosque,2200 Broad Avenue,Altoona,PA,16601,40.505836852923,-78.409248732067,,1930,,https://jaffashriners.org,,69.0,,,,census_geocoder,58070,15.74300504970305,2.32
3403,MASJID Al BIRR WA TAQWA,210 East Plank Road,Altoona,PA,16602,40.481425500037,-78.402244031183,,"
",Information Without Year,"
",,78.0,,,,census_geocoder,55046,14.521719038817004,2.23
3404,Islamic Center of Altoona,703 South Logan Boulevard,Hollidaysburg,PA,16648,40.457034423581,-78.394649846835,,"
",No Basic Information,"
",,42.0,,,,census_geocoder,81540,7.582905020066183,2.23
3405,Islamic Society of Central Pennsylvania,454 Rolling Ridge Drive,State College,PA,16801,40.785743076135,-77.824886991956,,1982,,https://www.mapquest.com/us/pennsylvania/islamic-center-of-central-penn-353450389,,44.0,,,,census_geocoder,61836,27.088647129248866,2.26
3406,Al-AwwÄbÄ«n,709 Ridge Avenue,State College,PA,16803,40.7946553,-77.8757741,,1982,,https://iscpmasjid.com/about,41.0,14.0,,,,nominatim,73532,25.26209846515139,2.24
3407,AL-Towfiq Mosque,2 West Main Street,Shiremanstown,PA,17011,40.222999747859,-76.955079304093,,"
",,"
",,53.0,,,,census_geocoder,92556,7.600930387107494,2.51
3408,The Peace Centre (Mosque),505 Cavalry Road,Carlisle,PA,17013,40.221738146038,-77.17611907817,,1982,,https://iscpmasjid.com/about,,23.0,,,,census_geocoder,71042,11.077389984825494,2.18
3409,Bosnian Islamic Cultural Center of Carlisle,648 Alexander Spring Road,Carlisle,PA,17015,40.178285115843,-77.242933429272,,"
",,"
",,1.0,,,,census_geocoder,86981,7.0743952533089915,2.46
3410,Hershey Islamic Center,35 East 2nd Street,Hummelstown,PA,17036,40.266620053028,-76.706644779312,,2013,,https://prayersconnect.com/mosques/84019989-hershey-islamic-center-hummelstown-pennsylvania-united-states,,82.0,,,,census_geocoder,115533,6.125685871056241,2.38
3411,Lebanon Valley Masjid,1300 Florence Street,Lebanon,PA,17042,40.330659884972,-76.431108987866,,"
",Information Without Year,https://lebanonvalleymasjid.weebly.com/,,67.0,,,,census_geocoder,74831,11.224803815971688,2.42
3412,Ahmadiyya Mosque Mechanicsburg,7063 Wertzville Road,Mechanicsburg,PA,17050,40.282605822139,-77.05604193794,,"
",,"
",,9.0,,,,census_geocoder,113720,4.365006432641059,2.57
3413,Al-'Hikmeh Institute & Mosque,5138 East Trindle Road,Mechanicsburg,PA,17050,40.223086102644,-76.977250929809,,"
",,"
",,33.0,,,,census_geocoder,113720,4.365006432641059,2.57
3414,Al-nur Mosque,5247 Simpson Ferry Road,Mechanicsburg,PA,17050,40.217266966501,-76.985236149817,,2009,,"
",,55.0,,,,census_geocoder,113720,4.365006432641059,2.57
3415,American Islamic Cultural Center,7117 Wertzville Road,Mechanicsburg,PA,17050,,,,"
",,"
",,1.0,,,,,113720,4.365006432641059,2.57
3416,ISLAMIC CENTER OF PA,5138 East Trindle Road,Mechanicsburg,PA,17050,40.223086102644,-76.977250929809,,1992,,https://icp.alminaret.com/about-masjid,,33.0,,,,census_geocoder,113720,4.365006432641059,2.57
3417,The Bosnia & Herzegovina Islamic Center of Pennsylvania,4922 Simpson Ferry Road,Mechanicsburg,PA,17050,,,,"
",,"
",,44.0,,,,,113720,4.365006432641059,2.57
3418,Masjidul Muwahhideen,1719 Walnut Street,Harrisburg,PA,17103,40.270105787716,-76.865847374881,,"
",,"
",37.0,77.0,,,,census_geocoder,39825,30.026686999618757,2.61
3419,Cham Muslims Association of Penn,1701 Putnam Street,Harrisburg,PA,17104,40.252223531416,-76.857498554353,,2010,,https://prayersconnect.com/mosques/84039211-cham-muslims-association-of-pennsylvania-harrisburg-pennsylvania-united-states,34.0,64.0,,,,census_geocoder,46510,29.552819183408946,2.45
3420,Islamic Center Al Sabereen,1403 South Cameron Street,Harrisburg,PA,17104,40.245821280543,-76.861282363986,,1993,,https://sabereenpa.alminaret.com/about-masjid,30.0,28.0,,,,census_geocoder,46510,29.552819183408946,2.45
3421,Harrisburg Islamic Center (HIX),4813 Jonestown Road,Harrisburg,PA,17109,40.304035727735,-76.80865577143,,"
",,"
",,65.0,,,,census_geocoder,71833,10.798311616810425,2.48
3422,Hadee Mosque,245 Division Street,Harrisburg,PA,17110,40.291121104211,-76.902782518508,,2010,,https://ahmadiyyamosque.blogspot.com/2014/12/hadee-mosque-harrisburg-pennsylvania-usa.html,30.0,53.0,,,,census_geocoder,80699,17.341467923830653,2.30
3423,Islamic Society of Greater Harrisburg (ISGH),407 North Front Street,Steelton,PA,17113,40.237043987525,-76.845998204879,,1970,,https://pluralismarchive.hsites.harvard.edu/islamic-society-greater-harrisburg-isgh,,59.0,,,,census_geocoder,68244,15.084286837278366,2.47
3424,Masjid - House of Peace & Harmony,761 5th Avenue,Chambersburg,PA,17201,39.944316027776,-77.646433155819,,"
",,"
",,34.0,,,,census_geocoder,61234,14.298022175606834,2.18
3425,Marifah | An Islamic Center | Mosque | Muslim Community Center,13308 Buena Vista Road,Waynesboro,PA,17268,39.731570410883,-77.50165427407,,"
",,"
",,0.0,,,,census_geocoder,73161,9.37009486112059,2.49
3426,Islamic Society of Hanover,710 West Elm Avenue,Hanover,PA,17331,39.808492003565,-77.001221343309,,"
",,"
",,58.0,,,,census_geocoder,79488,8.505899890443434,2.43
3427,At-Tawheed Mosque,549 West Market Street,York,PA,17403,39.958192750914,-76.741700148598,,"
",,"
",45.0,84.0,,,,census_geocoder,75384,13.683503492745835,2.41
3428,Masjid At-Tawheed,9 South Belvidere Avenue,York,PA,17404,39.956833110199,-76.745022755626,,2000,,https://masjidtawheedofyorkpa.org/about-us/,42.0,81.0,,,,census_geocoder,78506,11.55455751760743,2.58
3429,Diyanet Mosque of Lancaster Ahiska Turks,747 Centerville Road,Lancaster,PA,17601,40.060394300402,-76.396768302735,,"
",,"
",,49.0,,,,census_geocoder,102435,5.87180230451482,2.45
3430,Islamic Community Center of Lancaster,951 Rohrerstown Road,Lancaster,PA,17601,40.059328913952,-76.359834358399,,2013,,https://www.feelingblessed.org/organization/detail/iccl,,54.0,,,,census_geocoder,102435,5.87180230451482,2.45
3431,Islamic Center of Lancaster,227 North Queen Street,Lancaster,PA,17603,40.041579432159,-76.306301490705,,2013,,https://www.feelingblessed.org/organization/detail/iccl,,98.0,,,,census_geocoder,77084,12.96310667556535,2.37
3432,United Islamic Association of Lancaster County,739 West Vine Street,Lancaster,PA,17603,40.031208764911,-76.316279936826,,2013,,https://www.feelingblessed.org/organization/detail/iccl,,80.0,,,,census_geocoder,77084,12.96310667556535,2.37
3433,MASJID AT-TAWBAH,1307 Park Avenue,Williamsport,PA,17701,41.243014127636,-77.03343676844,,2017,,"https://www.causeiq.com/organizations/masjid-at-tawbah,472315834/",,58.0,,,,census_geocoder,53237,19.231746354351912,2.12
3434,Willamsport Islamic Center,1663 Memorial Avenue,Willamsport,PA,17701,41.242480249294,-77.042582586703,,2017,,"https://www.causeiq.com/organizations/masjid-at-tawbah,472315834/#:~:text=Masjid%20At-Tawbah%20is%20an%20Islamic%20nonprofit%20organization,tax-deductible%20contributions**%20Yes%20*%20**Parent/child%20status**%20Independent",,45.0,,,,census_geocoder,53237,19.231746354351912,2.12
3435,Williamsport Islamic Centre,322 Locust Street,Williamsport,PA,17701,41.238928032212,-77.0117513931,,2007,,https://prayersconnect.com/mosques/84036060-williamsport-islamic-center-williamsport-pennsylvania-united-states,,80.0,,,,census_geocoder,53237,19.231746354351912,2.12
3436,Sunbury Islamic Center,63 North 4th Street,Sunbury,PA,17801,40.862203637116,-76.790648882156,,1989,,https://sunburyislamiccenter.com/about/,,91.0,,,,census_geocoder,60664,12.781861988015072,2.30
3437,Danville Muslim Community Center (DMCC) Masjid/Islamic Center,14 Oak Street,Danville,PA,17821,40.966557311398,-76.598003293861,,"
",,"
",,28.0,,,,census_geocoder,76971,7.5867499015803395,2.22
3438,Masjid Kamal-e-Rasool,101 North Vine Street,Shamokin,PA,17872,40.78614913413,-76.549005471084,,"
",Information Without Year,http://www.kamalerasool.com/contact.html,,72.0,,,,census_geocoder,48750,20.16019855595668,2.26
3439,Islamic Society Of Schuylkill County,1043 East Norwegian Street,Pottsville,PA,17901,40.691743868746,-76.181798120525,,1986,,"https://www.causeiq.com/organizations/islamic-society-of-schuylkill-county,224354001/",,22.0,,,,census_geocoder,62484,14.823049842505096,2.16
3440,Center for Islamic Studies,9 West Packer Avenue,Bethlehem,PA,18015,40.608244083781,-75.378475962619,,"
",,"
",37.0,92.0,,,,census_geocoder,60800,16.64746733370635,2.50
3441,Respect Masjid,2200 Industrial Drive,Bethlehem,PA,18017,40.646516440275,-75.42274899363,,"
",,"
",27.0,35.0,,,,census_geocoder,91173,10.4625,2.41
3442,Turkish Cultural Center Bethlehem,2200 Industrial Drive,Bethlehem,PA,18017,40.646516440275,-75.42274899363,,"
",,"
",27.0,35.0,,,,census_geocoder,91173,10.4625,2.41
3443,Al Rawdah Islamic Center,417 Howertown Road,Catasauqua,PA,18032,40.654886938508,-75.46969941383,,2019,,https://alrcpa.org/,,71.0,,,,census_geocoder,81098,7.60858189429618,2.34
3444,Easton Phillipsburg Muslim Association,1017 Lehigh Street,Easton,PA,18042,40.687662216712,-75.222570112562,,2009,,https://prayersconnect.com/mosques/84059949-easton-phillipsburg-muslim-association-easton-pennsylvania-united-states,35.0,77.0,,,,census_geocoder,77556,12.925070284806258,2.50
3445,Muslim Association of Lehigh Valley (MALV),1988 Schadt Avenue,Fullerton,PA,18052,40.638322663927,-75.505027771911,,1979,,"https://www.malv.org/volunteers#:~:text=We%20need%20your%20help,%2C%20spritually%2C%20medically%20and%20physically.",,23.0,,,,census_geocoder,75665,10.507556804551218,2.50
3446,Al-Maqasid,7386 Alburtis Road,Macungie,PA,18062,40.515469473444,-75.58518892942,,2013,,https://rocketreach.co/al-maqasid-profile_b4282c2bc1fa4132,,4.0,,,,census_geocoder,110675,4.653942404661413,2.68
3447,Revival Ihya,226 East Main Street,Macungie,PA,18062,40.513692976694,-75.551610554807,,"
",,"
",,58.0,,,,census_geocoder,110675,4.653942404661413,2.68
3448,Tawheed Mosque of Greater Allentown,220 North 4th Street,Allentown,PA,18102,40.607321494253,-75.467116509416,,2025,,https://www.facebook.com/61568695730091/posts/masjid-tawheed-of-greater-allentown-grand-opening-%EF%B8%8F-friday-february-14th-1pm-220/122120325158623191/,47.0,84.0,,,,census_geocoder,43085,29.192743404895825,2.92
3449,Baitul Ata Mosque (Ahmadiyya Muslim Community),2860 South Pike Avenue,Allentown,PA,18103,40.567013785615,-75.44978145339,,"
",,"
",,18.0,,,,census_geocoder,72895,10.30806927893778,2.54
3450,Shia Ithna'asheri Jamaat of PA,1500 Ridgeview Drive,Allentown,PA,18104,40.608439226769,-75.563657138357,,2023,,https://www.lehighvalleynews.com/parkland/2023-01-19/new-mosque-to-be-built-at-al-ahad-islamic-center-in-south-whitehall,,15.0,,,,census_geocoder,94601,8.289421246070052,2.44
3451,Islamic Society of Allentown,6635 Tilghman Street,Allentown,PA,18106,40.589152587149,-75.604020772058,,2004,,https://isallentown.org/,,32.0,,,,census_geocoder,92813,6.593406593406594,2.46
3452,JESUSS OF MOSQUE,"
",Upper Macungie Township,PA,18106,40.5735876,-75.614631,,"
",,"
",,8.0,,,,nominatim,92813,6.593406593406594,2.46
3453,Islamic Education Center of Pennsylvania,1109 East Linden Street,Allentown,PA,18109,40.6112585,-75.448784,,2005,,https://www.mcall.com/2005/06/10/islamic-center-to-open-in-allentown-church-some-congregants-say-location-of-whitehall-center-is-inconvenient/,30.0,56.0,,,,nominatim,58031,18.05456831975504,2.61
3454,Pike County Islamic Center,115 Mountain Avenue,Matamoras,PA,18336,41.359261235232,-74.716669894581,,"
",,"
",,12.0,,,,census_geocoder,71295,7.863247863247863,2.11
3455,Stroudsburg Islamic Center,133 North 2nd Street,Stroudsburg,PA,18360,40.994797973731,-75.190928648533,,1988,,http://stroudsburgislamiccenter.com/,,55.0,,,,census_geocoder,71481,11.177786818551667,2.51
3456,Islamic Center of Scranton,1509 West Pass Avenue,Scranton,PA,18508,41.438324646203,-75.671366438807,,1996,,https://www.islamiccenterofscranton.com/about,,42.0,,,,census_geocoder,49895,23.151384780855068,2.37
3457,Mosque Azizia,306 Taylor Avenue,Scranton,PA,18510,41.403696943231,-75.652819657106,,"
",,"
",,79.0,,,,census_geocoder,53235,24.144799515025547,2.21
3458,Al-Noor Mosque,991 Scott Street,Wilkes-Barre,PA,18705,41.256447306517,-75.842659972493,,2010,,"
",,56.0,,,,census_geocoder,59344,22.902915732137135,2.46
3459,Chester Central Mosque,842 Central Avenue,Chester,PA,19013,39.842820814627,-75.38212551188,,"
",,"
",41.0,53.0,,,,census_geocoder,41261,29.203127909141685,2.45
3460,Islamic Center of Chester,14 East 7th Street,Chester,PA,19013,39.850267989759,-75.362051343315,,1994,,https://isccpa.org/history/,52.0,80.0,,,,census_geocoder,41261,29.203127909141685,2.45
3461,Masjid Al-Fajr,2009 West 3rd Street,Chester,PA,19013,39.836164756865,-75.382609337616,,"
",No Basic Information,"
",43.0,49.0,,,,census_geocoder,41261,29.203127909141685,2.45
3462,Masjid As-Sabiqun,1105 Concord Avenue,Chester,PA,19013,39.849506071789,-75.375392909812,,1994,,https://www.masjidas-sabiqun.org/history/,41.0,49.0,,,,census_geocoder,41261,29.203127909141685,2.45
3463,Nation of Islam Chester Study Group,1301 West 3 Street,Chester,PA,19013,39.839996073698,-75.375249787342,,1954,,https://dev.muhammadmosque102.org/local-history/,41.0,40.0,,,,census_geocoder,41261,29.203127909141685,2.45
3464,Shamsiddin Islam,2720 West 3rd Street,Chester,PA,19013,39.832289093098,-75.390256221582,,"
",,"
",44.0,62.0,,,,census_geocoder,41261,29.203127909141685,2.45
3465,Faith Unity Islamic Center,5961 Bensalem Boulevard,Bensalem Township,PA,19020,40.125353378123,-74.903435508685,,2002,,"
",,36.0,,,,census_geocoder,83223,12.952073961248272,2.51
3466,Masjid Al Iman,813 State Road,Croydon,PA,19021,40.087192227701,-74.903945121446,,"
",,"
",,59.0,,,,census_geocoder,70199,10.961478233636079,2.46
3467,TAMCA (Diyanet Mosque of Levittown),541 Levittown Parkway,Levittown,PA,19054,40.143926609312,-74.821169457571,,1958,,"https://philadelphiaencyclopedia.org/essays/levittowns/#:~:text=Fairless%20Works%20plant.-,The%20Levitts%20built%20slightly%20more%20than%2017,300%20homes%20of%20only,of%20between%20300-500%20houses.",,31.0,,,,census_geocoder,104713,7.532838378069674,2.66
3468,Masjid Al Huda,1301 Frosty Hollow Road,Levittown,PA,19056,40.144983697038,-74.889343509912,,"
",,"
",,38.0,,,,census_geocoder,111594,9.11907923860115,2.62
3469,Isabet Mevlana Mosque,5201 Bristol Emilie Road,Levittown,PA,19057,40.135243919418,-74.871259508383,,"
",,"
",,55.0,,,,census_geocoder,93738,5.139765554553652,2.78
3470,Zubaida Foundation Mosque,855 Big Oak Road,Yardley,PA,19067,40.208043569364,-74.825319172184,,2005,,https://www.zubaidafoundation.com/about,,22.0,,,,census_geocoder,133630,4.406266357586182,2.52
3471,Al Madinah Islamic Academy,148 Garrett Road,Upper Darby Township,PA,19082,39.959716233944,-75.264211170388,,"
",,"
",,93.0,,,,census_geocoder,57108,20.131375579598146,2.69
3472,Al-Madinah Mosque,201 South 69th Street,Upper Darby Township,PA,19082,39.956402155242,-75.257775747019,,"
",,"
",,93.0,,,,census_geocoder,57108,20.131375579598146,2.69
3473,Al-Quran Center,53 Long Lane,Upper Darby Township,PA,19082,39.960040431029,-75.262666308704,,"
",,"
",,93.0,,,,census_geocoder,57108,20.131375579598146,2.69
3474,Masjid Al-Madina,6800 Ludlow Street,Upper Darby,PA,19082,39.961310808726,-75.257116906644,,1998,,"https://masjidalmadinah.org/aboutus/#:~:text=The%20Upper%20Darby%20Islamic%20Center,%20also%20known,*%20Providing%20health%20care%20for%20needy%20families",,94.0,,,,census_geocoder,57108,20.131375579598146,2.69
3475,Masjid Omar,51 South State Road,Upper Darby Township,PA,19082,39.962844926824,-75.2715814312,,"
",No Basic Information,"
",,76.0,,,,census_geocoder,57108,20.131375579598146,2.69
3476,Islamic Center of Delaware County,2502 Township Line Road,Havertown,PA,19083,39.966160261229,-75.299255943057,,1998,,https://www.delcotimes.com/2005/06/28/a-look-inside-delaware-countys-largest-mosque/,,74.0,,,,census_geocoder,124523,4.510595088581888,2.74
3477,The Foundation for Islamic Education,1860 Montgomery Avenue,Villanova,PA,19085,40.047072638554,-75.336523073649,,1989,,"https://www.fiesite.org/#:~:text=The%20Foundation%20for%20Islamic%20Education%20is%20a,the%20greater%20Philadelphia%20area%20and%20its%20suburbs.",,8.0,,,,census_geocoder,250001,5.137579372715028,2.98
3478,Islamic Cultural Center of Willow Grove,502 Easton Road,Willow Grove,PA,19090,40.1483521,-75.1194138,,"
",,"
",,79.0,,,,nominatim,99928,5.10282578593774,2.57
3479,Philadelphia Pennsylvania Temple,1739 Vine Street,Philadelphia,PA,19103,39.958831318679,-75.167790635157,,"
",,"
",100.0,96.0,,,,census_geocoder,99644,8.597214047478909,1.45
3480,AICP,4431 Walnut Street,Philadelphia,PA,19104,39.955221958872,-75.21105342413,,1991,,https://grokipedia.com/page/association_of_islamic_charitable_projects_of_north_america,85.0,95.0,,,,census_geocoder,38814,36.82904050334251,1.91
3481,Al-Jamia Mosque,4228 Walnut Street,Philadelphia,PA,19104,39.954728408523,-75.207998466009,,1988,,https://collaborativehistory.gse.upenn.edu/media/masjid-al-jamia,87.0,95.0,,,,census_geocoder,38814,36.82904050334251,1.91
3482,Baitul Mukarram Jame Mosque,18 South 43rd Street,Philadelphia,PA,19104,39.957092211256,-75.208364078406,,2002,,https://property.phila.gov/?p=272113205,88.0,89.0,,,,census_geocoder,38814,36.82904050334251,1.91
3483,Drexel MSA Muslim Prayer Room,3225 Arch Street,Philadelphia,PA,19104,39.957552727634,-75.188184186377,,"
",,"
",100.0,96.0,,,,census_geocoder,38814,36.82904050334251,1.91
3484,Imam Muslim Family Center (IMFC),4075 Lancaster Avenue,Philadelphia,PA,19104,39.964776146808,-75.204847945552,,"
",,"
",68.0,81.0,,,,census_geocoder,38814,36.82904050334251,1.91
3485,Salaam Mosque,1214 North 41st Street,Philadelphia,PA,19104,39.974330463979,-75.206595333484,,1993,,https://www.virtualtourist.com/travel/North_America/United_States_of_America/Pennsylvania/Philadelphia-860659/Things_To_Do-Philadelphia-Masjid_Salaam-BR-1.html#location,63.0,68.0,,,,census_geocoder,38814,36.82904050334251,1.91
3486,Yankasa Association Mosque,3408 Haverford Avenue,Philadelphia,PA,19104,39.963974617347,-75.191774264044,,1999,,https://philadelphiayankasa.org/,63.0,86.0,,,,census_geocoder,38814,36.82904050334251,1.91
3487,Center City Mosque,1328 Walnut Street,Philadelphia,PA,19107,39.949155671377,-75.163235617631,,1990,,https://centercitymosque.org/about-us,100.0,100.0,,,,census_geocoder,69105,19.222255017709564,1.43
3488,Al Andalus Mosque,6440 Rising Sun Avenue,Philadelphia,PA,19111,40.050768425941,-75.094578817659,,"
",,"
",55.0,86.0,,,,census_geocoder,61138,16.064202038642932,2.52
3489,Masjid Al-Salam (SJC),7338 Elgin Avenue,Philadelphia,PA,19111,40.052836119384,-75.066408073219,,2017,,https://property.phila.gov/?p=882926290,53.0,88.0,,,,census_geocoder,61138,16.064202038642932,2.52
3490,Tyson Masjid,1421 Tyson Avenue,Philadelphia,PA,19111,40.047630090819,-75.071599129838,,2010,,"
",56.0,85.0,,,,census_geocoder,61138,16.064202038642932,2.52
3491,Al-Rashideen Islamic Center,9229 Roosevelt Boulevard,Philadelphia,PA,19114,40.076924789598,-75.032015464723,,"
",,"
",52.0,74.0,,,,census_geocoder,77708,7.533234859675036,2.15
3492,Masjid Al-Bukhari,10663 Bustleton Avenue,Philadelphia,PA,19116,40.109176357183,-75.025599215654,,"
",,"
",42.0,72.0,,,,census_geocoder,67535,14.772486772486774,2.42
3493,Masjid Turkiy,11018 Rennard Street,Philadelphia,PA,19116,40.120898650399,-75.034906123828,,"
",,"
",44.0,21.0,,,,census_geocoder,67535,14.772486772486774,2.42
3494,Turkish Cultural Center Philadelphia,2190 Bennett Road,Philadelphia,PA,19116,40.104631655228,-75.00445741206,,"
",,"
",46.0,45.0,,,,census_geocoder,67535,14.772486772486774,2.42
3495,Masjid Sakinah,311 East Cliveden Street,Philadelphia,PA,19119,40.051574914696,-75.17835658142,,2009,,https://property.phila.gov/?p=221048000,54.0,83.0,,,,census_geocoder,92651,7.697028773601936,2.17
3496,Masjid Al-Quran,1546 North 27 Street,Philadelphia,PA,19121,39.97924348179,-75.179409484862,,1992,,https://property.phila.gov/?p=292063900,62.0,82.0,,,,census_geocoder,38516,37.69031462060457,2.24
3497,Ridge Avenue Islamic Center,3116 Ridge Avenue,Philadelphia,PA,19121,39.989362469829,-75.183903864942,,1989,,https://property.phila.gov/?p=323043000,60.0,71.0,,,,census_geocoder,38516,37.69031462060457,2.24
3498,Al-Aqsa Islamic Society,1501 Germantown Avenue,Philadelphia,PA,19122,39.973748310413,-75.141709007557,,1991,,https://www.nytimes.com/2007/05/14/nyregion/14mosque.html,70.0,88.0,,,,census_geocoder,63676,35.63100639055563,2.10
3499,Makkah Mosque,1319 West Susquehanna Avenue,Philadelphia,PA,19122,39.986155816862,-75.154779722081,,1962,,https://en.wikipedia.org/wiki/Mosque_No._12,84.0,91.0,,,,census_geocoder,63676,35.63100639055563,2.10
3500,Albanian American Muslim Society,159 West Girard Avenue,Philadelphia,PA,19123,39.96933875783,-75.138348608468,,1974,,https://property.phila.gov/?p=777188000,70.0,97.0,,,,census_geocoder,102106,16.443022295623454,1.85
3501,Al-Hidaya Islamic Center,123 East Luzerne Street,Philadelphia,PA,19124,40.010790025675,-75.125990445658,,2020,,"https://www.causeiq.com/organizations/alhidaya-islamic-center,843384269/",55.0,46.0,,,,census_geocoder,45314,30.66150178784267,2.77
3502,Masjid Alhedaya,123 East Luzerne Street,Philadelphia,PA,19124,40.010790025675,-75.125990445658,,2020,,https://property.phila.gov/?p=884051500,55.0,46.0,,,,census_geocoder,45314,30.66150178784267,2.77
3503,Mujtaba Islamic Association,2034 Orthodox Street,Philadelphia,PA,19124,40.010567535451,-75.079544664627,,2004,,"https://www.causeiq.com/organizations/mujtaba-islamic-society,233060259/",72.0,78.0,,,,census_geocoder,45314,30.66150178784267,2.77
3504,Taha mosque,4665 Frankford Avenue,Philadelphia,PA,19124,40.016495067486,-75.083834784668,,2003,,"
",76.0,88.0,,,,census_geocoder,45314,30.66150178784267,2.77
3505,Islamic Family Center,6840 Old York Road,Philadelphia,PA,19126,40.057346699387,-75.139570698097,,2005,,https://www.realtor.com/realestateandhomes-detail/6840-Upper-York-Rd_New-Hope_PA_18938_M39557-45082,61.0,72.0,,,,census_geocoder,53176,14.333072147549878,2.32
3506,Bawa Muhaiyaddeen Fellowship \ Mosque,5820 Overbrook Avenue,Philadelphia,PA,19131,39.991051405377,-75.242018489699,,1984,,https://www.bmf.org/shop/the-opening-of-the-mosque/,66.0,51.0,,,,census_geocoder,48393,27.869808112703424,2.08
3507,Bishop Dennis Walton | Greater Glory Church of God,2227 Bryn Mawr Avenue,Philadelphia,PA,19131,39.991344461566,-75.226499923739,,"
",,"
",55.0,70.0,,,,census_geocoder,48393,27.869808112703424,2.08
3508,Masjid Ibn Taymiyyah,1264 North Alden Street,Philadelphia,PA,19131,39.97139324044,-75.235232360345,,"
",,"
",70.0,71.0,,,,census_geocoder,48393,27.869808112703424,2.08
3509,Masjid Quba,4637 Lancaster Avenue,Philadelphia,PA,19131,39.971041689139,-75.21501563421,,1949,,https://www.phillytrib.com/religion/phillys-oldest-masjid-supports-the-community/article_dc33d277-e376-5f34-8e47-3d0a1964f89d.html,68.0,83.0,,,,census_geocoder,48393,27.869808112703424,2.08
3510,Philadelphia Masjid Inc,4700 Wyalusing Avenue,Philadelphia,PA,19131,39.970186,-75.2162248,,1976,,https://www.phillytrib.com/religion/church_of_the_week/the-philadelphia-masjid-inc-reclaiming-a-bastion-for-black-muslims/article_fdd2223b-b69e-5f2a-b620-86c618ddfe9f.html,68.0,82.0,,,,nominatim,48393,27.869808112703424,2.08
3511,Al-Hashar Mosque,2823 North 22nd Street,Philadelphia,PA,19132,39.997555206216,-75.167063030642,,2020,,https://property.phila.gov/?p=871515630,73.0,71.0,,,,census_geocoder,32823,35.09913542907769,2.26
3512,Muhammad Mosque #12 Nation of Islam,2508 North Broad Street,Philadelphia,PA,19132,39.991032257562,-75.155309368517,,1962,,"https://ff.wikipedia.org/wiki/Mosque_No._12#:~:text=History,written%20that%20attacked%20Elijah%20Muhammad.",80.0,83.0,,,,census_geocoder,32823,35.09913542907769,2.26
3513,Muqbil Ibn Haadee Mosque,2735 West Allegheny Avenue,Philadelphia,PA,19132,40.004483057856,-75.174865957112,,2005,,https://property.phila.gov/?p=775066900,67.0,72.0,,,,census_geocoder,32823,35.09913542907769,2.26
3514,Nasir Mosque,3027 North 22 Street,Philadelphia,PA,19132,40.000866892705,-75.166348422145,,2020,,https://property.phila.gov/?p=492180205,74.0,73.0,,,,census_geocoder,32823,35.09913542907769,2.26
3515,Bait-ul-Aafiyat Mosque - Ahmadiyya Muslim Community (Philly Mosque),1215 West Glenwood Avenue,Philadelphia,PA,19133,39.998013729133,-75.150835294695,,2018,,https://www.cbsnews.com/philadelphia/news/leader-of-ahmadiyya-muslim-community-dedicates-new-mosque-in-philadelphia/,79.0,77.0,,,,census_geocoder,31034,41.11412273959302,2.47
3516,Masjid alaqsa,2308 North Fairhill Street,Philadelphia,PA,19133,39.986368993594,-75.142875188768,,2020,,https://property.phila.gov/?p=871515630,80.0,82.0,,,,census_geocoder,31034,41.11412273959302,2.47
3517,Nigerian Muslim Association of Philadelphia,2209 North Front Street,Philadelphia,PA,19133,39.983333259014,-75.132427844749,,1987,,https://property.phila.gov/?p=777143500,69.0,86.0,,,,census_geocoder,31034,41.11412273959302,2.47
3518,Al Tawbah Mosque,3093 Kensington Avenue,Philadelphia,PA,19134,39.995007332846,-75.115937184571,,"
",,"
",69.0,90.0,,,,census_geocoder,44066,33.16618776644694,2.50
3519,"Northeast Philadelphia Islamic Community, Inc. (NEPIC)",6101 Hawthorne Street,Philadelphia,PA,19135,40.026127518166,-75.064223124057,,"
",,"
",72.0,79.0,,,,census_geocoder,53138,25.406080799666807,2.52
3520,Masjid E Taqwa Islamic Center,7918 Frankford Avenue,Philadelphia,PA,19136,40.040921250836,-75.029651234007,,2007,,"
",50.0,87.0,,,,census_geocoder,56687,24.519731512556415,2.58
3521,Foundation Cheikh Ahmadou Bamba Of North America (Foncab) Islamic Center,6348 North 21st Street,Philadelphia,PA,19138,40.051165985033,-75.155476098574,,"
",,"
",60.0,80.0,,,,census_geocoder,57744,21.82468107434493,2.37
3522,Masjid Sunni Ali,1307 East Price Street,Philadelphia,PA,19138,40.053363887854,-75.158730321051,,"
",,"
",58.0,78.0,,,,census_geocoder,57744,21.82468107434493,2.37
3523,Masjidullah - The Center for Human Excellence,7401 Limekiln Pike,Philadelphia,PA,19138,40.067037923511,-75.158289555603,,2014,,https://www.phillytrib.com/news/center-for-human-excellence-at-masjidullah-opens-unifies/article_effae888-961e-5f29-9b91-3cb0090bf380.html,57.0,86.0,,,,census_geocoder,57744,21.82468107434493,2.37
3524,Markazul Bayaan Arabic Center,5927 Spruce Street,Philadelphia,PA,19139,39.956424260492,-75.240364561952,,"
",,"
",71.0,75.0,,,,census_geocoder,40947,28.649134424368555,2.23
3525,West Philly Jameh Masjid & Islamic Center (WPJMIC),5329 Market Street,Philadelphia,PA,19139,39.960454979388,-75.228123546677,,2023,,"https://www.causeiq.com/organizations/west-philly-jameh-masjid-and-islamic-center,922319432/",72.0,87.0,,,,census_geocoder,40947,28.649134424368555,2.23
3526,al-Farooq Mosque,3841 North Broad Street,Philadelphia,PA,19140,40.011444337449,-75.150681759542,,"
",,"
",81.0,88.0,,,,census_geocoder,36226,37.321578505457595,2.55
3527,Al-Muhsineen Mosque,5740 Old York Road,Philadelphia,PA,19141,40.0133573,-75.1472399,,"
",,"
",84.0,89.0,,,,nominatim,43998,28.683675066520582,2.06
3528,Islamic Activities & Development Center,5748 Old York Road,Philadelphia,PA,19141,40.0133573,-75.1472399,,"
",,"
",84.0,89.0,,,,nominatim,43998,28.683675066520582,2.06
3529,West Oak Lane Masjid,6057 Ogontz Avenue,Philadelphia,PA,19141,40.047704332087,-75.150925159794,,"
",,"
",74.0,86.0,,,,census_geocoder,43998,28.683675066520582,2.06
3530,"Fouta Islamic Center of Philadelphia, Inc",2525-27 South 71st Street,Philadelphia,PA,19142,39.915579722348,-75.238269379251,,"
",,"
",70.0,83.0,,,,census_geocoder,38376,27.803219539272828,2.39
3531,Masjid Ahlil Hadeeth,6711 Woodland Avenue,Philadelphia,PA,19142,39.923478875437,-75.23739656656,,2003,,https://property.phila.gov/?p=773188995,73.0,86.0,,,,census_geocoder,38376,27.803219539272828,2.39
3532,Masjid Ahlus-Sunnah Wal-Jammah,2400 South 63rd Street,Philadelphia,PA,19142,39.925116971733,-75.229125687427,,2015,,https://www.youtube.com/watch?v=I-gQfUXx_gg,71.0,73.0,,,,census_geocoder,38376,27.803219539272828,2.39
3533,Masjid Ibn Uthaymeen,6502 Elmwood Avenue,Philadelphia,PA,19142,39.922103752522,-75.230355127141,,2017,,https://property.phila.gov/?p=406227100,71.0,85.0,,,,census_geocoder,38376,27.803219539272828,2.39
3534,Masjid Quran & Sunnah Center,2103-07 Cemetery Avenue,Philadelphia,PA,19142,39.928327024537,-75.231903929807,,"
",,"
",71.0,79.0,,,,census_geocoder,38376,27.803219539272828,2.39
3535,Muhammad's Temple of Islam #12,6424 Woodland Avenue,Philadelphia,PA,19142,39.926048651885,-75.233563449225,,"
",,"
",72.0,87.0,,,,census_geocoder,38376,27.803219539272828,2.39
3536,Masjid Al-wasatiyah,5727 Hoffman Avenue,Philadelphia,PA,19143,39.944579625987,-75.236858100127,,"
",,"
",66.0,70.0,,,,census_geocoder,43244,23.331723804925154,2.17
3537,Masjid Galle Cheikh,5800 Springfield Avenue,Philadelphia,PA,19143,39.936663976014,-75.229728901229,,"
",,"
",70.0,74.0,,,,census_geocoder,43244,23.331723804925154,2.17
3538,Masjid Mujahideen,413 South 60th Street,Philadelphia,PA,19143,39.955122553774,-75.242115881472,,1983,,https://www.masjidmujahideen.org/about,70.0,74.0,,,,census_geocoder,43244,23.331723804925154,2.17
3539,Muslims of the Americas,530 South 52 Street,Philadelphia,PA,19143,39.951309254182,-75.226763260211,,1976,,https://www.facebook.com/YaqeenInstitute/videos/they-were-muslims-for-100-years/24024785610546856/,69.0,91.0,,,,census_geocoder,43244,23.331723804925154,2.17
3540,Germantown Masjid / Masjid as-Sunnah an-Nabawiyyah,4944 Germantown Avenue,Philadelphia,PA,19144,40.028950243147,-75.163373936102,,1995,,https://property.phila.gov/?p=776167450,63.0,85.0,,,,census_geocoder,53161,24.154084236061735,2.12
3541,Muhammad Mosque,414 East Penn Street,Philadelphia,PA,19144,40.037327271371,-75.162960251723,,1997,,https://www.phillytrib.com/religion/center-of-faith-masjid-muhammad-of-philadelphia/article_d0aac51f-f63e-51ae-a024-83fcf8faa0de.html,65.0,77.0,,,,census_geocoder,53161,24.154084236061735,2.12
3542,Al-Falah Mosque Philadelphia,1603 South 17th Street,Philadelphia,PA,19145,39.930992208212,-75.173141502704,,"
",,"
",78.0,83.0,,,,census_geocoder,71965,17.699421965317917,2.25
3543,Ibn Baaz Mosque,1741 Point Breeze Avenue,Philadelphia,PA,19145,39.930534778375,-75.183185583156,,"
",,"
",65.0,76.0,,,,census_geocoder,71965,17.699421965317917,2.25
3544,Masjid al Rahman,"Philadelphia, PA 19145, USA",Philadelphia,PA,19145,,,,2004,,https://www.masjidarrahman.org/about/,36.0,16.0,,,,,71965,17.699421965317917,2.25
3545,United Muslim Islamic Center,810 S 15th Street,Philadelphia,PA,19146,39.940698763791,-75.167947354261,,1994,,https://www.ummonline.org/about-us,78.0,97.0,,,,census_geocoder,103059,12.189698983580923,2.09
3546,United Muslim Movement Inc,1251 Point Breeze Avenue,Philadelphia,PA,19146,39.936219304691,-75.17776962855,,1994,,https://www.ummonline.org/,71.0,87.0,,,,census_geocoder,103059,12.189698983580923,2.09
3547,Masjid Al Ash'ariyya,2326 South 7th Street,Philadelphia,PA,19148,39.91978973418,-75.158939089899,,"
",,"
",72.0,88.0,,,,census_geocoder,82605,16.12909664284859,2.35
3548,Al-Furqan Mosque,7252 Roosevelt Boulevard,Philadelphia,PA,19149,40.043907369649,-75.055559468214,,2007,,https://property.phila.gov/?p=778273100,64.0,87.0,,,,census_geocoder,58496,20.97548068442406,2.93
3549,MuslimGuide,2608 Cottman Avenue,Philadelphia,PA,19149,40.04515578341,-75.0556692389,,"
",,"
",64.0,89.0,,,,census_geocoder,58496,20.97548068442406,2.93
3550,Masjidullah,7700 Ogontz Avenue,Philadelphia,PA,19150,40.070807488128,-75.15748549238,,1979,,"https://www.phillytrib.com/lifestyles/religion/masjidullah-provides-faith-based-guidance/article_9f07425a-ceed-5427-8d06-bd2b99bd6d2d.html#:~:text=From%20its%20formation%20in%201979,said%20Shabazz%20during%20an%20interview.",56.0,87.0,,,,census_geocoder,66936,8.517571357861739,2.35
3551,61st ST Masjid As-Sabr WP,6106 Lansdowne Avenue,Philadelphia,PA,19151,39.975656369489,-75.242047221082,,"
",,"
",67.0,78.0,,,,census_geocoder,54634,17.654756832430458,2.38
3552,Mahdieh of Philadelphia,6502 Haverford Avenue,Philadelphia,PA,19151,39.972271219894,-75.24897423583,,2002,,"
",74.0,80.0,,,,census_geocoder,54634,17.654756832430458,2.38
3553,MUNA Center of Upper Darby Masjid,6431-39 Callowhill Street,Philadelphia,PA,19151,39.969189667194,-75.247837112128,,"
",,"
",100.0,93.0,,,,census_geocoder,54634,17.654756832430458,2.38
3554,Siraatul Jannah Center (SJC),7735 Castor Avenue,Philadelphia,PA,19152,40.05759990673,-75.060064738027,,"
",,"
",57.0,85.0,,,,census_geocoder,59408,20.35837589522641,2.64
3555,Masjid Ar-Rahman,2611 South 78th Street,Philadelphia,PA,19153,39.905678358223,-75.246406064994,,"
",,"
",57.0,59.0,,,,census_geocoder,55213,19.504042288557212,2.20
3556,Bensalem Jame Masjid,3560 Woodhaven Road,Philadelphia,PA,19154,40.091987535474,-74.978394429165,,"
",,"
",47.0,55.0,,,,census_geocoder,95027,8.325165582583386,2.65
3557,MYCP Muslim Youth Center of Philadelphia,11080 Knights Road,Philadelphia,PA,19154,40.082227528212,-74.975648877749,,"
",,"
",47.0,51.0,,,,census_geocoder,95027,8.325165582583386,2.65
3558,Masjidur Razzaqal Karim,5200 Wynnefield Ave,Philadelphia,PA,19191,39.991628606717,-75.229877461865,,2009,,https://property.phila.gov/?p=341064805,57.0,70.0,,,,census_geocoder,,,
3559,ar Rahman Mosque,723 Merchant Street,Coatesville,PA,19320,39.98760657772,-75.81061985725,,2004,,https://www.masjidarrahman.org/about/,,66.0,,,,census_geocoder,90601,10.038519691842465,2.69
3560,Islamic Society of Greater Valley Forge,958 North Valley Forge Road,Devon,PA,19333,40.06608711669,-75.433200607824,,1994,,https://isgvf.com/about-us/,,34.0,,,,census_geocoder,173107,6.890080428954423,2.52
3561,Foundation for Islamic Education,201 Sharp Lane,Exton,PA,19341,40.057198612716,-75.640912084413,,1989,,"https://www.fiesite.org/#:~:text=The%20Foundation%20for%20Islamic%20Education%20is%20a,the%20greater%20Philadelphia%20area%20and%20its%20suburbs.",,31.0,,,,census_geocoder,121680,3.1173622319575744,2.38
3562,Masjid Ibrahim As-Salaam Garden,817 Pennsgrove Road,Lincoln University,PA,19352,39.823734993876,-75.916600118708,,"
",,"
",,7.0,,,,census_geocoder,165365,2.0224481152054214,2.91
3563,Islamic Society of Chester County,1001 Pottstown Pike,West Chester,PA,19380,39.974694822276,-75.615646005892,,1996,,https://isccpa.org/history/,,5.0,,,,census_geocoder,122899,5.137829438592243,2.34
3564,Norristown Islamic Society,5 West Elm Street,Norristown,PA,19401,40.12111724557,-75.341303167742,,2015,,"
",50.0,85.0,,,,census_geocoder,69908,16.93977492112822,2.60
3565,Mosque,820 Willowbrook Drive,Norristown,PA,19403,40.133780368997,-75.394510925376,,"
",,"
",,54.0,,,,census_geocoder,104071,4.564076597311729,2.28
3566,Hatfield Jame Mosque,1511 Cowpath Road,Hatfield,PA,19440,40.272176943062,-75.287311016929,,"
",,"
",,48.0,,,,census_geocoder,99408,5.118601747815231,2.53
3567,North Penn Mosque,600 Maple Avenue,Lansdale,PA,19446,40.247749622641,-75.283267781253,,2000,,https://northpennmosque.org,,67.0,,,,census_geocoder,106310,7.8191804249161345,2.51
3568,North Penn Mosque Community Center,229 West Fifth Street,Lansdale,PA,19446,40.247331564835,-75.284151862453,,"
",,"
",,67.0,,,,census_geocoder,106310,7.8191804249161345,2.51
3569,Khair Community Center,1079 Egypt Road,Phoenixville,PA,19460,40.136625393536,-75.471078356046,,2012,,https://khaircenter.org/,,24.0,,,,census_geocoder,124050,4.9847360563317515,2.40
3570,Masjid Al Haqq,443 East High Street,Pottstown,PA,19464,40.244844491851,-75.643376855565,,"
",,"
",,86.0,,,,census_geocoder,79787,13.125770653514179,2.56
3571,A DARSALAM Cherif,782 Christmas Village Road,Bernville,PA,19506,40.420125432911,-76.142456799256,,"
",,"
",,7.0,,,,census_geocoder,106422,4.375351716375914,2.61
3572,Metro-Salt,12 Gotwals Lane,Oley,PA,19547,40.380171602904,-75.788186935678,,"
",,"
",,25.0,,,,census_geocoder,89948,6.981882456915598,2.34
3573,Islamic Center of Reading,Noble Street,Reading,PA,19611,40.317506,-75.9348879,,1992,,https://icorpa.org/about-us/,,76.0,,,,nominatim,63331,26.046155319352675,2.44
3574,Islamic Center of Aguadilla,PR-4443,Aguadilla,PR,00603,18.4016175,-67.1460667,,2002,,,,15.0,,,2842.0,nominatim,20933,44.421374942326246,2.36
3575,Al-Madina Mosque,Carrizales,Hatillo,PR,00659,18.4772585,-66.7876912,,-,No Basic Information,,,26.0,,,2844.0,nominatim,27513,37.84998923110059,2.78
3576,Islamic Center of Fajardo,Calle A Nte.,Fajardo,PR,00738,,,,-,No Basic Information,,,32.0,,,2758.0,,25531,39.779747515444534,2.37
3577,Centro Islámico de Puerto Rico - Masjid Río Piedras,203 C. Padre Colón,San Juan,PR,00925,18.428774892758,-66.05089701665,,1981,,"https://aroundus.com/p/165140296-rio-piedras-mosque#:~:text=R%C3%ADo%20Piedras%20Mosque%2C%20Islamic%20center,Muslim%20community%20on%20the%20island.",,77.0,,,424.0,census_geocoder,17404,56.34688833969894,1.62
3578,Centro Islamico Del Caribe -Masjid Ebadur Rahman -Montehiedra,,San Juan,PR,00926,18.384239,-66.05344,,-,Information Without Year,939-630-5698,,83.0,,,583.0,nominatim,40606,27.06403544099879,2.32
3579,Centro Islamico Del Caribe -Masjid Ebadur Rahman -Montehiedra,,San Juan,PR,00926,18.384239,-66.05344,,-,Information Without Year,,,83.0,,,2843.0,nominatim,40606,27.06403544099879,2.32
3580,Centro Islámico y Mezquita Comunidad Musulmana Ahmadía de Puerto Rico,12 Av. José Fidalgo Díaz 2do Piso,Carolina,PR,00983,,,,-,Information Without Year,,,52.0,,,2841.0,,35638,31.456384806260733,2.31
3581,Islamic Society of Bosniaks in Utah,425 N 700 W,Salt Lake City ,PR,84116,40.778593582651,-111.911193921083,,2016,,https://www.kuer.org/religion/2016-12-12/salt-lakes-bosnian-community-holds-mosque-open-house,52.0,46.0,,,2845.0,census_geocoder,66751,13.135015114630427,2.67
3582,Masjid Alrahman,18 Dunnell Lane,Pawtucket,RI,02860,41.866512050472,-71.373297010277,,2008,,https://www.masjidalrahmanri.com/About-Us.html,29.0,58.0,,,1784.0,census_geocoder,61539,15.531043176804285,2.42
3583,Al-Rahman Mosque,665 Central Ave,Pawtucket,RI,02861,41.887132156186,-71.357262372613,,1999,,https://www.masjidalrahmanri.com/About-Us.html,37.0,72.0,,,2598.0,census_geocoder,83411,9.4609698936362,2.53
3584,Al-Hoda Mosque,60 Fortin Rd,Kingston,RI,02881,41.484436021936,-71.5229908438,,2013,,https://www.independentri.com/independentri_com/article_3c05be81-5f63-5027-ae3e-94fedbe3e7d1.html,,50.0,,,2602.0,census_geocoder,56472,26.720647773279353,1.94
3585,Kent County Islamic Center (KCIC) -Masjid Aisha,430 Buttonwoods Ave,Warwick,RI,02886,41.695404645615,-71.427465436923,,2024,,"https://www.causeiq.com/organizations/kent-county-islamic-center-masjid-aisha,994218953/",19.0,33.0,,,2603.0,census_geocoder,92047,6.349875206638359,2.34
3586,Al-Islam Mosque,40 Sayles Hill Rd,North Smithfield,RI,02896,41.966082147479,-71.505802326888,,1995,,https://www.archnet.org/sites/14712,,20.0,,,2597.0,census_geocoder,108983,5.291330291330292,2.46
3587,Islamic Center of RI (ICRI) - Masjid Al-Kareem,39 Haskins St,Providence,RI,02903,41.815180234677,-71.419142817118,,1976,,https://pluralismarchive.hsites.harvard.edu/masjid-al-karim-islamic-center-rhode-island,66.0,94.0,,,2596.0,census_geocoder,64476,20.75977653631285,1.48
3588,Ali Mosque,575 Charles St,Providence,RI,02904,41.851723039614,-71.42012917648,,2021,,https://www.instagram.com/p/DMgVNrtvRDD/,44.0,81.0,,,2600.0,census_geocoder,67003,17.288071545534702,2.32
3589,Muslim Community Center of Rhode Island-Masjid Al-Razzaq,,Providence,RI,02905,41.8239891,-71.4128343,,1995,,https://www.masjidalislamri.org/about-us.html,78.0,99.0,,,237.0,nominatim,62908,16.809836617820448,2.42
3590,Muslim Community Center of RI,1148 Broad St,Providence,RI,02905,41.794960910104,-71.410547289723,,1996,,"https://www.causeiq.com/organizations/muslim-community-center-of-rhode-island,050466990/",48.0,83.0,,,2599.0,census_geocoder,62908,16.809836617820448,2.42
3591,Masjid Zumratul Jannah,801 Elmwood Ave #3369,Providence,RI,02907,41.790316503628,-71.422074701604,,1994,,https://pluralismarchive.hsites.harvard.edu/zumratul-jannat-mosque,56.0,90.0,,,2601.0,census_geocoder,52485,22.241054011704133,2.82
3592,Muslim American Dawah Center,978 Plainfield st,Johnston,RI,02919,41.804625604092,-71.46666244205,,1981,,https://www.archnet.org/sites/891,,58.0,,,2073.0,census_geocoder,91775,7.901192504258944,2.50
3593,Orangeburg mosque,1080 Summers Avenue,Orangeburg,SC,29115,33.50225090883,-80.868217418681,,,,No website,,39.0,,,3268.0,census_geocoder,37751,31.340214498830736,2.37
3594,Islamic Center of Sumter,600 E Liberty St,Sumter,SC,29153,33.924045890885,-80.31803728947,,2019,,https://islamiccentersumter.wixsite.com/mosque,,15.0,,,2612.0,census_geocoder,60071,22.850105559465163,2.34
3595,Masjid al-Muslimiin,1929 Gervais St,Columbia,SC,29201,34.00500639317,-81.021836871473,,1992,,https://www.archnet.org/sites/14719,49.0,80.0,,,149.0,census_geocoder,32297,48.10878701512004,1.95
3596,College View Da'wah Islamic Institute,4229 Colonial Drive,Columbia,SC,29203,34.039228518801,-81.02851074651,,,,No website,34.0,34.0,,,3265.0,census_geocoder,46054,26.086621256907854,2.45
3597,Masjid As-Salaam Inc.,5119 Monticello Rd,Columbia,SC,29203,34.050935516663,-81.044747439105,,1959,,https://masjidassalaamsc.weebly.com/history.html,,26.0,,,2608.0,census_geocoder,46054,26.086621256907854,2.45
3598,Masjid Noor Ul Huda,517 Winmet Drive,Columbia,SC,29203,34.0565823959,-81.028322927614,,-,,"https://www.causeiq.com/organizations/masjid-noor-ul-huda,550835889/",29.0,40.0,,,1929.0,census_geocoder,46054,26.086621256907854,2.45
3599,Muhammad Mosque #38,5646 Farrow Rd,Columbia,SC,29203,34.050878059022,-81.010254263626,,-,No Basic Information,,34.0,21.0,,,2611.0,census_geocoder,46054,26.086621256907854,2.45
3600,Noor-Ul-Huda Mosque,800 Amberley Rd,Columbia,SC,29203,34.0581926,-81.0338417,,2017,,https://www.noorulhuda.org/about,29.0,40.0,,,2607.0,nominatim,46054,26.086621256907854,2.45
3601,Masjid Al Quran,6411 Shakespeare Rd,Columbia,SC,29223,34.059826495048,-80.970711276598,,1988,,https://www.linkedin.com/company/mosque-of-holy-quran,,35.0,,,2614.0,census_geocoder,62408,15.862871532679614,2.32
3602,Masjid Al-Wadud,510 Pilgrim Road,Columbia,SC,29223,,,,,,No website,,7.0,,,3266.0,,62408,15.862871532679614,2.32
3603,Masjid Ar-Rahman,3307 Percival Rd,Columbia,SC,29223,34.072715827852,-80.892168628367,,-,Information Without Year,https://masjidarrahmansc.org/about/,,0.0,,,2613.0,census_geocoder,62408,15.862871532679614,2.32
3604,Islamic Society of Spartanburg,377 Successful Dr.,Spartanburg,SC,29303,34.995101249418,-81.919437523246,,2006,,https://www.spartanburgmasjid.org/,,13.0,,,1487.0,census_geocoder,48295,24.211079235524668,2.62
3605,Ismaili Community Center And Jamatkhana - Spartanburg,2192 Chesnee Highway,Spartanburg,SC,29303,35.01283598428,-81.901679694227,,,,No website,,21.0,,,3270.0,census_geocoder,48295,24.211079235524668,2.62
3606,Al-Murtaza,607 Lyman Road,Inman,SC,29349,35.028102907633,-82.101459913279,,,,https://al-murtaza.com/?utm_campaign=gmb,,1.0,,,3267.0,census_geocoder,76168,10.65954301423866,2.67
3607,Central Mosque of Charleston,1082 King st,Charleston,SC,29403,32.80605411398,-79.950723367527,,2006,,https://www.postandcourier.com/features/faith-column-history-of-muslims-in-charleston/article_7fa457be-bc90-11ef-bd7a-7794bf506196.html,39.0,77.0,,,1024.0,census_geocoder,66944,25.78139196801745,2.02
3608,Masjid Al-Jami Ar-Rasheed,1998 Hugo Avenue,N Charleston,SC,29405,32.837433408511,-79.956885546614,,-,No Basic Information,https://www.yelp.com/biz/al-jami-ar-rasheed-n-charleston,35.0,26.0,,,1604.0,census_geocoder,56600,16.09828681734095,2.12
3609,Masjid Al-Jami Ar-Rasheed,1998 Hugo Avenue,North Charleston,SC,29405,32.837433408511,-79.956885546614,,,,No website,35.0,26.0,,,3263.0,census_geocoder,56600,16.09828681734095,2.12
3610,"NOI Charleston, SC",1904 Savannah Highway,Charleston,SC,29407,32.788584105081,-80.022924545139,,,,https://www.noicharlestonsc.org/,30.0,62.0,,,3264.0,census_geocoder,85367,11.656559034038136,2.16
3611,Al Furqaan Mosque of Charleston,428 Red Bank Road,Goose Creek,SC,29445,32.98342274756,-80.031850004722,,2024,,https://alfurqaanmosqueofcharleston.com/,,54.0,,,2610.0,census_geocoder,81594,6.6657254292924835,2.57
3612,Masjid Muhajirun Wal Ansar,1020 Old Hwy 52,Moncks Corner,SC,29461,33.185753525472,-80.000594974022,,1996,,"https://themaydan.com/2017/07/history-memory-muslim-community-moncks-corner/#:~:text=These%20Muslims%20are%20members%20of,Shaykh%20Arona%20Faye%20Al%2DFaqir.",,47.0,,,279.0,census_geocoder,82666,8.58375037476073,2.73
3613,Florence Islamic Center,160 N Edisto Drive,Florence,SC,29501,34.197368900267,-79.789292853732,,2012,,https://florenceislamiccenter.org/about/,,38.0,,,1239.0,census_geocoder,71671,13.535628335251648,2.52
3614,Conway Islamic Center,1808 Racepath ave,Conway,SC,29527,33.83421419899,-79.062648330149,,1980,,https://www.conwayislamiccenter.com/about-3,,53.0,,,1038.0,census_geocoder,52069,17.052218855818925,2.59
3615,Grand Strand Islamic Center,4328 Waccamaw Blvd,Myrtle Beach,SC,29579,33.736132569206,-78.947124789155,,2013,,https://gsismasjid.org/about-us/,,11.0,,,2605.0,census_geocoder,79644,11.22002820874471,2.56
3616,"Islamic Society of Clemson, AKA, Clemson Masjid",1009 Old Stone Church Rd,Clemson,SC,29631,34.669574200142,-82.811652997147,,1998,,https://pluralismarchive.hsites.harvard.edu/masjid-islamic-center-clemson,,29.0,,,2609.0,census_geocoder,48800,37.13813068651778,2.39
3617,Upstate Islamic Center,1601 Clement Road,Greer,SC,29650,34.921747255175,-82.272142124875,,1989,,https://greenvillemasjid.com/history/,,6.0,,,2224.0,census_geocoder,94522,5.8351967267710165,2.55
3618,Islamic Society of Greenville,96 Meridian Avenue,Taylors,SC,29687,34.898160432829,-82.341695463076,,1989,,https://www.greenvillemasjid.com/history/,,,,,767.0,census_geocoder,80051,9.886891988555078,2.55
3619,Islamic Community Center of South Charlotte,1048 Gant rd,Fort Mill,SC,29715,35.05153013563,-80.895621006791,,2008,,https://iccsc.org/,,1.0,,,1392.0,census_geocoder,109689,4.078756299649782,2.70
3620,Masjid Al-Salaam,222 W Main St,Rock Hill,SC,29730,34.928433922687,-81.031148750454,,2005,,https://icscrockhill.org/about-us/,,57.0,,,2606.0,census_geocoder,68543,13.521018529838106,2.35
3621,Aiken Masjid,3604 Trolley Line Rd,Aiken,SC,29801,33.577957839889,-81.751893414802,,2022,,"https://www.postandcourier.com/aikenstandard/news/local/small-mosque-opens-on-trolley-line-road-in-aiken/article_67c4005c-8162-11ec-805f-27506481f276.html#:~:text=Small%20Mosque%20opens%20on%20Trolley%20Line%20Road,Jan%2029%2C%202022.%20*%20Jan%2029%2C%202022.",,20.0,,,236.0,census_geocoder,59573,21.764187402535764,2.49
3622,Masjid Ihsan,29 Resurrection Road,Ridgeland ,SC,29936,32.467761844278,-81.060962875223,,,,No website,,0.0,,,3269.0,census_geocoder,48986,20.946144791053563,2.37
3623,Islamic Society of Brookings,724 11th ave,Brookings,SD,57006,44.313167182739,-96.78676779624,,1983,,"https://www.causeiq.com/organizations/islamic-society-of-brookings,311281991/",,66.0,,,1452.0,census_geocoder,66337,15.558873720136518,2.30
3624,Islamic Center of Sioux Falls,1909 E 6th st,Sioux Falls,SD,57103,43.551160159839,-96.702488820149,,1992,,https://islamiccenterofsiouxfalls.com/about-us/,25.0,61.0,,,1341.0,census_geocoder,72831,11.817512460353422,2.41
3625,Attakwa Mosque,701 S Garfield Ave,Sioux Falls,SD,57104,43.540252493341,-96.758373465304,,-,No Basic Information,,22.0,72.0,,,2616.0,census_geocoder,57688,14.225670869705787,1.96
3626,Muslim Community Center of South Dakota,3932 S Western Ave,Sioux Falls,SD,57105,43.507821138932,-96.750781183821,,2009,,https://mccsdsiouxfalls.org/about/,22.0,54.0,,,2615.0,census_geocoder,77292,9.417380442541042,2.21
3627,Islamic Association of the Black Hills,2526 Tomahawk Dr.,Rapid City,SD,57701,44.057347525314,-103.265529396325,,2022,,https://www.launchgood.com/v4/campaign/build_a_house_in_jannah_support_the_only_mosque_in_the_black_hills_frontier?src=lg_feature_discover,,10.0,,,1184.0,census_geocoder,56461,17.76462732275668,2.29
3628,Rapid City Islamic Center / Mosque,610 St Francis St,Rapid City,SD,57701,44.066606175074,-103.2284220893,,-,Information Without Year,https://www.rcmosque.com/,,76.0,,,2617.0,census_geocoder,56461,17.76462732275668,2.29
3629,Islamic Center of Tennessee,5400 Bell Forge Lane East,Antioch,TN,37013,36.048294978481,-86.646047195626,,2010,,https://www.islamiccenteroftennessee.org/overview1.html,37.0,50.0,,,1357.0,census_geocoder,72755,13.866186319692627,2.60
3630,Islamic Center of Tennessee,5400 Bell Forge Lane East,Antioch,TN,37013,36.048294978481,-86.646047195626,,2010,,https://www.islamiccenteroftennessee.org/,37.0,51.0,,,3173.0,census_geocoder,72755,13.866186319692627,2.60
3631,Islamic Center of Clarksville,202 Uffelman Dr,Clarksville,TN,37043,36.516208623951,-87.309580623179,,2007,,"https://www.causeiq.com/organizations/islamic-center-of-clarksville,621816380/",,57.0,,,1707.0,census_geocoder,95219,4.766408170985436,2.67
3632,Islamic Center of Williamson County,"320 Mallory Station Rd,",Franklin,TN,37067,35.954917262629,-86.823892662744,,2007,,https://www.icwctn.org/about-us/,21.0,46.0,,,1375.0,census_geocoder,111759,4.550102249488753,2.34
3633,Islamic Center of Williamson County (ICWC),320 Mallory Station Rd,Franklin,TN,37067,35.954917262629,-86.823892662744,,2007,,https://www.icwctn.org/about-us/,21.0,46.0,,,2619.0,census_geocoder,111759,4.550102249488753,2.34
3634,al-huda islamic center,252 Jackson Meadows Dr,Hermitage,TN,37076,36.217911313892,-86.59914575094,,2013,,https://www.alhudaislamic.org/about-us,,49.0,,,2622.0,census_geocoder,74663,14.069157864834853,2.17
3635,Al-Huda Islamic Center,252 Jackson Meadows Drive,Hermitage,TN,37076,36.217911313892,-86.59914575094,,2013,,https://www.alhudaislamic.org/,26.0,46.0,,,3171.0,census_geocoder,74663,14.069157864834853,2.17
3636,Islamic Center of Murfreesboro,2605 Veals Road,Murfreesboro,TN,37127,35.812573763,-86.350292796404,,1982,,https://en.wikipedia.org/wiki/Islamic_Center_of_Murfreesboro,,2.0,,,3172.0,census_geocoder,91401,6.329232352528419,3.02
3637,Islamic Center of Murfreesboro,2605 Veals Road,Murfreesboro,TN,37129,35.812573763,-86.350292796404,,2012,,https://www.archnet.org/sites/14737,,2.0,,,283.0,census_geocoder,91259,6.595815660296431,2.66
3638,Mahmood Mosque,101 Maple Street,Smyrna,TN,37167,35.983446391657,-86.517126993452,,-,No Basic Information,,,50.0,,,740.0,census_geocoder,84351,11.479754080983676,2.85
3639,Al-Mahdi Islamic Center,404 Wingrove St,Nashville,TN,37203,36.135598584663,-86.761136230692,,2002,,"https://www.guidestar.org/profile/62-1841685#:~:text=Mission,Nashville%2C%20TN%2037203%2D5333%20USA",41.0,54.0,,,672.0,census_geocoder,71281,21.743028358420233,1.43
3640,Muslim American Cultural Center,1513 Jefferson Street,Nashville,TN,37208,36.170352346804,-86.802850038125,,2014,,https://www.maca-nashville.com/,46.0,72.0,,,3177.0,census_geocoder,65556,22.089117778772952,1.79
3641,ICN Bellevue Mosque,7337 Charlotte Pike,Nashville,TN,37209,36.118221201025,-86.920901257369,,1978,,https://www.icntn.org/home1,18.0,41.0,,,2618.0,census_geocoder,81423,10.43083283468422,1.83
3642,Al-Farooq Islamic Center,1421 4th Avenue South,Nashville,TN,37210,36.138871700761,-86.762628157375,,1999,,https://www.tennessean.com/story/news/religion/2023/02/25/al-farooq-mosque-moves-to-thompson-lane-amid-growth-and-support-nashville-muslim-islam/69937758007/,44.0,75.0,,,136.0,census_geocoder,50284,26.972542920380448,1.97
3643,Al Zahra Center,3720 North Natchez Court,Nashville,TN,37211,36.094514172435,-86.735166109686,,,,No website,35.0,59.0,,,3175.0,census_geocoder,71399,16.14426735492111,2.31
3644,Salahadeen Center,364 Elysian Fields Court,Nashville,TN,37211,36.087149245595,-86.729971046224,,1998,,https://scntn.org/,35.0,68.0,,,3178.0,census_geocoder,71399,16.14426735492111,2.31
3645,Salahadeen Center of Nashville,364 Elysian Fields Ct.,Nashville,TN,37211,36.087149245595,-86.729971046224,,1998,,http://scntn.org/,35.0,69.0,,,2156.0,census_geocoder,71399,16.14426735492111,2.31
3646,Islamic Center of Nashville,2515 12th Avenue South,Nashville,TN,37212,36.124637046503,-86.789682894019,,1978,,https://www.icntn.org/about,33.0,82.0,,,674.0,census_geocoder,95145,11.60264483627204,1.86
3647,As-Salaam Mosque,1038 Murfreesboro Pike,Nashville,TN,37217,36.128281935511,-86.713058308873,,2010,,https://www.dandb.com/businessdirectory/alsalammosque-nashville-tn-9790931.html,40.0,68.0,,,2620.0,census_geocoder,62796,19.973507427381968,2.37
3648,Tajweed Center,287 Plus Park Blvd,Nashville,TN,37217,36.129403812533,-86.725586892571,,-,No Basic Information,https://tajweedcenter.com/about,32.0,15.0,,,2621.0,census_geocoder,62796,19.973507427381968,2.37
3649,Masjid Al-Islam,3620 Buena Vista Pike,Nashville,TN,37218,36.214125065254,-86.817305964695,,1975,,https://www.yelp.com/biz/masjid-al-islam-nashville,30.0,21.0,,,1700.0,census_geocoder,61919,19.00193263390392,2.33
3650,Masjid An Naas,3111 Clarksville Pike,Nashville,TN,37218,36.192935337518,-86.830161768186,,,,No website,46.0,49.0,,,3176.0,census_geocoder,61919,19.00193263390392,2.33
3651,Sunni Muslim Students Mosala,810 Bellevue rd Bldg 57 No.303,Nashville,TN,37221,36.072541009399,-86.940519285756,,-,,,35.0,21.0,,,2180.0,census_geocoder,97751,6.260636130485847,2.09
3652,The Islamic Center of Chattanooga - Masjid Muhammad,1410 Cemetery Ave,Chattanooga,TN,37408,35.032515362765,-85.295505621119,,2015,,https://mmuhammad.org/,35.0,54.0,,,2625.0,census_geocoder,81250,11.250713877784122,1.97
3653,Al Kalem Bih Islamic Community,5708 Uptain rd No.250,Chattanooga,TN,37412,35.028874625751,-85.241518061191,,2008,,https://prayersconnect.com/mosques/84097926-al-kalem-bih-islamic-community-east-ridge-tennessee-united-states,27.0,55.0,,,858.0,census_geocoder,62508,13.061375514546041,2.28
3654,Chattanooga Cultural Academy,2129 E Shepherd rd,Chattanooga,TN,37421,35.044573876205,-85.182546439053,,-,No Basic Information,,20.0,19.0,,,1028.0,census_geocoder,82517,10.932632398753894,2.30
3655,Islamic Society of Greater Chattanooga,2533 Gunbarrel Rd,Chattanooga,TN,37421,35.046445417188,-85.146749830043,,2012,,"https://www.justice.gov/archive/usao/tne/news/2012/August/082712%20Islamic%20Center%20Grand%20Opening.html#:~:text=Killian%20Gives%20Keynote%20Address%20At,religious%20groups%2C%20attended%20the%20event.",19.0,41.0,,,697.0,census_geocoder,82517,10.932632398753894,2.30
3656,Muslim Community of NE Tennessee,3010 Antioch rd,Johnson City,TN,37604,36.284466188574,-82.40465510143,,1997,,https://mcnet.edawah.net/History,,3.0,,,2094.0,census_geocoder,52345,21.888189751158755,2.18
3657,Gatlinburg Mosque,917 Parkway #1,Gatlinburg,TN,37738,35.709981353684,-83.519887899604,,-,No Basic Information,,,,,,2624.0,census_geocoder,57330,11.339158707579761,2.56
3658,Muslim Community of Maryville (MCM)- Masjid Ar-Rahmah,131 Houston Town Street,Maryville,TN,37801,,,,,,No website,,10.0,,,3184.0,,73508,9.633897577210751,2.43
3659,Oak Ridge Masjid - MCK,370 East Tenesee Avenue,Oak Ridge,TN,37830,36.034693765049,-84.228184896246,,,,https://www.oakridgemasjid.org/,,43.0,,,3179.0,census_geocoder,72269,12.172625474288182,2.30
3660,Muslim Community of Knoxville (MCK)‚Masjid Annoor,100 13th St,Knoxville,TN,37916,35.963843389032,-83.929299590367,,1980,,https://muslimknoxville.org/about/membership/,51.0,81.0,,,2623.0,census_geocoder,14925,75.55807794173288,2.57
3661,Quran Center,8044 Ray Mears Blvd Suite 110,Knoxville,TN,37919,35.923093094034,-84.047507631067,,-,,"https://www.causeiq.com/organizations/quran-center,371430111/",,62.0,,,2144.0,census_geocoder,72645,11.828877683696446,2.20
3662,The Quran Center of Knoxville,1645 Downtown West Boulevard Unit 1,Knoxville,TN,37919,35.922470345442,-84.050806458598,,,,Website link invalid,21.0,59.0,,,3181.0,census_geocoder,72645,11.828877683696446,2.20
3663,Musallah Annoor Academy,724 Foxvue Road,Knoxville,TN,37922,35.889649354244,-84.108117109531,,1998,,https://annoor.org/about-annoor-academy/,0.0,4.0,,,2067.0,census_geocoder,132807,3.450439146800502,2.69
3664,Ismaili Center & Jamatkhana,10720 Virginia Pine Way,Knoxville,TN,37932,35.944616214499,-84.156386466847,,-,Information Without Year,(865) 690-7755,,20.0,,,670.0,census_geocoder,119703,7.590641890559041,2.78
3665,Memphis Islamic Center,10229 Humphreys Rd,Cordova,TN,38018,35.146238939046,-89.723709690708,,2013,,https://www.micmemphis.org/about,,5.0,,,190.0,census_geocoder,90004,6.988540790580319,2.62
3666,Memphis Islamic Center (MIC),10299 Humphrey Road,Cordova,TN,38018,35.145714882735,-89.717546070102,,2013,,https://www.micmemphis.org/,,3.0,,,3170.0,census_geocoder,90004,6.988540790580319,2.62
3667,Jamatkhana,10660 Collierville Road,Collierville,TN,38107,35.028552106235,-89.708170245817,,2006,,https://search.register.shelby.tn.us/search/,,7.0,,,319.0,census_geocoder,35265,30.61771308566877,1.97
3668,Midtown Mosque,1288 Jackson Ave,Memphis,TN,38107,35.158446891801,-90.01527310269,,2016,,https://midtownmosque.org/about-us/,36.0,74.0,,,2626.0,census_geocoder,35265,30.61771308566877,1.97
3669,Masjid Al-Mu Minun,4412 South Third Street,Memphis,TN,38109,35.028081167257,-90.080456044024,,1975,,https://prayersconnect.com/mosques/84035890-masjid-al-muminun-memphis-tennessee-united-states,26.0,46.0,,,1720.0,census_geocoder,37496,32.12948480970662,2.55
3670,Masjid Al-Mu'minun,4412 South Third Street,Memphis,TN,38109,35.028081167257,-90.080456044024,,,,No website,26.0,46.0,,,3182.0,census_geocoder,37496,32.12948480970662,2.55
3671,Masjid Al-Noor (Islamic Association of Greater Memphis),3529 Mynders Ave,Memphis,TN,38111,35.117710800236,-89.94400357099,,1997,,https://www.facebook.com/masjidalnoormemphis/,36.0,75.0,,,2472.0,census_geocoder,52589,26.086091067429706,2.33
3672,Masjid At-Taqwa,1803 Winchester Road,Memphis,TN,38116,35.053605527939,-90.003993642439,,2001,,https://masjid-at-taqwa-memphis.edan.io/,27.0,54.0,,,162.0,census_geocoder,42183,31.131047416305535,2.54
3673,Masjid At-Taqwa,1803 Winchester Road,Memphis,TN,38116,35.053605527939,-90.003993642439,,,,https://www.ibad-ur-rahman.org/masjid-ibad-ur-rahman-new-location/,27.0,54.0,,,3169.0,census_geocoder,42183,31.131047416305535,2.54
3674,Masjid osmaniyah,837 Craft Road,Memphis,TN,38116,35.044586232564,-90.036144640698,,,,No website,21.0,16.0,,,3180.0,census_geocoder,42183,31.131047416305535,2.54
3675,Masjid Al-Salam - Muslim Society of Memphis,1065 Stratford Road,Memphis,TN,38122,35.160176416228,-89.905924118871,,1980,,"https://www.bartleby.com/essay/Muslims-In-Memphis-PJJEPWLYXT#:~:text=show%20more%20content%E2%80%A6-,Web.,named%20is%20Masjid%20As%2DSalam.",23.0,33.0,,,318.0,census_geocoder,48710,26.77572105036591,2.82
3676,Muslim Society of Memphis,1065 Straford Road,Memphis,TN,38122,35.160176416228,-89.905924118871,,2005,,https://muslimsocietyofmemphis.org/organization/,23.0,33.0,,,3174.0,census_geocoder,48710,26.77572105036591,2.82
3677,Masjid Ar-Rahman (Islamic Association of Greater Memphis),7906 Lowrance Rd,Memphis,TN,38125,35.03512970342,-89.800537684094,,1977,,https://prayersconnect.com/mosques/84030030-masjid-ar-rahman-memphis-tennessee-united-states,,36.0,,,2281.0,census_geocoder,86162,10.670582476749878,2.71
3678,Nation of Islam Muhammad Mosque,873 Vance Avenue,Memphis,TN,38126,35.13356680583,-90.032461924431,,-,Information Without Year,(901) 523-2560,38.0,65.0,,,317.0,census_geocoder,30071,45.16460905349795,1.99
3679,Masjid Al-Muslimeen,3131 Directors Row,Memphis,TN,38131,35.062144181045,-89.995013427848,,2014,,https://www.muslimsinmemphis.org/pf/masjid-al-muslimeen/,34.0,23.0,,,2473.0,census_geocoder,-666666666,,-666666666.00
3680,Al Rasool Center,5315 Stage Road,Memphis,TN,38134,35.205791987325,-89.886539692327,,1988,,"https://www.fundforsacredplaces.org/participants/alrasool-islamic-center/#:~:text=Alrasool%20Islamic%20Center%20was%20originally,during%20the%201992%20Gulf%20War.",19.0,42.0,,,721.0,census_geocoder,60622,11.054977711738484,2.68
3681,Islamic Center of Jackson,1742 Airways Blvd,Jackson,TN,38301,35.61253792198,-88.913075769334,,2004,,"https://www.causeiq.com/organizations/islamic-center-of-jackson,943425051/",,7.0,,,1265.0,census_geocoder,43227,29.588865781474965,2.30
3682,Islamic Center of Columbia,500 Carter st,Columbia,TN,38401,35.623449544919,-87.030797902847,,2000,,https://liberationnews.org/08-02-22-islamic-center-in-columbia-tenn-html/,,56.0,,,1222.0,census_geocoder,68475,11.61525046605328,2.51
3683,Cookeville mosque,313 North Walnut Avenue,Cookeville,TN,38501,36.167376760757,-85.505638653368,,,,Website link invalid,,83.0,,,3183.0,census_geocoder,52145,21.361058601134218,2.29
3684,Dar E Hussain DFW imambarga,1229 West College Avenue,Carrollton,TX,75006,32.95377893931,-96.913338717124,,"
",,"
",43.0,42.0,,,,census_geocoder,84815,8.017606301202536,2.53
3685,IQA,1112 Milam Way,Carrollton,TX,75006,32.953463542539,-96.886993758696,,"
",,"
",33.0,81.0,,,,census_geocoder,84815,8.017606301202536,2.53
3686,Islamic Association of Carrollton (IAC),1901 Kelly Boulevard,Carrollton,TX,75006,32.961984005528,-96.877187345523,,1991,,https://www.facebook.com/share/1HRuD7bJSM/?mibextid=wwXIfr,27.0,34.0,,,,census_geocoder,84815,8.017606301202536,2.53
3687,Madinah Mosque of Carrollton,2180 Old Denton Road,Carrollton,TX,75006,32.974540892834,-96.9098754311,,2003,,https://madinahmasjid.com/about/,0.0,49.0,,,,census_geocoder,84815,8.017606301202536,2.53
3688,Ghamidi Center of Islamic Learning,3620 North Josey Lane,Carrollton,TX,75007,33.009722938376,-96.886764614404,,"
",,"
",26.0,49.0,,,,census_geocoder,111521,7.732848538269428,2.61
3689,ISRA Foundation,"
",Carrollton,TX,75007,32.9515472,-96.9034244,,"
",,"
",26.0,81.0,,,,nominatim,111521,7.732848538269428,2.61
3690,Minhaj ul-Quran,3751 North Josey Lane,Carrollton,TX,75007,33.013233419059,-96.887136338876,,1981,,https://us.mohid.co/tx/dallas/jmcc#about,26.0,55.0,,,,census_geocoder,111521,7.732848538269428,2.61
3691,Princeton Islamic Center,4200 International Parkway,Carrollton,TX,75007,33.021586677453,-96.848393014608,,"
",,"
",29.0,34.0,,,,census_geocoder,111521,7.732848538269428,2.61
3692,City of Knowledge,1800 Golden Trail Court,Carrollton,TX,75010,33.033104405838,-96.885658217396,,"
",No Basic Information,"
",26.0,29.0,,,,census_geocoder,107317,6.151808824414616,2.46
3693,Ahmadiyya Movement In Islam,1850 Hedgcoxe Road,Allen,TX,75013,33.086184497477,-96.723091271035,,2017,,https://islamindallas.org/multimedia/,,31.0,,,,census_geocoder,146891,4.656078265595749,2.75
3694,Islamic Association of Allen,909 Allen Central Drive,Allen,TX,75013,33.097755086379,-96.684518653592,,2007,,https://www.charitynavigator.org/ein/204303157,,63.0,,,,census_geocoder,146891,4.656078265595749,2.75
3695,ICC - Islamic Center of Coppell,612 East Sandy Lake Road,Coppell,TX,75019,32.973194911853,-97.011611635562,,"
",,"
",,67.0,,,,census_geocoder,141923,5.281603678817778,2.64
3696,Islamic Education Center - IEC-SA,3601 Holly Drive,Dennison,TX,75020,33.753209638046,-96.591622756924,,"
",,"
",,22.0,,,,census_geocoder,71605,14.430525795285973,2.41
3697,Flower Mound Masjid,3430 Peters Colony Road,Flower Mound,TX,75022,33.034134146,-97.083004321331,,2021,,https://www.ialfm.org/construction-project/,,43.0,,,,census_geocoder,177357,5.9048280653004515,2.87
3698,Islamic Association of Collin County,3430 Peters Colony Road,Flower Mound,TX,75022,33.034134146,-97.083004321331,,"
",,"
",,43.0,,,,census_geocoder,177357,5.9048280653004515,2.87
3699,Islamic Association of Collin County (Plano Mosque),6401 Independence Parkway,Plano,TX,75023,33.059509354689,-96.750635802997,,1997,,https://planomasjid.org/our-history/,0.0,56.0,,,,census_geocoder,109660,7.125372281832647,2.60
3700,Ismaili Jamatkhana,6704 Alma Drive,Plano,TX,75023,33.066020535556,-96.709495695593,,2006,,http://heritage.ismaili.net/node/12391,0.0,62.0,,,,census_geocoder,109660,7.125372281832647,2.60
3701,Ø³Ø¬Ø¯,6401 Independence Parkway,Plano,TX,75023,33.059509354689,-96.750635802997,,"
",,"
",0.0,56.0,,,,census_geocoder,109660,7.125372281832647,2.60
3702,wayco masgid,2011 West Spring Creek Parkway,Plano,TX,75023,33.058927936118,-96.731735603463,,"
",,"
",0.0,79.0,,,,census_geocoder,109660,7.125372281832647,2.60
3703,Islamic Center of Frisco,11137 Frisco Street,Frisco,TX,75033,33.172516984126,-96.833218249878,,2007,,https://friscomasjid.org/,,29.0,,,,census_geocoder,174762,2.65576145809502,3.10
3704,MTO Shahmaghsoudi,8455 Stonebrook Parkway,Frisco,TX,75034,33.139851581238,-96.810997835414,,1986,,https://mto.org/center/dalla/,,55.0,,,,census_geocoder,111122,4.439923855025942,2.31
3705,Masjid Zakariya,14111 King Road,Frisco,TX,75036,33.1546147,-96.9077878,,1986,,https://prayersconnect.com/mosques/84032140-islamic-center-of-beaumont-beaumont-texas-united-states,,38.0,,,,nominatim,151645,3.2731073615051516,2.81
3706,Makki Masjid,2204 West Walnut Hill Lane,Irving,TX,75038,32.866931431772,-96.973908828512,,"
",,"
",28.0,41.0,,,,census_geocoder,68990,12.182226184255018,2.30
3707,Bilal Community Center,1120 Main Street,Garland,TX,75040,32.912687009691,-96.643769455263,,1998,,"
",51.0,74.0,,,,census_geocoder,74519,9.870384185005594,3.07
3708,Al Mustafa Community Center,4567 West Walnut Street,Garland,TX,75042,32.91671105012,-96.701579268132,,"
",,"
",38.0,66.0,,,,census_geocoder,64266,17.299433539718088,3.32
3709,Makkah Masjid (Garland Mosque),3301 West Buckingham Road,Garland,TX,75042,32.93099,-96.6792494,,1993,,https://makkahmasjid.net/about-us/,34.0,29.0,,,,nominatim,64266,17.299433539718088,3.32
3710,Islamic Society Of Mesquite,5906 Duck Creek Drive,Garland,TX,75043,32.846987271546,-96.602652341909,,1990,,https://islamicsocietyofmesquite.org/about,34.0,59.0,,,,census_geocoder,76778,12.075075886400839,2.81
3711,Northside Islamic Center of San Antonio,1015 Stonewall Street,Garland,TX,75043,,,,2025,,https://communityimpact.com/san-antonio/north-san-antonio/nonprofit/2025/09/25/northside-islamic-center-of-san-antonio-planning-new-33000-square-foot-community-facility/,29.0,64.0,,,,,76778,12.075075886400839,2.81
3712,Al-Hameed Musallah,3700 North Shiloh Road,Garland,TX,75044,32.950689269548,-96.66520242111,,"
",,"
",35.0,32.0,,,,census_geocoder,92178,10.370386012332123,2.79
3713,Masjid Yaseen,1601 West Campbell Road,Garland,TX,75044,32.982258387906,-96.651520916045,,1985,,https://masjidyaseen.org/,26.0,7.0,,,,census_geocoder,92178,10.370386012332123,2.79
3714,"American Imams Academy , AIA Masjid",5206 Ben Davis Road,Sachse,TX,75048,32.970636945578,-96.600988672933,,"
",,"
",,53.0,,,,census_geocoder,131087,3.2614668519895273,2.86
3715,Dallas Muslim Community Center (DMCC),7340 South State Highway 78,Sachse,TX,75048,,,,"
",,"
",,52.0,,,,,131087,3.2614668519895273,2.86
3716,Sachse Muslim Society,2416 3rd Street,Sachse,TX,75048,32.978875417831,-96.599858082666,,2014,,"https://www.causeiq.com/organizations/sachse-muslim-society,471365228/",,53.0,,,,census_geocoder,131087,3.2614668519895273,2.86
3717,Bosnian American Cultural Center of North Texas,401-403 Northeast 5th Street,Grand Prairie,TX,75050,32.751103261896,-96.998233692947,,"
",,"
",,48.0,,,,census_geocoder,73274,14.918029120350695,2.69
3718,Grand Prairie Masjid,802 Greenview Drive,Grand Prairie,TX,75050,32.77228762363,-97.055709914694,,"
",,"
",,38.0,,,,census_geocoder,73274,14.918029120350695,2.69
3719,IHYA FOUNDATION,727 Hill Street,Grand Prairie,TX,75050,32.748735889489,-97.012641746421,,"
",,"
",,65.0,,,,census_geocoder,73274,14.918029120350695,2.69
3720,Imam Ali Islamic center,2330 Dalworth Street,Grand Prairie,TX,75050,32.74473913074,-97.036608711401,,1999,,https://www.facebook.com/imamalicenterintexas/,,50.0,,,,census_geocoder,73274,14.918029120350695,2.69
3721,Masjid E Zohra,2202 San Antonio Street,Grand Prairie,TX,75051,32.738006254052,-97.034181309166,,"
",,"
",,49.0,,,,census_geocoder,58245,17.630448127685696,3.05
3722,Islamic Association of the colony,5201 South Colony Boulevard,The Colony,TX,75056,33.084314189104,-96.879098809547,,2018,,https://starlocalmedia.com/thecolonycourierleader/news/the-colony-council-approves-first-mosque/article_78aecf02-ede8-11e8-bb2d-ef839b1adba6.html,,56.0,,,,census_geocoder,119682,6.998089601976472,2.48
3723,"Dawoodi Bohra Al Masjid Al Saifee Anjuman-e-Najmi, Dallas Inc.",1320 South Nursery Road,Irving,TX,75060,32.798946185589,-96.934550275648,,"
",,"
",32.0,43.0,,,,census_geocoder,71575,14.292631578947368,3.21
3724,Dfw Islamic Center,4019 Jackson Street,Irving,TX,75061,32.817333328638,-97.002730023013,,1999,,"https://nmadfwtx.org/#:~:text=The%20Nigerian%20Muslim%20Association%20of,their%20relationship%20with%20Almighty%20Allah.",34.0,33.0,,,,census_geocoder,63798,16.10917077737371,2.96
3725,Saba Center Community,1219 Salma Jameel Court,Irving,TX,75061,32.825121441488,-97.016270724826,,"
",,"
",28.0,18.0,,,,census_geocoder,63798,16.10917077737371,2.96
3726,Annoor Center,3636 West Northgate Drive,Irving,TX,75062,32.85682329874,-96.993691279809,,"
",,"
",28.0,69.0,,,,census_geocoder,72704,9.045206470921931,2.92
3727,Barkaat-Ul-Quran,555 West Airport Freeway,Irving,TX,75062,32.837660445108,-96.952427976488,,"
",,"
",32.0,67.0,,,,census_geocoder,72704,9.045206470921931,2.92
3728,Islamic Center of Irving,2555 Esters Road,Irving,TX,75062,32.841473384488,-97.009481410998,,1991,,https://www.irvingmasjid.org/about-us/,27.0,30.0,,,,census_geocoder,72704,9.045206470921931,2.92
3729,Klein Islamic Center - Masjid,6210 North Belt Line Road,Irving,TX,75063,32.88559298209,-96.991118151137,,"
",,"
",38.0,20.0,,,,census_geocoder,117133,6.317586795674444,2.59
3730,Unity Ismaili Recreation Center,9940 West Valley Ranch Parkway,Irving,TX,75063,32.94036014205,-96.95309764246,,"
",,"
",27.0,61.0,,,,census_geocoder,117133,6.317586795674444,2.59
3731,Valley Ranch Islamic Center (VRIC),351 Ranchview Drive,Irving,TX,75063,32.916813539169,-96.94792410067,,2009,,https://vric.org/about/,23.0,27.0,,,,census_geocoder,117133,6.317586795674444,2.59
3732,Anjuman e Taheri,1410 South Tennessee Street,McKinney,TX,75069,33.182722531783,-96.617866015088,,"
",,"
",,63.0,,,,census_geocoder,85327,13.315532268628141,2.52
3733,MCECC & Al Madinah Mosque,2940 Eldorado Parkway,McKinney,TX,75070,33.167932002882,-96.663413690636,,"
",,"
",,58.0,,,,census_geocoder,112352,4.546236222934417,2.62
3734,McKinney Islamic Association,2940 Eldorado Parkway,McKinney,TX,75070,33.167932002882,-96.663413690636,,2022,,https://www.keranews.org/news/2024-07-26/mckinney-mosque-postponed-city-council,,58.0,,,,census_geocoder,112352,4.546236222934417,2.62
3735,Sufaraa,2220 Bush Drive,McKinney,TX,75070,33.169545344443,-96.645624881603,,"
",,"
",,53.0,,,,census_geocoder,112352,4.546236222934417,2.62
3736,East Plano Islamic Center (EPIC Masjid),4700 14th Street,Plano,TX,75074,33.011582267072,-96.64602523217,,2001,,https://nielsensremodelingtx.com/discover-epic-masjid-east-plano-islamic-center-in-texas/,0.0,25.0,,,,census_geocoder,88697,9.62617693670178,2.83
3737,Masjid Omar Bin Khattab (A Project of Texas Islamic Community Center),4030 Split Trail Road,Plano,TX,75074,33.054575983238,-96.69350264204,,"
",,"
",0.0,58.0,,,,census_geocoder,88697,9.62617693670178,2.83
3738,Noori Mosque,1251 Shiloh Road,Plano,TX,75074,33.013720674166,-96.664756052985,,2005,,https://noorimasjid.net/about-us/,0.0,55.0,,,,census_geocoder,88697,9.62617693670178,2.83
3739,Dallas Sufi Center,1915 North Central Expressway,Plano,TX,75075,33.027241640477,-96.710013517873,,"
",,"
",44.0,62.0,,,,census_geocoder,98365,7.823986836168688,2.43
3740,IILM Center,2101 West Plano Parkway,Plano,TX,75075,33.007461916224,-96.734008816242,,2002,,"
",36.0,23.0,,,,census_geocoder,98365,7.823986836168688,2.43
3741,Ismaili Jamatkhana Mid-Cities,930 West Parker Road,Plano,TX,75075,33.040837638367,-96.715095092368,,"
",,"
",27.0,79.0,,,,census_geocoder,98365,7.823986836168688,2.43
3742,Islamic Center of Watauga,861 North Coleman Street,Prosper,TX,75078,33.243675471383,-96.802184452858,,2004,,https://wataugamasjid.com/location-and-services/,,34.0,,,,census_geocoder,196564,4.886197536020046,3.38
3743,Student Mosque - Islamic Center of South Plain,291 South Preston Road,Prosper,TX,75078,33.233721216305,-96.790854660993,,2008,,https://lubbockmuslims.org/about-icsp/,,27.0,,,,census_geocoder,196564,4.886197536020046,3.38
3744,Abu Hanifa Mosque,132 North Glenville Drive,Richardson,TX,75081,32.947006589034,-96.704930272979,,1979,,https://prayersconnect.com/mosques/84040922-masjid-ahsan-islamic-association-of-texas-richardson-texas-united-states,32.0,69.0,,,,census_geocoder,93165,6.833850633120004,2.60
3745,Al-Ansar Society,1059 South Sherman Street,Richardson,TX,75081,32.937659996362,-96.741250792627,,"
",,"
",54.0,62.0,,,,census_geocoder,93165,6.833850633120004,2.60
3746,Dallas Diyanet Mosque,1100 East Campbell Road,Richardson,TX,75081,32.975198231874,-96.706194026494,,"
",,"
",29.0,55.0,,,,census_geocoder,93165,6.833850633120004,2.60
3747,ICNA Center,1600 North Plano Road,Richardson,TX,75081,32.969310210852,-96.699708328879,,"
",,"
",32.0,53.0,,,,census_geocoder,93165,6.833850633120004,2.60
3748,Islamic Association of Lewisville & Flower Mound,132 North Glenville Drive,Richardson,TX,75081,32.947006589034,-96.704930272979,,2021,,https://www.ialfm.org/construction-project/,32.0,69.0,,,,census_geocoder,93165,6.833850633120004,2.60
3749,Islamic Association of North Texas (IANT Masjid),840 Abrams Road,Richardson,TX,75081,32.93779187158,-96.73085118553,,1984,,https://www.archnet.org/sites/14721,52.0,65.0,,,,census_geocoder,93165,6.833850633120004,2.60
3750,Islamic Resources & Iranian Cultural Foundation,411 Industrial Drive,Richardson,TX,75081,32.95377440504,-96.712102681743,,"
",,"
",35.0,43.0,,,,census_geocoder,93165,6.833850633120004,2.60
3751,MAS Islamic Center Of Dallas,1515 Blake Drive,Richardson,TX,75081,32.963211772889,-96.697157755694,,2006,,https://masdfw.org/who-we-are/,34.0,59.0,,,,census_geocoder,93165,6.833850633120004,2.60
3752,Rahmani Masjid and Learning Center,331 East Polk Street,Richardson,TX,75081,32.947414893884,-96.729505320882,,"
",,"
",47.0,78.0,,,,census_geocoder,93165,6.833850633120004,2.60
3753,Tanzania Islamic Centre,1101 Executive Drive,Richardson,TX,75081,32.961659860108,-96.711497920595,,"
",,"
",36.0,36.0,,,,census_geocoder,93165,6.833850633120004,2.60
3754,AOE,5119 Rowlett Road,Rowlett,TX,75088,32.905976999403,-96.569509607542,,"
",,"
",39.0,65.0,,,,census_geocoder,105313,6.068950718832702,2.56
3755,Association for Guidance and Education (Rowlett Musallah),5219 Rowlett Road,Rowlett,TX,75088,32.906268884201,-96.569503884294,,"
",,"
",37.0,63.0,,,,census_geocoder,105313,6.068950718832702,2.56
3756,Islamic Center of Quad Cities,6710 Garner Road,Rowlett,TX,75088,32.886656999951,-96.538267257701,,"
",,"
",0.0,2.0,,,,census_geocoder,105313,6.068950718832702,2.56
3757,Renaissance Education Foundation,601 Pheasant Run Drive,Murphy,TX,75094,33.024012690547,-96.625820274561,,"
",,"
",,9.0,,,,census_geocoder,171476,3.688999172870141,3.52
3758,Bosniaks Islamic Center Dallas-Fort Worth (BIC),2749 Elm Grove Road,Wylie,TX,75098,32.967126305099,-96.541119125846,,"
",,"
",,7.0,,,,census_geocoder,122089,5.431809300508011,3.22
3759,IAQC,3800 Parker Road,Saint Paul,TX,75098,33.0517155506,-96.566202097734,,"
",,"
",,23.0,,,,census_geocoder,122089,5.431809300508011,3.22
3760,Islamic Center of Wylie,3990 Lakeway Drive,Saint Paul,TX,75098,33.048691425212,-96.567032179116,,2012,,https://icwtx.org/about/,,26.0,,,,census_geocoder,122089,5.431809300508011,3.22
3761,Masjid Faizan E Madinah Wylie,641 West Brown Street,Wylie,TX,75098,33.018020692495,-96.544859918746,,2016,,https://www.faizanemadinahusa.org/wylie-center/about-us,,42.0,,,,census_geocoder,122089,5.431809300508011,3.22
3762,WKIC - Al Firdous Musalla,2812 Exchange Street,Wylie,TX,75098,33.004273979244,-96.584450430818,,"
",,"
",,26.0,,,,census_geocoder,122089,5.431809300508011,3.22
3763,The Unity Center,6011 S Interstate Hwy 45 E,Corsicana,TX,75109,32.006209708553,-96.432530919267,,"
",,"
",,10.0,,,,census_geocoder,88074,17.608532934131738,2.57
3764,Desoto House of Peace - Mosque & Community Center,531 West Belt Line Road,DeSoto,TX,75115,32.589878145154,-96.867775262603,,2021,,https://youtu.be/1IagGNrZodM?si=XrY4hjiIStEJWMfh,,32.0,,,,census_geocoder,82782,7.606344628695025,2.69
3765,Islamic Association Of Desoto Texas,1120 West Belt Line Road,DeSoto,TX,75115,32.589729006922,-96.885945961556,,2018,,https://youtu.be/1IagGNrZodM?si=XrY4hjiIStEJWMfh,,43.0,,,,census_geocoder,82782,7.606344628695025,2.69
3766,Masjid Alsahabah,616 Rayburn Drive,DeSoto,TX,75115,32.597127006435,-96.907491156449,,"
",,"
",,9.0,,,,census_geocoder,82782,7.606344628695025,2.69
3767,Dallas Islamic Foundation,301 Frank Keasler Boulevard,Duncanville,TX,75116,32.667762959383,-96.910743529712,,"
",,"
",0.0,55.0,,,,census_geocoder,67390,10.781289506953224,3.06
3768,Forney Islamic Center - FIC,9081 Old Nacogdoches Trail,Forney,TX,75126,32.698298352697,-96.476179211506,,"
",,"
",,0.0,,,,census_geocoder,103673,8.627613086098973,3.40
3769,Islamic Center of El Paso (ICEP),13980 Farm to Market 548,Forney,TX,75126,32.759705919282,-96.432914393777,,2004,,https://icelpaso.org/about-icep/,,7.0,,,,census_geocoder,103673,8.627613086098973,3.40
3770,Masjid Al Ihsan,202 South Walker Street,Mesquite,TX,75149,32.766630219918,-96.604266065993,,"
",,"
",,57.0,,,,census_geocoder,70774,14.142513955859734,2.93
3771,Islamic Association Texas (Masjid Ahsan),2409 Gus Thomasson Road,Mesquite,TX,75150,32.797177969555,-96.634335069762,,1979,,https://prayersconnect.com/mosques/84040922-masjid-ahsan-islamic-association-of-texas-richardson-texas-united-states,,54.0,,,,census_geocoder,65440,12.400416766851006,2.76
3772,Mesquite Islamic Center (MIC Mosque),2403 Franklin Drive,Mesquite,TX,75150,32.79621457515,-96.617153320525,,2008,,https://www.yelp.com/biz/mesquite-islamic-center-mesquite,,54.0,,,,census_geocoder,65440,12.400416766851006,2.76
3773,Dar Al-Arqam Masjid,2001 South Hampton Road,Glenn Heights,TX,75154,32.552800426124,-96.856861512911,,"
",,"
",,3.0,,,,census_geocoder,100388,8.395108903324418,3.03
3774,Tyler Islamic Center,508 Park Avenue,Dallas,TX,75201,32.778415158515,-96.793619877137,,"
",,"
",84.0,97.0,,,,census_geocoder,103761,15.805852806289582,1.39
3775,Al islam beacon of light Mosque,2621 South Cesar Chavez Boulevard,Dallas,TX,75215,32.7793507,-96.7891921,,"
",,"
",45.0,59.0,,,,nominatim,45557,26.15811077349539,2.48
3776,Islamic Center of Rowlett,2806 Martin Luther King Junior Boulevard,Dallas,TX,75215,32.76912970713,-96.768298643185,,"
",,"
",58.0,71.0,,,,census_geocoder,45557,26.15811077349539,2.48
3777,"Masjid al-Islam - Dallas, TX",2604 South Harwood Street,Dallas,TX,75215,32.7668694703,-96.778877786396,,2004,,https://masjidalislam.org/history,45.0,59.0,,,,census_geocoder,45557,26.15811077349539,2.48
3778,Masjid Usman,2806 Martin Luther King Boulevard,Dallas,TX,75215,32.76912970713,-96.768298643185,,2008,,"https://www.causeiq.com/organizations/islamic-center-of-south-dallas,205829571/",58.0,71.0,,,,census_geocoder,45557,26.15811077349539,2.48
3779,Mount Pleasant Islamic Center,2429 Martin Luther King Junior Boulevard,Dallas,TX,75215,32.765526489272,-96.772696171275,,"
",,"
",44.0,64.0,,,,census_geocoder,45557,26.15811077349539,2.48
3780,Masjid Al-Fattah La Marque,2723 Alaska Avenue,Oak Cliff,TX,75216,32.714547752691,-96.815874658408,,1988,,https://masjidalhaqq.com/about-us,47.0,57.0,,,,census_geocoder,41386,29.835003799254622,2.93
3781,Nour Al-Quran Society,3434 Sunnyvale Street,Dallas,TX,75216,32.712439955094,-96.784570729086,,"
",,"
",41.0,50.0,,,,census_geocoder,41386,29.835003799254622,2.93
3782,Al Razzaq Islamic Centre,11132 Shady Trail,Dallas,TX,75229,32.88540324182,-96.890364687337,,"
",Information Without Year,https://prayersconnect.com/mosques/84045357-al-razzaq-islamic-center-dallas-texas-united-states,41.0,48.0,,,,census_geocoder,121469,9.654760125541772,2.86
3783,Islamic Centers of Prosper and Celina - ICPC,5767 Phoenix Drive,Dallas,TX,75231,32.875997746928,-96.759088849569,,"
",,"
",54.0,60.0,,,,census_geocoder,58540,20.60567723570807,2.11
3784,Rahmania Center,9450 Skillman Street,Dallas,TX,75243,32.905265812702,-96.71166377891,,"
",,"
",51.0,72.0,,,,census_geocoder,53618,20.413616456116497,2.30
3785,Islamic Center of Lake Worth,2945 Frankford Road,Dallas,TX,75287,32.997139552516,-96.861853172957,,1988,,https://momin.org,32.0,51.0,,,,census_geocoder,63741,12.620781923591498,1.93
3786,MOMIN of Texas,2945 Frankford Road,Dallas,TX,75287,32.997139552516,-96.861853172957,,1988,,https://momin.org/about-us/,32.0,51.0,,,,census_geocoder,63741,12.620781923591498,1.93
3787,Greenville Musallah,103 2608 Eastland Avenue,Greenville,TX,75402,33.11125241105,-96.107675975033,,"
",,"
",,61.0,,,,census_geocoder,77877,9.590283727258983,2.57
3788,Darul Hedayah,11343 Farm to Market Road 2756,Princeton,TX,75407,33.205126098466,-96.442758667476,,"
",,"
",,0.0,,,,census_geocoder,100037,5.74651859686233,3.08
3789,Prime Bazaar: Halal Supermarket,521 North 4th Street,Princeton,TX,75407,33.17911243613,-96.496782101159,,"
",,"
",,65.0,,,,census_geocoder,100037,5.74651859686233,3.08
3790,Anna Islamic Center,604 West White Street,Anna,TX,75409,33.344389842279,-96.555362505256,,"
",,"
",,54.0,,,,census_geocoder,104814,7.641526830167804,3.08
3791,East Texas Islamic Association - Commerce Mosque,1703 Live Oak Street,Commerce,TX,75428,33.247215595473,-95.905079308098,,2002,,https://www.tylermuslim.com/about-us/,,59.0,,,,census_geocoder,51424,22.587767719143297,2.36
3792,Imaan Melissa,1010 Milrany Lane,Melissa,TX,75454,33.263871850391,-96.547873496432,,"
",,"
",,0.0,,,,census_geocoder,138827,1.80129099790649,3.30
3793,Masjid e Aamina (Econolodge),1505 South Jefferson Avenue,Mount Pleasant,TX,75455,33.1409249735,-94.968135813741,,"
",,"
",,64.0,,,,census_geocoder,56163,16.061767357980163,2.77
3794,Mosque Point Park,957 Nevills Road,Mount Pleasant,TX,75455,33.1955026,-94.9603244,,"
",,"
",,1.0,,,,nominatim,56163,16.061767357980163,2.77
3795,Islamic Center of Nacogdoches,248 3rd Street Northeast,Paris,TX,75460,33.663408371795,-95.553616661973,,"
",,"
",,69.0,,,,census_geocoder,46473,28.309500833406435,2.46
3796,Masjid Tawheed Wa Sunnah,5509 North Kings Highway,Texarkana,TX,75503,33.4691872,-94.1421589,,"
",,"
",,8.0,,,,nominatim,72159,9.40121155638397,2.41
3797,Islamic center of Longview,119 Amy Street,Longview,TX,75605,32.57309016886,-94.751667062189,,2009,,"https://www.causeiq.com/organizations/islamic-center-of-longview,010928277/",,9.0,,,,census_geocoder,73190,9.598725191945531,2.25
3798,East Texas Islamic Society (ETIS),10631 State Highway 64,Tyler,TX,75707,32.328500958721,-95.234952109738,,1988,,"https://www.tylermuslim.com/about-us/#:~:text=After%20three%20years%20of%20accumulating,residence%2C%20classrooms%20and%20other%20activities.",,23.0,,,,census_geocoder,84954,8.55095909406055,2.85
3799,Turkish American Religious Foundation Diyanet Mosque,6708 Rhones Quarter Road,Tyler,TX,75707,32.2816069,-95.2617008,,"
",,"
",,7.0,,,,nominatim,84954,8.55095909406055,2.85
3800,Al-Akbar Islamic Center,225 Private Road 3477,Big Sandy,TX,75755,32.561094063723,-94.98347921968,,"
",No Basic Information,"
",,0.0,,,,census_geocoder,73402,12.223493516399694,2.65
3801,Fairfield cemetery,101 Dunbar Street,Fairfield,TX,75840,31.7232688,-96.1538069,,"
",,"
",,38.0,,,,nominatim,58224,15.610328638497654,2.72
3802,Islamic Center of Lufkin,208 White Avenue,Lufkin,TX,75904,31.329231547383,-94.759333367395,,2019,,https://wwEkltv.com/video/2021/06/19/power-prayer-east-texas-islamic-society-open-house/,,41.0,,,,census_geocoder,60205,17.13848957874004,2.50
3803,Islamic Center of Momin,2125 Center Road,Nacogdoches,TX,75961,31.602797898058,-94.591357317524,,1988,,https://momin.org,,21.0,,,,census_geocoder,41495,27.48254073827735,2.35
3804,Arlington Central Mosque (Islamic Society of Arlington - ISAT Masjid),1700 South Center Street,Arlington,TX,76010,32.716719555054,-97.103983993244,,"
",,"
",,46.0,,,,census_geocoder,45466,23.674320718553872,2.84
3805,Fatima Al-Zahra,3400 East Abram Street,Arlington,TX,76010,32.737500335758,-97.047567258845,,"
",,"
",,44.0,,,,census_geocoder,45466,23.674320718553872,2.84
3806,Dar Elsalam Islamic Center,500 West Road to Six Flags Street,Arlington,TX,76011,32.757321886304,-97.111905370685,,2003,,"https://www.guidestar.org/profile/75-2741229#:~:text=Mission,Arlington%2C%20TX%2076011",,63.0,,,,census_geocoder,54038,17.004554791462,2.09
3807,Dar El-Quran,110 North Davis Drive,Arlington,TX,76013,32.737185599418,-97.123450632607,,"
",,"
",,52.0,,,,census_geocoder,70471,15.78425294482331,2.36
3808,Masjid Ibn Baz,2114 Roosevelt Drive,Arlington,TX,76013,32.709688436654,-97.155246742507,,"
",No Basic Information,"
",,64.0,,,,census_geocoder,70471,15.78425294482331,2.36
3809,Zia ul Quran Masjid,2425 Carter Drive,Arlington,TX,76014,32.704770832356,-97.067685606594,,2001,,https://www.ziaulquranmasjid.com/about-us,,73.0,,,,census_geocoder,60333,18.74980782830612,3.05
3810,Dar El-Eman Islamic Center (DEIC),5511 Mansfield Road,Arlington,TX,76017,32.657115519258,-97.137238918478,,1998,,https://prayersconnect.com/mosques/84073696-dar-el-eman-islamic-center-deic-arlington-texas-united-states,,73.0,,,,census_geocoder,90083,8.593382132614186,2.87
3811,Mansfield Islamic Center,6401 New York Avenue,Arlington,TX,76018,32.642056495726,-97.075078914519,,2009,,https://halalguide.me/dallas-fort-uort/mechet/mansfield-islamic-center/posts,,22.0,,,,census_geocoder,88288,10.258418167580267,3.14
3812,Xhamia Shqiptare DFW (Masjid Albani),3205 Brown Trail,Bedford,TX,76021,32.856752553989,-97.159938737513,,2016,,https://www.xs-dfw.com/about,,71.0,,,,census_geocoder,87097,8.1423195347246,2.32
3813,Musalla,621 Old Highway 1187,Burleson,TX,76028,32.580466553581,-97.310185628049,,"
",,"
",0.0,15.0,,,,census_geocoder,101138,6.7984404303622545,2.91
3814,Isalmic Association of Mid Cities,500 Cheek Sparger Road,Colleyville,TX,76034,32.868233453198,-97.16120708919,,2001,,https://us.mohid.co/tx/txrgn/iamc,,41.0,,,,census_geocoder,217914,2.4983689603561423,2.86
3815,Islamic Association of Colleyville Ù,500 Cheek-Sparger Road,Colleyville,TX,76034,32.868233453198,-97.16120708919,,2001,,https://us.mohid.co/tx/txrgn/iamc,,41.0,,,,census_geocoder,217914,2.4983689603561423,2.86
3816,Euless Musalla /  HEB Masjid,901 Clinic Drive,Euless,TX,76039,32.848596476333,-97.096250697138,,"
",,"
",,53.0,,,,census_geocoder,83140,7.458973134628434,2.40
3817,Ismaili Jamatkhana and Center - Houston Headquarters,700 East Harwood Road,Euless,TX,76039,32.851628965451,-97.072574198636,,"
",,"
",,42.0,,,,census_geocoder,83140,7.458973134628434,2.40
3818,Islamic Center of Euless,203 South Ector Drive,Euless,TX,76040,32.835578481112,-97.090629129252,,2013,,"https://www.causeiq.com/organizations/euless-islamic-center,461627338/",,75.0,,,,census_geocoder,72661,9.251868744457113,2.65
3819,Dar Alhuda Inc,1245 Karla Drive,Hurst,TX,76053,32.832052802512,-97.177973014039,,2001,,https://rakwa.com/listting/masjid-dar-alhuda,,73.0,,,,census_geocoder,64141,12.494556765163297,2.64
3820,UH MSA Ramadan Tent,651 East Debbie Lane,Mansfield,TX,76063,32.600099064381,-97.129440647563,,"
",,"
",,45.0,,,,census_geocoder,118946,5.926620474665432,3.05
3821,Islamic Center of South Dallas,1280 North Carroll Avenue,Southlake,TX,76092,32.957115293218,-97.134125395207,,"
",,"
",,23.0,,,,census_geocoder,250001,1.5310516410959778,3.35
3822,Muhammad Mosque,2401 Scott Avenue,Fort Worth,TX,76103,32.747702467747,-97.293040779351,,"
",,"
",33.0,37.0,,,,census_geocoder,60172,16.238881829733167,3.06
3823,Masjid Ghous-E-Azam,1201 East Allen Avenue,Fort Worth,TX,76104,32.726229590799,-97.312383741949,,"
",,"
",37.0,56.0,,,,census_geocoder,61658,30.144259667401325,2.48
3824,Bait-ul-Qayyum Mosque,2801 Miller Avenue,Fort Worth,TX,76105,32.717967037883,-97.262794156535,,2012,,https://www.prayertimes.city/mosque/bait-ul-qayyum-mosque/,35.0,64.0,,,,census_geocoder,45770,20.991536789529665,3.13
3825,Islamic Association of Tarrant County,4901 Diaz Avenue,Fort Worth,TX,76107,32.727177342552,-97.393326837314,,2005,,"
",29.0,50.0,,,,census_geocoder,79990,11.700675851312711,1.93
3826,Masjid Salahadeen,2605 Ennis Avenue,Fort Worth,TX,76111,32.758643781572,-97.308869643024,,"
",,"
",27.0,50.0,,,,census_geocoder,60194,13.570745697896749,2.71
3827,Islamic Unity Center (IUC),1205 Country Club Lane,Fort Worth,TX,76112,32.762413200827,-97.233757642501,,"
",Information Without Year,(682) 301-1058,27.0,49.0,,,,census_geocoder,57724,21.971748352739418,2.60
3828,Islamic Center of Gainesville-Texas,4421 Jerri Lane,Haltom City,TX,76117,32.817064292321,-97.281286143852,,"
",,"
",,34.0,,,,census_geocoder,51670,15.892949675374158,2.62
3829,Al-Hedayah Academy,8601 Randol Mill Road,Fort Worth,TX,76120,32.768451124263,-97.168427592425,,1992,,https://www.linkedin.com/company/al-hedayah-academy/,31.0,54.0,,,,census_geocoder,80922,13.270254849752758,2.68
3830,Al-Mu'min Mosque,3528 Westfield Avenue,Fort Worth,TX,76133,32.671876210395,-97.366699663831,,"
",,"
",27.0,44.0,,,,census_geocoder,75523,13.044859219401006,2.84
3831,Bayt Al-Karim Islamic Center,4500 Columbus Trail,Fort Worth,TX,76133,32.62813031687,-97.391179020065,,2020,,https://www.gofundme.com/f/httpsyoutubeBHkndwwQRxg,31.0,24.0,,,,census_geocoder,75523,13.044859219401006,2.84
3832,Dar Un Noor Center,5747 Westcreek Drive,Fort Worth,TX,76133,32.659854933026,-97.361822779889,,"
",,"
",31.0,73.0,,,,census_geocoder,75523,13.044859219401006,2.84
3833,Islamic Center Of Lake Travis,6100 Shady Oaks Manor Drive,Fort Worth,TX,76135,32.804814187421,-97.414971688934,,"
",,"
",26.0,65.0,,,,census_geocoder,74621,13.196220702615232,2.50
3834,Mosque,8399 Cahoba Drive,Fort Worth,TX,76135,32.803992582308,-97.462854007362,,"
",,"
",0.0,0.0,,,,census_geocoder,74621,13.196220702615232,2.50
3835,Mosque Point,8375 Cahoba Drive,Fort Worth,TX,76135,32.803534017432,-97.462986090553,,"
",,"
",0.0,0.0,,,,census_geocoder,74621,13.196220702615232,2.50
3836,Islamic Association of Fort Worth,6005 Chapman Road,Watauga,TX,76148,32.867781561574,-97.251333202218,,2004,,"
",,31.0,,,,census_geocoder,89840,10.248353634915851,2.82
3837,Muslim Children Education & Civic Center/Almadina,7600 Glenview Drive,Richland Hills,TX,76180,32.82371997685,-97.214499685959,,2005,,https://www.mcecc.com/about,,49.0,,,,census_geocoder,81503,8.118502015701253,2.48
3838,Islamic Society of Denton,1105 Greenlee Street,Denton,TX,76201,33.201808160857,-97.144744776841,,1981,,https://www.dentonmasjid.com/,48.0,53.0,,,,census_geocoder,39982,31.959802894501998,2.05
3839,Arsalla Islam,609 Medical Center Drive,Decatur,TX,76234,33.218503295945,-97.594510422651,,"
",,"
",,46.0,,,,census_geocoder,93727,5.2306522875195975,2.81
3840,Islamic Center of Forney - ICF,800 East California Street,Gainesville,TX,76240,33.624215824224,-97.137936028117,,"
",,"
",,72.0,,,,census_geocoder,71502,16.207483584060036,2.54
3841,Kalkan Masjid Houston,3601 West Keller Hicks Road,Fort Worth,TX,76244,32.938997846091,-97.28698924369,,"
",No Basic Information,"
",0.0,19.0,,,,census_geocoder,122217,6.503969343848498,3.05
3842,Islamic Center of the South Plains,6001 Chapman Road,Fort Worth,TX,76248,32.867781561577,-97.251390640206,,2004,,https://wataugamasjid.com/location-and-services/,,33.0,,,,census_geocoder,171804,3.8436930951326347,2.75
3843,Islamic Association of Wichita Falls/Azad Masjid,1701 Trigg Lane,Wichita Falls,TX,76306,33.966601351999,-98.519361033472,,1998,,https://i-cwf.org/history/,,36.0,,,,census_geocoder,46957,24.077175100109212,2.57
3844,Shadow Creek Muslim Community Center,1701 Trigg Lane,Wichita Falls,TX,76306,33.966601351999,-98.519361033472,,"
",,"
",,36.0,,,,census_geocoder,46957,24.077175100109212,2.57
3845,Muslim Community Center for Human Services,4520 Southwest Parkway,Wichita Falls,TX,76308,33.858071538935,-98.560062115062,,"
",,"
",,66.0,,,,census_geocoder,74772,17.15570045445564,2.31
3846,Islamic Society of Central Texas,3033 South Kegley Road,Temple,TX,76502,31.086226202374,-97.411882096369,,2011,,"https://www.causeiq.com/organizations/islamic-society-of-central-texas,742778559/",,6.0,,,,census_geocoder,82088,12.478635761335049,2.67
3847,Islamic Center of Jarrell,9401 Farm to Market Road 1105,Jarrell,TX,76537,30.780280658667,-97.587478506068,,2023,,https://icjarrell.org/about,,0.0,,,,census_geocoder,98199,8.201873305398077,2.99
3848,Islamic Community of Greater Killeen,5600 Texas 195,Killeen,TX,76542,31.0752968,-97.6873933,,"
",Information Without Year,https://icgk.org/about/,,15.0,,,,nominatim,74055,12.407455634510214,2.73
3849,Islamic Center of Hewitt / Masjid Al- Hidaya,201 Regal Drive,Hewitt,TX,76643,31.4791956,-97.2069184,,2005,,https://www.islamiccenterofhewitt.org/about-1/,,49.0,,,,nominatim,83511,4.832668099478047,2.72
3850,The Blue Mosque: Islamic Center Of Waco,2725 Benton Drive,Waco,TX,76706,31.519911919398,-97.129398546474,,2024,,https://www.icwbluemosque.org/our-history-of-service,,49.0,,,,census_geocoder,41656,33.34166458385403,2.68
3851,Waller Musallah,School Street,Waco,TX,76707,31.565946,-97.149538,,"
",,"
",,41.0,,,,nominatim,40443,30.766300552345882,2.93
3852,Tajweed Institute Masjid,JMorogoro Kawawa Rd,Junction,TX,76849,,,,"
",,"
",,63.0,,,,,62977,13.007900677200904,2.13
3853,Al-Muhaiman Mosque,3103 Cleburne Street,Houston,TX,77004,29.725246105389,-95.36345289963,,1994,,https://www.guidestar.org/profile/76-0454491,54.0,68.0,,,,census_geocoder,71199,28.16733192947167,1.87
3854,Mosque,3841 Cullen Boulevard,Houston,TX,77004,29.720081465937,-95.347676986021,,"
",,"
",64.0,68.0,,,,census_geocoder,71199,28.16733192947167,1.87
3855,Al Noor Mosque,225 Maxey Road,Houston,TX,77013,29.79731287552,-95.218739736092,,"
",,"
",30.0,24.0,,,,census_geocoder,47060,29.58264907412651,2.91
3856,Eesa Ibne Maryam Mosque (Bammel Musallah),13932 Bammel North Houston Road,Houston,TX,77014,29.978264565953,-95.492031833907,,"
",,"
",29.0,80.0,,,,census_geocoder,55589,26.311689756857508,3.02
3857,Haj Nabih Masjid,14420 Sylvanfield Drive,Houston,TX,77014,29.984538964834,-95.493860369092,,"
",,"
",34.0,64.0,,,,census_geocoder,55589,26.311689756857508,3.02
3858,ISGH Isa ibn Maryam Mosque,13818 Brownsville Street,Houston,TX,77015,29.782008288916,-95.179421263341,,1969,,https://isgh.org/,,67.0,,,,census_geocoder,57753,18.076731781775774,3.24
3859,The Islamic Institute & Houston Blue Mosque,2323 Allen Parkway,Houston,TX,77019,29.761587507707,-95.391772540928,,"
",,"
",50.0,77.0,,,,census_geocoder,116423,9.099771128252945,1.77
3860,5th Ward Islamic Center for Human Development,5303 Lyons Avenue,Houston,TX,77020,29.776419978238,-95.317423676963,,"
",,"
",53.0,73.0,,,,census_geocoder,50119,26.154171961033462,2.64
3861,Almeda Mosque,6923 Almeda Road,Houston,TX,77021,29.701706791053,-95.385650657655,,"
",Information Without Year,https://isgh.org/islamic-centers/,44.0,47.0,,,,census_geocoder,45574,28.980891719745223,2.28
3862,Ibrahim Islamic Center & Mosque,7563 South Freeway,Houston,TX,77021,29.684839269286,-95.378576977105,,"
",,"
",39.0,18.0,,,,census_geocoder,45574,28.980891719745223,2.28
3863,Muhammad Mosque #52,4443 Old Spanish Trail,Houston,TX,77021,29.705721883168,-95.344845211268,,"
",,"
",56.0,57.0,,,,census_geocoder,45574,28.980891719745223,2.28
3864,At-Tawhid Mosque,5514 Hirsch Road,Houston,TX,77026,29.809838734652,-95.328568233085,,"
",,"
",54.0,21.0,,,,census_geocoder,39211,30.80979457079971,2.64
3865,Masjid Al-Ikhlas,3204 Jensen Drive,Houston,TX,77026,29.791495789892,-95.341959441064,,"
",,"
",44.0,63.0,,,,census_geocoder,39211,30.80979457079971,2.64
3866,Masjid Attaqwa,6411 Fannin Street,Houston,TX,77030,29.715096626711,-95.396526455787,,1992,,https://www.archnet.org/sites/14720,66.0,48.0,,,,census_geocoder,77336,12.02207025178738,1.91
3867,Masjid-ul Mumineen,8875 Benning Drive,Houston,TX,77031,29.658854549534,-95.531558784752,,2000,,https://www.mapquest.com/us/texas/masjidul-mumineen-752272976,40.0,59.0,,,,census_geocoder,47162,25.61072230291826,2.66
3868,Musallah Masjid Mosque (2nd Fl) Seena One Medical Center,11740 South Sam Houston Parkway West,Houston,TX,77031,29.651102852082,-95.546701313236,,"
",,"
",31.0,46.0,,,,census_geocoder,47162,25.61072230291826,2.66
3869,The Islamic Institute & Houston Blue Mosque,9301 West Bellfort Avenue,Houston,TX,77031,29.655700295477,-95.545559039921,,"
",,"
",31.0,40.0,,,,census_geocoder,47162,25.61072230291826,2.66
3870,Masjid Abu Bakr,8830 Galveston Road,Houston,TX,77034,29.633531,-95.207933,,1969,,https://www.mapquest.com/us/texas/masjid-abu-bakr-778799171,0.0,16.0,,,,nominatim,58217,21.167139434331194,2.91
3871,Quad City Islamic Center of North Austin Leander,730 Farm to Market Road 1959,Houston,TX,77034,29.592511866387,-95.180191546761,,"
",,"
",0.0,51.0,,,,census_geocoder,58217,21.167139434331194,2.91
3872,Al Muhajreen,10301 Harwin Drive,Houston,TX,77036,29.717244685288,-95.546120391537,,"
",,"
",43.0,66.0,,,,census_geocoder,45716,29.50534984034508,2.65
3873,Al-Rahma Center,5855 Sovereign Drive,Houston,TX,77036,29.714536043499,-95.553790387085,,"
",,"
",39.0,60.0,,,,census_geocoder,45716,29.50534984034508,2.65
3874,FATIH MASJID,7818 Bellaire Boulevard,Houston,TX,77036,29.705184122266,-95.52331935784,,"
",,"
",47.0,68.0,,,,census_geocoder,45716,29.50534984034508,2.65
3875,Hawa Masjid,5880 Ranchester Drive,Houston,TX,77036,29.71467238112,-95.547694580307,,1969,,https://isgh.org/masjid-hamza-full-time-hifz-program/,41.0,55.0,,,,census_geocoder,45716,29.50534984034508,2.65
3876,Makkah masjid,9651 Bissonnet Street,Houston,TX,77036,29.675479207982,-95.546973619469,,"
",,"
",44.0,64.0,,,,census_geocoder,45716,29.50534984034508,2.65
3877,Masjid Salah Ad-Deen,5645 Hillcroft Street,Houston,TX,77036,29.721563429432,-95.500972912321,,"
",No Basic Information,"
",47.0,82.0,,,,census_geocoder,45716,29.50534984034508,2.65
3878,Masjid Taqwa Interfaith Center,5645 Hillcroft Street,Houston,TX,77036,29.721563429432,-95.500972912321,,"
",,"
",47.0,82.0,,,,census_geocoder,45716,29.50534984034508,2.65
3879,Mercy Community Center - Mosque,5922 Hillcroft Street,Houston,TX,77036,29.719141800347,-95.500978729657,,2003,,https://prayersconnect.com/mosques/84096517-mercy-community-center-houston-texas-united-states,47.0,84.0,,,,census_geocoder,45716,29.50534984034508,2.65
3880,Masjid El-Farouq,1207 Conrad Sauer Drive,Houston,TX,77043,29.789117293084,-95.549133539079,,1998,,https://elfarouq.org/,48.0,62.0,,,,census_geocoder,79359,14.79302228990724,2.65
3881,McKinney Mosque,2222 Mansard Street,Houston,TX,77054,29.678819519576,-95.397268103194,,2022,,https://www.keranews.org/news/2024-07-26/mckinney-mosque-postponed-city-council,58.0,48.0,,,,census_geocoder,62106,19.014760803841366,1.65
3882,Islamic Education Center,2313 South Voss Road,Houston,TX,77057,29.742343541611,-95.500884475133,,1985,,https://www.influencewatch.org/non-profit/islamic-education-center-houston/,48.0,79.0,,,,census_geocoder,66971,18.46054333764554,2.07
3883,Al Aqsa Halal meat Market,17325 El Camino Real,Houston,TX,77058,29.551257143373,-95.113667783746,,"
",,"
",,63.0,,,,census_geocoder,68722,13.201803833145433,1.78
3884,Clear Lake Islamic Center - Masjid,17511 El Camino Real,Houston,TX,77058,29.550080341239,-95.11076891924,,2008,,https://www.themasjid.org/our-history,12.0,43.0,,,,census_geocoder,68722,13.201803833145433,1.78
3885,Masjid Al Karim,7428 Lindencrest Street,Houston,TX,77061,29.657703261204,-95.290139758384,,"
",,"
",38.0,42.0,,,,census_geocoder,45115,22.394407714658694,2.75
3886,Clear Lake Jama Masjid IQRA Center,16400 Sea Lark Road,Houston,TX,77062,29.557036962141,-95.124234741764,,"
",,"
",22.0,67.0,,,,census_geocoder,103889,8.987882828124388,2.59
3887,MAS Katy Center (Masjid Al-Rahman),16302 Sealark Road,Houston,TX,77062,29.558774060775,-95.125705546446,,"
",,"
",22.0,67.0,,,,census_geocoder,103889,8.987882828124388,2.59
3888,ICNA Houston (Main Center),7900 Westglen Drive,Houston,TX,77063,29.72483800927,-95.50547363852,,"
",,"
",49.0,67.0,,,,census_geocoder,59113,18.59122401847575,2.07
3889,Jame' Hasan-Al-Basri,2600 Lazy Hollow Drive,Houston,TX,77063,29.738403516706,-95.517193946116,,"
",,"
",49.0,73.0,,,,census_geocoder,59113,18.59122401847575,2.07
3890,Al Furqan Islamic Education Center,10602 Jones Road,Houston,TX,77065,29.926123713512,-95.584665455834,,1985,,https://www.influencewatch.org/non-profit/islamic-education-center-houston/,,57.0,,,,census_geocoder,74605,12.801049814738574,2.48
3891,Baitus Samee Mosque,1333 Spears Road,Houston,TX,77067,29.96461,-95.4407954,,2002,,https://en.wikipedia.org/wiki/Baitus_Samee_Mosque_(Houston),,23.0,,,,nominatim,52032,25.12368889768454,3.07
3892,Dar-E-Abbas,12121 Vetern Memorial Drive,Houston,TX,77067,29.962612503191,-95.479275706761,,"
",,"
",38.0,74.0,,,,census_geocoder,52032,25.12368889768454,3.07
3893,Darul Huda,1414 Hugh Road,Houston,TX,77067,29.959921629769,-95.443181347367,,"
",,"
",,7.0,,,,census_geocoder,52032,25.12368889768454,3.07
3894,Masjid Bilal - ISGH,11815 Adel Road,Houston,TX,77067,29.956569386499,-95.448295367861,,1969,,https://isgh.org/adelrd/,,13.0,,,,census_geocoder,52032,25.12368889768454,3.07
3895,Masjid An-Noor â DeSoto,10762 Farm to Market 1960 Road West,Houston,TX,77070,,,,"
",,"
",0.0,60.0,,,,,77397,13.349793093855409,2.62
3896,Diyanet Houston Camii,4135 L Street,Houston,TX,77072,29.713896784092,-95.589004507873,,"
",,"
",16.0,61.0,,,,census_geocoder,51070,23.42914438502674,3.11
3897,Muhammadi Masjid,11830 Corona Lane,Houston,TX,77072,29.694903297162,-95.586601356231,,1980,,https://local.yahoo.com/info-19063532-muhammadi-masjid-houston/?guccounter=1,39.0,55.0,,,,census_geocoder,51070,23.42914438502674,3.11
3898,Madina Masjid Rosenberg,7800 Bissonnet Street,Houston,TX,77074,29.683140431966,-95.516035460105,,"
",,"
",47.0,49.0,,,,census_geocoder,47810,27.10338153862696,2.84
3899,Madrasah Islamiah,6665 Bintliff Drive,Houston,TX,77074,29.707405967603,-95.505270479686,,1990,,https://madrasahislamiah.org/about-us/,47.0,61.0,,,,census_geocoder,47810,27.10338153862696,2.84
3900,Masjed,6665 Bintliff Drive,Houston,TX,77074,29.707405967603,-95.505270479686,,"
",,"
",47.0,61.0,,,,census_geocoder,47810,27.10338153862696,2.84
3901,Masjid Istiqlal Houston,6400 Southwest Freeway,Houston,TX,77074,29.719344821299,-95.49681716759,,2015,,https://www.istiqlalhouston.org/mission-history,48.0,77.0,,,,census_geocoder,47810,27.10338153862696,2.84
3902,Mosque,6806 Hornwood Drive,Houston,TX,77074,29.7097183,-95.5029408,,"
",,"
",,,,,,nominatim,47810,27.10338153862696,2.84
3903,Expo Mosque,11322 Westheimer Road,Houston,TX,77077,29.736772110531,-95.578951647634,,"
",,"
",49.0,77.0,,,,census_geocoder,72871,12.248613616623238,2.15
3904,Gul Masjid,14366 Memorial Drive,Houston,TX,77079,29.770252104411,-95.600053414172,,"
",,"
",27.0,82.0,,,,census_geocoder,101995,11.4559242725757,2.42
3905,"Islamic Religious Services, Fort Bliss",10125 Emnora Lane,Houston,TX,77080,29.815311974121,-95.542169267182,,"
",,"
",40.0,78.0,,,,census_geocoder,62134,25.574097241364687,2.95
3906,AL NOOR MOSQUE,6443 Prestwood Drive,Houston,TX,77081,29.718134675214,-95.493905981332,,1992,,https://alnoormasjid.org/about/,48.0,71.0,,,,census_geocoder,43251,31.78707224334601,2.58
3907,Masjid Al Suffah,6121 Hillcroft Avenue,Houston,TX,77081,29.71454521346,-95.496573075196,,"
",No Basic Information,"
",47.0,79.0,,,,census_geocoder,43251,31.78707224334601,2.58
3908,Islamic Society of Triplex/Beaumont Mosque,12703 Brant Rock Drive,Houston,TX,77082,29.715202933985,-95.607277627724,,2017,,https://www.beaumontenterprise.com/news/article/2-million-9K-square-foot-mosque-now-open-to-11216527.php,37.0,64.0,,,,census_geocoder,62455,15.986290678339952,2.55
3909,Makkah Masjid-Greater Houston,3505 South Dairy Ashford Road,Houston,TX,77082,29.723734347736,-95.604791712053,,"
",,"
",37.0,66.0,,,,census_geocoder,62455,15.986290678339952,2.55
3910,Masjid - Madrasah Jamiah Islamiah Texas,3820 South Dairy Ashford Road,Houston,TX,77082,29.717470333984,-95.60478409872,,"
",,"
",38.0,66.0,,,,census_geocoder,62455,15.986290678339952,2.55
3911,Masjid Al Huda,13180 Westpark Drive,Houston,TX,77082,29.721233012169,-95.618623610813,,"
",,"
",39.0,53.0,,,,census_geocoder,62455,15.986290678339952,2.55
3912,Sufaraa - Mckinney,16205 Westheimer Road,Houston,TX,77082,29.719696671324,-95.671649117843,,"
",,"
",16.0,35.0,,,,census_geocoder,62455,15.986290678339952,2.55
3913,AL-RAHMA COMMUNITY CENTER OF HOUSTON,7003 Addicks Clodine Road,Houston,TX,77083,29.698854662909,-95.664532023096,,"
",,"
",22.0,45.0,,,,census_geocoder,64418,15.664366305181291,3.26
3914,Iman Academy SW,6200 South Texas 6,Houston,TX,77083,29.705891664106,-95.64409362284,,"
",,"
",35.0,76.0,,,,census_geocoder,64418,15.664366305181291,3.26
3915,ISGH Hamza Funeral Home (Islamic Society of Greater Houston),6233a Tres Lagunas Drive,Houston,TX,77083,29.710441788306,-95.638814224624,,"
",,"
",,60.0,,,,census_geocoder,64418,15.664366305181291,3.26
3916,ISGH Masjid Hamza - Mission Bend Islamic Center,6233 Tres Lagunas Drive,Houston,TX,77083,29.710441788306,-95.638814224624,,"
",,"
",,67.0,,,,census_geocoder,64418,15.664366305181291,3.26
3917,Jama Mecca Masjid,15001 Beechnut Street,Houston,TX,77083,29.689497531274,-95.65224788165,,2006,,https://hijazfoundation.org/about-us/,24.0,62.0,,,,census_geocoder,64418,15.664366305181291,3.26
3918,Mariam Center Mosque,7001 South Texas 6,Houston,TX,77083,29.701020516207,-95.643814169771,,"
",,"
",38.0,62.0,,,,census_geocoder,64418,15.664366305181291,3.26
3919,Markazi Imam Bargah Al-Murtaza,14903 Bellaire Boulevard,Houston,TX,77083,29.702382799337,-95.649330999063,,"
",Information Without Year,https://al-murtaza.org/,31.0,74.0,,,,census_geocoder,64418,15.664366305181291,3.26
3920,Musjid,6265 South Texas 6,Houston,TX,77083,29.873135380173,-95.645327349807,,"
",,"
",39.0,74.0,,,,census_geocoder,64418,15.664366305181291,3.26
3921,Bosniaks Cultural Community of Houston,3426 Longhorn Drive,Houston,TX,77084,29.81774298787,-95.66556550092,,"
",,"
",,2.0,,,,census_geocoder,80575,12.754420860467016,2.99
3922,Evani Burhani,17730 Coventry Park Drive,Houston,TX,77084,29.8612930108,-95.679850144683,,1980,,https://local.yahoo.com/info-19063532-muhammadi-masjid-houston/?guccounter=1,0.0,40.0,,,,census_geocoder,80575,12.754420860467016,2.99
3923,ISGH Bear Creek Islamic Center (BCIC) | Masjid Al-Mustafa,17250 Coventry Park Drive,Houston,TX,77084,29.861949709339,-95.671830082279,,1970,,https://prayersconnect.com/mosques/84020463-masjid-al-mustafa-isgh-bear-creek-islamic-center-houston-texas-united-states,0.0,45.0,,,,census_geocoder,80575,12.754420860467016,2.99
3924,ISGH Bear Creek Islamic Center (BCIC) | Masjid Al-Mustafa,17250 Coventry Park Drive,Houston,TX,77084,29.861949709339,-95.671830082279,,"
",,"
",0.0,45.0,,,,census_geocoder,80575,12.754420860467016,2.99
3925,Masjid e Hussain,17730 Coventry Park Drive,Houston,TX,77084,29.8612930108,-95.679850144683,,"
",,"
",0.0,40.0,,,,census_geocoder,80575,12.754420860467016,2.99
3926,Houston Masjid of Al-Islam,6641 Bellfort Avenue,Houston,TX,77087,29.667412730067,-95.312134076259,,2011,,https://www.mapquest.com/us/texas/hassan-masjid-of-all-islam-409566127,36.0,60.0,,,,census_geocoder,52847,21.99597490233219,3.01
3927,E Quraish Mosque,12419 Scarsdale Boulevard,Houston,TX,77089,29.594215733243,-95.203475391597,,"
",No Basic Information,"
",14.0,51.0,,,,census_geocoder,88140,13.230031615884377,3.02
3928,Richmond Islamic Community Center,9700 Riverstone Ranch Road,Houston,TX,77089,,,,"
",,"
",0.0,21.0,,,,,88140,13.230031615884377,3.02
3929,Masjid,1155 Farm to Market 1960 Road West,Houston,TX,77090,,,,"
",,"
",,,,,,,50903,23.106914099091117,2.50
3930,MAS Katy Center (Masjid Al-Rahman),1800 Baker Road,Houston,TX,77094,29.761311943269,-95.701885790637,,"
",,"
",,9.0,,,,census_geocoder,139932,6.849446849446849,2.37
3931,Flaah Islamic Center,9203 Jackrabbit Road,Houston,TX,77095,,,,2002,,https://islamicdawahcenter.org/about-us/,,32.0,,,,,91594,5.212260756943445,2.73
3932,ISGH River Oaks Islamic Center (ROIC),3110 Eastside Street,Houston,TX,77098,29.736762837423,-95.424836778737,,1969,,"https://isgh.org/about/#:~:text=The%20Islamic%20Society%20of%20Greater,the%20founders%20of%20the%20society.",51.0,85.0,,,,census_geocoder,116650,9.570017431725741,1.82
3933,Al-Ghadeer,9260 South Course Drive,Houston,TX,77099,29.678775058205,-95.562713383682,,1993,,https://prayersconnect.com/mosques/84069441-al-ghadeer-houston-texas-united-states,42.0,41.0,,,,census_geocoder,49396,25.33204734060723,3.04
3934,Desi Village Masjid,9810 Amblewood Drive,Houston,TX,77099,29.672272488633,-95.580077555,,"
",,"
",37.0,44.0,,,,census_geocoder,49396,25.33204734060723,3.04
3935,ISGH Masjid Savoy Wilcrest,11246 Wilcrest Drive,Houston,TX,77099,29.657524337714,-95.570460566397,,"
",,"
",36.0,76.0,,,,census_geocoder,49396,25.33204734060723,3.04
3936,Masjid AlRasool AlAkram,9300 South Course Drive,Houston,TX,77099,29.678466147211,-95.562771981543,,2005,,https://www.imams.us/committee/in-memoriam/,42.0,47.0,,,,census_geocoder,49396,25.33204734060723,3.04
3937,Masjid Texarkana,11951 Bissonnet Street,Houston,TX,77099,29.675285071632,-95.589221252022,,1978,,https://www.masjidwdmohammed.com/about-us/the-history-of-masjid-wdm/,34.0,68.0,,,,census_geocoder,49396,25.33204734060723,3.04
3938,Minaret ElFarouq Mosque,Houston,Houston,TX,77099,29.767579,-95.3674625,,"
",,"
",64.0,50.0,,,,nominatim,49396,25.33204734060723,3.04
3939,MUSLIM COMMUNITY HALL,12102 Bissonnet Street,Houston,TX,77099,29.675545562426,-95.591267528525,,"
",,"
",34.0,68.0,,,,census_geocoder,49396,25.33204734060723,3.04
3940,NASFAT HOUSTON BRANCH,9360 Kegan Road,Houston,TX,77099,,,,2015,,"
",34.0,66.0,,,,,49396,25.33204734060723,3.04
3941,Robert's HOA Powertrip,8800 West Sam Houston Parkway South,Houston,TX,77099,29.683381299173,-95.559055716184,,"
",,"
",45.0,53.0,,,,census_geocoder,49396,25.33204734060723,3.04
3942,WIC Masjid,11246 South Wilcrest Drive,Houston,TX,77099,29.657524337714,-95.570460566397,,1969,,https://isgh.org/islamic-centers/,36.0,76.0,,,,census_geocoder,49396,25.33204734060723,3.04
3943,Islamic Center of Conroe ICC (Masjid Bilal),South Frazier Street,Conroe,TX,77301,30.3053205,-95.4595225,,"
",Information Without Year,"
",,59.0,,,,nominatim,66475,17.126527933495584,2.95
3944,Cleveland Mosque,24293 Texas 321,Cleveland,TX,77327,,,,"
",,"
",,1.0,,,,,62219,22.598977983666842,3.43
3945,Masjid Fatima tuz Zahra,5511 Farm to Market 1960,Humble,TX,77338,30.013911454799,-95.343097929767,,"
",,"
",0.0,3.0,,,,census_geocoder,64755,19.56161510225485,2.84
3946,Masjid Ghous-E-Azam,5511 Farm to Market 1960 Road East,Humble,TX,77338,29.998803715548,-95.190050658961,,"
",,"
",0.0,3.0,,,,census_geocoder,64755,19.56161510225485,2.84
3947,Masjid Al-Rasul No. 2 Fifth Ward,3516 Montgomery Road,Huntsville,TX,77340,30.687624918989,-95.558650840874,,"
",,"
",,14.0,,,,census_geocoder,48538,22.156420984872867,2.27
3948,Kingwood Islamic Center (Kingwood Mosque),22001 East Martin Drive,Montgomery County,TX,77365,30.088501772797,-95.236047719744,,2003,,"
",,30.0,,,,census_geocoder,95702,11.533466100961123,2.96
3949,Masjid Faruq of Grand Prairie TX,22040 West Ford Road,Montgomery County,TX,77365,30.097876253458,-95.23604557582,,"
",,"
",,40.0,,,,census_geocoder,95702,11.533466100961123,2.96
3950,Masjid AlSalam,16700 Old Louetta Road,Spring,TX,77379,,,,1998,,https://www.instagram.com/reel/C8DQVnaRU82/,,34.0,,,,,107486,7.5151070799285735,2.91
3951,Masjid Umar Al-Farooq,7623 Louetta Road,Spring,TX,77379,30.018371362527,-95.52816140483,,1995,,https://www.facebook.com/ISSTMcAllen/,0.0,70.0,,,,census_geocoder,107486,7.5151070799285735,2.91
3952,Masjid Abu Huraira,1701 Sawdust Road,The Woodlands,TX,77380,30.126186436033,-95.469530198349,,2004,,"
",,39.0,,,,census_geocoder,88562,8.196826005045182,2.03
3953,WEST PLANO MUSALLAH,1625 Sawdust Road,Spring,TX,77380,30.126192977126,-95.468603505663,,"
",,"
",,51.0,,,,census_geocoder,88562,8.196826005045182,2.03
3954,Al Ansaar Masjid - An ISGH Masjid,15217 Sunset Trail,The Woodlands,TX,77384,30.235448645915,-95.517963811448,,1969,,https://isgh.org/islamic-centers/,,7.0,,,,census_geocoder,91667,4.294524669073406,2.32
3955,Shepard Airforce Base Mosque (edited by Ebrahim Chowdhury),15206 Sunset Trail,Conroe,TX,77384,30.236858200773,-95.518112365741,,"
",,"
",,9.0,,,,census_geocoder,91667,4.294524669073406,2.32
3956,Masjid Ali Ul Murtaza. Minhaj-ul-Quran Islamic Center Katy.,11333 Whispering Oaks Drive,Conroe,TX,77385,30.179640281777,-95.409340702408,,"
",,"
",,0.0,,,,census_geocoder,117118,6.364095533588282,2.91
3957,Masjid Al Jamia Mesquite,1827 Riley Fuzzel Road,Spring,TX,77386,30.096946151525,-95.402436452094,,"
",,"
",,26.0,,,,census_geocoder,132469,6.724356025758969,3.11
3958,Masjid E Mohammedi,990 Rayford Road,Spring,TX,77386,30.127577243713,-95.427475419889,,1980,,https://local.yahoo.com/info-19063532-muhammadi-masjid-houston/?guccounter=1,0.0,42.0,,,,census_geocoder,132469,6.724356025758969,3.11
3959,Keller Islamic Center (KIC),18901 Kuykendahl Road,Spring,TX,77388,30.040536850917,-95.488735664626,,"
",,"
",,53.0,,,,census_geocoder,102323,8.207205686528255,2.87
3960,Ismaili Jamatkhana - San Antonio,24525 Community Center Drive,Spring,TX,77389,30.114895915718,-95.542535944545,,"
",,"
",,8.0,,,,census_geocoder,140683,8.414851289266009,3.04
3961,Hidayah masjid (humble masjid),7834 Royal Street,Humble,TX,77396,29.969489437235,-95.271699794705,,"
",,"
",,2.0,,,,census_geocoder,78169,14.571896204862414,2.95
3962,ISGH Harvest Green Aliana Musalla (HART),18802 West Airport Boulevard,Richmond,TX,77406,29.648823092674,-95.710573975016,,"
",,"
",,14.0,,,,census_geocoder,141869,6.024829059195206,2.97
3963,Ismaili Jamatkhana and Center - Harvest Green,9550 Harlem Road,Richmond,TX,77407,29.6513656,-95.7138684,,2023,,https://econtractors.com/project/ismaili-jamathkhana-at-harvest-green/,,22.0,,,,nominatim,98913,9.082619004194784,3.33
3964,Masjid,7120 Farm to Market 1464,Richmond,TX,77407,29.703545088973,-95.688188512039,,"
",,"
",,44.0,,,,census_geocoder,98913,9.082619004194784,3.33
3965,Cypress Islamic Center,16103 Cypress Rose Hill Road,Harris County,TX,77429,30.00126656338,-95.697713721805,,"
",Information Without Year,https://cypressislamiccenter.org/contact-us/,,23.0,,,,census_geocoder,119191,5.531519103753866,2.92
3966,ICNA Outreach Center,19025 Wilks Drive,Harris County,TX,77433,30.034204055026,-95.725373539344,,"
",,"
",,4.0,,,,census_geocoder,143934,7.025644117875078,3.33
3967,Quba Masjid,11901 Barker Cypress Road,Harris County,TX,77433,29.934312622427,-95.682700735322,,"
",,"
",0.0,53.0,,,,census_geocoder,143934,7.025644117875078,3.33
3968,Haq Al Zahra Center,2011 Monarch Hollow Lane,Katy,TX,77449,29.795653548954,-95.737667521994,,"
",,"
",,27.0,,,,census_geocoder,87808,12.65484950864689,3.18
3969,Masjid,19210 Clay Road,Katy,TX,77449,29.831183236649,-95.703804530543,,"
",,"
",,32.0,,,,census_geocoder,87808,12.65484950864689,3.18
3970,Masjid Al Ahad,19214 Clay Road,Katy,TX,77449,29.831183589834,-95.703894680152,,2008,,https://masjidahad.org/about/,,32.0,,,,census_geocoder,87808,12.65484950864689,3.18
3971,Masjid AL-UMMAH,20050 Franz Road,Katy,TX,77449,29.802845880208,-95.727581868412,,"
",,"
",,39.0,,,,census_geocoder,87808,12.65484950864689,3.18
3972,Masjid DAR UN NOOR,3115 North Fry Road,Katy,TX,77449,29.817579897245,-95.72011843289,,"
",,"
",0.0,57.0,,,,census_geocoder,87808,12.65484950864689,3.18
3973,Tayyaba Masjid,20140 Morton Road,Katy,TX,77449,29.814943888585,-95.721887866969,,"
",Information Without Year,https://tayyaba-masjid.com-place.com/about,0.0,57.0,,,,census_geocoder,87808,12.65484950864689,3.18
3974,ISGH (Riverstone Musallah),4502 Riverstone Boulevard,Missouri City,TX,77459,29.567083277153,-95.572510839581,,"
",,"
",,43.0,,,,census_geocoder,129151,5.8530525460778575,2.94
3975,Masjid Ayesha,4502 Watts Plantation Road,Missouri City,TX,77459,29.5255736,-95.5204875,,2018,,https://prayersconnect.com/mosques/84080366-masjid-ayesha-missouri-city-texas-united-states,,8.0,,,,nominatim,129151,5.8530525460778575,2.94
3976,Fatima Masjid,4919 Foerster School Road,Needville,TX,77461,,,,"
",,"
",,0.0,,,,,93446,14.639108145495971,3.03
3977,Madani Masjid Alvin TX (ISGH),451 Minonite Road,Rosenberg,TX,77469,29.5396904,-95.7442995,,"
",,"
",,48.0,,,,nominatim,102125,7.666929432717293,2.86
3978,Masjid Noorul Islam- Cactus Islamic Center,1833 Richmond Parkway,Richmond,TX,77469,29.5736793,-95.7499494,,"
",No Basic Information,"
",,16.0,,,,nominatim,102125,7.666929432717293,2.86
3979,Rosenberg Community Center,6719 Koeblen Road,Richmond,TX,77469,29.506199710843,-95.763891777585,,2023,,"https://www.causeiq.com/organizations/rosenberg-community-center,922761955/",,1.0,,,,census_geocoder,102125,7.666929432717293,2.86
3980,Cruz Eid sheep,360 Prairie Lane,Sealy,TX,77474,29.834945640968,-96.166815038908,,"
",,"
",,0.0,,,,census_geocoder,75272,14.383379795566176,2.57
3981,Brand Lane Islamic Center - Masjid As Sabireen,610 Brand Lane,Stafford,TX,77477,29.619389088832,-95.578042857641,,1992,,https://www.brandlaneic.com/,,60.0,,,,census_geocoder,75744,11.57650142993327,2.55
3982,Faizane-Madinah,12829 Capricorn Street,Stafford,TX,77477,29.633823109075,-95.567749493401,,"
",,"
",,46.0,,,,census_geocoder,75744,11.57650142993327,2.55
3983,Adam Masjid,341 Southwestern Boulevard,Sugar Land,TX,77478,29.622651,-95.5972788,,"
",,"
",,58.0,,,,nominatim,118495,5.223588718439007,2.50
3984,Faizan e Madinah - Jamia Tul Madina,13130 Alston Road,Sugar Land,TX,77478,29.65177293893,-95.614630275336,,"
",Information Without Year,"
",,56.0,,,,census_geocoder,118495,5.223588718439007,2.50
3985,Fouzia Naheed Outreach Center (FNOC),12551 Emily Court,Sugar Land,TX,77478,29.630915609627,-95.601643841626,,"
",,"
",,41.0,,,,census_geocoder,118495,5.223588718439007,2.50
3986,Ismaili Jamatkhana - Spring,1700 First Colony Boulevard,Sugar Land,TX,77479,29.598599873671,-95.637042005391,,2018,,"https://ismailimail.blog/2018/08/09/governor-of-texas-joins-ismaili-muslims-in-opening-new-austin-jamatkhana/#:~:text=Menu-,Governor%20of%20Texas%20joins%20Ismaili%20Muslims%20in%20opening%20new%20Austin,AMANDA%20VOISARD%20/%20AMERICAN%2DSTATESMAN",,49.0,,,,census_geocoder,156735,4.724494889212005,3.09
3987,Markaz Raodatul Jannah,504 Sartartia Road,Sugar Land,TX,77479,29.594591801918,-95.683376877909,,2003,,"
",,21.0,,,,census_geocoder,156735,4.724494889212005,3.09
3988,Zahiya Center,16305 Kensington Drive,Sugar Land,TX,77479,29.596800650571,-95.629442495532,,"
",,  ,,57.0,,,,census_geocoder,156735,4.724494889212005,3.09
3989,ISGH Islamic Cemetery (Islamic Society of Greater Houston),22505 Stokes Road,Waller,TX,77484,30.104551539087,-95.90979068625,,"
",,"
",,0.0,,,,census_geocoder,81250,13.981042654028435,2.99
3990,VRIC (North),31380 Farm to Market 2920,Waller,TX,77484,30.053504667366,-95.913044534401,,"
",,"
",,47.0,,,,census_geocoder,81250,13.981042654028435,2.99
3991,Al-Huda Islamic Center,6703 Pitts Road,Katy,TX,77493,29.867547264418,-95.840596780307,,1992,,https://www.linkedin.com/company/al-hedayah-academy/,,0.0,,,,census_geocoder,118464,10.002701895593066,3.22
3992,Ar Rayyan Mosque,6734 Westheimer Lakes North Drive,Katy,TX,77494,29.696646180944,-95.835484394963,,"
",,"
",0.0,51.0,,,,census_geocoder,148720,5.703922564583169,3.26
3993,Masjid Aqsa,2810 Saddlehorn Trail,Katy,TX,77494,29.756113342858,-95.794914011739,,2010,,https://aqsamasjidkaty.com/about/,,30.0,,,,census_geocoder,148720,5.703922564583169,3.26
3994,Riverstone Ranch Musallah,23927 River Place Drive,Katy,TX,77494,29.760786610534,-95.78708893066,,"
",,"
",,24.0,,,,census_geocoder,148720,5.703922564583169,3.26
3995,Wilcrest Musalla,4031 Farm to Market 1463,Katy,TX,77494,29.732191651607,-95.846222650123,,1969,,https://isgh.org/islamic-centers/,,30.0,,,,census_geocoder,148720,5.703922564583169,3.26
3996,Ali Center: Markazi Imam Bargah Azakhana e Zehra,15505 West Bellfort Avenue,Sugar Land,TX,77498,,,,"
",,"
",,22.0,,,,,100950,7.777819933983382,3.05
3997,Ansar Ud Deen Society Southwest Houston,16500 Boss Gaston Road,Sugar Land,TX,77498,29.668580009712,-95.67494551315,,1997,,"https://www.causeiq.com/organizations/ansar-ud-deen-society-of-nigeria-houston-texas-bra,311539855/",,11.0,,,,census_geocoder,100950,7.777819933983382,3.05
3998,Darul Uloom Texas Masjid in Sugar Land,15522 Voss Road,Sugar Land,TX,77498,29.645179324576,-95.65815171111,,2011,,https://dutx.org/about-us/,,50.0,,,,census_geocoder,100950,7.777819933983382,3.05
3999,Indonesian American Muslim Community,15303 Mc Kaskle Road,Sugar Land,TX,77498,29.653974212112,-95.654629073268,,"
",,"
",,42.0,,,,census_geocoder,100950,7.777819933983382,3.05
4000,ISGH Masjid At-Taqwa,10415 Synott Road,Sugar Land,TX,77498,29.665707542746,-95.617776120673,,1992,,https://www.archnet.org/sites/14720,0.0,37.0,,,,census_geocoder,100950,7.777819933983382,3.05
4001,Masjid Arafat,18601b Old Richmond Road,Sugar Land,TX,77498,,,,"
",,"
",,23.0,,,,,100950,7.777819933983382,3.05
4002,Masjid Ar-Rayhan,16300 Old Richmond Road,Sugar Land,TX,77498,,,,"
",,"
",,30.0,,,,,100950,7.777819933983382,3.05
4003,Masjid Children's Memorial Hospital Ground Floor Chapel,16202 West Bellfort Avenue,Sugar Land,TX,77498,29.667535127835,-95.672266497233,,"
",,"
",,12.0,,,,census_geocoder,100950,7.777819933983382,3.05
4004,Masjid Istiqlal Houston,15303 Mc Kaskle Road,Sugar Land,TX,77498,29.653974212112,-95.654629073268,,2001,,https://www.masjidibrahim.org/images/index6.html,,42.0,,,,census_geocoder,100950,7.777819933983382,3.05
4005,Quba Academy,11920 South Texas 6,Sugar Land,TX,77498,29.637792946687,-95.651580495688,,"
",,"
",,66.0,,,,census_geocoder,100950,7.777819933983382,3.05
4006,Alvin Musalla,1704 East South Street,Alvin,TX,77511,29.409530756806,-95.229146825501,,1998,,https://www.facebook.com/themasjid/posts/masjid-madani-in-alvintexas-needs-your-urgent-helpassalamu-alikum-my-dear-brothe/3421568107882208/,,27.0,,,,census_geocoder,74939,9.575108212504125,2.89
4007,lil Saint James Temple,1704 West South Street,Alvin,TX,77511,29.408887684065,-95.246061695248,,"
",,"
",,36.0,,,,census_geocoder,74939,9.575108212504125,2.89
4008,Islamic Center of Baytown,4000 Emmett Hutto Boulevard,Baytown,TX,77521,,,,1969,,https://prayersconnect.com/mosques/84036830-islamic-center-of-baytown-baytown-texas-united-states,,24.0,,,,,73629,15.364313731208352,2.82
4009,Muhammadi Masjid and Madrasah Darussalam,1239 Texas 332,Clute,TX,77531,29.0282005,-95.3966536,,1980,,https://en.halalguide.me/memorial/mechet/muhammadi-masjid-,,41.0,,,,nominatim,73240,8.42403000676382,2.47
4010,19411 Ramsey Rd -,19455 Ramsey Road,Crosby,TX,77532,29.959353586261,-95.04866388639,,"
",,"
",,0.0,,,,census_geocoder,92201,13.04811566721972,3.01
4011,Maktab Foundation,8007 Spencer Highway,Deer Park,TX,77536,29.663892503439,-95.116491209382,,"
",,"
",,66.0,,,,census_geocoder,102045,7.922886323804919,2.81
4012,Al-Qalam Institute,2300 Old Road,Friendswood,TX,77546,29.4954638,-95.180415,,"
",,"
",,9.0,,,,nominatim,123756,3.498419001397161,2.80
4013,Islamic Center of Galveston - Masjid,921 Broadway Avenue J,Galveston,TX,77550,29.304148637076,-94.776227940652,,2002,,https://www.facebook.com/galvestonhistory/posts/the-galveston-islamic-center-the-countys-first-mosque-opened-its-doors-in-octobe/918323213673777/,,77.0,,,,census_geocoder,45047,26.914698963143678,1.92
4014,Masjid Marwaas,7610 Highway 6,Hitchcock,TX,77563,29.347776461503,-95.013952432822,,"
",,"
",,50.0,,,,census_geocoder,75806,14.86118122160525,2.45
4015,Masjid Al-Fattah,2611 Farm to Market Road 1765,La Marque,TX,77568,29.378680806931,-94.98168572029,,"
",Information Without Year,https://www.facebook.com/people/Masjid-Al-Fattah/61557627904291/?mibextid=LQQJ4d,,49.0,,,,census_geocoder,74694,14.237140366172623,2.55
4016,Islamic Education Center - League City,2619 Kentucky Avenue,League City,TX,77573,29.491131624156,-95.063234430816,,2008,,"
",,24.0,,,,census_geocoder,122722,5.115730048755453,2.71
4017,Laughlin Mosque,118 McKibben Lane,League City,TX,77573,29.506057899471,-95.103299963086,,"
",,"
",,65.0,,,,census_geocoder,122722,5.115730048755453,2.71
4018,Young Muslim Academy,1701 State Highway 3,League City,TX,77573,29.489890248958,-95.078774643069,,"
",,"
",,18.0,,,,census_geocoder,122722,5.115730048755453,2.71
4019,Oxford At Medical Center,1530 Garden Road,Pearland,TX,77581,29.583059083284,-95.321237861145,,2002,,"
",,3.0,,,,census_geocoder,111139,4.4899235716100785,2.86
4020,Al Fatiha Center,3695 Kirby Drive,Pearland,TX,77584,29.5604396,-95.3986205,,"
",,"
",,31.0,,,,nominatim,121872,4.257976107593188,2.89
4021,Saniatul Bida,12234 Shadow Creek Parkway,Pearland,TX,77584,29.577051314991,-95.408655268241,,"
",,"
",,40.0,,,,census_geocoder,121872,4.257976107593188,2.89
4022,Masjid Al-Amin,2506 25 Avenue North,Texas City,TX,77590,29.408101156557,-94.930885066309,,"
",Information Without Year,https://www.facebook.com/people/Masjid-Al-Fattah/61557627904291/?mibextid=LQQJ4d,15.0,63.0,,,,census_geocoder,65801,17.29890383816433,2.44
4023,Asia Center,618 Barringer Lane,Webster,TX,77598,29.565600465645,-95.146542301047,,2002,,https://www.zoominfo.com/c/asia-center/369264930,0.0,73.0,,,,census_geocoder,60977,13.25456750518368,2.07
4024,Maryam Islamic Center,618 Barringer Lane,Webster,TX,77598,29.565600465645,-95.146542301047,,2003,,https://www.maryammasjid.org/about-us/,0.0,73.0,,,,census_geocoder,60977,13.25456750518368,2.07
4025,Masjid Al Shareef,2525 Friendswood Link Road,Webster,TX,77598,,,,"
",No Basic Information,"
",0.0,74.0,,,,,60977,13.25456750518368,2.07
4026,Islamic Center of Port Arthur,1100 Gulfway Drive,Port Arthur,TX,77640,29.884520838922,-93.942075874292,,"
",Information Without Year,"
",,34.0,,,,census_geocoder,50973,23.155797738325422,2.37
4027,Beaumont Mosque â Islamic Society of Triplex (IST),1270 West Cardinal Drive,Beaumont,TX,77705,30.03332033717,-94.094304812726,,2017,,https://www.beaumontenterprise.com/news/article/2-million-9K-square-foot-mosque-now-open-to-11216527.php,,16.0,,,,census_geocoder,54633,23.484492481203006,2.57
4028,Islamic Society of Southern Texas (Abul Qasim Masjid),1270 East Cardinal Drive,Beaumont,TX,77705,30.03332033717,-94.094304812726,,1995,,https://isstcc.org/?page_id=33,,12.0,,,,census_geocoder,54633,23.484492481203006,2.57
4029,Jamia Masjid Beaumont,2394 West Lucas Drive,Beaumont,TX,77706,30.104266883857,-94.147512843777,,2015,,https://wikimapia.org/33328838/Jamia-Masjid,,51.0,,,,census_geocoder,73185,11.960375045555445,2.25
4030,Masjid Uthaymeen,4699 Calder Avenue,Beaumont,TX,77706,30.0847160297,-94.152360980251,,2008,,"https://www.causeiq.com/organizations/islamic-center-of-south-dallas,205829571/",,72.0,,,,census_geocoder,73185,11.960375045555445,2.25
4031,Islamic Community of Bryan- College Station (ICBCS),417 Stasney Street,College Station,TX,77840,30.621502941932,-96.346323316943,,1988,,https://www.icbcs.org/about-us/,,75.0,,,,census_geocoder,30377,47.70805879371515,2.23
4032,Ismaili Jamatkhana,1590 Arrington Road,College Station,TX,77845,30.546745233023,-96.258677917219,,2019,,"https://ismailimail.blog/2019/04/05/the-ismaili-jamatkhana-opened-its-doors-to-the-community-when-houston-needed-it-the-most/#:~:text=Menu-,The%20Ismaili%20Jamatkhana%20opened%20its%20doors%20to%20the%20community%20when,comforted%20a%20community%20in%20need.",,27.0,,,,census_geocoder,88851,12.914889671796773,2.53
4033,Islamic Center of Victoria,201 East Airline Road,Victoria,TX,77901,28.819547542541,-97.00375788378,,1991,,http://www.victoriaislamiccenter.com/our-history/,,55.0,,,,census_geocoder,57923,24.801362088535754,2.55
4034,Muslim Association of West Texas,10915 Farm to Market Road 1560,Helotes,TX,78023,29.544238134598,-98.708238451159,,"
",,"
",,11.0,,,,census_geocoder,134007,5.179296944002827,2.97
4035,Islamic Center of Laredo,604 Amistad Drive,Laredo,TX,78041,27.553412015247,-99.482482827182,,1990,,https://www.iqrasense.com/islam-in-america/muslims-in-laredo-texas-usa-islamic-centers-and-mosques.html,,55.0,,,,census_geocoder,61544,19.893357031770716,2.85
4036,Islamic Association-Mesquite,County Road 341,La Vernia,TX,78121,29.3502084,-98.1014465,,"
",,"
",,14.0,,,,nominatim,120048,8.01098078362865,3.04
4037,"Nazrul Islam, MD, PA",1658 Pahmeyer Road,New Braunfels,TX,78130,29.672765881614,-98.12952204212,,"
",,"
",,17.0,,,,census_geocoder,83064,7.714810531328661,2.52
4038,Alfalah Downtown Center (Mosque),2554 East Houston Street,San Antonio,TX,78202,29.425019612702,-98.453298061434,,"
",,"
",42.0,67.0,,,,census_geocoder,47478,24.102462664424884,2.33
4039,Masjid Khulafa'A Rashideen (A Project of Texas Islamic Community Center),1702 Hayes Street,San Antonio,TX,78207,29.429945591522,-98.456354982458,,"
",,"
",41.0,55.0,,,,census_geocoder,32472,42.21092452112648,2.94
4040,League City Islamic Center,3021 Knight Robin Drive,San Antonio,TX,78209,29.497719532517,-98.441618843051,,2008,,http://leaguecityislamiccenter.com/,35.0,58.0,,,,census_geocoder,86514,9.289938051436081,2.09
4041,Masjid Al-Haqq,9323 Perrin Beitel,San Antonio,TX,78217,29.524639193518,-98.41107903148,,1988,,https://masjidalhaqq.com/about-us,36.0,63.0,,,,census_geocoder,60988,15.371492440731807,2.29
4042,Masjid Bilal Ibn Rabah of San Antonio (MBIR),530 South WW White Road,San Antonio,TX,78220,29.423062046147,-98.405489548687,,2010,,"https://www.causeiq.com/organizations/mbir-of-san-antoniotexas,271363303/",41.0,49.0,,,,census_geocoder,41710,35.67954818804581,2.90
4043,Alfalah Society of Greater San Antonio,4139 Gardendale Road,San Antonio,TX,78229,29.522327083681,-98.566189717023,,"
",,"
",37.0,68.0,,,,census_geocoder,46574,26.53671881679063,2.14
4044,Islamic Center of San Antonio,8638 Fairhaven Street,San Antonio,TX,78229,29.519668374179,-98.565007133554,,1993,,https://icsaonline.org/about/,37.0,48.0,,,,census_geocoder,46574,26.53671881679063,2.14
4045,Oak Cliff Islamic Center (OCIC),8639 Fairhaven Street,San Antonio,TX,78229,29.519625922872,-98.565129449935,,"
",,"
",40.0,64.0,,,,census_geocoder,46574,26.53671881679063,2.14
4046,Masjid Hassan of Al-Islam,5622 Evers Rd,San Antonio,TX,78238,29.488303499758,-98.59731699681,,2011,,https://www.mapquest.com/us/texas/hassan-masjid-of-all-islam-409566127,43.0,75.0,,,,census_geocoder,57769,13.675809700914304,2.50
4047,Rafraf Musallah,5403 Jackwood Drive,San Antonio,TX,78238,29.48549187086,-98.601307855769,,"
",,"
",43.0,70.0,,,,census_geocoder,57769,13.675809700914304,2.50
4048,Zainabia-SA Islamic Education Center,5005 Timberhill Drive,San Antonio,TX,78238,29.480911296374,-98.628014878869,,2004,,https://zainabiasa.org/aboutus/,30.0,59.0,,,,census_geocoder,57769,13.675809700914304,2.50
4049,Masjid Ar-Raheem - Cyfair Peace Center,Windrock Drive,San Antonio,TX,78239,29.516688,-98.3661834,,"
",,"
",30.0,61.0,,,,nominatim,70098,12.944800481535248,2.98
4050,Ali Baba International Food Market,9307 Wurzbach Road,San Antonio,TX,78240,29.528535127149,-98.564888998923,,"
",,"
",31.0,72.0,,,,census_geocoder,63351,15.613545121312619,2.29
4051,Islamic Da'wah Center,6819 Whitby Road,San Antonio,TX,78240,29.523070926416,-98.622583298293,,2002,,https://islamicdawahcenter.org/about-us/,30.0,9.0,,,,census_geocoder,63351,15.613545121312619,2.29
4052,Masjid-e-Sajideen,5281 Casa Bella Street,San Antonio,TX,78249,29.570634740322,-98.590688815393,,"
",,"
",36.0,22.0,,,,census_geocoder,80565,16.006064179230187,2.54
4053,Muslim Center of San Antonio,5821 Casa Bella Street,San Antonio,TX,78249,29.5711953,-98.5892563,,2005,,"
",38.0,51.0,,,,nominatim,80565,16.006064179230187,2.54
4054,Masjid Beit El-Maqdes,7627 Culebra Road,San Antonio,TX,78251,29.459522322266,-98.638922830945,,2009,,https://www.beitelmaqdes.org/site/,38.0,58.0,,,,census_geocoder,78958,8.714744131058943,2.66
4055,IslamInSpanish Centro Islamico,"
",San Antonio,TX,78258,29.4246002,-98.4951405,,"
",,"
",80.0,98.0,,,,nominatim,117835,6.853792175334037,2.66
4056,Minaret ISGH Masjid At-Taqwa,2415 Oakland Bend,San Antonio,TX,78258,29.664769762013,-98.452220622333,,"
",,"
",,5.0,,,,census_geocoder,117835,6.853792175334037,2.66
4057,Ismaili Jamatkhana,3559 East Evans Road,San Antonio,TX,78259,29.648103067419,-98.430198218345,,2019,,"https://ismailimail.blog/2019/04/05/the-ismaili-jamatkhana-opened-its-doors-to-the-community-when-houston-needed-it-the-most/#:~:text=Menu-,The%20Ismaili%20Jamatkhana%20opened%20its%20doors%20to%20the%20community%20when,comforted%20a%20community%20in%20need.",0.0,47.0,,,,census_geocoder,114156,3.2572851470489264,2.64
4058,North Austin Muslim Community Center (NAMCC - Masjid Aisha),21003 Encino Commons,San Antonio,TX,78259,29.635502874561,-98.452062544277,,"
",,"
",28.0,71.0,,,,census_geocoder,114156,3.2572851470489264,2.64
4059,Islamic Society of Kingsville,702 West Avenue B,Kingsville,TX,78363,27.526824559137,-97.859833093596,,2019,,"https://www.causeiq.com/organizations/the-islamic-society-of-kingsville,311318714/",,58.0,,,,census_geocoder,60574,29.04761904761905,2.45
4060,Islamic Society of Greater Houston,7341 McArdle Road,Corpus Christi,TX,78412,27.695213542198,-97.336400594677,,1969,,"https://isgh.org/about/#:~:text=The%20Islamic%20Society%20of%20Greater,the%20founders%20of%20the%20society.",39.0,37.0,,,,census_geocoder,61215,21.137734584450403,2.30
4061,Islamic Society of Southern Texas,7341 McArdle Road,Corpus Christi,TX,78412,27.695213542198,-97.336400594677,,1995,,https://isstcc.org/?page_id=33,39.0,37.0,,,,census_geocoder,61215,21.137734584450403,2.30
4062,Islamic Society of South Texas (ISST),2008 North Ware Road,McAllen,TX,78501,26.226744445527,-98.258160026356,,1999,,"https://www.causeiq.com/organizations/islamic-society-of-south-texas,742896413/",,43.0,,,,census_geocoder,48071,26.381241530729515,2.68
4063,Masjid Ul Aala,2008 North Ware Road,Mcallen,TX,78501,26.226744445527,-98.258160026356,,1978,,https://www.masjidwdmohammed.com/about-us/the-history-of-masjid-wdm/,,43.0,,,,census_geocoder,48071,26.381241530729515,2.68
4064,Islamic Society of Brownsville,246 Gilson Road,Brownsville,TX,78520,25.956225970691,-97.514123090486,,2005,,https://prayersconnect.com/mosques/84082149-islamic-society-of-brownsville-brownsville-texas-united-states,,37.0,,,,census_geocoder,50116,23.204766384446536,3.06
4065,Al Khair Islamic Society of RGV,1910 Elsham Avenue,Edinburg,TX,78539,26.252917588117,-98.193283987078,,2005,,https://us.mohid.co/tx/txrgn/alkhair#about,,15.0,,,,census_geocoder,66967,21.377769299942777,2.58
4066,Islamic Center of Haltom City (ICHC),601 Kamali Drive,Harlingen,TX,78550,26.162826391046,-97.677491966135,,"
",,"
",,42.0,,,,census_geocoder,49007,24.40164121267381,2.65
4067,Alkhair Islamic Society of RGV/Masjid Al Redwan,1910 West Elsham Avenue,Edinburg,TX,78577,26.252917588117,-98.193283987078,,2005,,https://us.mohid.co/tx/txrgn/alkhair#about,,15.0,,,,census_geocoder,52770,27.60900754787599,3.35
4068,Rio Grande Valley Islamic Center,502 East Pike Boulevard,Weslaco,TX,78596,26.169939339999,-97.987397690179,,2005,,"https://vric.org/about/#:~:text=It%20serves%20the%20Muslim%20communities%20of%20Valley,and%20weekend%20*%20**Medical%20clinic**%20Medical%20clinic",,78.0,,,,census_geocoder,58411,22.143075980392158,3.08
4069,Islamic Center of Aubrey,"
",Cedar Park,TX,78613,30.5217116,-97.827833,,"
",,"
",,67.0,,,,nominatim,125487,6.192953735058644,2.63
4070,Islamic Center of Brushy Creek (ICBC),1950 Brushy Creek Road,Cedar Park,TX,78613,30.507984208175,-97.793235480196,,2007,,https://icbrushycreek.org/icbc-master-plan/,,15.0,,,,census_geocoder,125487,6.192953735058644,2.63
4071,Ismaili Jamatkhana - Austin,2401 South Lakeline Boulevard,Cedar Park,TX,78613,30.477449986369,-97.817574711214,,2018,,"https://ismailimail.blog/2018/08/09/governor-of-texas-joins-ismaili-muslims-in-opening-new-austin-jamatkhana/#:~:text=Menu-,Governor%20of%20Texas%20joins%20Ismaili%20Muslims%20in%20opening%20new%20Austin,AMANDA%20VOISARD%20/%20AMERICAN%2DSTATESMAN",,30.0,,,,census_geocoder,125487,6.192953735058644,2.63
4072,Unity Islamic Center - Mansfield Masjid Official,820 Old Mill Road,Cedar Park,TX,78613,30.478198410353,-97.819152992549,,"
",,"
",,21.0,,,,census_geocoder,125487,6.192953735058644,2.63
4073,Islamic Center of Harlingen,2400 Windy Hill Road,Kyle,TX,78640,30.033520754239,-97.808376317481,,"
",,"
",,5.0,,,,census_geocoder,90075,10.193605544987884,2.81
4074,Qalam Institute,17317 Ranch to Market 1431,Leander,TX,78641,,,,"
",,"
",,7.0,,,,,135024,5.716726980297547,2.82
4075,Rassull Center Mosque,650 Private Rd,Leander,TX,78641,30.5794244,-97.8243543,,"
",,"
",,56.0,,,,nominatim,135024,5.716726980297547,2.82
4076,Al-Noor Mosque (MCC),1300 Old Highway 20,Manor,TX,78653,30.343314423315,-97.542632447791,,"
",,"
",,24.0,,,,census_geocoder,93900,12.967204327274498,2.82
4077,Masjid Al Anbiyaa,19529 Melber Lane,Manor,TX,78653,30.452362772334,-97.531265454369,,"
",,"
",,2.0,,,,census_geocoder,93900,12.967204327274498,2.82
4078,Masjed,1103 Cedar Drive,Marble Falls,TX,78654,30.559151791762,-98.289946640118,,"
",,"
",,14.0,,,,census_geocoder,74130,8.567937438905181,2.45
4079,Dawoodi Bohra Markaz Anjuman-e-Burhani (Austin),13209 Old Gregg Lane,Pflugerville,TX,78660,30.398298307511,-97.636714684474,,"
",,"
",0.0,21.0,,,,census_geocoder,113205,6.0680412205266,2.73
4080,Islamic Center of Pflugerville,920 West Pflugerville Parkway,Pflugerville,TX,78660,30.469819843212,-97.63565763011,,2012,,https://www.icptx.org/about-us,,19.0,,,,census_geocoder,113205,6.0680412205266,2.73
4081,Islamic Center of Round Rock,1951 Hampton Lane,Round Rock,TX,78664,30.490249464525,-97.660974752692,,2001,,https://roundrockmasjid.org/about-us/,,50.0,,,,census_geocoder,87417,10.164019533087817,2.62
4082,Georgetown Islamic Center (GIC),7275 County Road 110,Round Rock,TX,78665,30.560015168556,-97.605009964122,,"
",,"
",,7.0,,,,census_geocoder,122680,4.7354858268910105,2.73
4083,San Marcos Mosque,434 North Comanche Street,San Marcos,TX,78666,29.88542722769,-97.944144238563,,2008,,http://www.sanmarcosmasjid.org/About.html,,93.0,,,,census_geocoder,54737,23.82394210176501,2.36
4084,Baitul Muqeet Mosque (Ahmadiyya Muslim Community),800 Deep Wood Drive,Round Rock,TX,78681,30.5011241,-97.6986683,,2005,,https://www.virtualtourist.com/travel/North_America/United_States_of_America/Texas/Round_Rock-880700/Things_To_Do-Round_Rock-Baitul_Muqeet_Mosque-BR-1.html,,25.0,,,,nominatim,137819,5.499512454569631,2.80
4085,East Austin Community of Al-Islam,701 Tillery st No.A-8,Austin,TX,78702,30.260599627049,-97.70463013479,,2006,,"
",47.0,75.0,,,,census_geocoder,102171,13.899765074393109,1.84
4086,Nueces Mosque,1906 Nueces Street,Austin,TX,78705,30.282490295285,-97.744243518728,,1988,,https://pluralismarchive.hsites.harvard.edu/islamic-center-greater-austin,67.0,95.0,,,,census_geocoder,32380,47.20580708203434,1.76
4087,CAIR-Texas Austin,14900 Avery Ranch Boulevard,Austin,TX,78717,30.497568803505,-97.777393764596,,"
",,"
",0.0,59.0,,,,census_geocoder,145325,4.967527239546992,2.49
4088,Islamic Center of Greater Austin,5110 Manor Road,Austin,TX,78723,30.29834745465,-97.687035213451,,1977,,https://austinmosque.org/about/,44.0,52.0,,,,census_geocoder,100329,12.297521531856612,2.27
4089,Islamic Ahlul Bayt Association,12460 Los Indios Trail,Austin,TX,78729,30.439654934925,-97.761377696992,,1997,,https://iaba-austin.org/about/,25.0,47.0,,,,census_geocoder,86438,6.506440047802417,2.10
4090,Turbo joes musalla,6810 McNeil Drive,Austin,TX,78729,30.438355383724,-97.757555640511,,"
",,"
",25.0,53.0,,,,census_geocoder,86438,6.506440047802417,2.10
4091,Nasfat Masjid,1500 West 38th Street,Austin,TX,78731,30.308004470167,-97.749001721182,,2015,,https://www.facebook.com/NASFAT.WORLDWIDE/posts/nasfat-houston-changes-statuspeople-from-all-walks-of-life-trooped-into-the-banq/997658633627620/,50.0,85.0,,,,census_geocoder,105494,5.983935742971887,1.91
4092,Islamic Center of Hays County (Masjid Bilal),4701 Doss Road,Austin,TX,78734,30.410780534429,-97.930571615567,,"
",,"
",,8.0,,,,census_geocoder,130784,5.920962669219199,2.22
4093,Masjid Ibrahim,8521 State Highway 71,Austin,TX,78735,30.249093011542,-97.892779247849,,2001,,https://www.masjidibrahim.org/images/index6.html,12.0,19.0,,,,census_geocoder,139191,8.072954163666907,2.11
4094,Woodbridge Masjid,8521 State Highway 71,Austin,TX,78735,30.249093011542,-97.892779247849,,"
",,"
",12.0,19.0,,,,census_geocoder,139191,8.072954163666907,2.11
4095,Salaam,6901 North Lamar Boulevard,Austin,TX,78752,30.336720382308,-97.719462581227,,"
",,"
",58.0,81.0,,,,census_geocoder,67682,17.764488233016394,2.07
4096,North Austin Muslim Community Center (NAMCC - Masjid Aisha),11900 North Lamar Boulevard,Austin,TX,78753,30.389432531526,-97.68293973392,,1990,,https://namcc.org/about-us/,37.0,40.0,,,,census_geocoder,65170,21.213143872113676,2.30
4097,Las Colinas Islamic Center,"
",Laughlin Air Force Base,TX,78843,29.3614054,-100.778572,,"
",,"
",,15.0,,,,nominatim,-666666666,,-666666666.00
4098,Masjid New Africa Center for Human Development,203 North  Drive,Cactus,TX,79013,36.05246081156,-102.003140325406,,"
",No Basic Information,"
",,29.0,,,,census_geocoder,45106,21.178027796161484,3.29
4099,Burmese Muslim Community of Amarillo (BMCAMA),1124 Aster Street,Amarillo,TX,79107,35.224944367364,-101.77290004198,,"
",,"
",22.0,37.0,,,,census_geocoder,40671,31.714787047375975,3.04
4100,Islamic Center of Amarillo (ICA),601 Quail Creek Drive,Amarillo,TX,79124,35.212127140926,-101.911231443995,,1993,,https://amarillomosque.org/about-us/,26.0,32.0,,,,census_geocoder,112541,4.4503063308373045,2.54
4101,Student Mosque - Islamic Center of South Plain,2222 15th Street,Lubbock,TX,79401,33.581731463926,-101.864606271917,,2008,,https://lubbockmuslims.org/about-icsp/,48.0,73.0,,,,census_geocoder,26980,49.34120230579193,1.85
4102,The Ismaili Center,701 East Queens Street,Lubbock,TX,79403,33.617580925143,-101.829104232968,,"
",,"
",16.0,7.0,,,,census_geocoder,47907,24.49556854610598,2.69
4103,Main Mosque - Islamic Center of South Plain,3419 La Salle Avenue,Lubbock,TX,79407,33.562284965416,-101.954361402948,,1982,,https://lubbockmuslims.org/about-icsp/,15.0,32.0,,,,census_geocoder,61509,16.184628414143553,2.06
4104,Masjid Darul-Emaan,840 East Highway 80,Abilene,TX,79601,32.448661898871,-99.710031020178,,"
",,"
",,52.0,,,,census_geocoder,53631,26.47118609614798,2.36
4105,Muslim American Society/Southeast Zone-Mission Bend,1200 South Midland Drive,Midland,TX,79703,31.972791419393,-102.12817798223,,"
",No Basic Information,"
",,27.0,,,,census_geocoder,77285,4.569575471698113,2.63
4106,The Mustafa Islamic Center,4704 Andrews Highway,Midland,TX,79703,31.999931942235,-102.145322995225,,2022,,https://mustafaislamiccenter.org/about/,,36.0,,,,census_geocoder,77285,4.569575471698113,2.63
4107,Shujai Masjid,401 East 6th Street,Pecos,TX,79772,31.423739750672,-103.490929641434,,"
",,"
",,54.0,,,,census_geocoder,63347,16.322821048804872,2.72
4108,Islamic Relief USA,442 Gregg Rd,Fort Bliss,TX,79906,31.8013708,-106.4334128,,"
",,"
",,22.0,,,,nominatim,56044,14.351766228962456,3.71
4109,Al Mahdi Islamic Center of El Paso,7201 Orizaba Avenue,El Paso,TX,79912,31.84626559945,-106.555386234652,,2004,,"
",27.0,44.0,,,,census_geocoder,72943,12.910446806605524,2.55
4110,Islamic center of Denison,143 Paragon Lane,El Paso,TX,79912,31.816789229026,-106.513365648152,,2004,,https://icelpaso.org/about-icep/,37.0,59.0,,,,census_geocoder,72943,12.910446806605524,2.55
4111,Al-Rahma Mosque,10911 Pellicano Drive,El Paso,TX,79935,31.751485031079,-106.331432985242,,"
",,"
",33.0,52.0,,,,census_geocoder,61323,20.009737098344694,2.77
4112,Al-Farooq Mosque,225 N Main St,Clearfield,UT,84015,41.1168318246,-112.026097238962,,-,Information Without Year,https://prayersconnect.com/mosques/84079184-al-farooq-masjid-islamic-society-of-layton-clearfield-utah-united-states,27.0,69.0,,,2645.0,census_geocoder,95519,9.210526315789473,3.18
4113,Layton Islamic Center,568 W 2400 N,Layton,UT,84041,41.095375147055,-111.977202894077,,2014,,"https://www.causeiq.com/organizations/islamic-society-of-layton,464374112/",35.0,52.0,,,1524.0,census_geocoder,89604,9.890791080967748,2.95
4114,Utah Islamic Center (UIC),984 W 9000 S,West Jordan,UT,84088,40.587767280085,-111.919371446719,,2014,,https://utislamiccenter.org/about-us/,24.0,30.0,,,2638.0,census_geocoder,105142,7.298765179074652,2.99
4115,Utah Valley Islamic Center/Alsahabah,352 E 900 S St,Orem,UT,84097,40.280511950662,-111.686610584912,,2009,,https://prayersconnect.com/mosques/84052070-al-sahaba-mosque-utah-valley-islamic-center-orem-utah-united-states,42.0,76.0,,,2641.0,census_geocoder,94194,6.874830055288679,3.13
4116,Islamic Society of Greater Salt Lake/Masjid Al-Noor,740 S 700 E,Salt Lake City,UT,84102,40.753240132269,-111.871134904943,,1985,,https://www.utahmuslims.com/about-us,45.0,87.0,,,2639.0,census_geocoder,52199,28.33771065878748,1.70
4117,Al-Huda Islamic Center of Salt Lake City,470 E Stanley Ave,South Salt Lake,UT,84115,40.70163713517,-111.877779831937,,2008,,https://www.facebook.com/ianaforall/posts/asalamu-alaykum-masjid-al-huda-alhamdulilaah-i-arrived-last-night-at-salt-lake-c/1086295124744880/,44.0,83.0,,,2642.0,census_geocoder,65548,18.118139048614744,2.16
4118,Al-Zahra Islamic Center,3832 S Main St,South Salt Lake,UT,84115,40.687941599343,-111.891186552352,,2015,,"https://www.elzahra.org/?p=1057#:~:text=El-Zahra%20Islamic%20Center.%20%22The%20best%20of%20people,%C2%B7%20Education%20&%20Programs%20%C2%B7%20Hidaya%20Weekend",57.0,66.0,,,2644.0,census_geocoder,65548,18.118139048614744,2.16
4119,Islamic Society of Bosniaks in Utah,427 E 3300 S  Suite D,Salt Lake City,UT,84115,40.69992326437,-111.879076543184,,2001,,https://explory.world/poi/islamic-society-of-bosniaks-in-utah/,46.0,85.0,,,101.0,census_geocoder,65548,18.118139048614744,2.16
4120,Madina Masjid,1773  North Temple,Salt Lake City,UT,84116,40.771466669849,-111.941305096741,,2010,,https://micutah.org/about,55.0,63.0,,,693.0,census_geocoder,66751,13.135015114630427,2.67
4121,Khadeeja Islamic Center (Islamic Society of Greater Salt Lake),1019 W Parkway Ave,West Valley City,UT,84119,40.717558448888,-111.921670714155,,1997,,https://www.utahmuslims.com/about-us,44.0,18.0,,,2637.0,census_geocoder,71378,13.00451176938938,3.08
4122,Utah Islamic Center (UIC),984 West 9000 South,West Jordan,UT,84119,40.587767280085,-111.919371446719,,2007,,https://utislamiccenter.org/about-us/,24.0,40.0,,,373.0,census_geocoder,71378,13.00451176938938,3.08
4123,Muslim Community Center,1888 East Fort Union Boulevard,Cottonwood Heights,UT,84121,40.624485097133,-111.837737226036,,2014,,"https://utahstories.com/2016/02/muslim-community-center-open-house/#:~:text=%E2%80%9CWith%20the%20open%20house%2C%20there,yard%20sales%20and%20Friday%20prayers.",32.0,83.0,,,626.0,census_geocoder,115515,7.1756987136436425,2.51
4124,Muslim Community Center of Utah,1888 Fort Union Blvd,Salt Lake City,UT,84121,40.624485097133,-111.837737226036,,2014,,https://prayersconnect.com/mosques/84031773-muslim-community-center-salt-lake-city-utah-united-states,36.0,83.0,,,2640.0,census_geocoder,115515,7.1756987136436425,2.51
4125,Alrasool Islamic Center,1247 W 4800 S,Taylorsville,UT,84123,40.664081767222,-111.927638549928,,2008,,https://aicutah.org/about/,40.0,33.0,,,930.0,census_geocoder,81271,7.798427253680172,2.59
4126,Logan Islamic Center,748 N 600 E,Logan,UT,84322,41.745312767633,-111.819037078388,,1981,,https://loganisc.org/node/5,,48.0,,,402.0,census_geocoder,-666666666,,-666666666.00
4127,Masjid As-Salaam,1061 23Rd st,Ogden,UT,84401,41.22454400099,-111.951939733707,,2006,,"https://www.causeiq.com/organizations/islamic-center-of-kuwait-in-utah,680544904/",41.0,48.0,,,1811.0,census_geocoder,80758,10.818414855261238,2.66
4128,Islamic Center of Kuwait in Utah,5864 Harrison Blvd,Ogden,UT,84403,41.156536980679,-111.939663879448,,2006,,"https://www.causeiq.com/organizations/islamic-center-of-kuwait-in-utah,680544904/",28.0,49.0,,,2643.0,census_geocoder,88236,10.064390455061956,2.64
4129,Khatam-Un-Nabyeen Center,7216 Nathan Court,Manassas,VA,20109,38.800613615652,-77.522779024366,,,,,,57.0,,,2939.0,census_geocoder,89962,10.219271776302556,3.00
4130,Manassas Mosque,12950 Center Entrance Court,Manassas,VA,20109,38.799680948566,-77.521915476999,,1994,,https://www.manassasmosque.org/about,,67.0,,,1546.0,census_geocoder,89962,10.219271776302556,3.00
4131,Taqwa Mosque,7000 Infantry Ridge Road,Manassas,VA,20109,38.805793079419,-77.51668537433,,,,,,31.0,,,2938.0,census_geocoder,89962,10.219271776302556,3.00
4132,Jaam'I Masjid,9059 Euclid Avenue,Manassas,VA,20110,38.761016083813,-77.452984786053,,,,,20.0,52.0,,,2940.0,census_geocoder,118486,7.3387848048856235,3.06
4133,Prince William Islamic Center,9002 Mathis ave,Manassas,VA,20110,38.759662455599,-77.464264242624,,2005,,"https://www.insidenova.com/headlines/expansion-to-begin-on-manassas-mosque/article_24d26f70-6f21-11ec-bbe8-ef55028cbfe1.html#:~:text=The%20congregation%20has%20worshiped%20in,expand%20its%20women's%20prayer%20space.",21.0,77.0,,,208.0,census_geocoder,118486,7.3387848048856235,3.06
4134,Dar Al Salaam,15250 Dumfries Road,Manassas,VA,20112,38.622697163773,-77.402590717122,,1993,,"https://northernvirginiamag.com/culture/culture-features/2009/08/20/light-source/#:~:text=Muslims%20in%20Prince%20William%20County,Courtesy%20of%20Wikimedia",,0.0,,,23.0,census_geocoder,195467,3.870055568342485,3.22
4135,Dar Alnoor Islamic Community Center,5404 Hoadly Road,Manassas,VA,20112,38.676200667313,-77.368913485453,,2002,,https://lis.blob.core.windows.net/legacy/1010354.PDF,,36.0,,,462.0,census_geocoder,195467,3.870055568342485,3.22
4136,Masroor Mosque,5640 Hoadly Road,Manassas,VA,20112,38.674540214598,-77.376118830127,,2018,,"https://www.alhakam.org/virginias-masroor-mosque-inaugurated/#:~:text=9th%20November%202018,by%20Hazrat%20Amirul%20Momineenaa.",,12.0,,,463.0,census_geocoder,195467,3.870055568342485,3.22
4137,Adams-Ashburn Center,21740 Beaumeade Circle,Ashburn,VA,20147,39.017130716746,-77.457550012013,,2021,,https://www.loudounnow.com/archives/adams-opens-ashburn-mosque/article_4f7475d9-02e1-59a9-a493-75b9cd728084.html,,34.0,,,844.0,census_geocoder,163904,4.339891391435947,2.68
4138,Masjid,21740 Beaumeade Circle,Ashburn,VA,20147,39.017130716746,-77.457550012013,,,,,,34.0,,,2981.0,census_geocoder,163904,4.339891391435947,2.68
4139,ADAMS Sully,4431 Brookfield Corporate Drive,Chantilly,VA,20151,38.885161698028,-77.438885952669,,,,,31.0,55.0,,,2975.0,census_geocoder,158271,6.164839554391727,3.18
4140,Ahlulbayt Islamic Center,14740 Flint Lee rd Unit C,Chantilly,VA,20151,38.893891516424,-77.453123929198,,-,No Basic Information,,33.0,33.0,,,1026.0,census_geocoder,158271,6.164839554391727,3.18
4141,Anjuman-e-Mohammedi,3812 Barney Road,Chantilly,VA,20151,38.914929364964,-77.462941234457,,,,,25.0,9.0,,,2974.0,census_geocoder,158271,6.164839554391727,3.18
4142,Crescent Islamic Center,14913 Murdock Street,Chantilly,VA,20151,38.912298667473,-77.460489484727,,,,,27.0,11.0,,,2973.0,census_geocoder,158271,6.164839554391727,3.18
4143,Mubarak Mosque,4555 Ahmadiyya Drive,Chantilly,VA,20151,38.8803862,-77.4365641,,2008,,"https://www.connectionnewspapers.com/news/2012/feb/02/fulfilling-dream/?template_preference=desktop#:~:text=Meanwhile%2C%20the%20Northern%20Virginia%20members,raising%20to%20build%20the%20mosque.",27.0,53.0,,,692.0,nominatim,158271,6.164839554391727,3.18
4144,Mubarak Mosque,4555 Ahmadiyya Drive,Chantilly,VA,20151,38.8803862,-77.4365641,,,,,27.0,53.0,,,2994.0,nominatim,158271,6.164839554391727,3.18
4145,Uyghur Islamic Center - Chantilly,14325 Willard Road,Chantilly,VA,20151,38.886419939764,-77.440106864597,,2021,,https://www.uyghurislamiccenter.org/,30.0,55.0,,,442.0,census_geocoder,158271,6.164839554391727,3.18
4146,Madani Masjid Sunni,43073 Little River Turnpike,Chantilly,VA,20152,,,,,,,,33.0,,,2991.0,,197156,4.524121370879721,3.32
4147,Zakaria Islamic Academy,26243 Gum Spring Rd,Chantilly,VA,20152,38.891578231917,-77.54124198897,,2004,,https://ziacademy.org/about/,,1.0,,,2652.0,census_geocoder,197156,4.524121370879721,3.32
4148,All Dulles Area Muslim Society Center,46903 Sugarland Road,Herndon,VA,20164,39.007445512908,-77.379116772955,,1983,,https://adamscenter.org/about/,,5.0,,,503.0,census_geocoder,135660,7.541639527309947,3.38
4149,Quba Center,22149 Davis Drive,Sterling,VA,20164,38.996721673535,-77.424609308653,,,,,,62.0,,,2959.0,census_geocoder,135660,7.541639527309947,3.38
4150,Zawiyah Foundation of the DMV,21165 Whitfield Place,Cascades,VA,20165,39.030360348947,-77.396459292182,,,,,,57.0,,,2976.0,census_geocoder,183076,3.0835319386824374,2.85
4151,Alhadi Center,45760-45684 Oakbrook Court,Sterling,VA,20166,39.010231142135,-77.418474864843,,,,,,45.0,,,2958.0,census_geocoder,133401,4.110873058382432,2.73
4152,AQSA Center,44900 Acacia Lane,Sterling,VA,20166,38.996311282569,-77.448707758991,,,,,,17.0,,,2960.0,census_geocoder,133401,4.110873058382432,2.73
4153,Yusra Center,510 Spring Street,Herndon,VA,20170,38.962533222831,-77.381808612309,,,,,46.0,76.0,,,2945.0,census_geocoder,159466,7.689478402795339,3.23
4154,Masjid Tawheed Center,3080 Centreville Road,Herndon,VA,20171,38.921068453965,-77.418164132449,,,,,,37.0,,,2952.0,census_geocoder,171372,3.5530018761726083,2.70
4155,Naif Herndon Center,13515 Dulles Technology Drive,Herndon,VA,20171,38.953665491854,-77.412453257382,,,,,50.0,73.0,,,2946.0,census_geocoder,171372,3.5530018761726083,2.70
4156,ADAMS Leesburg (MCCL),19838 Sycolin Road,Leesburg,VA,20175,39.07027464687,-77.552085653548,,,,,,5.0,,,2943.0,census_geocoder,174854,4.273777055649045,2.82
4157,Loudoun Islamic Center,1507 Dodona Terrace SE Suite 210,Leesburg,VA,20175,39.091101048345,-77.524410900835,,2015,,"https://www.causeiq.com/organizations/loudoun-islamic-center,471085069/",,17.0,,,2653.0,census_geocoder,174854,4.273777055649045,2.82
4158,ADAMS Gainesville,12655 Vint Hill Road,Nokesville,VA,20181,38.73287386916,-77.571431356153,,,,,,6.0,,,2934.0,census_geocoder,164167,2.487469834787451,3.25
4159,Reston Islamic Center,11701 Bowman Green Drive,Reston,VA,20190,38.962244159114,-77.35392849402,,,,,52.0,72.0,,,2948.0,census_geocoder,134746,7.20531973036983,1.96
4160,Adams-S Reston Center,12343 Sunrise Valley rd Suite B,Reston,VA,20191,38.951172696864,-77.372058403,,1983,,"https://adamscenter.org/about-old/#:~:text=Great%20Falls%2C%20Herndon%2C%20Leesburg%2C%20McLean%2C%20and%20Reston%2C,continues%20to%20grow%20each%20year%20as%20more.",56.0,29.0,,,845.0,census_geocoder,151185,5.361704879862885,2.55
4161,Dar Al Nur,7501 Little River Turnpike,Annandale,VA,22003,38.831961289931,-77.206099863784,,,,,46.0,79.0,,,2982.0,census_geocoder,138794,10.618663211165007,3.00
4162,Mustafa Center,6844 Braddock Road,Annandale,VA,22003,38.811946262041,-77.182699041793,,1999,,https://www.archnet.org/sites/14736,37.0,68.0,,,663.0,census_geocoder,138794,10.618663211165007,3.00
4163,As-Salikeen Islamic Center,9415 Old Burke Lake Road,Burke,VA,22015,38.794323920683,-77.270615910162,,,,,22.0,62.0,,,2978.0,census_geocoder,172563,4.703577781280256,3.04
4164,Peace Islamic Center,9302 Old Keene Mill Road,Burke,VA,22015,38.776062665087,-77.266661954122,,,,,30.0,72.0,,,2977.0,census_geocoder,172563,4.703577781280256,3.04
4165,Badr Community Center of Dumfries,17794 Main Street,Dumfries,VA,22026,38.566422196424,-77.328915324795,,,,,,70.0,,,3005.0,census_geocoder,124318,7.328284375957623,3.38
4166,ADAMS Fairfax,11216 Waples Mill Road,Fairfax,VA,22030,38.858846327304,-77.335127314689,,,,,37.0,76.0,,,3007.0,census_geocoder,139831,5.768142917100053,2.60
4167,Islamic Center Northern Virginia,4420 Shirley Gate rd,Fairfax,VA,22030,38.845557585369,-77.339853906247,,2007,,https://www.instagram.com/reel/DRkdr7LkXCx/,,37.0,,,1193.0,census_geocoder,139831,5.768142917100053,2.60
4168,Uyghur Islamic Center - Fairfax,10355 Democracy Lane,Fairfax,VA,22030,38.849516730832,-77.30228377124,,2021,,https://www.uyghurislamiccenter.org/,44.0,83.0,,,441.0,census_geocoder,139831,5.768142917100053,2.60
4169,Hilal Islamic Center,2810 Old Lee Highway,Fairfax,VA,22031,38.87459112932,-77.241649088309,,,,https://www.instagram.com/ahlulbaytsaginaw?igshid=YmMyMTA2M2Y%3D,,70.0,,,2928.0,census_geocoder,134577,5.939178067406028,2.50
4170,Islamic Heritage Center,8900 Lee Hwy a,Fairfax,VA,22031,38.872685109985,-77.252271833352,,2001,,https://www.ihcproject.com/sheikhdr-nabil,,65.0,,,2651.0,census_geocoder,134577,5.939178067406028,2.50
4171,HAWA Fairfax Community Center,4401 Fair Lakes Court,Fairfax,VA,22033,38.861156410572,-77.377793548163,,,,,,63.0,,,3008.0,census_geocoder,143454,4.552733928162891,2.48
4172,Alif Lam Center,6066 Leesburg Pike,Falls Church,VA,22041,38.85548240444,-77.138543950671,,,,,,66.0,,,3004.0,census_geocoder,92636,18.459257215766062,2.61
4173,Dar Al Ibada,3536 Carlin Springs Road,Bailey's Crossroads,VA,22041,38.848062935468,-77.124594559275,,,,,59.0,81.0,,,2980.0,census_geocoder,92636,18.459257215766062,2.61
4174,Moroccan Islamic Center,5613 Leesburg Pike Suite 1,Falls Church,VA,22041,38.848213632804,-77.124572988969,,1983,,https://www.archnet.org/sites/14713,57.0,79.0,,,2051.0,census_geocoder,92636,18.459257215766062,2.61
4175,Selam Foundation,5629 Columbia Pike,Falls Church,VA,22041,38.852932378683,-77.123316193955,,,,,58.0,72.0,,,2972.0,census_geocoder,92636,18.459257215766062,2.61
4176,Dar Al Hijrah Islamic Center,3159 Row Street,Falls Church,VA,22044,38.862232344492,-77.146574407718,,,,,,54.0,,,3000.0,census_geocoder,101034,14.030941125913193,2.55
4177,Dar Al-Hijrah Islamic Center,3159 Row St,Falls Church,VA,22044,38.862232344492,-77.146574407718,,1991,,https://hijrah.org/about-us/,,60.0,,,22.0,census_geocoder,101034,14.030941125913193,2.55
4178,Al-Hadi Center,152 Hillwood Avenue,Falls Church,VA,22046,38.879120889601,-77.172335950522,,,,,,89.0,,,3002.0,census_geocoder,168882,3.7477856510186007,2.50
4179,Al Iman Islamic Center,9502 Richmond Hwy,Lorton,VA,22079,38.701204413782,-77.210301153094,,2011,,https://alimanislamiccenter.org/about-us/,34.0,57.0,,,2650.0,census_geocoder,148134,4.7679936350978895,3.04
4180,Mclean Islamic Center,1340 Old Chain Bridge,Mclean,VA,22101,38.938186789096,-77.176059003025,,2009,,"https://www.causeiq.com/organizations/mclean-islamic-community-center,270755991/",38.0,93.0,,,2033.0,census_geocoder,250001,3.3401367155862247,2.80
4181,Masjid Al- Hussain Occoquan,209 Washington Street,Occoquan Historic District,VA,22125,38.683206713034,-77.259755726308,,,,,,66.0,,,2932.0,census_geocoder,161364,1.762114537444934,1.76
4182,Darul Huda,6666 Commerce Street,Springfield,VA,22150,38.779940055463,-77.176325967339,,1997,,https://prayersconnect.com/mosques/84045249-masjid-darul-huda-springfield-virginia-united-states,46.0,72.0,,,26.0,census_geocoder,123114,9.57315747517936,2.95
4183,Imam Ali Center,7900 Backlick rd,Springfield,VA,22150,38.744118800028,-77.189258175113,,2004,,https://imamalicenter.org,,33.0,,,1141.0,census_geocoder,123114,9.57315747517936,2.95
4184,Madina Islamic Center,6805 Backlick rd,Springfield,VA,22150,38.771393785277,-77.183931701717,,-,Information Without Year,https://madinamasjid.org/,51.0,69.0,,,1533.0,census_geocoder,123114,9.57315747517936,2.95
4185,First Hijrah VA,6577 Edsall Road,Springfield,VA,22151,38.806315097456,-77.171544817612,,,,,35.0,33.0,,,2964.0,census_geocoder,156015,3.7356661543917724,3.07
4186,Ibadur-Rahman,5413C Backlick Road,Springfield,VA,22151,38.803775993617,-77.183803412494,,,,,38.0,29.0,,,2963.0,census_geocoder,156015,3.7356661543917724,3.07
4187,Islamic Foundation of America,6606 Electronic Dr.,Springfield,VA,22151,38.795173932337,-77.172306606742,,-,Information Without Year,(703) 914-4982,33.0,16.0,,,1427.0,census_geocoder,156015,3.7356661543917724,3.07
4188,Minhaaj Learning Center,5531 Hempstead Way,Springfield,VA,22151,38.799714339134,-77.186184018717,,,,,39.0,63.0,,,2970.0,census_geocoder,156015,3.7356661543917724,3.07
4189,Imam E Asr Islamic Seminary,7817 Odell st,Springfield,VA,22153,38.74509010643,-77.213559086688,,-,Information Without Year,,,43.0,,,1146.0,census_geocoder,174228,2.4526506430917516,2.98
4190,Masjid Noor,8608 Pohick rd,Springfield,VA,22153,38.742956449759,-77.242133003926,,-,Information Without Year,https://prayersconnect.com/mosques/84069253-masjid-alnoor-springfield-massachusetts-united-states,,6.0,,,1927.0,census_geocoder,174228,2.4526506430917516,2.98
4191,McLean Islamic Center,8800 Jarrett Valley Dr,Vienna,VA,22182,38.935539325589,-77.248221249288,,2009,,https://us.mohid.co/va/richmond/mictysons,,34.0,,,2647.0,census_geocoder,205108,4.410541918224214,2.80
4192,Masjid Al-Falah,14918 Jefferson Davis Hwy,Woodbridge,VA,22191,38.62860881156,-77.275683529855,,2013,,"https://www.causeiq.com/organizations/masjid-al-falah,680683512/",,68.0,,,461.0,census_geocoder,109316,7.800969269743365,2.90
4193,Woodbridge Faith Center,13195 Occoquan Road,Woodbridge,VA,22191,38.667005731592,-77.257548948005,,,,,,79.0,,,2951.0,census_geocoder,109316,7.800969269743365,2.90
4194,Madinatul Uloom,1834 Old Bridge Road,Lake Ridge,VA,22192,38.677482399645,-77.269356839019,,,,,,58.0,,,2944.0,census_geocoder,127177,7.34553391537945,2.87
4195,MUNA Center of Woodbridge (MCW),3166 Golansky Boulevard,Woodbridge,VA,22192,38.651502952164,-77.30674268322,,,,,,65.0,,,2953.0,census_geocoder,127177,7.34553391537945,2.87
4196,Haskay Mosque,4229 Dale Boulevard,Woodbridge,VA,22193,38.643038743062,-77.336373565883,,,,,,69.0,,,2954.0,census_geocoder,117337,6.561411712587524,3.34
4197,Virginia Mosque,4235 Dale Boulevard,Woodbridge,VA,22193,38.643104937476,-77.336429197347,,,,,,69.0,,,2949.0,census_geocoder,117337,6.561411712587524,3.34
4198,Baitul Mukarram Masjid,2116 South Nelson Street,Arlington,VA,22204,38.849416871566,-77.090316210818,,2002,,https://bicarlington.org/about-us,55.0,61.0,,,620.0,census_geocoder,107941,10.603364919744731,2.29
4199,Bangladesh Islamic Center,2116 South Nelson Street,Arlington,VA,22204,38.849416871566,-77.090316210818,,,,,55.0,60.0,,,2992.0,census_geocoder,107941,10.603364919744731,2.29
4200,Iqra Learning Center,5703 Edsall Road,Alexandria,VA,22304,38.807734415043,-77.130637259228,,,,,59.0,86.0,,,2985.0,census_geocoder,101600,9.896856073916368,2.06
4201,UCM Mosque (Masjid),4600 Duke Street,Alexandria,VA,22304,38.811733335964,-77.111493694039,,,,,48.0,79.0,,,2984.0,census_geocoder,101600,9.896856073916368,2.06
4202,ICNA Virgina Islamic Center,2913 Woodlawn Trail,Alexandria,VA,22306,38.751307584922,-77.081637682597,,1968,,https://prayersconnect.com/mosques/84018938-islamic-circle-of-north-america-icna-alexandria-virginia-united-states,,78.0,,,2648.0,census_geocoder,97132,10.573399795332255,2.84
4203,AMANA Sunni Madani community center of Alexandria,8127 Richmond Highway,Alexandria,VA,22309,38.737324149385,-77.092229438495,,,,,44.0,70.0,,,2990.0,census_geocoder,107376,8.68398015757222,2.75
4204,Baitul Ma'mur Islamic Center,8629-A Engleside Office Park,Alexandria,VA,22309,,,,,,,,76.0,,,2989.0,,107376,8.68398015757222,2.75
4205,Daata Islamic Centre,3435 Virginia 644,Alexandria,VA,22310,38.7918146,-77.092203,,,,,35.0,26.0,,,2988.0,nominatim,166061,3.197063121502655,2.62
4206,Umm Ul Qura Center,6287 Franconia Road,Alexandria,VA,22310,38.780128400104,-77.155307075695,,,,,31.0,47.0,,,2983.0,census_geocoder,166061,3.197063121502655,2.62
4207,Darul Hikmah Islamic Center,5220 Fillmore Avenue,Alexandria,VA,22311,38.838849493855,-77.118734355694,,,,,64.0,55.0,,,2987.0,census_geocoder,87626,10.488036260145464,2.27
4208,Imam al-Asr Masjid (Shahe Najaf Islamic Center),5501 Cherokee Avenue,Alexandria,VA,22312,38.803869651247,-77.165053130949,,,,,29.0,59.0,,,2986.0,census_geocoder,109272,9.76787719955073,2.55
4209,Muslim American Society,6408 Edsall Rd,Alexandria,VA,22312,38.804039310073,-77.156759266449,,1993,,https://masdc.org/about-us,27.0,60.0,,,2649.0,census_geocoder,109272,9.76787719955073,2.55
4210,Fredericksburg Muslim Community,215 Chatham Heights Road,Fredericksburg,VA,22405,38.309252108634,-77.449395602029,,,,,,44.0,,,3001.0,census_geocoder,128259,4.334619489368689,2.89
4211,Maryam Center,1149 Warrenton Road,Fredericksburg,VA,22406,38.368668808761,-77.523612386464,,,,,,43.0,,,2998.0,census_geocoder,129167,5.715229600264289,2.77
4212,Islamic Center of Fredericksburg,7020 Harrison Road,Fredericksburg,VA,22407,38.287912707624,-77.566042060091,,2016,,https://www.charitynavigator.org/ein/541692579,,51.0,,,701.0,census_geocoder,111129,6.352676715576837,2.83
4213,Masjid Aliya,2604 Richmond Highway,Stafford,VA,22554,38.4478411,-77.4012385,,,,,,55.0,,,2962.0,nominatim,151480,3.7703179109599727,3.18
4214,Islamic Society of Winchester,601 Woodstock Lane,Winchester,VA,22601,39.18267180133,-78.153558414003,,,,,,67.0,,,2956.0,census_geocoder,64258,20.68253063550869,2.32
4215,Turner Joyce,120 Bellview Avenue,Winchester,VA,22601,39.168983439509,-78.173777216177,,,,,,66.0,,,2955.0,census_geocoder,64258,20.68253063550869,2.32
4216,Khatme Nubuwwat Center,1602 Strasburg Road,Front Royal,VA,22630,38.952283503885,-78.233513025681,,,,,,4.0,,,2997.0,census_geocoder,84631,11.927321046854237,2.60
4217,Islamic Center of Winchester,420 Stephenson rd,Stephenson,VA,22656,39.2319504555,-78.100420794115,,2010,,https://prayersconnect.com/mosques/84055143-muslim-community-center-winchester-area-stephenson-virginia-united-states,,6.0,,,1377.0,census_geocoder,107135,3.861940298507463,2.67
4218,Islamic Center of Culpeper,14434 Rixeyville Road,Culpeper,VA,22701,38.500708961587,-77.991039994703,,,,,,13.0,,,3003.0,census_geocoder,97892,9.719404558029245,2.82
4219,The Islamic Center of the Shenandoah Valley,1330 Country Club Road,Harrisonburg ,VA,22802,38.44135166571,-78.849803741773,,1999,,https://iasv.org/about/,38.0,48.0,,,632.0,census_geocoder,66423,15.920516304347826,2.61
4220,Al-Akram Mosque VMCF,1244 Old Depot Lane,Mount Crawford,VA,22841,,,,,,,,2.0,,,2936.0,,92862,5.634715025906735,2.47
4221,Islamic Society of Central Virginia/Masjid Darul Iman,708 Pine Street,Charlottesville,VA,22903,38.027146178555,-78.495122099319,,1995,,https://www.charlottesvillemasjid.com/our-masjid.html,42.0,70.0,,,587.0,census_geocoder,69340,21.10036441351344,2.24
4222,Islamic Center Waynesboro,1312 C Street,Waynesboro,VA,22980,38.072174263813,-78.867179930681,,,,,,15.0,,,2957.0,census_geocoder,63943,9.184297419591537,2.33
4223,Richmond Ismaili Jamatkhana,11529 Nuckols Road,Glen Allen,VA,23059,37.688004251256,-77.592874884653,,,,,,44.0,,,2996.0,census_geocoder,157897,2.810989270133239,2.69
4224,West End Islamic Center,5000 Shady Grove rd,Glen Allen,VA,23059,37.673414947026,-77.604485553404,,2018,,https://www.facebook.com/events/west-end-islamic-center/groundbreaking-of-the-west-end-islamic-center/589010661477095/,,8.0,,,222.0,census_geocoder,157897,2.810989270133239,2.69
4225,Islamic Center of Richmond(Masjid Yusuf),8481 Hungary Road,Glen Allen,VA,23060,37.647086828255,-77.526863126238,,2007,,https://www.icrva.org/,,18.0,,,704.0,census_geocoder,104468,4.916225749559082,2.49
4226,Imam Mehdi Center,2035 Shallow Well rd,Manakin-Sabot,VA,23103,37.699488503802,-77.755120860649,,-,No Basic Information,,,10.0,,,1148.0,census_geocoder,145234,2.3837041317538286,2.37
4227,Zahra Foundation,963 Manakin Road,Manakin-Sabot,VA,23103,37.628501822806,-77.708902655093,,,,,,2.0,,,2941.0,census_geocoder,145234,2.3837041317538286,2.37
4228,Muslim Community Center of Chesterfield,16831 Hull Street Road,Moseley,VA,23120,37.393846680973,-77.723139808113,,,,,,11.0,,,2937.0,census_geocoder,158667,1.5751165699988627,3.18
4229,Mosque of Williamsburg Virginia,1505 Richmond Road,Williamsburg,VA,23185,37.29068306802,-76.722807947036,,2017,,https://mosqueofwilliamsburgva.com/about,,46.0,,,413.0,census_geocoder,105431,9.012315962610824,2.47
4230,Masjidullah of Richmond/Masjid Abu Bakr As-Siddeeq,2211 North Ave,Richmond,VA,23222,37.563213280166,-77.433152995882,,-,Information Without Year,https://www.mapquest.com/us/virginia/mosque-of-richmond-448168387,45.0,64.0,,,2025.0,census_geocoder,61345,18.104759008666566,2.50
4231,Masjid Bilal,400 Chimbrazo Blvd,Richmond,VA,23223,37.527615875788,-77.409852197129,,1980,,https://www.wrldrels.org/wrr/group.profiles/Islam/MasjidBilal.html,,75.0,,,1839.0,census_geocoder,55731,20.24481582918786,2.17
4232,Ahmadiyya Muslim Community,2617 Turner Road,Richmond,VA,23224,37.470153267391,-77.523628118596,,,,,,52.0,,,2950.0,census_geocoder,50475,26.380063542494042,2.27
4233,Masjid Ar-Rahman,1320  Hull st,Richmond,VA,23224,37.520267524342,-77.445038953068,,-,Information Without Year,https://masjid-al-rahman.org/,47.0,80.0,,,1801.0,census_geocoder,50475,26.380063542494042,2.27
4234,Islamic Center of Greater Richmond,6324 Rigsby Road,Richmond,VA,23226,37.596101131459,-77.515232103245,,1997,,https://rakwa.com/listting/islamic-society-of-greater-richmond-isgr,,66.0,,,703.0,census_geocoder,126655,5.427577607140513,2.09
4235,1Ummah Dawah Project,4206 Chamberlayne Avenue,Richmond,VA,23227,37.591673557498,-77.448667702988,,,,,43.0,67.0,,,2961.0,census_geocoder,69187,13.649230769230769,2.05
4236,Al Noor Center,2818 Old Hungary Road,Henrico,VA,23228,37.643185287372,-77.50780541871,,,,,,18.0,,,2971.0,census_geocoder,70260,10.362138989169676,2.23
4237,Islamic Center of Henrico & Masjid Al-Falah,7705 Impala Dr. ,Richmond,VA,23228,37.615913540056,-77.491236969332,,2013,,"https://www.causeiq.com/organizations/islamic-center-of-henrico-masjid-al-falah,371663293/",,47.0,,,2702.0,census_geocoder,70260,10.362138989169676,2.23
4238,masjid al rahma,8401 Three Chopt Road,Richmond,VA,23229,37.60152106468,-77.553712549609,,,,,,27.0,,,2967.0,census_geocoder,107854,7.5871070253092725,2.58
4239,Islamic Center of Virginia,1241 Buford Road,Bon Air,VA,23235,37.51497148121,-77.554161829266,,1981,,https://icva.info/about-us/,,1.0,,,1368.0,census_geocoder,96083,7.99951333759163,2.33
4240,Islamic Masjid of Richmond,9550 Midlothian Turnpike,Richmond,VA,23235,37.500716695094,-77.571997894642,,,,,,4.0,,,2968.0,census_geocoder,96083,7.99951333759163,2.33
4241,Bosnian American Association,3915 Francistown Road,Richmond,VA,23294,37.645163292611,-77.549977979286,,,,,,38.0,,,2969.0,census_geocoder,64164,14.349910125823847,2.40
4242,Javaid Mosque,4525 Old Woodland Drive,Chesapeake,VA,23321,36.807026711476,-76.43115871788,,,,,0.0,2.0,,,2993.0,census_geocoder,101568,7.641709231344214,2.76
4243,United Community of Al-Islam,1060 Cascade st,Chesapeake,VA,23324,36.81867991155,-76.264129290909,,1990,,https://www.facebook.com/groups/1449097808732682/posts/2399678360341284/,41.0,56.0,,,2215.0,census_geocoder,57045,25.038867523115947,2.67
4244,Crescent Community Center,1429 Lynnhaven Pkwy Suite 101,Virginia Beach,VA,23453,36.795124364881,-76.09419544645,,2013,,https://www.pilotonline.com/2017/01/16/crescent-community-center-tries-to-raise-money-to-build-virginia-beachs-first-mosque/,38.0,57.0,,,1039.0,census_geocoder,93838,8.572510854045865,2.71
4245,Masjid William Salaam,614 E 35th st,Norfolk,VA,23504,36.8777498,-76.2964221,,-,Information Without Year,,46.0,81.0,,,2003.0,nominatim,44659,36.70811997073884,2.49
4246,Islamic Center of Tidewater,1442 E 49th st,Norfolk,VA,23508,36.887538758876,-76.309219072791,,1982,,https://www.mapquest.com/us/virginia/muslim-community-of-tidewater-2914205,29.0,60.0,,,1362.0,census_geocoder,74885,15.684734223618749,2.30
4247,Masjid Ash-Shura,3518 Colley ave,Norfolk,VA,23508,36.878007280643,-76.294716235187,,2006,,https://masjidashshura.org/,44.0,86.0,,,1819.0,census_geocoder,74885,15.684734223618749,2.30
4248,Masjid Ansar [Ansar Camii],7110 Clayton Drive,Norfolk,VA,23513,36.906973353468,-76.249681821318,,,,,48.0,28.0,,,2933.0,census_geocoder,68380,15.358421680825668,2.41
4249,Al-Qubaa Islamic Centre,1145 Hampton Avenue,Newport News,VA,23607,36.984164348406,-76.406279676069,,,,,37.0,58.0,,,2935.0,census_geocoder,42334,27.52970094223679,2.36
4250,Muslim Community of Tidewater,530 Lasalle Ave,Hampton,VA,23661,37.018169720671,-76.362323611097,,1982,,https://www.mapquest.com/us/virginia/muslim-community-of-tidewater-2914205,43.0,57.0,,,2097.0,census_geocoder,65446,7.053911514796367,2.19
4251,Mosque and Islamic Center of Hampton Roads,22 Tide Mill Lane,Hampton,VA,23666,37.054743391412,-76.376411361498,,1984,,http://www.hamptonmosque.com/history.html,24.0,23.0,,,596.0,census_geocoder,72568,10.862655439692187,2.29
4252,Peninsula Islamic Community Center,1217 Todds Lane,Hampton,VA,23666,37.042772769406,-76.431170614207,,,,,27.0,27.0,,,2995.0,census_geocoder,72568,10.862655439692187,2.29
4253,United Community of Al-Islam In Portsmouth,449 Martin Luther King Fwy,Portsmouth,VA,23704,36.834449408161,-76.301566641854,,2005,,https://muslimguide.com/show/United_Community_Of_Al-Islam_In_Portsmouth_3781,38.0,38.0,,,2216.0,census_geocoder,49583,23.56009680021511,2.14
4254,Petersburg Islamic Center,630 S Jones,Petersburg,VA,23803,37.218096928623,-77.411913002516,,2015,,"https://www.causeiq.com/organizations/petersburg-muslim-center,463454077/",,49.0,,,2132.0,census_geocoder,57813,21.877948639481804,2.34
4255,Petersburg Muslim Center,2219 East Washington Street,Petersburg,VA,23803,37.239639353646,-77.366755501307,,,,,,42.0,,,2931.0,census_geocoder,57813,21.877948639481804,2.34
4256,Tricities Islamic Center,1710 East Hundred rd,Chester,VA,23836,37.336127399319,-77.328188229385,,1979,,https://www.islamiccenteroftricities.com/,,7.0,,,2206.0,census_geocoder,100921,4.293028751476959,2.75
4257,Dar Ul-Ghuraba,155 Baker st,Emporia,VA,23847,36.693475650547,-77.537291503005,,-,No Basic Information,,,58.0,,,1057.0,census_geocoder,51168,13.39754816112084,2.57
4258,Emporia Masjid,199 Weaver Avenue,Emporia,VA,23847,36.6994773,-77.5395953,,,,,,53.0,,,3006.0,nominatim,51168,13.39754816112084,2.57
4259,Masjid As Salam (Islamic Center of Prince Edward County),302 South Street,Farmville,VA,23901,37.3034952,-78.3904116,,,,,,62.0,,,2999.0,nominatim,55886,14.224306369675654,2.28
4260,Noor Academy,5015 Patrick Henry Hwy,Charlottesville,VA,23923,37.075895002272,-78.716508606178,,2020,,https://www.noor-academy.org/about,,0.0,,,598.0,census_geocoder,65536,30.77311773623042,2.23
4261,Clara Muhammad,5178 Roanoke Station Road,Randolph,VA,23962,,,,,,,,0.0,,,2929.0,,76806,10.354609929078014,2.28
4262,Muslims of America,242 Sheikh Gilani Lane,Red House,VA,23963,37.185535185644,-78.760631221963,,1980,,"https://en.wikipedia.org/wiki/Muslim_Brotherhood#:~:text=Table_title:%20Muslim%20Brotherhood%20Table_content:%20header:%20%7C%20Society,:%20Cairo,%20Egypt%20(historical)%20Unclear%20(present)%20%7C",,0.0,,,2108.0,census_geocoder,68250,14.316239316239315,2.77
4263,Jaffery Center,3031 Preston Avenue Northwest,Roanoke,VA,24012,37.310950228863,-79.949539658541,,,,,29.0,54.0,,,2966.0,census_geocoder,52973,19.871494062014943,2.23
4264,Masjid AL-Salam (Islamic Center),1409 Burks Street Southwest,Roanoke,VA,24015,37.267212077225,-79.99231380309,,,,,25.0,28.0,,,2965.0,census_geocoder,69831,8.429070136464615,2.17
4265,Masjid Annur,3718 Salem Tpke Nw,Roanoke,VA,24017,37.286892722223,-79.999969511263,,2019,,https://projects.propublica.org/nonprofits/organizations/832564529/202512529349201051/full,27.0,27.0,,,1798.0,census_geocoder,47360,25.14685074818848,2.43
4266,Islamic Center of Blacksburg,106-B Southpark Dr.,Blacksburg,VA,24060,37.19920967145,-80.401762821243,,1990,,https://icbmasjid.org/History,32.0,34.0,,,1682.0,census_geocoder,67675,33.5823264278308,2.47
4267,Islamic Society of New River Valley,1284 North Main Street,Blacksburg,VA,24060,37.243686397975,-80.41669590597,,,,,43.0,62.0,,,2979.0,census_geocoder,67675,33.5823264278308,2.47
4268,Masjid Al-Ihsan/The Islamic Society of New River Valley,1284 N Main st,Blacksburg,VA,24060,37.243686397975,-80.41669590597,,1996,,https://www.facebook.com/isnrv/posts/we-were-fortunate-to-have-a-special-interview-with-one-of-the-co-founders-of-mas/1976438842620273/,41.0,61.0,,,143.0,census_geocoder,67675,33.5823264278308,2.47
4269,Islamic Center of Martinsville,17125 A L Philpott Highway,Martinsville,VA,24112,36.633520189757,-79.942274478212,,,,,,5.0,,,2947.0,census_geocoder,48770,19.133297858188104,2.27
4270,"( RADFORD MASJED ) ""Islamice Center""",1129 East Main Street,Radford,VA,24141,37.140916042039,-80.557221053496,,,,,,60.0,,,2930.0,census_geocoder,62969,22.044604246635245,2.42
4271,Ayesha Mosque,2308 12th Street,Lynchburg,VA,24501,37.400971240331,-79.16016586935,,,,,36.0,67.0,,,2942.0,census_geocoder,42222,23.486205661053386,2.27
4272,Islamic Center of Central Virginia,1718 15th st,Lynchburg,VA,24501,37.402117494166,-79.151785586427,,2000,,https://www.cvillepedia.org/Islamic_Society_of_Central_Virginia,43.0,47.0,,,1220.0,census_geocoder,42222,23.486205661053386,2.27
4273,Masjid Aisha,12th Street,Lynchburg,VA,24501,37.4081784,-79.1476535,,-,Information Without Year,https://www.facebook.com/IslamicCenterOfLynchburgVirginia/,44.0,60.0,,,400.0,nominatim,42222,23.486205661053386,2.27
4274,Greater Lynchburg Islamic Association,3109 Martin Luther King Avenue Southeast,Lynchburg,VA,24502,,,,2008,,https://www.liberty.edu/champion/2010/10/13/forging-a-new-community-relationship/,33.0,80.0,,,35.0,,68872,14.028961441723034,2.44
4275,Danville Islamic Center,259 Piney Forest rd,Danville,VA,24541,36.599230506193,-79.413297996036,,1993,,https://prayersconnect.com/mosques/84061198-danville-masjid-islamic-center-danville-virginia-united-states,,50.0,,,1044.0,census_geocoder,51427,22.108280957106626,2.20
4276,South Boston Masjid and Islamic Center,451 Short St,South Boston,VA,24592,36.698355795892,-78.900704407356,,-,Information Without Year,(434) 222-2081,,45.0,,,788.0,census_geocoder,51547,23.341060562155896,2.53
4277,Islamic Society of Vermont,400 Swift Street,South Burlington,VT,05403,44.442885172797,-73.180719542748,,1999,,https://www.isvt.org/general-5,0.0,13.0,,,685.0,census_geocoder,105616,7.264388223109927,2.15
4278,Islamic Community Center Of Vermont,88 Malletts Bay Ave,Winooski,VT,05404,44.493460217357,-73.19112708237,,1999,,https://www.burlingtonfreepress.com/story/news/local/2019/06/19/vermont-islamic-society-seeks-former-church-south-burlington-mosque-gofundme/1497378001/,,77.0,,,2646.0,census_geocoder,79522,13.784705309303458,2.01
4279,Islamic Society of Vermont,182 Hegeman Suite 1,Colchester,VT,05446,44.507102167359,-73.149255187115,,1999,,"https://www.isvt.org/new-masjid-project#:~:text=In%201999%2C%20the%20Islamic%20Society,%2C%20facilities%20and%20parking%2C%20etc.",,23.0,,,113.0,census_geocoder,97475,6.957322689591648,2.28
4280,Everett Mosque,500 Se Everett Mall Way Suite B110,Everett,WA,92808,47.908879188863,-122.225733307862,,2010,,http://www.everettmasjid.org,44.0,75.0,,,1094.0,census_geocoder,158462,4.166666666666666,2.81
4281,Islamic Center of Eastside North,14230 NE 21st St,Bellevue,WA,98007,47.628724732965,-122.150842881879,,1996,,https://www.historylink.org/File/3555,38.0,71.0,,,2656.0,census_geocoder,131109,6.855439642324888,2.34
4282,Masjid Madeena,827 164th Avenue Northeast,Bellevue,WA,98008,47.617701655449,-122.121781136528,,2015,,https://masjidmadeena.org/,44.0,82.0,,,449.0,census_geocoder,184583,5.419994084590358,2.83
4283,Islamic Center of Bothell,3300 Monte Villa Pkwy,Bothell,WA,98011,47.778017719086,-122.189387970899,,2009,,https://bothellmosque.org/about-us/,28.0,23.0,,,1209.0,census_geocoder,131667,4.608262851971738,2.39
4284,Islamic Center of Bothell (ICOB),3300 Monte Villa Pkwy,Bothell,WA,98021,47.778017719086,-122.189387970899,,2009,,"https://bothellmosque.org/about-us/#:~:text=The%20Islamic%20Center%20of%20Bothell%20(ICOB)%20was,*%20Spiritual%20growth%20opportunities%20*%20Community%20engagement",32.0,17.0,,,2661.0,census_geocoder,183786,3.8781163434903045,2.86
4285,Islamic Center of Kent,20857 108th ave Se,Kent,WA,98031,47.414816090443,-122.197139049175,,1997,,https://islamiccenterofkent.org/?page_id=263,32.0,68.0,,,1269.0,census_geocoder,105965,10.396102092852995,2.83
4286,Islamic Center of Federal Way, 3304 S 272nd St,Kent,WA,98032,47.3578472089,-122.289638326985,,2008,,"https://www.causeiq.com/organizations/islamic-center-of-federal-way,352398093/",41.0,25.0,,,1238.0,census_geocoder,82636,17.259684002303626,2.72
4287,Islamic Center of Federal Way,3304 S 272nd St,Kent,WA,98032,47.3578472089,-122.289638326985,,2008,,"https://www.causeiq.com/organizations/islamic-center-of-federal-way,352398093/",41.0,25.0,,,2662.0,census_geocoder,82636,17.259684002303626,2.72
4288,Iman Center of Kirkland/Ithna-asheri Muslim Association of the Northwest (IMAN),515 State st,Kirkland,WA,98033,47.671658725948,-122.202385198681,,2004,,https://www.iman-wa.org/history,48.0,83.0,,,1151.0,census_geocoder,182500,6.170905745754705,2.31
4289,Zainab Center,5723 198th st Sw,Lynnwood,WA,98036,47.819372135578,-122.309914798398,,1999,,"https://www.causeiq.com/organizations/zainab-organization-of-greater-seattle,911932125/",53.0,84.0,,,2243.0,census_geocoder,88958,8.933049896099552,2.53
4290,Dar Alarqam,6210 188th st Sw,Lynnwood,WA,98037,47.828394074502,-122.317414711404,,-,No Basic Information,,48.0,60.0,,,1053.0,census_geocoder,107281,13.390892161841883,2.60
4291,Masjid Umar Al-Farooq,5507 238th st Sw,Mountlake Terrace,WA,98043,47.783015509621,-122.307822003542,,1994,,https://farooqmasjid.org/about-us/,,76.0,,,1985.0,census_geocoder,107687,6.9853420903831935,2.33
4292,Islamic Center of Redmond (ICOR),18080 Ne 68th st Bldg D,Redmond,WA,98052,47.667096395866,-122.099262764825,,1999,,https://www.islamicfinder.org/world/view-place/258/,44.0,57.0,,,471.0,census_geocoder,163460,5.537503890445067,2.35
4293,Muslim Association of Puget Sound,17550 North East  67th Court,Redmond,WA,98052,47.665290758568,-122.106203938948,,2006,,https://mapsredmond.org/about/,46.0,53.0,,,455.0,census_geocoder,163460,5.537503890445067,2.35
4294,Muslim Association of Puget Sound (MAPS)/Masjid Ar-Rahmah,17550 NE 67th Ct,Redmond,WA,98052,47.665290758568,-122.106203938948,,2006,,https://mapsredmond.org/about/,46.0,53.0,,,2654.0,census_geocoder,163460,5.537503890445067,2.35
4295,Sammamish Mosque,22011 SE 20th St,Sammamish,WA,98075,47.591800488282,-122.045975675129,,2008,,https://smamosque.org/mission/,26.0,9.0,,,2663.0,census_geocoder,250001,2.537652965171007,3.12
4296,Thawr Institute,4033 Aurora ave N,Seattle,WA,98103,47.655807280922,-122.347480065392,,-,,https://knowledge.uchicago.edu/record/3482/files/Sagha_uchicago_0330D_16015.pdf,62.0,91.0,,,2193.0,census_geocoder,131154,6.818225346178155,1.94
4297,Islamic House at the UW,4625 22nd Ave NE,Seattle,WA,98105,47.661916996198,-122.304668585303,,1981,,"https://mapsredmond.org/welcome-guide-2/#:~:text=The%20Greater%20Seattle%20area%20has%20a%20very,UW**%20*%20**Idris%20Mosque**%20*%20**Masjid%20al-Taqwa**",79.0,84.0,,,2659.0,census_geocoder,74349,23.68201036714999,2.22
4298,Masjid Al-Furqan,9401 18th Ave SW,Seattle,WA,98106,47.519136571262,-122.357923661707,,2014,,https://echox.org/directory/masjid-al-furqan/,55.0,83.0,,,2665.0,census_geocoder,124212,8.831369248035914,2.40
4299,Abubakr Mosque of Washington,5511 Martin Luther King Jr Way S,Seattle,WA,98118,47.552572452152,-122.288712258568,,2009,,https://rocketreach.co/abubakr-islamic-center-of-wa-profile_b432eb7fc1f76c72,59.0,81.0,,,2658.0,census_geocoder,113762,11.644095937268709,2.60
4300,Al Karim Islamic Center Educational & Cultural Services,5706 Rainier Ave S,Seattle,WA,98118,47.551097574801,-122.277535823666,,-,Information Without Year,,51.0,83.0,,,2752.0,census_geocoder,113762,11.644095937268709,2.60
4301,Masjid Jamiul Muslimin,5945 39th ave S,Seattle,WA,98118,47.549130814332,-122.283485901813,,1991,,,57.0,82.0,,,1902.0,census_geocoder,113762,11.644095937268709,2.60
4302,Muslim Association of Puget Sound- Seattle,2100 5th Ave,Seattle,WA,98121,47.614521201915,-122.340364258486,,2022,,https://mapsredmond.org/grand-opening-of-maps-seattle/,100.0,99.0,,,2660.0,census_geocoder,152019,8.669828040427264,1.44
4303,Idris Mosque,2001 Gallaudet Street Northeast,Seattle,WA,98125,,,,1981,,https://www.seattlemet.com/news-and-city-life/2017/01/building-seattle-s-first-mosque-required-faith-luck-and-boeing,100.0,99.0,,,39.0,,99868,9.798830462170644,2.13
4304,Idris Mosque,1420 North East Northgate Way,Seattle,WA,98125,47.708590497345,-122.313459924719,,1981,,https://www.seattlemet.com/news-and-city-life/2017/01/building-seattle-s-first-mosque-required-faith-luck-and-boeing,59.0,83.0,,,1772.0,census_geocoder,99868,9.798830462170644,2.13
4305,Islamic Center of North Seattle,12528 Lake City Way Northeast,Seattle,WA,98125,47.720164672088,-122.294619465159,,2019,,"https://www.causeiq.com/organizations/islamic-center-of-north-seattle,352631063/",56.0,91.0,,,409.0,census_geocoder,99868,9.798830462170644,2.13
4306,Masjid Al Tawheed,125 South 156th Street #6160,Burien,WA,98148,47.46321909515,-122.33115435032,,2000,,"https://www.causeiq.com/organizations/west-seattle-islamic-center-masjid-al-tawheed,311672448/#:~:text=Masjid%20Al%20Tawheed%20is%20an%20Islamic%20nonprofit,contributions%20(Pub%2078)%20*%20**Parent/child%20status**%20Independent",54.0,89.0,,,1633.0,census_geocoder,87342,11.461139896373057,2.43
4307,Islamic Community of Bosniaks in Washington,20001 24th Avenue Northeast,Shoreline,WA,98155,47.77386878557,-122.304325116486,,2011,,https://icbw.org/about-us/,36.0,55.0,,,706.0,census_geocoder,131540,6.136843274464067,2.48
4308,Abu-Bakr Islamic Center of WA,14101 Tukwila International Blvd,Tukwila,WA,98168,47.477243284773,-122.283764979849,,2009,,https://rocketreach.co/abubakr-islamic-center-of-wa-profile_b432eb7fc1f76c72,47.0,68.0,,,2655.0,census_geocoder,88083,14.58876914350539,2.86
4309,Omar Bin Al-Khattab (OBK) Islamic Center,12622 Renton Ave S,Seattle,WA,98178,47.491030799287,-122.239628016073,,2022,,https://obkseattle.org/about-us/,,58.0,,,2664.0,census_geocoder,99505,9.853139517458414,2.84
4310,Islamic Center of Seattle/Masjid As Salaam,3040 S 150th St,SeaTac,WA,98188,47.468877682057,-122.292771496755,,1973,,https://www.historylink.org/File/3557,62.0,62.0,,,2657.0,census_geocoder,76438,8.517141068601097,2.38
4311,Bilal Ibn Rabah Islamic Center,607 SE Everett Mall Way Unit 6D,Everett,WA,98204,47.909319816189,-122.224529513413,,2017,,"https://www.causeiq.com/organizations/bilal-islamic-center-of-washington,464130768/",43.0,76.0,,,2709.0,census_geocoder,68513,15.79017707985299,2.50
4312,Islamic Society of Whatcom County,1244 Nevada Street,Bellingham,WA,98225,48.743756098532,-122.459792628244,,2009,,https://www.isofwc.org/about,45.0,78.0,,,352.0,census_geocoder,63941,23.155993290611157,2.05
4313,Baitul Ehsan Mosque,23515 Old Owen Road,Monroe,WA,98272,47.863638532212,-121.916007981796,,-,Information Without Year,(425) 406-1133,,1.0,,,829.0,census_geocoder,122352,7.337693967016909,2.84
4314,Islamic Center of Kitsap County,1140 Marine Drive,Bremerton,WA,98312,47.572104526022,-122.664866857554,,2015,,https://www.kitsapmasjid.org/,31.0,72.0,,,800.0,census_geocoder,90449,11.332230849006363,2.49
4315,Mas Allah Muslim Center,1212 S 11th St #25,Tacoma,WA,98405,47.251738633676,-122.45365187565,,-,No Basic Information,(253) 301-3744,,41.0,,,1552.0,census_geocoder,75946,15.898536585365855,2.23
4316,Islamic Center of Tacoma,31 Montana Avenue,Tacoma,WA,98409,47.224683081066,-122.470631163677,,2022,,https://icoft.com/about,,61.0,,,2840.0,census_geocoder,73348,15.646233785109553,2.24
4317,Islamic Center of Tacoma,2010 Bridgeport Way,Tacoma,WA,98466,47.241285464248,-122.537139930628,,1980,,https://icoft.com/about,,75.0,,,1355.0,census_geocoder,101778,8.032901064641305,2.48
4318,Masjid Feidul-Islam,7945 Pacific ave Se,Lacey,WA,98503,47.039364165288,-122.770593096729,,2001,,https://prayersconnect.com/mosques/84094293-masjid-feidul-islam-olympia-lacey-islamic-center-lacey-washington-united-states,,3.0,,,1866.0,census_geocoder,89002,10.852865865668702,2.29
4319,Masjid Al-Nur Islamic Center of Olympia,4324 20th Lane Northeast,Olympia,WA,98516,47.063233607436,-122.828652603986,,1980,,https://www.mapquest.com/us/washington/islamic-center-of-olympia-masjid-al-nur-449180003,,5.0,,,529.0,census_geocoder,98892,9.400737447878976,2.54
4320,Islamic Society of Sw Washington,1000 Ne 66th st,Vancouver,WA,98665,45.670371820646,-122.662055495716,,2018,,https://rdc.reed.edu/c/pmhp/home/centers,,60.0,,,1489.0,census_geocoder,88559,8.801198105321816,2.47
4321,Islamic Center of Yakima,301 S Tenth ave,Yakim,WA,98902,46.594541848252,-120.520945785826,,2002,,https://www.irs.gov/pub/irs-soi/eo_wa.csv#:~:text=CENTER%2C%25%20ADAM%20TAHIR%2C8819%20RENTON%20AVE%20S%2CSEATTLE%2CWA%2C98118%2D4918%2C0000%2C03%2C3%2C1200,33.0,75.0,,,84.0,census_geocoder,63092,16.71426060978824,2.65
4322,Pullman Islamic Center/Masjid Al-Farouq,1155 NE Stadium Way,Pullman,WA,99163,46.737152790176,-117.16544790809,,1982,,https://pullmanislamicassociation.org/about-us/,,64.0,,,648.0,census_geocoder,48231,28.645684990031327,2.11
4323,Islamic Center of Spokane,6411 E 2nd Ave,Spokane Valley,WA,99212,47.655339135985,-117.318709954573,,2008,,https://www.spokesman.com/stories/2007/sep/01/a-mosque-in-the-making/,36.0,51.0,,,2838.0,census_geocoder,67049,14.681598177849484,2.43
4324,Islamic Center of Tri Cities/Spokane Islamic Center,2900 Bombing Range rd,West Richland,WA,99352,46.274955542609,-119.346329014416,,1996,,https://www.islamiccenteroftricities.com/,,11.0,,,79.0,census_geocoder,100108,9.204120605718282,2.52
4325,"Masjid Al-Noor, ISM West",16670 Pheasant Dr,Brookfield,WI,53005,43.066030164732,-88.120566142959,,2015,,https://www.ismonline.org/ism-brookfield,,16.0,,,2670.0,census_geocoder,126739,2.873242060165782,2.54
4326,Islamic Society of Sheboygan,9110 Sauk Trail rd,Oostburg,WI,53070,43.644638772719,-87.771492328374,,2010,,"https://projects.propublica.org/nonprofits/organizations/270206490#:~:text=Ruling%20date%20of%20organization's%20tax,72%2C123",,0.0,,,1483.0,census_geocoder,91557,6.25761885412434,2.45
4327,American Albanian Islamic Center of Wisconsin,6001 88th Avenue,Kenosha,WI,53142,42.576443597337,-87.914363010392,,1979,,https://www.aaicwi.org/about-2,,16.0,,,501.0,census_geocoder,88960,7.402819559959889,2.46
4328,Al-Huda Mosque | South Milwaukee Campus,1800 16th Ave,South Milwaukee,WI,53172,42.91352993917,-87.873186258645,,2008,,https://prayersconnect.com/mosques/84036414-masjid-al-huda-south-milwaukee-south-milwaukee-wisconsin-united-states,49.0,87.0,,,2675.0,census_geocoder,73427,13.05657024385428,2.40
4329,Whitewater Islamic Center,W4890 Tri County Line Rd,Whitewater,WI,53190,,,,2014,,"https://www.causeiq.com/organizations/whitewater-islamic-center,462417184/",,5.0,,,2773.0,,66069,20.902627139069654,2.32
4330,Ism Musalla Nur,2223 E. Kenwood Blvd,Milwaukee,WI,53203,43.074582663605,-87.882586034699,,2015,,"https://www.ismonline.org/ism-history#:~:text=To%20accommodate%20the%20growing%20Muslim,summer%20and%20fall%20of%202025.",60.0,66.0,,,1495.0,census_geocoder,86159,9.75816716164616,1.49
4331,Muhammad Mosque #3,925 W Burleigh St,Milwaukee,WI,53206,43.074817832488,-87.922886432903,,1942,,https://www.mosque3.org/about,50.0,59.0,,,2676.0,census_geocoder,29336,40.52052153619806,2.61
4332,Burmese Islamic Center of Milwaukee,4379 S Howell Ave #14,Milwaukee,WI,53207,42.964893145702,-87.909723352247,,2021,,https://bicmilwaukee.org,41.0,66.0,,,2779.0,census_geocoder,79117,7.2245898768170935,2.09
4333,Milwakee Islamic Da'wa Center/Masjid Ar-Rahman,5135 N Teutonia Ave,Milwaukee,WI,53209,43.110542878701,-87.949804745937,,1993,,https://urbanmilwaukee.com/2021/03/12/remembering-a-pillar-of-milwaukees-muslim-community/,52.0,69.0,,,276.0,census_geocoder,48486,23.6800929858286,2.29
4334,The Islamic Society of Milwaukee University Center,2223 East Kenwood Boulevard,Milwaukee,WI,53211,43.074582663605,-87.882586034699,,2015,,https://www.ismonline.org/ism-university,56.0,84.0,,,597.0,census_geocoder,75256,17.76728563280309,2.08
4335,Masjid Sultan Muhammad,317 E Wright Street,Milwaukee,WI,53212,43.063809666839,-87.907559372934,,1982,,https://shepherdexpress.com/news/features/muslims-milwaukee-voices/,52.0,80.0,,,1963.0,census_geocoder,47298,24.726708512589042,2.08
4336,Al-Huda Mosque | Greenfield Campus,5075 S 43rd St,Greenfield,WI,53220,42.953074649596,-87.968760112218,,2008,,"https://alhudamke.org/about-us/#:~:text=Masjid%20Al%2DHuda%20is%20a%20mosque%20located%20at,classes%20*%20Sisters%20programs%20*%20Children's%20crafts",34.0,38.0,,,2672.0,census_geocoder,69319,11.406078359575247,2.24
4337,Islamic Center of Milwaukee Main,4707 South 13th St,Milwaukee,WI,53221,42.959085230708,-87.929291217099,,1995,,https://www.wisconsinhistory.org/Records/Property/HI245487,43.0,45.0,,,1286.0,census_geocoder,63265,14.627687744942271,2.32
4338,Islamic Resource Center,5235 S 27th St,Greenfield,WI,53221,42.949649027603,-87.949013760522,,1994,,https://www.mmwconline.org/about-us/,,69.0,,,2776.0,census_geocoder,63265,14.627687744942271,2.32
4339,ISM Community Center,815 W Layton ,Milwaukee,WI,53221,42.959172310688,-87.922302367566,,1994,,https://www.ismonline.org/ism-history,43.0,47.0,,,2777.0,census_geocoder,63265,14.627687744942271,2.32
4340,Ismaili Community Center and Jamatkhana,3750 N 92nd St,Milwaukee,WI,53222,43.085083516303,-88.027606406525,,2024,,https://assessments.milwaukee.gov/searchresults.asp?searchparcel=2629999124,38.0,69.0,,,682.0,census_geocoder,76980,11.452836411609498,2.26
4341,Masjid Al-Qur'an,11723 West Brown Deer Road,Milwaukee,WI,53224,43.176937065921,-88.058030834942,,1997,,https://www.alquranmke.org/about-us.html,32.0,11.0,,,679.0,census_geocoder,67803,25.31392694063927,2.63
4342,Al Zehra Islamic Center,2200 N Mayfair Rd,Wauwatosa,WI,53226,43.058237330502,-88.047547070369,,-,No Basic Information,,46.0,67.0,,,2775.0,census_geocoder,93132,7.031857031857032,2.08
4343,Baitul Qadir Mosque,10401 West Oklahoma Avenue,Greenfield,WI,53227,42.988029687204,-88.042118686437,,2024,,https://visitamosque.us/mosque-item/bait-ul-qadir-milwaukee/,41.0,76.0,,,683.0,census_geocoder,73321,10.037618942243858,2.08
4344,Dar-ul-Hikmah,11615 E Layton ave,Greenfield,WI,53228,42.95904069293,-88.058071156006,,-,Information Without Year,http://www.dar-ul-hikmah.org/,34.0,60.0,,,25.0,census_geocoder,75033,8.117166029894765,2.12
4345,Racine Islamic Center,419  High st,Racine,WI,53404,42.742293713197,-87.785105452069,,2008,,https://ascent.racinecounty.gov/LandRecords/PropertyListing/RealEstateTaxParcel#/Details/58272,41.0,78.0,,,209.0,census_geocoder,50428,24.489795918367346,2.65
4346,Masjid Al Haqq,1879 Park Ave,Beloit,WI,53511,42.524510805198,-89.026693996325,,1987,,"https://mcb-beloit.org/#:~:text=Muslim%20Center%20of%20Beloit%20(MCB,Islam%2C%20and%20everyone%20is%20welcome.",,51.0,,,1596.0,census_geocoder,67067,12.41723259762309,2.56
4347,Muslim Dawa Circle,200 S High St,Janesville,WI,53548,42.677929637724,-89.02576585414,,2015,,https://www.google.com/url?sa=t&source=web&rct=j&url=https%3A%2F%2Fwww.youtube.com%2Fwatch%3Fv%3DDXACWWCcF9w&ved=0CAEQ1fkOahcKEwigg_jDoZGUAxUAAAAAHQAAAAAQBQ&opi=89978449,33.0,71.0,,,2774.0,census_geocoder,76869,10.612719098853361,2.31
4348,Masjid Al-Madina,4002 Lien Rd,Madison,WI,53704,43.121056332266,-89.316062344019,,2015,,"https://www.causeiq.com/organizations/islamic-center-of-east-madison,371697429/",40.0,64.0,,,1713.0,census_geocoder,74034,13.684642286602477,2.08
4349,Darul Imam Islamic Foundation,556 Grand Canyon Drive,Madison,WI,53705,43.054361441266,-89.496703392705,,2015,,https://darul-iman.org/about-us/,43.0,57.0,,,305.0,census_geocoder,88549,10.853487907255646,2.04
4350,Masjid-Us-Sunnah,4718 Hammersley rd,Madison,WI,53711,43.039083934711,-89.456896757879,,2019,,"https://www.causeiq.com/organizations/madinah-community-center,391807339/",38.0,51.0,,,2015.0,census_geocoder,100735,8.760692183373408,2.17
4351,Islamic Center of Madison,21 N Orchard St,Madison,WI,53715,43.068654716279,-89.407266505379,,,,,63.0,89.0,,,1280.0,census_geocoder,38996,49.736247174076865,2.21
4352,Darul Iman,638 Grand Canyon Dr,Madison,WI,53719,43.053763354238,-89.499187714154,,2015,,http://darul-iman.org/about-us/,43.0,57.0,,,2778.0,census_geocoder,92052,5.779236135745537,2.11
4353,Madinah Community Center (MCC),6514 Watts Rd,Madison,WI,53719,43.05011835457,-89.494885555667,,2024,,https://wisconsinmuslimjournal.org/from-modest-beginnings-to-modern-hub-madinah-community-center-expands-after-30-years/,41.0,60.0,,,2677.0,census_geocoder,92052,5.779236135745537,2.11
4354,Islamic Society of Wisconsin,1512 Velp ave,Green Bay,WI,54303,44.546380715312,-88.044944009434,,2005,,https://pluralismarchive.hsites.harvard.edu/news/new-islamic-center-opens-green-bay,22.0,32.0,,,1492.0,census_geocoder,60781,14.039417677147048,2.20
4355,Wausau Mosque,629 S 36th Ave,Wausau,WI,54401,44.956329768696,-89.680987915044,,2016,,https://www.wausaudailyherald.com/story/news/2016/08/11/wausau-mosque-slowly-takes-shape/88527534/,,26.0,,,2678.0,census_geocoder,71586,12.14262769033087,2.33
4356,Marshfield Masjid,M-115 Meadow ave N,Marshfield,WI,54449,44.660893913374,-90.143973118426,,2003,,,,7.0,,,126.0,census_geocoder,67551,9.424043293390028,2.18
4357,Masjid Al-Noor (Islamic Society of Central Wisconsin),200560 Meadow Ave N,Marshfield,WI,54449,44.689150574309,-90.185186183682,,2003,,https://theislamicsociety.com/,,7.0,,,2671.0,census_geocoder,67551,9.424043293390028,2.18
4358,Othman Bin Affan Mosque,206 Rose st,La Crosse,WI,54603,43.829231024273,-91.248017582752,,2006,,"https://www.causeiq.com/organizations/othman-bin-affan-mosque,391970273/",,57.0,,,2129.0,census_geocoder,52012,16.296404560070155,2.02
4359,Altoona Masjid (Islamic Society of Northern Wisconsin (ISNW)),527 2nd St W,Altoona,WI,54720,44.804324537247,-91.436308269369,,1991,,https://www.mstamanfoundation.org/the-isnw,,44.0,,,2674.0,census_geocoder,85977,12.627477942019022,2.30
4360,Altaqwa Masjid Islamic Islamic Center Barron,59 S 3rd Street,Barron,WI,54812,45.400308905301,-91.854131080553,,-,No Basic Information,,,55.0,,,2780.0,census_geocoder,63100,14.78743068391867,2.41
4361,Barron Islamic Center,1418 E La Salle ave Unit A,Barron,WI,54812,45.399874044759,-91.837340969406,,2016,,"https://www.youtube.com/watch?v=TKqa-z7hbVc#:~:text=On%20the%20weekend%20of%20May%2019%20%2D,the%20grand%20opening%20of%20the%20entire%20masjid.",,26.0,,,980.0,census_geocoder,63100,14.78743068391867,2.41
4362,Oshkosh Mosque,138 Church Ave,Oshkosh,WI,54901,44.02042316905,-88.539042978323,,2021,,https://www.oshkoshmosque.us/about,40.0,88.0,,,2679.0,census_geocoder,61794,21.173964793585164,2.25
4363,Masjid Qamar Oshkosh Mosque,300 N Eagle st,Oshkosh,WI,54902,44.021677004715,-88.572243869442,,2010,,"https://www.postcrescent.com/story/news/2019/12/23/oshkosh-school-attack-story-mosque-sheltered-students/2663507001/#:~:text=The%20Masjid%20Qamar%20Oshkosh%20Mosque%20is%20located,Gratitude**%20*%20**Hosting%20Real%20Talk%20on%20Islam**",31.0,59.0,,,328.0,census_geocoder,65612,15.121352604308699,2.15
4364,Islamic Center of Wisconsin,720W Parkway Blvd,Appleton,WI,54914,44.277982977098,-88.416159151454,,2004,,https://pluralism.org/news/new-mosque-opens-wisconsin,,94.0,,,1379.0,census_geocoder,79875,7.948562494017039,2.26
4365,Fox Valley Islamic Center,2680 Marathon Ave,Neenah,WI,54956,44.143697716726,-88.471452588861,,1970,,https://fvis.org/our-history/,,9.0,,,2673.0,census_geocoder,85869,6.90640628721124,2.39
4366,Fox Valley Islamic Society,103 Kappel Dr.,Neenah,WI,54956,44.141982912119,-88.475026713842,,1970,,https://fvis.org/our-history/,,85.0,,,1105.0,census_geocoder,85869,6.90640628721124,2.39
4367,Princeton Masjid,247 Frontage rd,Princeton,WV,24740,37.336546408292,-81.126889567401,,2018,,https://www.westwindsorhistory.com/muslimcenterofgreaterprinceton.html,,2.0,,,2139.0,census_geocoder,44793,18.375076359193645,2.33
4368,Islamic Association of West Virginia,1 Valley Dr,South Charleston,WV,25303,38.360156554263,-81.696763669401,,1989,,https://www.archnet.org/sites/14714,,21.0,,,2666.0,census_geocoder,75872,11.306122448979592,2.22
4369,Martinsburg Mosque,312 Wilson Street,Martinsburg,WV,25401,39.445664046383,-77.970207152229,,2015,,"https://www.yelp.com/biz/islamic-society-of-martinsburg-martinsburg#:~:text=The%20purpose%20of%20the%20Islamic,ethnicity%20and/or%20national%20origin.",,40.0,,,326.0,census_geocoder,51909,19.47163738768942,2.33
4370,Muslim Association of Huntington,"944 20th St, Huntington",Huntington,WV,25703,38.416367124878,-82.420609083277,,1993,,"https://mds.marshall.edu/muslim_assoc_huntington/#:~:text=The%20Muslim%20Association's%20website%20describes,was%20provided%20by%20the%20Association:",,68.0,,,720.0,census_geocoder,24139,47.748208802456496,1.90
4371,Islamic Association of West Virginia - Beckley Mosque,307 Stanaford Rd,Beckley,WV,25801,37.797487681211,-81.171511258632,,2013,,"https://www.causeiq.com/organizations/islamic-association-of-west-virginia-beckley-chapt,550722992/",,36.0,,,2667.0,census_geocoder,56836,23.39837506659563,2.42
4372,Islamic Center of Wheeling,260 Betheny Pike,Wheeling,WV,26003,40.086068708468,-80.691566047922,,-,No Basic Information,,,30.0,,,1373.0,census_geocoder,57703,17.034465020576132,2.14
4373,West Virginia Morgantown,389 Spruce St,Morgantown,WV,26505,39.630333204212,-79.954264446248,,1983,,"https://www.causeiq.com/organizations/islamic-center-of-morgantown,550753634/",,91.0,,,2669.0,census_geocoder,45536,31.131450593123382,2.04
4374,Islamic Center of Morgantown,434 Harding Ave,Morgantown,WV,26508,39.650005361689,-79.961854297193,,1983,,https://prayersconnect.com/mosques/84028079-islamic-center-of-morgantown-morgantown-west-virginia-united-states,,66.0,,,465.0,census_geocoder,90041,14.07955735008225,2.50
4375,Southeast Wyoming Islamic Center,3005 Thomas ave,Cheyenne,WY,82001,41.143945510282,-104.826666632912,,2010,,https://halalguide.me/shayenn/mechet/southeast-wyoming-islamic-center-sewic/posts,,67.0,,,2171.0,census_geocoder,75362,7.965310206804537,2.21
4376,Islamic Center of Cheyenne Wy,6005 Weaver Rd,Cheyenne,WY,82009,41.174183794997,-104.818444727359,,2011,,,,54.0,,,2680.0,census_geocoder,103835,5.222915289315589,2.37
4377,Islamic Center of Larimie,618 E Garfield st,Larimie,WY,82070,41.30978173369,-105.589507338436,,2003,,"https://www.wyomingnews.com/laramieboomerang/news/local_news/laramie-islamic-center-has-worshipers-from-around-the-globe/article_2c677ae3-2ee5-5af5-8cc7-1fe15a41bf30.html#:~:text='A%20mini%20United%20Nations',a%20church%2C%20opened%20in%202003.",,85.0,,,1275.0,census_geocoder,69095,18.94725749512619,2.10
4378,Queresha Mosque,1489 Country Club Rd,Gillette,WY,82718,44.274275625123,-105.478920520342,,2015,,https://www.npr.org/2015/12/25/461046585/rural-wyoming-towns-first-mosque-sparks-anti-muslim-rhetoric,,28.0,,,2681.0,census_geocoder,104458,6.668204004765749,2.79
